Workbook
Name Kabeltype: [1]Kabelmodstand!$AF$4:$AF$8
Name kvadrat: [1]Kabelmodstand!$AR$66:$AR$83
Name Lederantal: [1]Kabelmodstand!$AE$4:$AE$8
Name Parallelleleder: [1]Kabelmodstand!$AC$4:$AC$13

Sheet Transformer
X1: grader | Y1: cos | Z1: sin | AA1: tan | AB1: radianer | AH1: er | AI1: R/X
X2: =IF(B10="R/X",DEGREES(ATAN(1/D10)),DEGREES(ACOS(D10))) -> 14.069868 | Y2: =COS(AB2) -> 0.97 | Z2: =SIN(AB2) -> 0.24310492 | AA2: =TAN(AB2) -> 0.25062362 | AB2: =RADIANS(X2) -> 0.24556552 | AH2: PCU | AI2: cosϕ
X3: =DEGREES(ACOS(D19/D18)) -> #NUM! | Y3: =COS(AB3) -> #NUM! | Z3: =SIN(AB3) -> #NUM! | AA3: =TAN(AB3) -> #NUM! | AB3: =RADIANS(X3) -> #NUM!
B8: Beregning af Z̅N
B9: SKN | D9: 100 | F9: MVA
B10: cosϕ | D10: 0.97
B11: UN | D11: 400 | F11: V
B13: Z̅̅N = | D13: UN² | I13: ⇒ | J13: =D11&"²" -> 400² | Q13: = | R13: ="("&AB14&"°) Ω" -> (0,0016 ∠14,07°) Ω | X13: R | Y13: X | Z13: Z | AA13: Zn | AB13: polar
D14: (SKN | F14: =IF(B10="R/X","∠-tan¯¹(1/RX))","∠-cos¯¹(ϕ))") -> ∠-cos¯¹(ϕ)) | J14: ="(("&D9&"·10⁶)"&IF(B10="R/X","∠-tan¯¹(1/"&D10&"))","∠-cos¯¹("&D10&"))") -> ((100·10⁶)∠-cos¯¹(0,97)) | X14: =Z14*Y2 -> 0.001552 | Y14: =Z14*Z2 -> 0.00038896786 | Z14: =D11^2/(D9*10^6) -> 0.0016 | AA14: =COMPLEX(X14,Y14,) -> 0,001552+0,000388967864996583i | AB14: =ROUND(IMABS(COMPLEX(X14,Y14,"j")),4)&" ∠"&ROUND(DEGREES(IMARGUMENT(COMPLEX(X14,Y14,"j"))),2) -> 0,0016 ∠14,07
B16: Beregning af transformer Z̅T
B17: S1/1 | D17: 500 | F17: kVA
B18: ek | D18: 4 | F18: %
B19: PCU | D19: 5300 | F19: =IF(B19="er","%","W") -> W
B20: UT | D20: 400 | F20: V
B22: Z̅̅T = | D22: ek · UT² | I22: ⇒ | J22: =IF(B19="er",D18&" · "&D20&"²","") | Q22: = | R22: =IF(B19="er","("&AB23&"°) Ω","") | X22: R | Y22: X | Z22: Z | AA22: Zt | AB22: polar
D23: 100 · (S1/1 ∠-cos¯¹(er /ek)) | J23: =IF(B19="er","100 · (("&D17&" · 10³) ∠-cos¯¹("&D19&" /"&D18&"))","") | X23: =IF(D19="","",Z23*Y3) -> #NUM! | Y23: =IF(D19="","",Z23*Z3) -> #NUM! | Z23: =IF(B19="","",D18*D20^2/(100*D17*10^3)) -> 0.0128 | AA23: =IF(B19="","",COMPLEX(X23,Y23,)) -> #NUM! | AB23: =IF(B19="","",ROUND(IMABS(COMPLEX(X23,Y23,"j")),4)&" ∠"&ROUND(DEGREES(IMARGUMENT(COMPLEX(X23,Y23,"j"))),2)) -> #NUM!
B26: ZT = | D26: ek · UT² | I26: ⇒ | J26: =IF(B19="er","",D18&" · "&D20&"²") -> 4 · 400² | Q26: = | R26: =IF(B19="er","",Z27&" Ω") -> 0,0128 Ω | Z26: Z
D27: 100 · S1/1 | J27: =IF(B19="er","","100 · ("&D17&" · 10³)") -> 100 · (500 · 10³) | Z27: =IF(B19="er","",ROUND((D18*D20^2)/(100*(D17*10^3)),6)) -> 0.0128
B30: RT = | D30: Pcu · UT² | I30: ⇒ | J30: =IF(B19="er","",D19&" · "&D20&"²") -> 5300 · 400² | Q30: = | R30: =IF(B19="er","","("&X31&") Ω") -> (0,003392) Ω | X30: R
D31: S1/1² | J31: =IF(B19="er","","("&D17&" · 10³)²") -> (500 · 10³)² | X31: =ROUND((D19*D20^2)/((D17*10^3)^2),6) -> 0.003392
AB32: Vinkel | AC32: Pcu
AB33: =DEGREES(ACOS(AC33)) -> 74.633047 | AC33: =(D19*100)/(D18*(D17*10^3)) -> 0.265
B34: ∠ϕ = | D34: Pcu · 100 | I34: ⇒ | J34: =IF(B19="er","",D19&" · 100") -> 5300 · 100 | Q34: = | R34: =IF(B19="er","","("&ROUND(AB33,2)&"°) ") -> (74,63°) | Y34: X
D35: er · S1/1² | J35: =IF(B19="er","",D18&" · ("&D17&" ·10³)") -> 4 · (500 ·10³) | Y35: =ROUND(SQRT(Z27^2-X31^2),6) -> 0.012342
B38: Z̅̅T = | D38: (ZT ∠ϕ) | I38: ⇒ | J38: =IF(B19="er","","("&AB39&"°)") -> (0,0128 ∠74,63°) | Q38: = | R38: =IF(B19="er","","("&AB39&"°) Ω") -> (0,0128 ∠74,63°) Ω | X38: R | Y38: X | Z38: Z | AA38: ZT | AB38: polar
X39: =X31 -> 0.003392 | Y39: =Y35 -> 0.012342 | Z39: =Z27 -> 0.0128 | AA39: =COMPLEX(X39,Y39,) -> 0,003392+0,012342i | AB39: =ROUND(IMABS(COMPLEX(X39,Y39,"j")),4)&" ∠"&ROUND(DEGREES(IMARGUMENT(COMPLEX(X39,Y39,"j"))),2) -> 0,0128 ∠74,63
B43: ΣZ̅N3f = | D43: Z̅N + Z̅T | I43: ⇒ | J43: =IF(B19="er","("&AB14&") + ("&AB23&")","("&AB14&") + ("&AB39&")") -> (0,0016 ∠14,07) + (0,0128 ∠74,63) | Q43: = | R43: ="("&AB44&"°) Ω" -> (0,0137 ∠68,78°) Ω | AA43: ZN+ZT | AB43: polar | AD43: =SQRT(3) -> 1.7320508
X44: =IF(B19="er",X14+X23,X14+X39) -> 0.004944 | Y44: =IF(B19="er",Y14+Y23,Y14+Y39) -> 0.012730968 | Z44: =SQRT(X44^2+Y44^2) -> 0.013657257 | AA44: =COMPLEX(X44,Y44) -> 0,004944+0,0127309678649966i | AB44: =ROUND(IMABS(COMPLEX(X44,Y44,"j")),4)&" ∠"&ROUND(DEGREES(IMARGUMENT(COMPLEX(X44,Y44,"j"))),2) -> 0,0137 ∠68,78
B46: ΣZ̅N2f = | D46: Z̅N + Z̅T | I46: ⇒ | J46: =IF(B19="er","("&AB14&") + ("&AB23&")","("&AB14&") + ("&AB39&")") -> (0,0016 ∠14,07) + (0,0128 ∠74,63) | Q46: = | R46: ="("&AB46&"°) Ω" -> (0,0158 ∠68,78°) Ω | X46: =X44/(SQRT(3)/2) -> 0.0057088395 | Y46: =Y44/(SQRT(3)/2) -> 0.014700455 | Z46: =SQRT(X46^2+Y46^2) -> 0.015770042 | AA46: =COMPLEX(X46,Y46) -> 0,00570883946174702+0,0147004554478005i | AB46: =ROUND(IMABS(COMPLEX(X46,Y46,"j")),4)&" ∠"&ROUND(DEGREES(IMARGUMENT(COMPLEX(X46,Y46,"j"))),2) -> 0,0158 ∠68,78
D47: √3 / 2 | L47: ( | M47: √3 | N47: )
M48: 2
B50: Kortslutningsniveau på transformers sekundær klemmer
B52: Ikmax3f = | D52: UN | I52: ⇒ | J52: =D11 -> 400 | Q52: = | R52: =ROUND(AB53/1000,2)&"kA" -> 16,91kA
D53: √3 · ΣZ̅N3f | J53: ="√3 · ("&AB44&")" -> √3 · (0,0137 ∠68,78) | AB53: =J52/(SQRT(3)*IMABS(AA44)) -> 16909.699
B56: Ikmax2f = | D56: Ikmax3f · | F56: ( | G56: √3 | H56: ) | I56: ⇒ | J56: =ROUND(AB53,2)&" · (√3/2)" -> 16909,7 · (√3/2) | Q56: = | R56: =ROUND(AB57/1000,2)&"kA" -> 14,64kA
G57: 2 | AB57: =AB53*(SQRT(3)/2) -> 14644.229
B60: Ikmax1f = | D60: Ikmax3f | I60: ⇒ | J60: =ROUND(AB53,2) -> 16909.7 | Q60: = | R60: =ROUND(AB53/1000,2)&"kA" -> 16,91kA
AF62: fra | AG62: til | AH62: maks | AI62: min
AC63: 35000 | AF63: 100 | AG63: 400 | AH63: 1 | AI63: 0.95 | AJ63: =IF(AC63<AG63,AH63,IF(AND(AC63>=AF64,AC63<AG64),AH64,IF(AND(AC63>=AF65,AC63<AG65),AH65,IF(AC63>=AF66,AH66,)))) -> 1.1 | AK63: =IF(AC63<AG63,AI63,IF(AND(AC63>=AF64,AC63<AG64),AI64,IF(AND(AC63>=AF65,AC63<AG65),AI65,IF(AC63>=AF66,AI66,)))) -> 1
AF64: 400 | AG64: 1000 | AH64: 1.05 | AI64: 1
B65: Beregning af Z̅Nmax ved oplyst IKmax | W65: FR2017 skriver: | AF65: 1000 | AG65: 35000 | AH65: 1.1 | AI65: 1
W66: Ikmax = 16kA cos 0,3 | AF66: 35000 | AG66: 230000 | AH66: 1.1 | AI66: 1
B67: IKmax | F67: kA | W67: Ikmin= 5 · In cos 1
B68: UN | F68: V
B69: cosϕ
B71: Z̅̅Nmax = | D71: UN | I71: ⇒ | J71: =D68 -> 0 | Q71: = | R71: ="("&AB72&"°) Ω" -> #DIV/0! | X71: R | Y71: X | Z71: Z | AA71: Zn | AB71: polar
D72: √3 · (IKmax ∠-cos¯¹(ϕ)) | J72: ="√3 · "&"(("&D67&" · 10³) ∠-cos¯¹("&D69&"))" -> √3 · (( · 10³) ∠-cos¯¹()) | X72: =Z72*D69 -> #DIV/0! | Y72: =Z72*SIN(ACOS(D69)) -> #DIV/0! | Z72: =D68/(SQRT(3)*D67*10^3) -> #DIV/0! | AA72: =COMPLEX(X72,Y72,) -> #DIV/0! | AB72: =ROUND(IMABS(COMPLEX(X72,Y72,"j")),4)&" ∠"&ROUND(DEGREES(IMARGUMENT(COMPLEX(X72,Y72,"j"))),2) -> #DIV/0!
B76: Beregning af Z̅Nmin ved oplyst IKmin
B78: Sikring | F78: A
B79: IKmin | F79: kA
B80: UN | F80: V
B81: cosϕ | D81: 1
B83: Z̅̅Nmin = | D83: UN | I83: ⇒ | J83: =D80 -> 0 | Q83: = | R83: ="("&AB84&"°) Ω" -> #DIV/0! | X83: R | Y83: X | Z83: Z | AA83: Zn | AB83: polar
D84: √3 · (IKmin ∠-cos¯¹(ϕ)) | J84: ="√3 · "&"(("&D79&" · 10³) ∠-cos¯¹("&D81&"))" -> √3 · (( · 10³) ∠-cos¯¹(1)) | X84: =Z84*D81 -> #DIV/0! | Y84: =Z84*SIN(ACOS(D81)) -> #DIV/0! | Z84: =D80/(SQRT(3)*D79*10^3) -> #DIV/0! | AA84: =COMPLEX(X84,Y84,) -> #DIV/0! | AB84: =ROUND(IMABS(COMPLEX(X84,Y84,"j")),4)&" ∠"&ROUND(DEGREES(IMARGUMENT(COMPLEX(X84,Y84,"j"))),2) -> #DIV/0!

Sheet Kabeludskrift
A2: Impedansværdier beregning af Ikmax og spændingsfald | P2: ( Z ∠ ° ) | U2: ( R + Xi )
AA3: R | AB3: X | AC3: Z | AD3: Z̅̅ | AE3: polar | AG3: Længde | AH3: parallelle
A5: Z̅ | D5: = | E5: L · (R+jX) | H5: ⇒ | I5: =IF(B6="","",AG5&" · ("&AA5&"+j"&AB5&")") -> 75 · (0,0787+j0,077) | O5: = | P5: =IF(B6="","","("&AE6&"°) Ω") -> (0,002753 ∠44,37°) Ω | U5: =IF(B6="","","("&AD6&") Ω") -> (0,0019675+0,001925i) Ω | AA5: =Kabeldata!B14 -> 0.0787 | AB5: =Kabeldata!B15 -> 0.077 | AC5: =SQRT(AA5^2+AB5^2) -> 0.11010309 | AD5: =COMPLEX(AA5,AB5,) -> 0,0787+0,077i | AE5: =ROUND(IMABS(COMPLEX(AA5,AB5,"j")),6)&" ∠"&ROUND(DEGREES(IMARGUMENT(COMPLEX(AA5,AB5,"j"))),2) -> 0,110103 ∠44,37 | AG5: =Kabeldata!B9 -> 75 | AH5: =Kabeldata!B10 -> 3
B6: =IF(Kabeldata!$B$4="","",Kabeldata!$B$4) -> W1 | E6: =1000&IF(AH5=1,""," · η") -> 1000 · η | I6: =IF(B6="","",1000&IF(AH5=1,""," · "&AH5)) -> 1000 · 3 | AA6: =(AG5*AA5)/AH6 -> 0.0019675 | AB6: =(AG5*AB5)/AH6 -> 0.001925 | AC6: =SQRT(AA6^2+AB6^2) -> 0.0027525772 | AD6: =COMPLEX(AA6,AB6,) -> 0,0019675+0,001925i | AE6: =ROUND(IMABS(COMPLEX(AA6,AB6,"j")),6)&" ∠"&ROUND(DEGREES(IMARGUMENT(COMPLEX(AA6,AB6,"j"))),2) -> 0,002753 ∠44,37 | AH6: =1000*AH5 -> 3000
A7: ------------------------------------------------------------------------------------------------------------------------------------------------------------------------------------------------
A8: Z̅ | D8: = | E8: L · (R+jX) | H8: ⇒ | I8: =IF(B9="","",AG8&" · ("&AA8&"+j"&AB8&")") -> 20 · (0,641+j0,081) | O8: = | P8: =IF(B9="","","("&AE9&"°) Ω") -> (0,012922 ∠7,2°) Ω | U8: =IF(B9="","","("&AD9&") Ω") -> (0,01282+0,00162i) Ω | AA8: =Kabeldata!F14 -> 0.641 | AB8: =Kabeldata!F15 -> 0.081 | AC8: =SQRT(AA8^2+AB8^2) -> 0.64609752 | AD8: =COMPLEX(AA8,AB8,) -> 0,641+0,081i | AE8: =ROUND(IMABS(COMPLEX(AA8,AB8,"j")),6)&" ∠"&ROUND(DEGREES(IMARGUMENT(COMPLEX(AA8,AB8,"j"))),2) -> 0,646098 ∠7,2 | AG8: =Kabeldata!F9 -> 20 | AH8: =Kabeldata!F10 -> 1
B9: =IF(Kabeldata!$F$4="","",Kabeldata!$F$4) -> W2 | E9: =1000&IF(AH8=1,""," · η") -> 1000 | I9: =IF(B9="","",1000&IF(AH8=1,""," · "&AH8)) -> 1000 | AA9: =(AG8*AA8)/AH9 -> 0.01282 | AB9: =(AG8*AB8)/AH9 -> 0.00162 | AC9: =SQRT(AA9^2+AB9^2) -> 0.01292195 | AD9: =COMPLEX(AA9,AB9,) -> 0,01282+0,00162i | AE9: =ROUND(IMABS(COMPLEX(AA9,AB9,"j")),6)&" ∠"&ROUND(DEGREES(IMARGUMENT(COMPLEX(AA9,AB9,"j"))),2) -> 0,012922 ∠7,2 | AH9: =1000*AH8 -> 1000
A10: ------------------------------------------------------------------------------------------------------------------------------------------------------------------------------------------------
A11: Z̅ | D11: = | E11: L · (R+jX) | H11: ⇒ | I11: =IF(B12="","",AG11&" · ("&AA11&"+j"&AB11&")") -> 30 · (0,444+j0,08) | O11: = | P11: =IF(B12="","","("&AE12&"°) Ω") -> (0,013534 ∠10,21°) Ω | U11: =IF(B12="","","("&AD12&") Ω") -> (0,01332+0,0024i) Ω | AA11: =Kabeldata!J14 -> 0.444 | AB11: =Kabeldata!J15 -> 0.08 | AC11: =SQRT(AA11^2+AB11^2) -> 0.45114964 | AD11: =COMPLEX(AA11,AB11,) -> 0,444+0,08i | AE11: =ROUND(IMABS(COMPLEX(AA11,AB11,"j")),6)&" ∠"&ROUND(DEGREES(IMARGUMENT(COMPLEX(AA11,AB11,"j"))),2) -> 0,45115 ∠10,21 | AG11: =Kabeldata!J9 -> 30 | AH11: =Kabeldata!J10 -> 1
B12: =IF(Kabeldata!$J$4="","",Kabeldata!$J$4) -> W3 | E12: =1000&IF(AH11=1,""," · η") -> 1000 | I12: =IF(B12="","",1000&IF(AH11=1,""," · "&AH11)) -> 1000 | AA12: =(AG11*AA11)/AH12 -> 0.01332 | AB12: =(AG11*AB11)/AH12 -> 0.0024 | AC12: =SQRT(AA12^2+AB12^2) -> 0.013534489 | AD12: =COMPLEX(AA12,AB12,) -> 0,01332+0,0024i | AE12: =ROUND(IMABS(COMPLEX(AA12,AB12,"j")),6)&" ∠"&ROUND(DEGREES(IMARGUMENT(COMPLEX(AA12,AB12,"j"))),2) -> 0,013534 ∠10,21 | AH12: =1000*AH11 -> 1000
A13: ------------------------------------------------------------------------------------------------------------------------------------------------------------------------------------------------
A14: Z̅ | D14: = | E14: L · (R+jX) | H14: ⇒ | I14: =IF(B15="","",AG14&" · ("&AA14&"+j"&AB14&")") -> 8 · (1,2+j0,087) | O14: = | P14: =IF(B15="","","("&AE15&"°) Ω") -> (0,009625 ∠4,15°) Ω | U14: =IF(B15="","","("&AD15&") Ω") -> (0,0096+0,000696i) Ω | AA14: =Kabeldata!N14 -> 1.2 | AB14: =Kabeldata!N15 -> 0.087 | AC14: =SQRT(AA14^2+AB14^2) -> 1.2031496 | AD14: =COMPLEX(AA14,AB14,) -> 1,2+0,087i | AE14: =ROUND(IMABS(COMPLEX(AA14,AB14,"j")),6)&" ∠"&ROUND(DEGREES(IMARGUMENT(COMPLEX(AA14,AB14,"j"))),2) -> 1,20315 ∠4,15 | AG14: =Kabeldata!N9 -> 8 | AH14: =Kabeldata!N10 -> 1
B15: =IF(Kabeldata!$N$4="","",Kabeldata!$N$4) -> W4 | E15: =1000&IF(AH14=1,""," · η") -> 1000 | I15: =IF(B15="","",1000&IF(AH14=1,""," · "&AH14)) -> 1000 | AA15: =(AG14*AA14)/AH15 -> 0.0096 | AB15: =(AG14*AB14)/AH15 -> 0.000696 | AC15: =SQRT(AA15^2+AB15^2) -> 0.0096251969 | AD15: =COMPLEX(AA15,AB15,) -> 0,0096+0,000696i | AE15: =ROUND(IMABS(COMPLEX(AA15,AB15,"j")),6)&" ∠"&ROUND(DEGREES(IMARGUMENT(COMPLEX(AA15,AB15,"j"))),2) -> 0,009625 ∠4,15 | AH15: =1000*AH14 -> 1000
A16: ------------------------------------------------------------------------------------------------------------------------------------------------------------------------------------------------
A17: Z̅ | D17: = | E17: L · (R+jX) | H17: ⇒ | I17: =IF(B18="","",AG17&" · ("&AA17&"+j"&AB17&")") | O17: = | P17: =IF(B18="","","("&AE18&"°) Ω") | U17: =IF(B18="","","("&AD18&") Ω") | AA17: =Kabeldata!R14 -> 0.727 | AB17: =Kabeldata!R15 -> 0.079 | AC17: =SQRT(AA17^2+AB17^2) -> 0.7312797 | AD17: =COMPLEX(AA17,AB17,) -> 0,727+0,079i | AE17: =ROUND(IMABS(COMPLEX(AA17,AB17,"j")),6)&" ∠"&ROUND(DEGREES(IMARGUMENT(COMPLEX(AA17,AB17,"j"))),2) -> 0,73128 ∠6,2 | AG17: =Kabeldata!R9 -> 100 | AH17: =Kabeldata!R10 -> 1
B18: =IF(Kabeldata!$R$4="","",Kabeldata!$R$4) | E18: =1000&IF(AH17=1,""," · η") -> 1000 | I18: =IF(B18="","",1000&IF(AH17=1,""," · "&AH17)) | AA18: =(AG17*AA17)/AH18 -> 0.0727 | AB18: =(AG17*AB17)/AH18 -> 0.0079 | AC18: =SQRT(AA18^2+AB18^2) -> 0.07312797 | AD18: =COMPLEX(AA18,AB18,) -> 0,0727+0,0079i | AE18: =ROUND(IMABS(COMPLEX(AA18,AB18,"j")),6)&" ∠"&ROUND(DEGREES(IMARGUMENT(COMPLEX(AA18,AB18,"j"))),2) -> 0,073128 ∠6,2 | AH18: =1000*AH17 -> 1000
A19: ------------------------------------------------------------------------------------------------------------------------------------------------------------------------------------------------
A20: Z̅ | D20: = | E20: L · (R+jX) | H20: ⇒ | I20: =IF(B21="","",AG20&" · ("&AA20&"+j"&AB20&")") | O20: = | P20: =IF(B21="","","("&AE21&"°) Ω") | U20: =IF(B21="","","("&AD21&") Ω") | AA20: =Kabeldata!B32 -> 7.41 | AB20: =Kabeldata!B33 -> 0.095 | AC20: =SQRT(AA20^2+AB20^2) -> 7.4106089 | AD20: =COMPLEX(AA20,AB20,) -> 7,41+0,095i | AE20: =ROUND(IMABS(COMPLEX(AA20,AB20,"j")),6)&" ∠"&ROUND(DEGREES(IMARGUMENT(COMPLEX(AA20,AB20,"j"))),2) -> 7,410609 ∠0,73 | AG20: =Kabeldata!B27 -> 10.7 | AH20: =Kabeldata!B28 -> 1
B21: =IF(Kabeldata!$B$22="","",Kabeldata!$B$22) | E21: =1000&IF(AH20=1,""," · η") -> 1000 | I21: =IF(B21="","",1000&IF(AH20=1,""," · "&AH20)) | AA21: =(AG20*AA20)/AH21 -> 0.079287 | AB21: =(AG20*AB20)/AH21 -> 0.0010165 | AC21: =SQRT(AA21^2+AB21^2) -> 0.079293516 | AD21: =COMPLEX(AA21,AB21,) -> 0,079287+0,0010165i | AE21: =ROUND(IMABS(COMPLEX(AA21,AB21,"j")),6)&" ∠"&ROUND(DEGREES(IMARGUMENT(COMPLEX(AA21,AB21,"j"))),2) -> 0,079294 ∠0,73 | AH21: =1000*AH20 -> 1000
A22: ------------------------------------------------------------------------------------------------------------------------------------------------------------------------------------------------
A23: Z̅ | D23: = | E23: L · (R+jX) | H23: ⇒ | I23: =IF(B24="","",AG23&" · ("&AA23&"+j"&AB23&")") | O23: = | P23: =IF(B24="","","("&AE24&"°) Ω") | U23: =IF(B24="","","("&AD24&") Ω") | AA23: =Kabeldata!F32 -> 1.15 | AB23: =Kabeldata!F33 -> 0.085 | AC23: =SQRT(AA23^2+AB23^2) -> 1.153137 | AD23: =COMPLEX(AA23,AB23,) -> 1,15+0,085i | AE23: =ROUND(IMABS(COMPLEX(AA23,AB23,"j")),6)&" ∠"&ROUND(DEGREES(IMARGUMENT(COMPLEX(AA23,AB23,"j"))),2) -> 1,153137 ∠4,23 | AG23: =Kabeldata!F27 -> 2 | AH23: =Kabeldata!F28 -> 1
B24: =IF(Kabeldata!$F$22="","",Kabeldata!$F$22) | E24: =1000&IF(AH23=1,""," · η") -> 1000 | I24: =IF(B24="","",1000&IF(AH23=1,""," · "&AH23)) | AA24: =(AG23*AA23)/AH24 -> 0.0023 | AB24: =(AG23*AB23)/AH24 -> 0.00017 | AC24: =SQRT(AA24^2+AB24^2) -> 0.0023062741 | AD24: =COMPLEX(AA24,AB24,) -> 0,0023+0,00017i | AE24: =ROUND(IMABS(COMPLEX(AA24,AB24,"j")),6)&" ∠"&ROUND(DEGREES(IMARGUMENT(COMPLEX(AA24,AB24,"j"))),2) -> 0,002306 ∠4,23 | AH24: =1000*AH23 -> 1000
A25: ------------------------------------------------------------------------------------------------------------------------------------------------------------------------------------------------
A26: Z̅ | D26: = | E26: L · (R+jX) | H26: ⇒ | I26: =IF(B27="","",AG26&" · ("&AA26&"+j"&AB26&")") | O26: = | P26: =IF(B27="","","("&AE27&"°) Ω") | U26: =IF(B27="","","("&AD27&") Ω") | AA26: =Kabeldata!J32 -> 7.41 | AB26: =Kabeldata!J33 -> 0.095 | AC26: =SQRT(AA26^2+AB26^2) -> 7.4106089 | AD26: =COMPLEX(AA26,AB26,) -> 7,41+0,095i | AE26: =ROUND(IMABS(COMPLEX(AA26,AB26,"j")),6)&" ∠"&ROUND(DEGREES(IMARGUMENT(COMPLEX(AA26,AB26,"j"))),2) -> 7,410609 ∠0,73 | AG26: =Kabeldata!J27 -> 38.35 | AH26: =Kabeldata!J28 -> 1
B27: =IF(Kabeldata!$J$22="","",Kabeldata!$J$22) | E27: =1000&IF(AH26=1,""," · η") -> 1000 | I27: =IF(B27="","",1000&IF(AH26=1,""," · "&AH26)) | AA27: =(AG26*AA26)/AH27 -> 0.2841735 | AB27: =(AG26*AB26)/AH27 -> 0.00364325 | AC27: =SQRT(AA27^2+AB27^2) -> 0.28419685 | AD27: =COMPLEX(AA27,AB27,) -> 0,2841735+0,00364325i | AE27: =ROUND(IMABS(COMPLEX(AA27,AB27,"j")),6)&" ∠"&ROUND(DEGREES(IMARGUMENT(COMPLEX(AA27,AB27,"j"))),2) -> 0,284197 ∠0,73 | AH27: =1000*AH26 -> 1000
A28: ------------------------------------------------------------------------------------------------------------------------------------------------------------------------------------------------
A29: Z̅ | D29: = | E29: L · (R+jX) | H29: ⇒ | I29: =IF(B30="","",AG29&" · ("&AA29&"+j"&AB29&")") | O29: = | P29: =IF(B30="","","("&AE30&"°) Ω") | U29: =IF(B30="","","("&AD30&") Ω") | AA29: =Kabeldata!N32 -> 0 | AB29: =Kabeldata!N33 -> 0 | AC29: =SQRT(AA29^2+AB29^2) -> 0 | AD29: =COMPLEX(AA29,AB29,) -> 0 | AE29: =ROUND(IMABS(COMPLEX(AA29,AB29,"j")),6)&" ∠"&ROUND(DEGREES(IMARGUMENT(COMPLEX(AA29,AB29,"j"))),2) -> #DIV/0! | AG29: =Kabeldata!N27 -> 0 | AH29: =Kabeldata!N28 -> 1
B30: =IF(Kabeldata!$N$22="","",Kabeldata!$N$22) | E30: =1000&IF(AH29=1,""," · η") -> 1000 | I30: =IF(B30="","",1000&IF(AH29=1,""," · "&AH29)) | AA30: =(AG29*AA29)/AH30 -> 0 | AB30: =(AG29*AB29)/AH30 -> 0 | AC30: =SQRT(AA30^2+AB30^2) -> 0 | AD30: =COMPLEX(AA30,AB30,) -> 0 | AE30: =ROUND(IMABS(COMPLEX(AA30,AB30,"j")),6)&" ∠"&ROUND(DEGREES(IMARGUMENT(COMPLEX(AA30,AB30,"j"))),2) -> #DIV/0! | AH30: =1000*AH29 -> 1000
A31: ------------------------------------------------------------------------------------------------------------------------------------------------------------------------------------------------
A32: Z̅ | D32: = | E32: L · (R+jX) | H32: ⇒ | I32: =IF(B33="","",AG32&" · ("&AA32&"+j"&AB32&")") | O32: = | P32: =IF(B33="","","("&AE33&"°) Ω") | U32: =IF(B33="","","("&AD33&") Ω") | AA32: =Kabeldata!R32 -> 0 | AB32: =Kabeldata!R33 -> 0 | AC32: =SQRT(AA32^2+AB32^2) -> 0 | AD32: =COMPLEX(AA32,AB32,) -> 0 | AE32: =ROUND(IMABS(COMPLEX(AA32,AB32,"j")),6)&" ∠"&ROUND(DEGREES(IMARGUMENT(COMPLEX(AA32,AB32,"j"))),2) -> #DIV/0! | AG32: =Kabeldata!R27 -> 0 | AH32: =Kabeldata!R28 -> 0
B33: =IF(Kabeldata!$R$22="","",Kabeldata!$R$22) | E33: =1000&IF(AH32=1,""," · η") -> 1000 · η | I33: =IF(B33="","",1000&IF(AH32=1,""," · "&AH32)) | AA33: =(AG32*AA32)/AH33 -> #DIV/0! | AB33: =(AG32*AB32)/AH33 -> #DIV/0! | AC33: =SQRT(AA33^2+AB33^2) -> #DIV/0! | AD33: =COMPLEX(AA33,AB33,) -> #DIV/0! | AE33: =ROUND(IMABS(COMPLEX(AA33,AB33,"j")),6)&" ∠"&ROUND(DEGREES(IMARGUMENT(COMPLEX(AA33,AB33,"j"))),2) -> #DIV/0! | AH33: =1000*AH32 -> 0
A37: Impedansværdier beregning af Ikmin | P37: ( Z ∠ ° ) | U37: ( R + Xi )
AA38: R | AB38: X | AC38: Z | AD38: Z̅̅ | AE38: polar | AG38: Længde | AH38: parallelle | AI38: Separat PE leder
A40: Z̅ | D40: = | E40: ="L · ("&IF(AI40="Ja",1.25,1.5)&" · R+jX)" -> L · (1,5 · R+jX) | H40: ⇒ | I40: =IF(B41="","",AG40&" · ("&(IF(AI40="Ja",1.25,1.5)&" · "&AA40&"+j"&AB40&")")) -> 75 · (1,5 · 0,0787+j0,077) | O40: = | P40: =IF(B41="","","("&AE41&"°) Ω") -> (0,003524 ∠33,12°) Ω | U40: =IF(B41="","","("&AD41&") Ω") -> (0,00295125+0,001925i) Ω | AA40: =AA5 -> 0.0787 | AB40: =AB5 -> 0.077 | AC40: =SQRT(AA40^2+AB40^2) -> 0.11010309 | AD40: =COMPLEX(AA40,AB40,) -> 0,0787+0,077i | AE40: =ROUND(IMABS(COMPLEX(AA40,AB40,"j")),6)&" ∠"&ROUND(DEGREES(IMARGUMENT(COMPLEX(AA40,AB40,"j"))),2) -> 0,110103 ∠44,37 | AG40: =Kabeldata!B9 -> 75 | AH40: =Kabeldata!B10 -> 3 | AI40: =Kabeldata!B3 -> Nej
B41: =IF(Kabeldata!$B$4="","",Kabeldata!$B$4) -> W1 | C41: =IF(Kabeldata!$B$4="","",Kabeldata!$B$4) -> W1 | E41: =1000&IF(AH40=1,""," · η") -> 1000 · η | I41: =IF(B41="","",1000&IF(AH40=1,""," · "&AH40)) -> 1000 · 3 | AA41: =(AG40*(IF(AI40="Ja",1.25,1.5)*AA40))/AH41 -> 0.00295125 | AB41: =(AG40*AB40)/AH41 -> 0.001925 | AC41: =SQRT(AA41^2+AB41^2) -> 0.0035235638 | AD41: =COMPLEX(AA41,AB41,) -> 0,00295125+0,001925i | AE41: =ROUND(IMABS(COMPLEX(AA41,AB41,"j")),6)&" ∠"&ROUND(DEGREES(IMARGUMENT(COMPLEX(AA41,AB41,"j"))),2) -> 0,003524 ∠33,12 | AH41: =1000*AH40 -> 3000
A42: ------------------------------------------------------------------------------------------------------------------------------------------------------------------------------------------------
A43: Z̅ | D43: = | E43: ="L · ("&IF(AI43="Ja",1.25,1.5)&" · R+jX)" -> L · (1,5 · R+jX) | H43: ⇒ | I43: =IF(B44="","",AG43&" · ("&(IF(AI43="Ja",1.25,1.5)&" · "&AA43&"+j"&AB43&")")) -> 20 · (1,5 · 0,641+j0,081) | O43: = | P43: =IF(B44="","","("&AE44&"°) Ω") -> (0,019298 ∠4,82°) Ω | U43: =IF(B44="","","("&AD44&") Ω") -> (0,01923+0,00162i) Ω | AA43: =AA8 -> 0.641 | AB43: =AB8 -> 0.081 | AC43: =SQRT(AA43^2+AB43^2) -> 0.64609752 | AD43: =COMPLEX(AA43,AB43,) -> 0,641+0,081i | AE43: =ROUND(IMABS(COMPLEX(AA43,AB43,"j")),6)&" ∠"&ROUND(DEGREES(IMARGUMENT(COMPLEX(AA43,AB43,"j"))),2) -> 0,646098 ∠7,2 | AG43: =Kabeldata!F9 -> 20 | AH43: =Kabeldata!F10 -> 1 | AI43: =Kabeldata!F3 -> Nej
B44: =IF(Kabeldata!$F$4="","",Kabeldata!$F$4) -> W2 | E44: =1000&IF(AH43=1,""," · η") -> 1000 | I44: =IF(B44="","",1000&IF(AH43=1,""," · "&AH43)) -> 1000 | AA44: =(AG43*(IF(AI43="Ja",1.25,1.5)*AA43))/AH44 -> 0.01923 | AB44: =(AG43*AB43)/AH44 -> 0.00162 | AC44: =SQRT(AA44^2+AB44^2) -> 0.019298116 | AD44: =COMPLEX(AA44,AB44,) -> 0,01923+0,00162i | AE44: =ROUND(IMABS(COMPLEX(AA44,AB44,"j")),6)&" ∠"&ROUND(DEGREES(IMARGUMENT(COMPLEX(AA44,AB44,"j"))),2) -> 0,019298 ∠4,82 | AH44: =1000*AH43 -> 1000
A45: ------------------------------------------------------------------------------------------------------------------------------------------------------------------------------------------------
A46: Z̅ | D46: = | E46: ="L · ("&IF(AI46="Ja",1.25,1.5)&" · R+jX)" -> L · (1,25 · R+jX) | H46: ⇒ | I46: =IF(B47="","",AG46&" · ("&(IF(AI46="Ja",1.25,1.5)&" · "&AA46&"+j"&AB46&")")) -> 30 · (1,25 · 0,444+j0,08) | O46: = | P46: =IF(B47="","","("&AE47&"°) Ω") -> (0,016822 ∠8,2°) Ω | U46: =IF(B47="","","("&AD47&") Ω") -> (0,01665+0,0024i) Ω | AA46: =AA11 -> 0.444 | AB46: =AB11 -> 0.08 | AC46: =SQRT(AA46^2+AB46^2) -> 0.45114964 | AD46: =COMPLEX(AA46,AB46,) -> 0,444+0,08i | AE46: =ROUND(IMABS(COMPLEX(AA46,AB46,"j")),6)&" ∠"&ROUND(DEGREES(IMARGUMENT(COMPLEX(AA46,AB46,"j"))),2) -> 0,45115 ∠10,21 | AG46: =Kabeldata!J9 -> 30 | AH46: =Kabeldata!J10 -> 1 | AI46: =Kabeldata!J3 -> Ja
B47: =IF(Kabeldata!$J$4="","",Kabeldata!$J$4) -> W3 | E47: =1000&IF(AH46=1,""," · η") -> 1000 | I47: =IF(B47="","",1000&IF(AH46=1,""," · "&AH46)) -> 1000 | AA47: =(AG46*(IF(AI46="Ja",1.25,1.5)*AA46))/AH47 -> 0.01665 | AB47: =(AG46*AB46)/AH47 -> 0.0024 | AC47: =SQRT(AA47^2+AB47^2) -> 0.016822084 | AD47: =COMPLEX(AA47,AB47,) -> 0,01665+0,0024i | AE47: =ROUND(IMABS(COMPLEX(AA47,AB47,"j")),6)&" ∠"&ROUND(DEGREES(IMARGUMENT(COMPLEX(AA47,AB47,"j"))),2) -> 0,016822 ∠8,2 | AH47: =1000*AH46 -> 1000
A48: ------------------------------------------------------------------------------------------------------------------------------------------------------------------------------------------------
A49: Z̅ | D49: = | E49: ="L · ("&IF(AI49="Ja",1.25,1.5)&" · R+jX)" -> L · (1,5 · R+jX) | H49: ⇒ | I49: =IF(B50="","",AG49&" · ("&(IF(AI49="Ja",1.25,1.5)&" · "&AA49&"+j"&AB49&")")) -> 8 · (1,5 · 1,2+j0,087) | O49: = | P49: =IF(B50="","","("&AE50&"°) Ω") -> (0,014417 ∠2,77°) Ω | U49: =IF(B50="","","("&AD50&") Ω") -> (0,0144+0,000696i) Ω | AA49: =AA14 -> 1.2 | AB49: =AB14 -> 0.087 | AC49: =SQRT(AA49^2+AB49^2) -> 1.2031496 | AD49: =COMPLEX(AA49,AB49,) -> 1,2+0,087i | AE49: =ROUND(IMABS(COMPLEX(AA49,AB49,"j")),6)&" ∠"&ROUND(DEGREES(IMARGUMENT(COMPLEX(AA49,AB49,"j"))),2) -> 1,20315 ∠4,15 | AG49: =Kabeldata!N9 -> 8 | AH49: =Kabeldata!N10 -> 1 | AI49: =Kabeldata!N3 -> Nej
B50: =IF(Kabeldata!$N$4="","",Kabeldata!$N$4) -> W4 | E50: =1000&IF(AH49=1,""," · η") -> 1000 | I50: =IF(B50="","",1000&IF(AH49=1,""," · "&AH49)) -> 1000 | AA50: =(AG49*(IF(AI49="Ja",1.25,1.5)*AA49))/AH50 -> 0.0144 | AB50: =(AG49*AB49)/AH50 -> 0.000696 | AC50: =SQRT(AA50^2+AB50^2) -> 0.01441681 | AD50: =COMPLEX(AA50,AB50,) -> 0,0144+0,000696i | AE50: =ROUND(IMABS(COMPLEX(AA50,AB50,"j")),6)&" ∠"&ROUND(DEGREES(IMARGUMENT(COMPLEX(AA50,AB50,"j"))),2) -> 0,014417 ∠2,77 | AH50: =1000*AH49 -> 1000
A51: ------------------------------------------------------------------------------------------------------------------------------------------------------------------------------------------------
A52: Z̅ | D52: = | E52: ="L · ("&IF(AI52="Ja",1.25,1.5)&" · R+jX)" -> L · (1,5 · R+jX) | H52: ⇒ | I52: =IF(B53="","",AG52&" · ("&(IF(AI52="Ja",1.25,1.5)&" · "&AA52&"+j"&AB52&")")) | O52: = | P52: =IF(B53="","","("&AE53&"°) Ω") | U52: =IF(B53="","","("&AD53&") Ω") | AA52: =AA17 -> 0.727 | AB52: =AB17 -> 0.079 | AC52: =SQRT(AA52^2+AB52^2) -> 0.7312797 | AD52: =COMPLEX(AA52,AB52,) -> 0,727+0,079i | AE52: =ROUND(IMABS(COMPLEX(AA52,AB52,"j")),6)&" ∠"&ROUND(DEGREES(IMARGUMENT(COMPLEX(AA52,AB52,"j"))),2) -> 0,73128 ∠6,2 | AG52: =Kabeldata!R9 -> 100 | AH52: =Kabeldata!R10 -> 1 | AI52: =Kabeldata!R3 -> Nej
B53: =IF(Kabeldata!$R$4="","",Kabeldata!$R$4) | E53: =1000&IF(AH52=1,""," · η") -> 1000 | I53: =IF(B53="","",1000&IF(AH52=1,""," · "&AH52)) | AA53: =(AG52*(IF(AI52="Ja",1.25,1.5)*AA52))/AH53 -> 0.10905 | AB53: =(AG52*AB52)/AH53 -> 0.0079 | AC53: =SQRT(AA53^2+AB53^2) -> 0.10933578 | AD53: =COMPLEX(AA53,AB53,) -> 0,10905+0,0079i | AE53: =ROUND(IMABS(COMPLEX(AA53,AB53,"j")),6)&" ∠"&ROUND(DEGREES(IMARGUMENT(COMPLEX(AA53,AB53,"j"))),2) -> 0,109336 ∠4,14 | AH53: =1000*AH52 -> 1000
A54: ------------------------------------------------------------------------------------------------------------------------------------------------------------------------------------------------
A55: Z̅ | D55: = | E55: ="L · ("&IF(AI55="Ja",1.25,1.5)&" · R+jX)" -> L · (1,5 · R+jX) | H55: ⇒ | I55: =IF(B56="","",AG55&" · ("&(IF(AI55="Ja",1.25,1.5)&" · "&AA55&"+j"&AB55&")")) | O55: = | P55: =IF(B56="","","("&AE56&"°) Ω") | U55: =IF(B56="","","("&AD56&") Ω") | AA55: =AA20 -> 7.41 | AB55: =AB20 -> 0.095 | AC55: =SQRT(AA55^2+AB55^2) -> 7.4106089 | AD55: =COMPLEX(AA55,AB55,) -> 7,41+0,095i | AE55: =ROUND(IMABS(COMPLEX(AA55,AB55,"j")),6)&" ∠"&ROUND(DEGREES(IMARGUMENT(COMPLEX(AA55,AB55,"j"))),2) -> 7,410609 ∠0,73 | AG55: =Kabeldata!B27 -> 10.7 | AH55: =Kabeldata!B28 -> 1 | AI55: =Kabeldata!B21 -> Nej
B56: =IF(Kabeldata!$B$22="","",Kabeldata!$B$22) | E56: =1000&IF(AH55=1,""," · η") -> 1000 | I56: =IF(B56="","",1000&IF(AH55=1,""," · "&AH55)) | AA56: =(AG55*(IF(AI55="Ja",1.25,1.5)*AA55))/AH56 -> 0.1189305 | AB56: =(AG55*AB55)/AH56 -> 0.0010165 | AC56: =SQRT(AA56^2+AB56^2) -> 0.11893484 | AD56: =COMPLEX(AA56,AB56,) -> 0,1189305+0,0010165i | AE56: =ROUND(IMABS(COMPLEX(AA56,AB56,"j")),6)&" ∠"&ROUND(DEGREES(IMARGUMENT(COMPLEX(AA56,AB56,"j"))),2) -> 0,118935 ∠0,49 | AH56: =1000*AH55 -> 1000
A57: ------------------------------------------------------------------------------------------------------------------------------------------------------------------------------------------------
A58: Z̅ | D58: = | E58: ="L · ("&IF(AI58="Ja",1.25,1.5)&" · R+jX)" -> L · (1,25 · R+jX) | H58: ⇒ | I58: =IF(B59="","",AG58&" · ("&(IF(AI58="Ja",1.25,1.5)&" · "&AA58&"+j"&AB58&")")) | O58: = | P58: =IF(B59="","","("&AE59&"°) Ω") | U58: =IF(B59="","","("&AD59&") Ω") | AA58: =AA23 -> 1.15 | AB58: =AB23 -> 0.085 | AC58: =SQRT(AA58^2+AB58^2) -> 1.153137 | AD58: =COMPLEX(AA58,AB58,) -> 1,15+0,085i | AE58: =ROUND(IMABS(COMPLEX(AA58,AB58,"j")),6)&" ∠"&ROUND(DEGREES(IMARGUMENT(COMPLEX(AA58,AB58,"j"))),2) -> 1,153137 ∠4,23 | AG58: =Kabeldata!F27 -> 2 | AH58: =Kabeldata!F28 -> 1 | AI58: =Kabeldata!F21 -> Ja
B59: =IF(Kabeldata!$F$22="","",Kabeldata!$F$22) | E59: =1000&IF(AH58=1,""," · η") -> 1000 | I59: =IF(B59="","",1000&IF(AH58=1,""," · "&AH58)) | AA59: =(AG58*(IF(AI58="Ja",1.25,1.5)*AA58))/AH59 -> 0.002875 | AB59: =(AG58*AB58)/AH59 -> 0.00017 | AC59: =SQRT(AA59^2+AB59^2) -> 0.0028800217 | AD59: =COMPLEX(AA59,AB59,) -> 0,002875+0,00017i | AE59: =ROUND(IMABS(COMPLEX(AA59,AB59,"j")),6)&" ∠"&ROUND(DEGREES(IMARGUMENT(COMPLEX(AA59,AB59,"j"))),2) -> 0,00288 ∠3,38 | AH59: =1000*AH58 -> 1000
A60: ------------------------------------------------------------------------------------------------------------------------------------------------------------------------------------------------
A61: Z̅ | D61: = | E61: ="L · ("&IF(AI61="Ja",1.25,1.5)&" · R+jX)" -> L · (1,5 · R+jX) | H61: ⇒ | I61: =IF(B62="","",AG61&" · ("&(IF(AI61="Ja",1.25,1.5)&" · "&AA61&"+j"&AB61&")")) | O61: = | P61: =IF(B62="","","("&AE62&"°) Ω") | U61: =IF(B62="","","("&AD62&") Ω") | AA61: =AA26 -> 7.41 | AB61: =AB26 -> 0.095 | AC61: =SQRT(AA61^2+AB61^2) -> 7.4106089 | AD61: =COMPLEX(AA61,AB61,) -> 7,41+0,095i | AE61: =ROUND(IMABS(COMPLEX(AA61,AB61,"j")),6)&" ∠"&ROUND(DEGREES(IMARGUMENT(COMPLEX(AA61,AB61,"j"))),2) -> 7,410609 ∠0,73 | AG61: =Kabeldata!J27 -> 38.35 | AH61: =Kabeldata!J28 -> 1 | AI61: =Kabeldata!J21 -> Nej
B62: =IF(Kabeldata!$J$22="","",Kabeldata!$J$22) | E62: =1000&IF(AH61=1,""," · η") -> 1000 | I62: =IF(B62="","",1000&IF(AH61=1,""," · "&AH61)) | AA62: =(AG61*(IF(AI61="Ja",1.25,1.5)*AA61))/AH62 -> 0.42626025 | AB62: =(AG61*AB61)/AH62 -> 0.00364325 | AC62: =SQRT(AA62^2+AB62^2) -> 0.42627582 | AD62: =COMPLEX(AA62,AB62,) -> 0,42626025+0,00364325i | AE62: =ROUND(IMABS(COMPLEX(AA62,AB62,"j")),6)&" ∠"&ROUND(DEGREES(IMARGUMENT(COMPLEX(AA62,AB62,"j"))),2) -> 0,426276 ∠0,49 | AH62: =1000*AH61 -> 1000
A63: ------------------------------------------------------------------------------------------------------------------------------------------------------------------------------------------------
A64: Z̅ | D64: = | E64: ="L · ("&IF(AI64="Ja",1.25,1.5)&" · R+jX)" -> L · (1,5 · R+jX) | H64: ⇒ | I64: =IF(B65="","",AG64&" · ("&(IF(AI64="Ja",1.25,1.5)&" · "&AA64&"+j"&AB64&")")) | O64: = | P64: =IF(B65="","","("&AE65&"°) Ω") | U64: =IF(B65="","","("&AD65&") Ω") | AA64: =AA29 -> 0 | AB64: =AB29 -> 0 | AC64: =SQRT(AA64^2+AB64^2) -> 0 | AD64: =COMPLEX(AA64,AB64,) -> 0 | AE64: =ROUND(IMABS(COMPLEX(AA64,AB64,"j")),6)&" ∠"&ROUND(DEGREES(IMARGUMENT(COMPLEX(AA64,AB64,"j"))),2) -> #DIV/0! | AG64: =Kabeldata!N27 -> 0 | AH64: =Kabeldata!N28 -> 1 | AI64: =Kabeldata!N21 -> Nej
B65: =IF(Kabeldata!$N$22="","",Kabeldata!$N$22) | E65: =1000&IF(AH64=1,""," · η") -> 1000 | I65: =IF(B65="","",1000&IF(AH64=1,""," · "&AH64)) | AA65: =(AG64*(IF(AI64="Ja",1.25,1.5)*AA64))/AH65 -> 0 | AB65: =(AG64*AB64)/AH65 -> 0 | AC65: =SQRT(AA65^2+AB65^2) -> 0 | AD65: =COMPLEX(AA65,AB65,) -> 0 | AE65: =ROUND(IMABS(COMPLEX(AA65,AB65,"j")),6)&" ∠"&ROUND(DEGREES(IMARGUMENT(COMPLEX(AA65,AB65,"j"))),2) -> #DIV/0! | AH65: =1000*AH64 -> 1000
A66: ------------------------------------------------------------------------------------------------------------------------------------------------------------------------------------------------
A67: Z̅ | D67: = | E67: ="L · ("&IF(AI67="Ja",1.25,1.5)&" · R+jX)" -> L · (1,5 · R+jX) | H67: ⇒ | I67: =IF(B68="","",AG67&" · ("&(IF(AI67="Ja",1.25,1.5)&" · "&AA67&"+j"&AB67&")")) | O67: = | P67: =IF(B68="","","("&AE68&"°) Ω") | U67: =IF(B68="","","("&AD68&") Ω") | AA67: =AA32 -> 0 | AB67: =AB32 -> 0 | AC67: =SQRT(AA67^2+AB67^2) -> 0 | AD67: =COMPLEX(AA67,AB67,) -> 0 | AE67: =ROUND(IMABS(COMPLEX(AA67,AB67,"j")),6)&" ∠"&ROUND(DEGREES(IMARGUMENT(COMPLEX(AA67,AB67,"j"))),2) -> #DIV/0! | AG67: =Kabeldata!R27 -> 0 | AH67: =Kabeldata!R28 -> 0 | AI67: =Kabeldata!R21 -> Nej
B68: =IF(Kabeldata!$R$22="","",Kabeldata!$R$22) | E68: =1000&IF(AH67=1,""," · η") -> 1000 · η | I68: =IF(B68="","",1000&IF(AH67=1,""," · "&AH67)) | AA68: =(AG67*(IF(AI67="Ja",1.25,1.5)*AA67))/AH68 -> #DIV/0! | AB68: =(AG67*AB67)/AH68 -> #DIV/0! | AC68: =SQRT(AA68^2+AB68^2) -> #DIV/0! | AD68: =COMPLEX(AA68,AB68,) -> #DIV/0! | AE68: =ROUND(IMABS(COMPLEX(AA68,AB68,"j")),6)&" ∠"&ROUND(DEGREES(IMARGUMENT(COMPLEX(AA68,AB68,"j"))),2) -> #DIV/0! | AH68: =1000*AH67 -> 0
A72: Impedansværdier beregning af spændingsfald | P72: ( Z ∠ ° ) | U72: ( R + Xi )
AA73: R | AB73: X | AC73: Z | AD73: Z̅̅ | AE73: polar | AG73: Længde | AH73: parallelle
A75: Z̅ | D75: = | E75: L · (1,25 · R+jX) | H75: ⇒ | I75: =IF(B76="","",AG75&" · (1,25 · "&AA75&"+j"&AB75&")") -> 75 · (1,25 · 0,0787+j0,077) | O75: = | P75: =IF(B76="","","("&AE76&"°) Ω") -> (0,003123 ∠38,05°) Ω | U75: =IF(B76="","","("&AD76&") Ω") -> (0,002459375+0,001925i) Ω | AA75: =AA40 -> 0.0787 | AB75: =AB40 -> 0.077 | AC75: =SQRT(AA75^2+AB75^2) -> 0.11010309 | AD75: =COMPLEX(AA75,AB75,) -> 0,0787+0,077i | AE75: =ROUND(IMABS(COMPLEX(AA75,AB75,"j")),6)&" ∠"&ROUND(DEGREES(IMARGUMENT(COMPLEX(AA75,AB75,"j"))),2) -> 0,110103 ∠44,37 | AG75: =AG40 -> 75 | AH75: =AH40 -> 3
B76: =IF(Kabeldata!$B$4="","",Kabeldata!$B$4) -> W1 | C76: =IF(Kabeldata!$B$4="","",Kabeldata!$B$4) -> W1 | E76: =1000&IF(AH75=1,""," · η") -> 1000 · η | I76: =IF(B76="","",1000&IF(AH75=1,""," · "&AH75)) -> 1000 · 3 | AA76: =(AG75*(1.25*AA75))/AH76 -> 0.002459375 | AB76: =(AG75*AB75)/AH76 -> 0.001925 | AC76: =SQRT(AA76^2+AB76^2) -> 0.0031231635 | AD76: =COMPLEX(AA76,AB76,) -> 0,002459375+0,001925i | AE76: =ROUND(IMABS(COMPLEX(AA76,AB76,"j")),6)&" ∠"&ROUND(DEGREES(IMARGUMENT(COMPLEX(AA76,AB76,"j"))),2) -> 0,003123 ∠38,05 | AH76: =1000*AH75 -> 3000
A77: ------------------------------------------------------------------------------------------------------------------------------------------------------------------------------------------------
A78: Z̅ | D78: = | E78: L · (1,25 · R+jX) | H78: ⇒ | I78: =IF(B79="","",AG78&" · (1,25 · "&AA78&"+j"&AB78&")") -> 20 · (1,25 · 0,641+j0,081) | O78: = | P78: =IF(B79="","","("&AE79&"°) Ω") -> (0,016107 ∠5,77°) Ω | U78: =IF(B79="","","("&AD79&") Ω") -> (0,016025+0,00162i) Ω | AA78: =AA43 -> 0.641 | AB78: =AB43 -> 0.081 | AC78: =SQRT(AA78^2+AB78^2) -> 0.64609752 | AD78: =COMPLEX(AA78,AB78,) -> 0,641+0,081i | AE78: =ROUND(IMABS(COMPLEX(AA78,AB78,"j")),6)&" ∠"&ROUND(DEGREES(IMARGUMENT(COMPLEX(AA78,AB78,"j"))),2) -> 0,646098 ∠7,2 | AG78: =AG43 -> 20 | AH78: =AH43 -> 1
B79: =IF(Kabeldata!$F$4="","",Kabeldata!$F$4) -> W2 | C79: =IF(Kabeldata!$B$4="","",Kabeldata!$B$4) -> W1 | E79: =1000&IF(AH78=1,""," · η") -> 1000 | I79: =IF(B79="","",1000&IF(AH78=1,""," · "&AH78)) -> 1000 | AA79: =(AG78*(1.25*AA78))/AH79 -> 0.016025 | AB79: =(AG78*AB78)/AH79 -> 0.00162 | AC79: =SQRT(AA79^2+AB79^2) -> 0.016106676 | AD79: =COMPLEX(AA79,AB79,) -> 0,016025+0,00162i | AE79: =ROUND(IMABS(COMPLEX(AA79,AB79,"j")),6)&" ∠"&ROUND(DEGREES(IMARGUMENT(COMPLEX(AA79,AB79,"j"))),2) -> 0,016107 ∠5,77 | AH79: =1000*AH78 -> 1000
A80: ------------------------------------------------------------------------------------------------------------------------------------------------------------------------------------------------
A81: Z̅ | D81: = | E81: L · (1,25 · R+jX) | H81: ⇒ | I81: =IF(B82="","",AG81&" · (1,25 · "&AA81&"+j"&AB81&")") -> 30 · (1,25 · 0,444+j0,08) | O81: = | P81: =IF(B82="","","("&AE82&"°) Ω") -> (0,016822 ∠8,2°) Ω | U81: =IF(B82="","","("&AD82&") Ω") -> (0,01665+0,0024i) Ω | AA81: =AA46 -> 0.444 | AB81: =AB46 -> 0.08 | AC81: =SQRT(AA81^2+AB81^2) -> 0.45114964 | AD81: =COMPLEX(AA81,AB81,) -> 0,444+0,08i | AE81: =ROUND(IMABS(COMPLEX(AA81,AB81,"j")),6)&" ∠"&ROUND(DEGREES(IMARGUMENT(COMPLEX(AA81,AB81,"j"))),2) -> 0,45115 ∠10,21 | AG81: =AG46 -> 30 | AH81: =AH46 -> 1
B82: =IF(Kabeldata!$J$4="","",Kabeldata!$J$4) -> W3 | E82: =1000&IF(AH81=1,""," · η") -> 1000 | I82: =IF(B82="","",1000&IF(AH81=1,""," · "&AH81)) -> 1000 | AA82: =(AG81*(1.25*AA81))/AH82 -> 0.01665 | AB82: =(AG81*AB81)/AH82 -> 0.0024 | AC82: =SQRT(AA82^2+AB82^2) -> 0.016822084 | AD82: =COMPLEX(AA82,AB82,) -> 0,01665+0,0024i | AE82: =ROUND(IMABS(COMPLEX(AA82,AB82,"j")),6)&" ∠"&ROUND(DEGREES(IMARGUMENT(COMPLEX(AA82,AB82,"j"))),2) -> 0,016822 ∠8,2 | AH82: =1000*AH81 -> 1000
A83: ------------------------------------------------------------------------------------------------------------------------------------------------------------------------------------------------
A84: Z̅ | D84: = | E84: L · (1,25 · R+jX) | H84: ⇒ | I84: =IF(B85="","",AG84&" · (1,25 · "&AA84&"+j"&AB84&")") -> 8 · (1,25 · 1,2+j0,087) | O84: = | P84: =IF(B85="","","("&AE85&"°) Ω") -> (0,01202 ∠3,32°) Ω | U84: =IF(B85="","","("&AD85&") Ω") -> (0,012+0,000696i) Ω | AA84: =AA49 -> 1.2 | AB84: =AB49 -> 0.087 | AC84: =SQRT(AA84^2+AB84^2) -> 1.2031496 | AD84: =COMPLEX(AA84,AB84,) -> 1,2+0,087i | AE84: =ROUND(IMABS(COMPLEX(AA84,AB84,"j")),6)&" ∠"&ROUND(DEGREES(IMARGUMENT(COMPLEX(AA84,AB84,"j"))),2) -> 1,20315 ∠4,15 | AG84: =AG49 -> 8 | AH84: =AH49 -> 1
B85: =IF(Kabeldata!$N$4="","",Kabeldata!$N$4) -> W4 | E85: =1000&IF(AH84=1,""," · η") -> 1000 | I85: =IF(B85="","",1000&IF(AH84=1,""," · "&AH84)) -> 1000 | AA85: =(AG84*(1.25*AA84))/AH85 -> 0.012 | AB85: =(AG84*AB84)/AH85 -> 0.000696 | AC85: =SQRT(AA85^2+AB85^2) -> 0.012020167 | AD85: =COMPLEX(AA85,AB85,) -> 0,012+0,000696i | AE85: =ROUND(IMABS(COMPLEX(AA85,AB85,"j")),6)&" ∠"&ROUND(DEGREES(IMARGUMENT(COMPLEX(AA85,AB85,"j"))),2) -> 0,01202 ∠3,32 | AH85: =1000*AH84 -> 1000
A86: ------------------------------------------------------------------------------------------------------------------------------------------------------------------------------------------------
A87: Z̅ | D87: = | E87: L · (1,25 · R+jX) | H87: ⇒ | I87: =IF(B88="","",AG87&" · (1,25 · "&AA87&"+j"&AB87&")") | O87: = | P87: =IF(B88="","","("&AE88&"°) Ω") | U87: =IF(B88="","","("&AD88&") Ω") | AA87: =AA52 -> 0.727 | AB87: =AB52 -> 0.079 | AC87: =SQRT(AA87^2+AB87^2) -> 0.7312797 | AD87: =COMPLEX(AA87,AB87,) -> 0,727+0,079i | AE87: =ROUND(IMABS(COMPLEX(AA87,AB87,"j")),6)&" ∠"&ROUND(DEGREES(IMARGUMENT(COMPLEX(AA87,AB87,"j"))),2) -> 0,73128 ∠6,2 | AG87: =AG52 -> 100 | AH87: =AH52 -> 1
B88: =IF(Kabeldata!$R$4="","",Kabeldata!$R$4) | E88: =1000&IF(AH87=1,""," · η") -> 1000 | I88: =IF(B88="","",1000&IF(AH87=1,""," · "&AH87)) | AA88: =(AG87*(1.25*AA87))/AH88 -> 0.090875 | AB88: =(AG87*AB87)/AH88 -> 0.0079 | AC88: =SQRT(AA88^2+AB88^2) -> 0.091217737 | AD88: =COMPLEX(AA88,AB88,) -> 0,090875+0,0079i | AE88: =ROUND(IMABS(COMPLEX(AA88,AB88,"j")),6)&" ∠"&ROUND(DEGREES(IMARGUMENT(COMPLEX(AA88,AB88,"j"))),2) -> 0,091218 ∠4,97 | AH88: =1000*AH87 -> 1000
A89: ------------------------------------------------------------------------------------------------------------------------------------------------------------------------------------------------
A90: Z̅ | D90: = | E90: L · (1,25 · R+jX) | H90: ⇒ | I90: =IF(B91="","",AG90&" · (1,25 · "&AA90&"+j"&AB90&")") | O90: = | P90: =IF(B91="","","("&AE91&"°) Ω") | U90: =IF(B91="","","("&AD91&") Ω") | AA90: =AA55 -> 7.41 | AB90: =AB55 -> 0.095 | AC90: =SQRT(AA90^2+AB90^2) -> 7.4106089 | AD90: =COMPLEX(AA90,AB90,) -> 7,41+0,095i | AE90: =ROUND(IMABS(COMPLEX(AA90,AB90,"j")),6)&" ∠"&ROUND(DEGREES(IMARGUMENT(COMPLEX(AA90,AB90,"j"))),2) -> 7,410609 ∠0,73 | AG90: =AG55 -> 10.7 | AH90: =AH55 -> 1
B91: =IF(Kabeldata!$B$22="","",Kabeldata!$B$22) | E91: =1000&IF(AH90=1,""," · η") -> 1000 | I91: =IF(B91="","",1000&IF(AH90=1,""," · "&AH90)) | AA91: =(AG90*(1.25*AA90))/AH91 -> 0.09910875 | AB91: =(AG90*AB90)/AH91 -> 0.0010165 | AC91: =SQRT(AA91^2+AB91^2) -> 0.099113963 | AD91: =COMPLEX(AA91,AB91,) -> 0,09910875+0,0010165i | AE91: =ROUND(IMABS(COMPLEX(AA91,AB91,"j")),6)&" ∠"&ROUND(DEGREES(IMARGUMENT(COMPLEX(AA91,AB91,"j"))),2) -> 0,099114 ∠0,59 | AH91: =1000*AH90 -> 1000
A92: ------------------------------------------------------------------------------------------------------------------------------------------------------------------------------------------------
A93: Z̅ | D93: = | E93: L · (1,25 · R+jX) | H93: ⇒ | I93: =IF(B94="","",AG93&" · (1,25 · "&AA93&"+j"&AB93&")") | O93: = | P93: =IF(B94="","","("&AE94&"°) Ω") | U93: =IF(B94="","","("&AD94&") Ω") | AA93: =AA58 -> 1.15 | AB93: =AB58 -> 0.085 | AC93: =SQRT(AA93^2+AB93^2) -> 1.153137 | AD93: =COMPLEX(AA93,AB93,) -> 1,15+0,085i | AE93: =ROUND(IMABS(COMPLEX(AA93,AB93,"j")),6)&" ∠"&ROUND(DEGREES(IMARGUMENT(COMPLEX(AA93,AB93,"j"))),2) -> 1,153137 ∠4,23 | AG93: =AG58 -> 2 | AH93: =AH58 -> 1
B94: =IF(Kabeldata!$F$22="","",Kabeldata!$F$22) | E94: =1000&IF(AH93=1,""," · η") -> 1000 | I94: =IF(B94="","",1000&IF(AH93=1,""," · "&AH93)) | AA94: =(AG93*(1.25*AA93))/AH94 -> 0.002875 | AB94: =(AG93*AB93)/AH94 -> 0.00017 | AC94: =SQRT(AA94^2+AB94^2) -> 0.0028800217 | AD94: =COMPLEX(AA94,AB94,) -> 0,002875+0,00017i | AE94: =ROUND(IMABS(COMPLEX(AA94,AB94,"j")),6)&" ∠"&ROUND(DEGREES(IMARGUMENT(COMPLEX(AA94,AB94,"j"))),2) -> 0,00288 ∠3,38 | AH94: =1000*AH93 -> 1000
A95: ------------------------------------------------------------------------------------------------------------------------------------------------------------------------------------------------
A96: Z̅ | D96: = | E96: L · (1,25 · R+jX) | H96: ⇒ | I96: =IF(B97="","",AG96&" · (1,25 · "&AA96&"+j"&AB96&")") | O96: = | P96: =IF(B97="","","("&AE97&"°) Ω") | U96: =IF(B97="","","("&AD97&") Ω") | AA96: =AA61 -> 7.41 | AB96: =AB61 -> 0.095 | AC96: =SQRT(AA96^2+AB96^2) -> 7.4106089 | AD96: =COMPLEX(AA96,AB96,) -> 7,41+0,095i | AE96: =ROUND(IMABS(COMPLEX(AA96,AB96,"j")),6)&" ∠"&ROUND(DEGREES(IMARGUMENT(COMPLEX(AA96,AB96,"j"))),2) -> 7,410609 ∠0,73 | AG96: =AG61 -> 38.35 | AH96: =AH61 -> 1
B97: =IF(Kabeldata!$J$22="","",Kabeldata!$J$22) | E97: =1000&IF(AH96=1,""," · η") -> 1000 | I97: =IF(B97="","",1000&IF(AH96=1,""," · "&AH96)) | AA97: =(AG96*(1.25*AA96))/AH97 -> 0.35521687 | AB97: =(AG96*AB96)/AH97 -> 0.00364325 | AC97: =SQRT(AA97^2+AB97^2) -> 0.35523556 | AD97: =COMPLEX(AA97,AB97,) -> 0,355216875+0,00364325i | AE97: =ROUND(IMABS(COMPLEX(AA97,AB97,"j")),6)&" ∠"&ROUND(DEGREES(IMARGUMENT(COMPLEX(AA97,AB97,"j"))),2) -> 0,355236 ∠0,59 | AH97: =1000*AH96 -> 1000
A98: ------------------------------------------------------------------------------------------------------------------------------------------------------------------------------------------------
A99: Z̅ | D99: = | E99: L · (1,25 · R+jX) | H99: ⇒ | I99: =IF(B100="","",AG99&" · (1,25 · "&AA99&"+j"&AB99&")") | O99: = | P99: =IF(B100="","","("&AE100&"°) Ω") | U99: =IF(B100="","","("&AD100&") Ω") | AA99: =AA64 -> 0 | AB99: =AB64 -> 0 | AC99: =SQRT(AA99^2+AB99^2) -> 0 | AD99: =COMPLEX(AA99,AB99,) -> 0 | AE99: =ROUND(IMABS(COMPLEX(AA99,AB99,"j")),6)&" ∠"&ROUND(DEGREES(IMARGUMENT(COMPLEX(AA99,AB99,"j"))),2) -> #DIV/0! | AG99: =AG64 -> 0 | AH99: =AH64 -> 1
B100: =IF(Kabeldata!$N$22="","",Kabeldata!$N$22) | E100: =1000&IF(AH99=1,""," · η") -> 1000 | I100: =IF(B100="","",1000&IF(AH99=1,""," · "&AH99)) | AA100: =(AG99*(1.25*AA99))/AH100 -> 0 | AB100: =(AG99*AB99)/AH100 -> 0 | AC100: =SQRT(AA100^2+AB100^2) -> 0 | AD100: =COMPLEX(AA100,AB100,) -> 0 | AE100: =ROUND(IMABS(COMPLEX(AA100,AB100,"j")),6)&" ∠"&ROUND(DEGREES(IMARGUMENT(COMPLEX(AA100,AB100,"j"))),2) -> #DIV/0! | AH100: =1000*AH99 -> 1000
A101: ------------------------------------------------------------------------------------------------------------------------------------------------------------------------------------------------
A102: Z̅ | D102: = | E102: L · (1,25 · R+jX) | H102: ⇒ | I102: =IF(B103="","",AG102&" · (1,25 · "&AA102&"+j"&AB102&")") | O102: = | P102: =IF(B103="","","("&AE103&"°) Ω") | U102: =IF(B103="","","("&AD103&") Ω") | AA102: =AA67 -> 0 | AB102: =AB67 -> 0 | AC102: =SQRT(AA102^2+AB102^2) -> 0 | AD102: =COMPLEX(AA102,AB102,) -> 0 | AE102: =ROUND(IMABS(COMPLEX(AA102,AB102,"j")),6)&" ∠"&ROUND(DEGREES(IMARGUMENT(COMPLEX(AA102,AB102,"j"))),2) -> #DIV/0! | AG102: =AG67 -> 0 | AH102: =AH67 -> 0
B103: =IF(Kabeldata!$R$22="","",Kabeldata!$R$22) | E103: =1000&IF(AH102=1,""," · η") -> 1000 · η | I103: =IF(B103="","",1000&IF(AH102=1,""," · "&AH102)) | AA103: =(AG102*(1.25*AA102))/AH103 -> #DIV/0! | AB103: =(AG102*AB102)/AH103 -> #DIV/0! | AC103: =SQRT(AA103^2+AB103^2) -> #DIV/0! | AD103: =COMPLEX(AA103,AB103,) -> #DIV/0! | AE103: =ROUND(IMABS(COMPLEX(AA103,AB103,"j")),6)&" ∠"&ROUND(DEGREES(IMARGUMENT(COMPLEX(AA103,AB103,"j"))),2) -> #DIV/0! | AH103: =1000*AH102 -> 0

Sheet Kabeldata
A2: Kabel 1 | E2: Kabel 2 | I2: Kabel 3 | M2: Kabel 4 | Q2: Kabel 5
A3: Separat PE leder | B3: Nej | F3: Nej | J3: Ja | N3: Nej | R3: Nej
A4: Navn | B4: W1 | F4: W2 | J4: W3 | N4: W4
A5: Kabeltype | B5: NOIK | F5: NOIK | J5: NOIK | N5: NOIKLX | R5: NOIKLX | AB5: NOIK | AF5: NOIKLX | AJ5: Gummi - og plast | AN5: NOIKLX reduceret PE | AR5: Armeret kabler
A6: Materiale | B6: CU | F6: AL | J6: AL | N6: AL | R6: CU | AB6: NOIK, PVIK, NOIKL, NOIBH-CU-S | AF6: NOIKLX, PVIKX, NOIKX, NOIKX FLEX | AJ6: NOPKA, H05VV-F, H05RR-F, H05RN-F, H07RN-F | AN6: NOIKLX, PVIKX, NOIKX, NOIKX FLEX | AR6: NOAKLX, NOAKX, PAPLX | AZ6: 1 | BA6: CU | BB6: 1x | BC6: NOIK
A7: Antal ledere | B7: 4x | F7: 4x | J7: 4x | N7: 5x | R7: 1x | AZ7: 2 | BA7: AL | BB7: 2x | BC7: NOIKLX
A8: Kvadrat (mm²) | B8: 240 | F8: 50 | J8: 70 | N8: 25 | R8: 25 | AB8: Kobber | AF8: Kobber | AJ8: Kobber | AN8: Kobber | AR8: Kobber | AZ8: 3 | BB8: 3x | BC8: Gummi- og plast
A9: Længde (m) | B9: 75 | E9: m | F9: 20 | I9: m | J9: 30 | M9: m | N9: 8 | Q9: m | R9: 100 | AB9: 1x | AC9: R | AD9: X | AF9: 1x | AG9: R | AH9: X | AJ9: 1x | AK9: R | AL9: X | AN9: 1x | AO9: R | AP9: X | AR9: 1x | AS9: R | AT9: X | AZ9: 4 | BB9: 4x | BC9: NOIKLX reduceret PE
A10: Paralle (n) | B10: 3 | E10: n | F10: 1 | I10: n | J10: 1 | M10: n | N10: 1 | Q10: n | R10: 1 | AB10: 0.75 | AF10: 0.75 | AJ10: 0.75 | AK10: 26 | AL10: 0.111 | AN10: 0.75 | AR10: 0.75 | AZ10: 5 | BB10: 5x | BC10: Armeret
A11: I̅ B | B11: 483.15 | C11: Ð- | D11: 9.79 | F11: 143.1 | G11: Ð- | H11: 25.19 | J11: 215.81 | K11: Ð- | L11: 16.42 | N11: 80 | O11: Ð- | P11: 11.48 | R11: 10 | S11: Ð- | T11: 0 | AB11: 1 | AF11: 1 | AJ11: 1 | AK11: 19.5 | AL11: 0.105 | AN11: 1 | AR11: 1 | AZ11: 6
A12: Z20° | B12: =SQRT(B14^2+B15^2) -> 0.11010309 | E12: Z20° | F12: =SQRT(F14^2+F15^2) -> 0.64609752 | I12: Z20° | J12: =SQRT(J14^2+J15^2) -> 0.45114964 | M12: Z20° | N12: =SQRT(N14^2+N15^2) -> 1.2031496 | Q12: Z20° | R12: =SQRT(R14^2+R15^2) -> 0.7312797 | AB12: 1.5 | AC12: 12.1 | AD12: 0.108 | AF12: 1.5 | AG12: 12.1 | AH12: 0.103 | AJ12: 1.5 | AK12: 13.3 | AL12: 0.107 | AN12: 1.5 | AR12: 1.5 | AZ12: 7
A13: Ð 20° | B13: =DEGREES(IMARGUMENT(COMPLEX(B14,B15,"j"))) -> 44.374445 | E13: Ð 20° | F13: =DEGREES(IMARGUMENT(COMPLEX(F14,F15,"j"))) -> 7.202012 | I13: Ð 20° | J13: =DEGREES(IMARGUMENT(COMPLEX(J14,J15,"j"))) -> 10.213973 | M13: Ð 20° | N13: =DEGREES(IMARGUMENT(COMPLEX(N14,N15,"j"))) -> 4.1466888 | Q13: Ð 20° | R13: =DEGREES(IMARGUMENT(COMPLEX(R14,R15,"j"))) -> 6.2017546 | AB13: 2.5 | AC13: 7.41 | AD13: 0.099 | AF13: 2.5 | AG13: 7.41 | AH13: 0.095 | AJ13: 2.5 | AK13: 7.98 | AL13: 0.103 | AN13: 2.5 | AR13: 2.5 | AZ13: 8
A14: R | B14: =IF(AND(B6="CU",B5=$AB$5,B7="1x"),VLOOKUP(B8,$AB$10:$AD$27,2,FALSE),IF(AND(B6="CU",B5=$AB$5,B7="2x"),VLOOKUP(B8,$AB$29:$AD$46,2,FALSE),IF(AND(B6="CU",B5=$AB$5,B7="3x"),VLOOKUP(B8,$AB$48:$AD$65,2,FALSE),IF(AND(B6="CU",B5=$AB$5,B7="4x"),VLOOKUP(B8,$AB$67:$AD$84,2,FALSE),IF(AND(B6="CU",B5=$AB$5,B7="5x"),VLOOKUP(B8,$AB$86:$AD$103,2,FALSE),IF(AND(B6="CU",B5=$AF$5,B7="1x"),VLOOKUP(B8,$AF$10:$AH$27,2,FALSE),IF(AND(B6="CU",B5=$AF$5,B7="2x"),VLOOKUP(B8,$AF$29:$AH$46,2,FALSE),IF(AND(B6="CU",B5=$AF$5,B7="3x"),VLOOKUP(B8,$AF$48:$AH$65,2,FALSE),IF(AND(B6="CU",B5=$AF$5,B7="4x"),VLOOKUP(B8,$AF$67:$AH$84,2,FALSE),IF(AND(B6="CU",B5=$AF$5,B7="5x"),VLOOKUP(B8,$AF$86:$AH$103,2,FALSE),IF(AND(B6="CU",B5=$AJ$5,B7="1x"),VLOOKUP(B8,$AJ$10:$AL$27,2,FALSE),IF(AND(B6="CU",B5=$AJ$5,B7="2x"),VLOOKUP(B8,$AJ$29:$AL$46,2,FALSE),IF(AND(B6="CU",B5=$AJ$5,B7="3x"),VLOOKUP(B8,$AJ$48:$AL$65,2,FALSE),IF(AND(B6="CU",B5=$AJ$5,B7="4x"),VLOOKUP(B8,$AJ$67:$AL$84,2,FALSE),IF(AND(B6="CU",B5=$AJ$5,B7="5x"),VLOOKUP(B8,$AJ$86:$AL$103,2,FALSE),IF(AND(B6="CU",B5=$AN$5,B7="1x"),VLOOKUP(B8,$AN$10:$AP$27,2,FALSE),IF(AND(B6="CU",B5=$AN$5,B7="2x"),VLOOKUP(B8,$AN$29:$AP$46,2,FALSE),IF(AND(B6="CU",B5=$AN$5,B7="3x"),VLOOKUP(B8,$AN$48:$AP$65,2,FALSE),IF(AND(B6="CU",B5=$AN$5,B7="4x"),VLOOKUP(B8,$AN$67:$AP$84,2,FALSE),IF(AND(B6="CU",B5=$AN$5,B7="5x"),VLOOKUP(B8,$AN$86:$AP$103,2,FALSE),IF(AND(B6="CU",B5=$AR$5,B7="1x"),VLOOKUP(B8,$AR$10:$AT$27,2,FALSE),IF(AND(B6="CU",B5=$AR$5,B7="2x"),VLOOKUP(B8,$AR$29:$AT$46,2,FALSE),IF(AND(B6="CU",B5=$AR$5,B7="3x"),VLOOKUP(B8,$AR$48:$AT$65,2,FALSE),IF(AND(B6="CU",B5=$AR$5,B7="4x"),VLOOKUP(B8,$AR$67:$AT$84,2,FALSE),IF(AND(B6="CU",B5=$AR$5,B7="5x"),VLOOKUP(B8,$AR$86:$AT$103,2,FALSE),IF(AND(B6="AL",B5=$AB$5,B7="4x"),VLOOKUP(B8,$AB$113:$AD$123,2,FALSE),IF(AND(B6="AL",B5=$AB$5,B7="5x"),VLOOKUP(B8,$AB$125:$AD$135,2,FALSE),IF(AND(B6="AL",B5=$AF$5,B7="4x"),VLOOKUP(B8,$AF$113:$AH$123,2,FALSE),IF(AND(B6="AL",B5=$AF$5,B7="5x"),VLOOKUP(B8,$AF$125:$AH$135,2,FALSE),IF(AND(B6="AL",B5=$AJ$5,B7="4x"),VLOOKUP(B8,$AJ$113:$AL$123,2,FALSE),IF(AND(B6="AL",B5=$AJ$5,B7="5x"),VLOOKUP(B8,$AJ$125:$AL$135,2,FALSE),IF(AND(B6="AL",B5=$AN$5,B7="4x"),VLOOKUP(B8,$AN$113:$AP$123,2,FALSE),IF(AND(B6="AL",B5=$AN$5,B7="5x"),VLOOKUP(B8,$AN$125:$AP$135,2,FALSE),IF(AND(B6="AL",B5=$AR$5,B7="4x"),VLOOKUP(B8,$AR$113:$AT$123,2,FALSE),IF(AND(B6="AL",B5=$AR$5,B7="5x"),VLOOKUP(B8,$AR$125:$AT$135,2,FALSE)))))))))))))))))))))))))))))))))))) -> 0.0787 | E14: R | F14: =IF(AND(F6="CU",F5=$AB$5,F7="1x"),VLOOKUP(F8,$AB$10:$AD$27,2,FALSE),IF(AND(F6="CU",F5=$AB$5,F7="2x"),VLOOKUP(F8,$AB$29:$AD$46,2,FALSE),IF(AND(F6="CU",F5=$AB$5,F7="3x"),VLOOKUP(F8,$AB$48:$AD$65,2,FALSE),IF(AND(F6="CU",F5=$AB$5,F7="4x"),VLOOKUP(F8,$AB$67:$AD$84,2,FALSE),IF(AND(F6="CU",F5=$AB$5,F7="5x"),VLOOKUP(F8,$AB$86:$AD$103,2,FALSE),IF(AND(F6="CU",F5=$AF$5,F7="1x"),VLOOKUP(F8,$AF$10:$AH$27,2,FALSE),IF(AND(F6="CU",F5=$AF$5,F7="2x"),VLOOKUP(F8,$AF$29:$AH$46,2,FALSE),IF(AND(F6="CU",F5=$AF$5,F7="3x"),VLOOKUP(F8,$AF$48:$AH$65,2,FALSE),IF(AND(F6="CU",F5=$AF$5,F7="4x"),VLOOKUP(F8,$AF$67:$AH$84,2,FALSE),IF(AND(F6="CU",F5=$AF$5,F7="5x"),VLOOKUP(F8,$AF$86:$AH$103,2,FALSE),IF(AND(F6="CU",F5=$AJ$5,F7="1x"),VLOOKUP(F8,$AJ$10:$AL$27,2,FALSE),IF(AND(F6="CU",F5=$AJ$5,F7="2x"),VLOOKUP(F8,$AJ$29:$AL$46,2,FALSE),IF(AND(F6="CU",F5=$AJ$5,F7="3x"),VLOOKUP(F8,$AJ$48:$AL$65,2,FALSE),IF(AND(F6="CU",F5=$AJ$5,F7="4x"),VLOOKUP(F8,$AJ$67:$AL$84,2,FALSE),IF(AND(F6="CU",F5=$AJ$5,F7="5x"),VLOOKUP(F8,$AJ$86:$AL$103,2,FALSE),IF(AND(F6="CU",F5=$AN$5,F7="1x"),VLOOKUP(F8,$AN$10:$AP$27,2,FALSE),IF(AND(F6="CU",F5=$AN$5,F7="2x"),VLOOKUP(F8,$AN$29:$AP$46,2,FALSE),IF(AND(F6="CU",F5=$AN$5,F7="3x"),VLOOKUP(F8,$AN$48:$AP$65,2,FALSE),IF(AND(F6="CU",F5=$AN$5,F7="4x"),VLOOKUP(F8,$AN$67:$AP$84,2,FALSE),IF(AND(F6="CU",F5=$AN$5,F7="5x"),VLOOKUP(F8,$AN$86:$AP$103,2,FALSE),IF(AND(F6="CU",F5=$AR$5,F7="1x"),VLOOKUP(F8,$AR$10:$AT$27,2,FALSE),IF(AND(F6="CU",F5=$AR$5,F7="2x"),VLOOKUP(F8,$AR$29:$AT$46,2,FALSE),IF(AND(F6="CU",F5=$AR$5,F7="3x"),VLOOKUP(F8,$AR$48:$AT$65,2,FALSE),IF(AND(F6="CU",F5=$AR$5,F7="4x"),VLOOKUP(F8,$AR$67:$AT$84,2,FALSE),IF(AND(F6="CU",F5=$AR$5,F7="5x"),VLOOKUP(F8,$AR$86:$AT$103,2,FALSE),IF(AND(F6="AL",F5=$AB$5,F7="4x"),VLOOKUP(F8,$AB$113:$AD$123,2,FALSE),IF(AND(F6="AL",F5=$AB$5,F7="5x"),VLOOKUP(F8,$AB$125:$AD$135,2,FALSE),IF(AND(F6="AL",F5=$AF$5,F7="4x"),VLOOKUP(F8,$AF$113:$AH$123,2,FALSE),IF(AND(F6="AL",F5=$AF$5,F7="5x"),VLOOKUP(F8,$AF$125:$AH$135,2,FALSE),IF(AND(F6="AL",F5=$AJ$5,F7="4x"),VLOOKUP(F8,$AJ$113:$AL$123,2,FALSE),IF(AND(F6="AL",F5=$AJ$5,F7="5x"),VLOOKUP(F8,$AJ$125:$AL$135,2,FALSE),IF(AND(F6="AL",F5=$AN$5,F7="4x"),VLOOKUP(F8,$AN$113:$AP$123,2,FALSE),IF(AND(F6="AL",F5=$AN$5,F7="5x"),VLOOKUP(F8,$AN$125:$AP$135,2,FALSE),IF(AND(F6="AL",F5=$AR$5,F7="4x"),VLOOKUP(F8,$AR$113:$AT$123,2,FALSE),IF(AND(F6="AL",F5=$AR$5,F7="5x"),VLOOKUP(F8,$AR$125:$AT$135,2,FALSE)))))))))))))))))))))))))))))))))))) -> 0.641 | I14: R | J14: =IF(AND(J6="CU",J5=$AB$5,J7="1x"),VLOOKUP(J8,$AB$10:$AD$27,2,FALSE),IF(AND(J6="CU",J5=$AB$5,J7="2x"),VLOOKUP(J8,$AB$29:$AD$46,2,FALSE),IF(AND(J6="CU",J5=$AB$5,J7="3x"),VLOOKUP(J8,$AB$48:$AD$65,2,FALSE),IF(AND(J6="CU",J5=$AB$5,J7="4x"),VLOOKUP(J8,$AB$67:$AD$84,2,FALSE),IF(AND(J6="CU",J5=$AB$5,J7="5x"),VLOOKUP(J8,$AB$86:$AD$103,2,FALSE),IF(AND(J6="CU",J5=$AF$5,J7="1x"),VLOOKUP(J8,$AF$10:$AH$27,2,FALSE),IF(AND(J6="CU",J5=$AF$5,J7="2x"),VLOOKUP(J8,$AF$29:$AH$46,2,FALSE),IF(AND(J6="CU",J5=$AF$5,J7="3x"),VLOOKUP(J8,$AF$48:$AH$65,2,FALSE),IF(AND(J6="CU",J5=$AF$5,J7="4x"),VLOOKUP(J8,$AF$67:$AH$84,2,FALSE),IF(AND(J6="CU",J5=$AF$5,J7="5x"),VLOOKUP(J8,$AF$86:$AH$103,2,FALSE),IF(AND(J6="CU",J5=$AJ$5,J7="1x"),VLOOKUP(J8,$AJ$10:$AL$27,2,FALSE),IF(AND(J6="CU",J5=$AJ$5,J7="2x"),VLOOKUP(J8,$AJ$29:$AL$46,2,FALSE),IF(AND(J6="CU",J5=$AJ$5,J7="3x"),VLOOKUP(J8,$AJ$48:$AL$65,2,FALSE),IF(AND(J6="CU",J5=$AJ$5,J7="4x"),VLOOKUP(J8,$AJ$67:$AL$84,2,FALSE),IF(AND(J6="CU",J5=$AJ$5,J7="5x"),VLOOKUP(J8,$AJ$86:$AL$103,2,FALSE),IF(AND(J6="CU",J5=$AN$5,J7="1x"),VLOOKUP(J8,$AN$10:$AP$27,2,FALSE),IF(AND(J6="CU",J5=$AN$5,J7="2x"),VLOOKUP(J8,$AN$29:$AP$46,2,FALSE),IF(AND(J6="CU",J5=$AN$5,J7="3x"),VLOOKUP(J8,$AN$48:$AP$65,2,FALSE),IF(AND(J6="CU",J5=$AN$5,J7="4x"),VLOOKUP(J8,$AN$67:$AP$84,2,FALSE),IF(AND(J6="CU",J5=$AN$5,J7="5x"),VLOOKUP(J8,$AN$86:$AP$103,2,FALSE),IF(AND(J6="CU",J5=$AR$5,J7="1x"),VLOOKUP(J8,$AR$10:$AT$27,2,FALSE),IF(AND(J6="CU",J5=$AR$5,J7="2x"),VLOOKUP(J8,$AR$29:$AT$46,2,FALSE),IF(AND(J6="CU",J5=$AR$5,J7="3x"),VLOOKUP(J8,$AR$48:$AT$65,2,FALSE),IF(AND(J6="CU",J5=$AR$5,J7="4x"),VLOOKUP(J8,$AR$67:$AT$84,2,FALSE),IF(AND(J6="CU",J5=$AR$5,J7="5x"),VLOOKUP(J8,$AR$86:$AT$103,2,FALSE),IF(AND(J6="AL",J5=$AB$5,J7="4x"),VLOOKUP(J8,$AB$113:$AD$123,2,FALSE),IF(AND(J6="AL",J5=$AB$5,J7="5x"),VLOOKUP(J8,$AB$125:$AD$135,2,FALSE),IF(AND(J6="AL",J5=$AF$5,J7="4x"),VLOOKUP(J8,$AF$113:$AH$123,2,FALSE),IF(AND(J6="AL",J5=$AF$5,J7="5x"),VLOOKUP(J8,$AF$125:$AH$135,2,FALSE),IF(AND(J6="AL",J5=$AJ$5,J7="4x"),VLOOKUP(J8,$AJ$113:$AL$123,2,FALSE),IF(AND(J6="AL",J5=$AJ$5,J7="5x"),VLOOKUP(J8,$AJ$125:$AL$135,2,FALSE),IF(AND(J6="AL",J5=$AN$5,J7="4x"),VLOOKUP(J8,$AN$113:$AP$123,2,FALSE),IF(AND(J6="AL",J5=$AN$5,J7="5x"),VLOOKUP(J8,$AN$125:$AP$135,2,FALSE),IF(AND(J6="AL",J5=$AR$5,J7="4x"),VLOOKUP(J8,$AR$113:$AT$123,2,FALSE),IF(AND(J6="AL",J5=$AR$5,J7="5x"),VLOOKUP(J8,$AR$125:$AT$135,2,FALSE)))))))))))))))))))))))))))))))))))) -> 0.444 | M14: R | N14: =IF(AND(N6="CU",N5=$AB$5,N7="1x"),VLOOKUP(N8,$AB$10:$AD$27,2,FALSE),IF(AND(N6="CU",N5=$AB$5,N7="2x"),VLOOKUP(N8,$AB$29:$AD$46,2,FALSE),IF(AND(N6="CU",N5=$AB$5,N7="3x"),VLOOKUP(N8,$AB$48:$AD$65,2,FALSE),IF(AND(N6="CU",N5=$AB$5,N7="4x"),VLOOKUP(N8,$AB$67:$AD$84,2,FALSE),IF(AND(N6="CU",N5=$AB$5,N7="5x"),VLOOKUP(N8,$AB$86:$AD$103,2,FALSE),IF(AND(N6="CU",N5=$AF$5,N7="1x"),VLOOKUP(N8,$AF$10:$AH$27,2,FALSE),IF(AND(N6="CU",N5=$AF$5,N7="2x"),VLOOKUP(N8,$AF$29:$AH$46,2,FALSE),IF(AND(N6="CU",N5=$AF$5,N7="3x"),VLOOKUP(N8,$AF$48:$AH$65,2,FALSE),IF(AND(N6="CU",N5=$AF$5,N7="4x"),VLOOKUP(N8,$AF$67:$AH$84,2,FALSE),IF(AND(N6="CU",N5=$AF$5,N7="5x"),VLOOKUP(N8,$AF$86:$AH$103,2,FALSE),IF(AND(N6="CU",N5=$AJ$5,N7="1x"),VLOOKUP(N8,$AJ$10:$AL$27,2,FALSE),IF(AND(N6="CU",N5=$AJ$5,N7="2x"),VLOOKUP(N8,$AJ$29:$AL$46,2,FALSE),IF(AND(N6="CU",N5=$AJ$5,N7="3x"),VLOOKUP(N8,$AJ$48:$AL$65,2,FALSE),IF(AND(N6="CU",N5=$AJ$5,N7="4x"),VLOOKUP(N8,$AJ$67:$AL$84,2,FALSE),IF(AND(N6="CU",N5=$AJ$5,N7="5x"),VLOOKUP(N8,$AJ$86:$AL$103,2,FALSE),IF(AND(N6="CU",N5=$AN$5,N7="1x"),VLOOKUP(N8,$AN$10:$AP$27,2,FALSE),IF(AND(N6="CU",N5=$AN$5,N7="2x"),VLOOKUP(N8,$AN$29:$AP$46,2,FALSE),IF(AND(N6="CU",N5=$AN$5,N7="3x"),VLOOKUP(N8,$AN$48:$AP$65,2,FALSE),IF(AND(N6="CU",N5=$AN$5,N7="4x"),VLOOKUP(N8,$AN$67:$AP$84,2,FALSE),IF(AND(N6="CU",N5=$AN$5,N7="5x"),VLOOKUP(N8,$AN$86:$AP$103,2,FALSE),IF(AND(N6="CU",N5=$AR$5,N7="1x"),VLOOKUP(N8,$AR$10:$AT$27,2,FALSE),IF(AND(N6="CU",N5=$AR$5,N7="2x"),VLOOKUP(N8,$AR$29:$AT$46,2,FALSE),IF(AND(N6="CU",N5=$AR$5,N7="3x"),VLOOKUP(N8,$AR$48:$AT$65,2,FALSE),IF(AND(N6="CU",N5=$AR$5,N7="4x"),VLOOKUP(N8,$AR$67:$AT$84,2,FALSE),IF(AND(N6="CU",N5=$AR$5,N7="5x"),VLOOKUP(N8,$AR$86:$AT$103,2,FALSE),IF(AND(N6="AL",N5=$AB$5,N7="4x"),VLOOKUP(N8,$AB$113:$AD$123,2,FALSE),IF(AND(N6="AL",N5=$AB$5,N7="5x"),VLOOKUP(N8,$AB$125:$AD$135,2,FALSE),IF(AND(N6="AL",N5=$AF$5,N7="4x"),VLOOKUP(N8,$AF$113:$AH$123,2,FALSE),IF(AND(N6="AL",N5=$AF$5,N7="5x"),VLOOKUP(N8,$AF$125:$AH$135,2,FALSE),IF(AND(N6="AL",N5=$AJ$5,N7="4x"),VLOOKUP(N8,$AJ$113:$AL$123,2,FALSE),IF(AND(N6="AL",N5=$AJ$5,N7="5x"),VLOOKUP(N8,$AJ$125:$AL$135,2,FALSE),IF(AND(N6="AL",N5=$AN$5,N7="4x"),VLOOKUP(N8,$AN$113:$AP$123,2,FALSE),IF(AND(N6="AL",N5=$AN$5,N7="5x"),VLOOKUP(N8,$AN$125:$AP$135,2,FALSE),IF(AND(N6="AL",N5=$AR$5,N7="4x"),VLOOKUP(N8,$AR$113:$AT$123,2,FALSE),IF(AND(N6="AL",N5=$AR$5,N7="5x"),VLOOKUP(N8,$AR$125:$AT$135,2,FALSE)))))))))))))))))))))))))))))))))))) -> 1.2 | Q14: R | R14: =IF(AND(R6="CU",R5=$AB$5,R7="1x"),VLOOKUP(R8,$AB$10:$AD$27,2,FALSE),IF(AND(R6="CU",R5=$AB$5,R7="2x"),VLOOKUP(R8,$AB$29:$AD$46,2,FALSE),IF(AND(R6="CU",R5=$AB$5,R7="3x"),VLOOKUP(R8,$AB$48:$AD$65,2,FALSE),IF(AND(R6="CU",R5=$AB$5,R7="4x"),VLOOKUP(R8,$AB$67:$AD$84,2,FALSE),IF(AND(R6="CU",R5=$AB$5,R7="5x"),VLOOKUP(R8,$AB$86:$AD$103,2,FALSE),IF(AND(R6="CU",R5=$AF$5,R7="1x"),VLOOKUP(R8,$AF$10:$AH$27,2,FALSE),IF(AND(R6="CU",R5=$AF$5,R7="2x"),VLOOKUP(R8,$AF$29:$AH$46,2,FALSE),IF(AND(R6="CU",R5=$AF$5,R7="3x"),VLOOKUP(R8,$AF$48:$AH$65,2,FALSE),IF(AND(R6="CU",R5=$AF$5,R7="4x"),VLOOKUP(R8,$AF$67:$AH$84,2,FALSE),IF(AND(R6="CU",R5=$AF$5,R7="5x"),VLOOKUP(R8,$AF$86:$AH$103,2,FALSE),IF(AND(R6="CU",R5=$AJ$5,R7="1x"),VLOOKUP(R8,$AJ$10:$AL$27,2,FALSE),IF(AND(R6="CU",R5=$AJ$5,R7="2x"),VLOOKUP(R8,$AJ$29:$AL$46,2,FALSE),IF(AND(R6="CU",R5=$AJ$5,R7="3x"),VLOOKUP(R8,$AJ$48:$AL$65,2,FALSE),IF(AND(R6="CU",R5=$AJ$5,R7="4x"),VLOOKUP(R8,$AJ$67:$AL$84,2,FALSE),IF(AND(R6="CU",R5=$AJ$5,R7="5x"),VLOOKUP(R8,$AJ$86:$AL$103,2,FALSE),IF(AND(R6="CU",R5=$AN$5,R7="1x"),VLOOKUP(R8,$AN$10:$AP$27,2,FALSE),IF(AND(R6="CU",R5=$AN$5,R7="2x"),VLOOKUP(R8,$AN$29:$AP$46,2,FALSE),IF(AND(R6="CU",R5=$AN$5,R7="3x"),VLOOKUP(R8,$AN$48:$AP$65,2,FALSE),IF(AND(R6="CU",R5=$AN$5,R7="4x"),VLOOKUP(R8,$AN$67:$AP$84,2,FALSE),IF(AND(R6="CU",R5=$AN$5,R7="5x"),VLOOKUP(R8,$AN$86:$AP$103,2,FALSE),IF(AND(R6="CU",R5=$AR$5,R7="1x"),VLOOKUP(R8,$AR$10:$AT$27,2,FALSE),IF(AND(R6="CU",R5=$AR$5,R7="2x"),VLOOKUP(R8,$AR$29:$AT$46,2,FALSE),IF(AND(R6="CU",R5=$AR$5,R7="3x"),VLOOKUP(R8,$AR$48:$AT$65,2,FALSE),IF(AND(R6="CU",R5=$AR$5,R7="4x"),VLOOKUP(R8,$AR$67:$AT$84,2,FALSE),IF(AND(R6="CU",R5=$AR$5,R7="5x"),VLOOKUP(R8,$AR$86:$AT$103,2,FALSE),IF(AND(R6="AL",R5=$AB$5,R7="4x"),VLOOKUP(R8,$AB$113:$AD$123,2,FALSE),IF(AND(R6="AL",R5=$AB$5,R7="5x"),VLOOKUP(R8,$AB$125:$AD$135,2,FALSE),IF(AND(R6="AL",R5=$AF$5,R7="4x"),VLOOKUP(R8,$AF$113:$AH$123,2,FALSE),IF(AND(R6="AL",R5=$AF$5,R7="5x"),VLOOKUP(R8,$AF$125:$AH$135,2,FALSE),IF(AND(R6="AL",R5=$AJ$5,R7="4x"),VLOOKUP(R8,$AJ$113:$AL$123,2,FALSE),IF(AND(R6="AL",R5=$AJ$5,R7="5x"),VLOOKUP(R8,$AJ$125:$AL$135,2,FALSE),IF(AND(R6="AL",R5=$AN$5,R7="4x"),VLOOKUP(R8,$AN$113:$AP$123,2,FALSE),IF(AND(R6="AL",R5=$AN$5,R7="5x"),VLOOKUP(R8,$AN$125:$AP$135,2,FALSE),IF(AND(R6="AL",R5=$AR$5,R7="4x"),VLOOKUP(R8,$AR$113:$AT$123,2,FALSE),IF(AND(R6="AL",R5=$AR$5,R7="5x"),VLOOKUP(R8,$AR$125:$AT$135,2,FALSE)))))))))))))))))))))))))))))))))))) -> 0.727 | AB14: 4 | AC14: 4.61 | AD14: 0.096 | AF14: 4 | AG14: 4.61 | AH14: 0.089 | AJ14: 4 | AN14: 4 | AR14: 4 | AZ14: 9
A15: X | B15: =IF(AND(B6="CU",B5=$AB$5,B7="1x"),VLOOKUP(B8,$AB$10:$AD$27,3,FALSE),IF(AND(B6="CU",B5=$AB$5,B7="2x"),VLOOKUP(B8,$AB$29:$AD$46,3,FALSE),IF(AND(B6="CU",B5=$AB$5,B7="3x"),VLOOKUP(B8,$AB$48:$AD$65,3,FALSE),IF(AND(B6="CU",B5=$AB$5,B7="4x"),VLOOKUP(B8,$AB$67:$AD$84,3,FALSE),IF(AND(B6="CU",B5=$AB$5,B7="5x"),VLOOKUP(B8,$AB$86:$AD$103,3,FALSE),IF(AND(B6="CU",B5=$AF$5,B7="1x"),VLOOKUP(B8,$AF$10:$AH$27,3,FALSE),IF(AND(B6="CU",B5=$AF$5,B7="2x"),VLOOKUP(B8,$AF$29:$AH$46,3,FALSE),IF(AND(B6="CU",B5=$AF$5,B7="3x"),VLOOKUP(B8,$AF$48:$AH$65,3,FALSE),IF(AND(B6="CU",B5=$AF$5,B7="4x"),VLOOKUP(B8,$AF$67:$AH$84,3,FALSE),IF(AND(B6="CU",B5=$AF$5,B7="5x"),VLOOKUP(B8,$AF$86:$AH$103,3,FALSE),IF(AND(B6="CU",B5=$AJ$5,B7="1x"),VLOOKUP(B8,$AJ$10:$AL$27,3,FALSE),IF(AND(B6="CU",B5=$AJ$5,B7="2x"),VLOOKUP(B8,$AJ$29:$AL$46,3,FALSE),IF(AND(B6="CU",B5=$AJ$5,B7="3x"),VLOOKUP(B8,$AJ$48:$AL$65,3,FALSE),IF(AND(B6="CU",B5=$AJ$5,B7="4x"),VLOOKUP(B8,$AJ$67:$AL$84,3,FALSE),IF(AND(B6="CU",B5=$AJ$5,B7="5x"),VLOOKUP(B8,$AJ$86:$AL$103,3,FALSE),IF(AND(B6="CU",B5=$AN$5,B7="1x"),VLOOKUP(B8,$AN$10:$AP$27,3,FALSE),IF(AND(B6="CU",B5=$AN$5,B7="2x"),VLOOKUP(B8,$AN$29:$AP$46,3,FALSE),IF(AND(B6="CU",B5=$AN$5,B7="3x"),VLOOKUP(B8,$AN$48:$AP$65,3,FALSE),IF(AND(B6="CU",B5=$AN$5,B7="4x"),VLOOKUP(B8,$AN$67:$AP$84,3,FALSE),IF(AND(B6="CU",B5=$AN$5,B7="5x"),VLOOKUP(B8,$AN$86:$AP$103,3,FALSE),IF(AND(B6="CU",B5=$AR$5,B7="1x"),VLOOKUP(B8,$AR$10:$AT$27,3,FALSE),IF(AND(B6="CU",B5=$AR$5,B7="2x"),VLOOKUP(B8,$AR$29:$AT$46,3,FALSE),IF(AND(B6="CU",B5=$AR$5,B7="3x"),VLOOKUP(B8,$AR$48:$AT$65,3,FALSE),IF(AND(B6="CU",B5=$AR$5,B7="4x"),VLOOKUP(B8,$AR$67:$AT$84,3,FALSE),IF(AND(B6="CU",B5=$AR$5,B7="5x"),VLOOKUP(B8,$AR$86:$AT$103,3,FALSE),IF(AND(B6="AL",B5=$AB$5,B7="4x"),VLOOKUP(B8,$AB$113:$AD$123,3,FALSE),IF(AND(B6="AL",B5=$AB$5,B7="5x"),VLOOKUP(B8,$AB$125:$AD$135,3,FALSE),IF(AND(B6="AL",B5=$AF$5,B7="4x"),VLOOKUP(B8,$AF$113:$AH$123,3,FALSE),IF(AND(B6="AL",B5=$AF$5,B7="5x"),VLOOKUP(B8,$AF$125:$AH$135,3,FALSE),IF(AND(B6="AL",B5=$AJ$5,B7="4x"),VLOOKUP(B8,$AJ$113:$AL$123,3,FALSE),IF(AND(B6="AL",B5=$AJ$5,B7="5x"),VLOOKUP(B8,$AJ$125:$AL$135,3,FALSE),IF(AND(B6="AL",B5=$AN$5,B7="4x"),VLOOKUP(B8,$AN$113:$AP$123,3,FALSE),IF(AND(B6="AL",B5=$AN$5,B7="5x"),VLOOKUP(B8,$AN$125:$AP$135,3,FALSE),IF(AND(B6="AL",B5=$AR$5,B7="4x"),VLOOKUP(B8,$AR$113:$AT$123,3,FALSE),IF(AND(B6="AL",B5=$AR$5,B7="5x"),VLOOKUP(B8,$AR$125:$AT$135,3,FALSE)))))))))))))))))))))))))))))))))))) -> 0.077 | E15: X | F15: =IF(AND(F6="CU",F5=$AB$5,F7="1x"),VLOOKUP(F8,$AB$10:$AD$27,3,FALSE),IF(AND(F6="CU",F5=$AB$5,F7="2x"),VLOOKUP(F8,$AB$29:$AD$46,3,FALSE),IF(AND(F6="CU",F5=$AB$5,F7="3x"),VLOOKUP(F8,$AB$48:$AD$65,3,FALSE),IF(AND(F6="CU",F5=$AB$5,F7="4x"),VLOOKUP(F8,$AB$67:$AD$84,3,FALSE),IF(AND(F6="CU",F5=$AB$5,F7="5x"),VLOOKUP(F8,$AB$86:$AD$103,3,FALSE),IF(AND(F6="CU",F5=$AF$5,F7="1x"),VLOOKUP(F8,$AF$10:$AH$27,3,FALSE),IF(AND(F6="CU",F5=$AF$5,F7="2x"),VLOOKUP(F8,$AF$29:$AH$46,3,FALSE),IF(AND(F6="CU",F5=$AF$5,F7="3x"),VLOOKUP(F8,$AF$48:$AH$65,3,FALSE),IF(AND(F6="CU",F5=$AF$5,F7="4x"),VLOOKUP(F8,$AF$67:$AH$84,3,FALSE),IF(AND(F6="CU",F5=$AF$5,F7="5x"),VLOOKUP(F8,$AF$86:$AH$103,3,FALSE),IF(AND(F6="CU",F5=$AJ$5,F7="1x"),VLOOKUP(F8,$AJ$10:$AL$27,3,FALSE),IF(AND(F6="CU",F5=$AJ$5,F7="2x"),VLOOKUP(F8,$AJ$29:$AL$46,3,FALSE),IF(AND(F6="CU",F5=$AJ$5,F7="3x"),VLOOKUP(F8,$AJ$48:$AL$65,3,FALSE),IF(AND(F6="CU",F5=$AJ$5,F7="4x"),VLOOKUP(F8,$AJ$67:$AL$84,3,FALSE),IF(AND(F6="CU",F5=$AJ$5,F7="5x"),VLOOKUP(F8,$AJ$86:$AL$103,3,FALSE),IF(AND(F6="CU",F5=$AN$5,F7="1x"),VLOOKUP(F8,$AN$10:$AP$27,3,FALSE),IF(AND(F6="CU",F5=$AN$5,F7="2x"),VLOOKUP(F8,$AN$29:$AP$46,3,FALSE),IF(AND(F6="CU",F5=$AN$5,F7="3x"),VLOOKUP(F8,$AN$48:$AP$65,3,FALSE),IF(AND(F6="CU",F5=$AN$5,F7="4x"),VLOOKUP(F8,$AN$67:$AP$84,3,FALSE),IF(AND(F6="CU",F5=$AN$5,F7="5x"),VLOOKUP(F8,$AN$86:$AP$103,3,FALSE),IF(AND(F6="CU",F5=$AR$5,F7="1x"),VLOOKUP(F8,$AR$10:$AT$27,3,FALSE),IF(AND(F6="CU",F5=$AR$5,F7="2x"),VLOOKUP(F8,$AR$29:$AT$46,3,FALSE),IF(AND(F6="CU",F5=$AR$5,F7="3x"),VLOOKUP(F8,$AR$48:$AT$65,3,FALSE),IF(AND(F6="CU",F5=$AR$5,F7="4x"),VLOOKUP(F8,$AR$67:$AT$84,3,FALSE),IF(AND(F6="CU",F5=$AR$5,F7="5x"),VLOOKUP(F8,$AR$86:$AT$103,3,FALSE),IF(AND(F6="AL",F5=$AB$5,F7="4x"),VLOOKUP(F8,$AB$113:$AD$123,3,FALSE),IF(AND(F6="AL",F5=$AB$5,F7="5x"),VLOOKUP(F8,$AB$125:$AD$135,3,FALSE),IF(AND(F6="AL",F5=$AF$5,F7="4x"),VLOOKUP(F8,$AF$113:$AH$123,3,FALSE),IF(AND(F6="AL",F5=$AF$5,F7="5x"),VLOOKUP(F8,$AF$125:$AH$135,3,FALSE),IF(AND(F6="AL",F5=$AJ$5,F7="4x"),VLOOKUP(F8,$AJ$113:$AL$123,3,FALSE),IF(AND(F6="AL",F5=$AJ$5,F7="5x"),VLOOKUP(F8,$AJ$125:$AL$135,3,FALSE),IF(AND(F6="AL",F5=$AN$5,F7="4x"),VLOOKUP(F8,$AN$113:$AP$123,3,FALSE),IF(AND(F6="AL",F5=$AN$5,F7="5x"),VLOOKUP(F8,$AN$125:$AP$135,3,FALSE),IF(AND(F6="AL",F5=$AR$5,F7="4x"),VLOOKUP(F8,$AR$113:$AT$123,3,FALSE),IF(AND(F6="AL",F5=$AR$5,F7="5x"),VLOOKUP(F8,$AR$125:$AT$135,3,FALSE)))))))))))))))))))))))))))))))))))) -> 0.081 | I15: X | J15: =IF(AND(J6="CU",J5=$AB$5,J7="1x"),VLOOKUP(J8,$AB$10:$AD$27,3,FALSE),IF(AND(J6="CU",J5=$AB$5,J7="2x"),VLOOKUP(J8,$AB$29:$AD$46,3,FALSE),IF(AND(J6="CU",J5=$AB$5,J7="3x"),VLOOKUP(J8,$AB$48:$AD$65,3,FALSE),IF(AND(J6="CU",J5=$AB$5,J7="4x"),VLOOKUP(J8,$AB$67:$AD$84,3,FALSE),IF(AND(J6="CU",J5=$AB$5,J7="5x"),VLOOKUP(J8,$AB$86:$AD$103,3,FALSE),IF(AND(J6="CU",J5=$AF$5,J7="1x"),VLOOKUP(J8,$AF$10:$AH$27,3,FALSE),IF(AND(J6="CU",J5=$AF$5,J7="2x"),VLOOKUP(J8,$AF$29:$AH$46,3,FALSE),IF(AND(J6="CU",J5=$AF$5,J7="3x"),VLOOKUP(J8,$AF$48:$AH$65,3,FALSE),IF(AND(J6="CU",J5=$AF$5,J7="4x"),VLOOKUP(J8,$AF$67:$AH$84,3,FALSE),IF(AND(J6="CU",J5=$AF$5,J7="5x"),VLOOKUP(J8,$AF$86:$AH$103,3,FALSE),IF(AND(J6="CU",J5=$AJ$5,J7="1x"),VLOOKUP(J8,$AJ$10:$AL$27,3,FALSE),IF(AND(J6="CU",J5=$AJ$5,J7="2x"),VLOOKUP(J8,$AJ$29:$AL$46,3,FALSE),IF(AND(J6="CU",J5=$AJ$5,J7="3x"),VLOOKUP(J8,$AJ$48:$AL$65,3,FALSE),IF(AND(J6="CU",J5=$AJ$5,J7="4x"),VLOOKUP(J8,$AJ$67:$AL$84,3,FALSE),IF(AND(J6="CU",J5=$AJ$5,J7="5x"),VLOOKUP(J8,$AJ$86:$AL$103,3,FALSE),IF(AND(J6="CU",J5=$AN$5,J7="1x"),VLOOKUP(J8,$AN$10:$AP$27,3,FALSE),IF(AND(J6="CU",J5=$AN$5,J7="2x"),VLOOKUP(J8,$AN$29:$AP$46,3,FALSE),IF(AND(J6="CU",J5=$AN$5,J7="3x"),VLOOKUP(J8,$AN$48:$AP$65,3,FALSE),IF(AND(J6="CU",J5=$AN$5,J7="4x"),VLOOKUP(J8,$AN$67:$AP$84,3,FALSE),IF(AND(J6="CU",J5=$AN$5,J7="5x"),VLOOKUP(J8,$AN$86:$AP$103,3,FALSE),IF(AND(J6="CU",J5=$AR$5,J7="1x"),VLOOKUP(J8,$AR$10:$AT$27,3,FALSE),IF(AND(J6="CU",J5=$AR$5,J7="2x"),VLOOKUP(J8,$AR$29:$AT$46,3,FALSE),IF(AND(J6="CU",J5=$AR$5,J7="3x"),VLOOKUP(J8,$AR$48:$AT$65,3,FALSE),IF(AND(J6="CU",J5=$AR$5,J7="4x"),VLOOKUP(J8,$AR$67:$AT$84,3,FALSE),IF(AND(J6="CU",J5=$AR$5,J7="5x"),VLOOKUP(J8,$AR$86:$AT$103,3,FALSE),IF(AND(J6="AL",J5=$AB$5,J7="4x"),VLOOKUP(J8,$AB$113:$AD$123,3,FALSE),IF(AND(J6="AL",J5=$AB$5,J7="5x"),VLOOKUP(J8,$AB$125:$AD$135,3,FALSE),IF(AND(J6="AL",J5=$AF$5,J7="4x"),VLOOKUP(J8,$AF$113:$AH$123,3,FALSE),IF(AND(J6="AL",J5=$AF$5,J7="5x"),VLOOKUP(J8,$AF$125:$AH$135,3,FALSE),IF(AND(J6="AL",J5=$AJ$5,J7="4x"),VLOOKUP(J8,$AJ$113:$AL$123,3,FALSE),IF(AND(J6="AL",J5=$AJ$5,J7="5x"),VLOOKUP(J8,$AJ$125:$AL$135,3,FALSE),IF(AND(J6="AL",J5=$AN$5,J7="4x"),VLOOKUP(J8,$AN$113:$AP$123,3,FALSE),IF(AND(J6="AL",J5=$AN$5,J7="5x"),VLOOKUP(J8,$AN$125:$AP$135,3,FALSE),IF(AND(J6="AL",J5=$AR$5,J7="4x"),VLOOKUP(J8,$AR$113:$AT$123,3,FALSE),IF(AND(J6="AL",J5=$AR$5,J7="5x"),VLOOKUP(J8,$AR$125:$AT$135,3,FALSE)))))))))))))))))))))))))))))))))))) -> 0.08 | M15: X | N15: =IF(AND(N6="CU",N5=$AB$5,N7="1x"),VLOOKUP(N8,$AB$10:$AD$27,3,FALSE),IF(AND(N6="CU",N5=$AB$5,N7="2x"),VLOOKUP(N8,$AB$29:$AD$46,3,FALSE),IF(AND(N6="CU",N5=$AB$5,N7="3x"),VLOOKUP(N8,$AB$48:$AD$65,3,FALSE),IF(AND(N6="CU",N5=$AB$5,N7="4x"),VLOOKUP(N8,$AB$67:$AD$84,3,FALSE),IF(AND(N6="CU",N5=$AB$5,N7="5x"),VLOOKUP(N8,$AB$86:$AD$103,3,FALSE),IF(AND(N6="CU",N5=$AF$5,N7="1x"),VLOOKUP(N8,$AF$10:$AH$27,3,FALSE),IF(AND(N6="CU",N5=$AF$5,N7="2x"),VLOOKUP(N8,$AF$29:$AH$46,3,FALSE),IF(AND(N6="CU",N5=$AF$5,N7="3x"),VLOOKUP(N8,$AF$48:$AH$65,3,FALSE),IF(AND(N6="CU",N5=$AF$5,N7="4x"),VLOOKUP(N8,$AF$67:$AH$84,3,FALSE),IF(AND(N6="CU",N5=$AF$5,N7="5x"),VLOOKUP(N8,$AF$86:$AH$103,3,FALSE),IF(AND(N6="CU",N5=$AJ$5,N7="1x"),VLOOKUP(N8,$AJ$10:$AL$27,3,FALSE),IF(AND(N6="CU",N5=$AJ$5,N7="2x"),VLOOKUP(N8,$AJ$29:$AL$46,3,FALSE),IF(AND(N6="CU",N5=$AJ$5,N7="3x"),VLOOKUP(N8,$AJ$48:$AL$65,3,FALSE),IF(AND(N6="CU",N5=$AJ$5,N7="4x"),VLOOKUP(N8,$AJ$67:$AL$84,3,FALSE),IF(AND(N6="CU",N5=$AJ$5,N7="5x"),VLOOKUP(N8,$AJ$86:$AL$103,3,FALSE),IF(AND(N6="CU",N5=$AN$5,N7="1x"),VLOOKUP(N8,$AN$10:$AP$27,3,FALSE),IF(AND(N6="CU",N5=$AN$5,N7="2x"),VLOOKUP(N8,$AN$29:$AP$46,3,FALSE),IF(AND(N6="CU",N5=$AN$5,N7="3x"),VLOOKUP(N8,$AN$48:$AP$65,3,FALSE),IF(AND(N6="CU",N5=$AN$5,N7="4x"),VLOOKUP(N8,$AN$67:$AP$84,3,FALSE),IF(AND(N6="CU",N5=$AN$5,N7="5x"),VLOOKUP(N8,$AN$86:$AP$103,3,FALSE),IF(AND(N6="CU",N5=$AR$5,N7="1x"),VLOOKUP(N8,$AR$10:$AT$27,3,FALSE),IF(AND(N6="CU",N5=$AR$5,N7="2x"),VLOOKUP(N8,$AR$29:$AT$46,3,FALSE),IF(AND(N6="CU",N5=$AR$5,N7="3x"),VLOOKUP(N8,$AR$48:$AT$65,3,FALSE),IF(AND(N6="CU",N5=$AR$5,N7="4x"),VLOOKUP(N8,$AR$67:$AT$84,3,FALSE),IF(AND(N6="CU",N5=$AR$5,N7="5x"),VLOOKUP(N8,$AR$86:$AT$103,3,FALSE),IF(AND(N6="AL",N5=$AB$5,N7="4x"),VLOOKUP(N8,$AB$113:$AD$123,3,FALSE),IF(AND(N6="AL",N5=$AB$5,N7="5x"),VLOOKUP(N8,$AB$125:$AD$135,3,FALSE),IF(AND(N6="AL",N5=$AF$5,N7="4x"),VLOOKUP(N8,$AF$113:$AH$123,3,FALSE),IF(AND(N6="AL",N5=$AF$5,N7="5x"),VLOOKUP(N8,$AF$125:$AH$135,3,FALSE),IF(AND(N6="AL",N5=$AJ$5,N7="4x"),VLOOKUP(N8,$AJ$113:$AL$123,3,FALSE),IF(AND(N6="AL",N5=$AJ$5,N7="5x"),VLOOKUP(N8,$AJ$125:$AL$135,3,FALSE),IF(AND(N6="AL",N5=$AN$5,N7="4x"),VLOOKUP(N8,$AN$113:$AP$123,3,FALSE),IF(AND(N6="AL",N5=$AN$5,N7="5x"),VLOOKUP(N8,$AN$125:$AP$135,3,FALSE),IF(AND(N6="AL",N5=$AR$5,N7="4x"),VLOOKUP(N8,$AR$113:$AT$123,3,FALSE),IF(AND(N6="AL",N5=$AR$5,N7="5x"),VLOOKUP(N8,$AR$125:$AT$135,3,FALSE)))))))))))))))))))))))))))))))))))) -> 0.087 | Q15: X | R15: =IF(AND(R6="CU",R5=$AB$5,R7="1x"),VLOOKUP(R8,$AB$10:$AD$27,3,FALSE),IF(AND(R6="CU",R5=$AB$5,R7="2x"),VLOOKUP(R8,$AB$29:$AD$46,3,FALSE),IF(AND(R6="CU",R5=$AB$5,R7="3x"),VLOOKUP(R8,$AB$48:$AD$65,3,FALSE),IF(AND(R6="CU",R5=$AB$5,R7="4x"),VLOOKUP(R8,$AB$67:$AD$84,3,FALSE),IF(AND(R6="CU",R5=$AB$5,R7="5x"),VLOOKUP(R8,$AB$86:$AD$103,3,FALSE),IF(AND(R6="CU",R5=$AF$5,R7="1x"),VLOOKUP(R8,$AF$10:$AH$27,3,FALSE),IF(AND(R6="CU",R5=$AF$5,R7="2x"),VLOOKUP(R8,$AF$29:$AH$46,3,FALSE),IF(AND(R6="CU",R5=$AF$5,R7="3x"),VLOOKUP(R8,$AF$48:$AH$65,3,FALSE),IF(AND(R6="CU",R5=$AF$5,R7="4x"),VLOOKUP(R8,$AF$67:$AH$84,3,FALSE),IF(AND(R6="CU",R5=$AF$5,R7="5x"),VLOOKUP(R8,$AF$86:$AH$103,3,FALSE),IF(AND(R6="CU",R5=$AJ$5,R7="1x"),VLOOKUP(R8,$AJ$10:$AL$27,3,FALSE),IF(AND(R6="CU",R5=$AJ$5,R7="2x"),VLOOKUP(R8,$AJ$29:$AL$46,3,FALSE),IF(AND(R6="CU",R5=$AJ$5,R7="3x"),VLOOKUP(R8,$AJ$48:$AL$65,3,FALSE),IF(AND(R6="CU",R5=$AJ$5,R7="4x"),VLOOKUP(R8,$AJ$67:$AL$84,3,FALSE),IF(AND(R6="CU",R5=$AJ$5,R7="5x"),VLOOKUP(R8,$AJ$86:$AL$103,3,FALSE),IF(AND(R6="CU",R5=$AN$5,R7="1x"),VLOOKUP(R8,$AN$10:$AP$27,3,FALSE),IF(AND(R6="CU",R5=$AN$5,R7="2x"),VLOOKUP(R8,$AN$29:$AP$46,3,FALSE),IF(AND(R6="CU",R5=$AN$5,R7="3x"),VLOOKUP(R8,$AN$48:$AP$65,3,FALSE),IF(AND(R6="CU",R5=$AN$5,R7="4x"),VLOOKUP(R8,$AN$67:$AP$84,3,FALSE),IF(AND(R6="CU",R5=$AN$5,R7="5x"),VLOOKUP(R8,$AN$86:$AP$103,3,FALSE),IF(AND(R6="CU",R5=$AR$5,R7="1x"),VLOOKUP(R8,$AR$10:$AT$27,3,FALSE),IF(AND(R6="CU",R5=$AR$5,R7="2x"),VLOOKUP(R8,$AR$29:$AT$46,3,FALSE),IF(AND(R6="CU",R5=$AR$5,R7="3x"),VLOOKUP(R8,$AR$48:$AT$65,3,FALSE),IF(AND(R6="CU",R5=$AR$5,R7="4x"),VLOOKUP(R8,$AR$67:$AT$84,3,FALSE),IF(AND(R6="CU",R5=$AR$5,R7="5x"),VLOOKUP(R8,$AR$86:$AT$103,3,FALSE),IF(AND(R6="AL",R5=$AB$5,R7="4x"),VLOOKUP(R8,$AB$113:$AD$123,3,FALSE),IF(AND(R6="AL",R5=$AB$5,R7="5x"),VLOOKUP(R8,$AB$125:$AD$135,3,FALSE),IF(AND(R6="AL",R5=$AF$5,R7="4x"),VLOOKUP(R8,$AF$113:$AH$123,3,FALSE),IF(AND(R6="AL",R5=$AF$5,R7="5x"),VLOOKUP(R8,$AF$125:$AH$135,3,FALSE),IF(AND(R6="AL",R5=$AJ$5,R7="4x"),VLOOKUP(R8,$AJ$113:$AL$123,3,FALSE),IF(AND(R6="AL",R5=$AJ$5,R7="5x"),VLOOKUP(R8,$AJ$125:$AL$135,3,FALSE),IF(AND(R6="AL",R5=$AN$5,R7="4x"),VLOOKUP(R8,$AN$113:$AP$123,3,FALSE),IF(AND(R6="AL",R5=$AN$5,R7="5x"),VLOOKUP(R8,$AN$125:$AP$135,3,FALSE),IF(AND(R6="AL",R5=$AR$5,R7="4x"),VLOOKUP(R8,$AR$113:$AT$123,3,FALSE),IF(AND(R6="AL",R5=$AR$5,R7="5x"),VLOOKUP(R8,$AR$125:$AT$135,3,FALSE)))))))))))))))))))))))))))))))))))) -> 0.079 | AB15: 6 | AC15: 3.08 | AD15: 0.093 | AF15: 6 | AG15: 3.08 | AH15: 0.087 | AJ15: 6 | AN15: 6 | AR15: 6 | AZ15: 10
A16: Z70° | B16: =SQRT(((1.5*B14)^2)+(B15^2)) -> 0.14094255 | E16: Z70° | F16: =SQRT(((1.5*F14)^2)+(F15^2)) -> 0.96490582 | I16: Z70° | J16: =SQRT(((1.5*J14)^2)+(J15^2)) -> 0.6707876 | M16: Z70° | N16: =SQRT(((1.5*N14)^2)+(N15^2)) -> 1.8021013 | Q16: Z70° | R16: =SQRT(((1.5*R14)^2)+(R15^2)) -> 1.0933578 | AB16: 10 | AC16: 1.83 | AD16: 0.083 | AF16: 10 | AG16: 1.83 | AH16: 0.082 | AJ16: 10 | AN16: 10 | AR16: 10
A17: Ð 70° | B17: =DEGREES(IMARGUMENT(COMPLEX(1.5*B14,B15,"j"))) -> 33.115043 | E17: Ð 70° | F17: =DEGREES(IMARGUMENT(COMPLEX(1.5*F14,F15,"j"))) -> 4.8154194 | I17: Ð 70° | J17: =DEGREES(IMARGUMENT(COMPLEX(1.5*J14,J15,"j"))) -> 6.849558 | M17: Ð 70° | N17: =DEGREES(IMARGUMENT(COMPLEX(1.5*N14,N15,"j"))) -> 2.7671426 | Q17: Ð 70° | R17: =DEGREES(IMARGUMENT(COMPLEX(1.5*R14,R15,"j"))) -> 4.1434875 | AB17: 16 | AC17: 1.15 | AD17: 0.086 | AF17: 16 | AG17: 1.15 | AH17: 0.078 | AJ17: 16 | AN17: 16 | AR17: 16
A18: Indtastning | B18: =IF(B14+B15>0.0000000001,"OK","Fejl") -> OK | F18: =IF(F14+F15>0.0000000001,"OK","Fejl") -> OK | J18: =IF(J14+J15>0.0000000001,"OK","Fejl") -> OK | N18: =IF(N14+N15>0.0000000001,"OK","Fejl") -> OK | R18: =IF(R14+R15>0.0000000001,"OK","Fejl") -> OK | AB18: 25 | AC18: 0.727 | AD18: 0.085 | AF18: 25 | AG18: 0.727 | AH18: 0.079 | AJ18: 25 | AN18: 25 | AR18: 25
AB19: 35 | AC19: 0.525 | AD19: 0.073 | AF19: 35 | AG19: 0.525 | AH19: 0.074 | AJ19: 35 | AN19: 35 | AR19: 35
A20: Kabel 6 | E20: Kabel 7 | I20: Kabel 8 | M20: Hvis man får R og X værdi | Q20: Hvis man får R og X værdi | AB20: 50 | AC20: 0.388 | AD20: 0.073 | AF20: 50 | AJ20: 50 | AN20: 50 | AR20: 50
A21: Separat PE leder | B21: Nej | F21: Ja | J21: Nej | N21: Nej | R21: Nej | AB21: 70 | AC21: 0.269 | AD21: 0.072 | AF21: 70 | AJ21: 70 | AN21: 70 | AR21: 70
A22: Navn | AB22: 95 | AC22: 0.194 | AD22: 0.07 | AF22: 95 | AJ22: 95 | AN22: 95 | AR22: 95
A23: Kabeltype | B23: NOIKLX | F23: NOIKLX | J23: NOIKLX | AB23: 120 | AC23: 0.155 | AD23: 0.07 | AF23: 120 | AJ23: 120 | AN23: 120 | AR23: 120
A24: Materiale | B24: CU | F24: CU | J24: CU | AB24: 150 | AC24: 0.126 | AD24: 0.07 | AF24: 150 | AJ24: 150 | AN24: 150 | AR24: 150
A25: Antal ledere | B25: 3x | F25: 4x | J25: 3x | M25: R 20˚ | Q25: R 20˚ | AB25: 185 | AC25: 0.1017 | AD25: 0.07 | AF25: 185 | AJ25: 185 | AN25: 185 | AR25: 185
A26: Kvadrat (mm²) | B26: 2.5 | F26: 16 | J26: 2.5 | M26: X | Q26: X | AB26: 240 | AC26: 0.0787 | AD26: 0.07 | AF26: 240 | AJ26: 240 | AN26: 240 | AR26: 240
A27: Længde (m) | B27: 10.7 | E27: m | F27: 2 | I27: m | J27: 38.35 | M27: m | Q27: m | AB27: 300 | AF27: 300 | AJ27: 300 | AN27: 300 | AR27: 300
A28: Paralle (n) | B28: 1 | E28: n | F28: 1 | I28: n | J28: 1 | M28: n | N28: 1 | Q28: n | AB28: 2x | AC28: R | AD28: X | AF28: 2x | AG28: R | AH28: X | AJ28: 2x | AK28: R | AL28: X | AN28: 2x | AO28: R | AP28: X | AR28: 2x | AS28: R | AT28: X
A29: I̅ B | B29: 6 | C29: Ð- | D29: 0 | F29: 63 | G29: Ð- | H29: 0 | J29: 10 | K29: Ð- | L29: 0 | N29: 250 | O29: Ð- | P29: 23 | R29: 250 | S29: Ð- | T29: 23 | AB29: 0.75 | AF29: 0.75 | AJ29: 0.75 | AK29: 26 | AL29: 0.111 | AN29: 0.75 | AR29: 0.75
A30: Z20° | B30: =SQRT(B32^2+B33^2) -> 7.4106089 | E30: Z20° | F30: =SQRT(F32^2+F33^2) -> 1.153137 | I30: Z20° | J30: =SQRT(J32^2+J33^2) -> 7.4106089 | M30: Z20° | N30: =IF(N25="","",IMABS(COMPLEX(N25,N26,"i"))) | Q30: Z20° | R30: =IF(R25="","",IMABS(COMPLEX(R25,R26,"i"))) | AB30: 1 | AF30: 1 | AJ30: 1 | AK30: 19.5 | AL30: 0.105 | AN30: 1 | AR30: 1
A31: Ð 20° | B31: =DEGREES(IMARGUMENT(COMPLEX(B32,B33,"j"))) -> 0.73452103 | E31: Ð 20° | F31: =DEGREES(IMARGUMENT(COMPLEX(F32,F33,"j"))) -> 4.2272187 | I31: Ð 20° | J31: =DEGREES(IMARGUMENT(COMPLEX(J32,J33,"j"))) -> 0.73452103 | M31: Ð 20° | N31: =IF(N26="","",DEGREES(ACOS((N25/N30)))) | Q31: Ð 20° | R31: =IF(R26="","",DEGREES(ACOS((R25/R30)))) | AB31: 1.5 | AC31: 12.1 | AD31: 0.108 | AF31: 1.5 | AG31: 12.1 | AH31: 0.103 | AJ31: 1.5 | AK31: 13.3 | AL31: 0.107 | AN31: 1.5 | AR31: 1.5
A32: R | B32: =IF(AND(B24="CU",B23=$AB$5,B25="1x"),VLOOKUP(B26,$AB$10:$AD$27,2,FALSE),IF(AND(B24="CU",B23=$AB$5,B25="2x"),VLOOKUP(B26,$AB$29:$AD$46,2,FALSE),IF(AND(B24="CU",B23=$AB$5,B25="3x"),VLOOKUP(B26,$AB$48:$AD$65,2,FALSE),IF(AND(B24="CU",B23=$AB$5,B25="4x"),VLOOKUP(B26,$AB$67:$AD$84,2,FALSE),IF(AND(B24="CU",B23=$AB$5,B25="5x"),VLOOKUP(B26,$AB$86:$AD$103,2,FALSE),IF(AND(B24="CU",B23=$AF$5,B25="1x"),VLOOKUP(B26,$AF$10:$AH$27,2,FALSE),IF(AND(B24="CU",B23=$AF$5,B25="2x"),VLOOKUP(B26,$AF$29:$AH$46,2,FALSE),IF(AND(B24="CU",B23=$AF$5,B25="3x"),VLOOKUP(B26,$AF$48:$AH$65,2,FALSE),IF(AND(B24="CU",B23=$AF$5,B25="4x"),VLOOKUP(B26,$AF$67:$AH$84,2,FALSE),IF(AND(B24="CU",B23=$AF$5,B25="5x"),VLOOKUP(B26,$AF$86:$AH$103,2,FALSE),IF(AND(B24="CU",B23=$AJ$5,B25="1x"),VLOOKUP(B26,$AJ$10:$AL$27,2,FALSE),IF(AND(B24="CU",B23=$AJ$5,B25="2x"),VLOOKUP(B26,$AJ$29:$AL$46,2,FALSE),IF(AND(B24="CU",B23=$AJ$5,B25="3x"),VLOOKUP(B26,$AJ$48:$AL$65,2,FALSE),IF(AND(B24="CU",B23=$AJ$5,B25="4x"),VLOOKUP(B26,$AJ$67:$AL$84,2,FALSE),IF(AND(B24="CU",B23=$AJ$5,B25="5x"),VLOOKUP(B26,$AJ$86:$AL$103,2,FALSE),IF(AND(B24="CU",B23=$AN$5,B25="1x"),VLOOKUP(B26,$AN$10:$AP$27,2,FALSE),IF(AND(B24="CU",B23=$AN$5,B25="2x"),VLOOKUP(B26,$AN$29:$AP$46,2,FALSE),IF(AND(B24="CU",B23=$AN$5,B25="3x"),VLOOKUP(B26,$AN$48:$AP$65,2,FALSE),IF(AND(B24="CU",B23=$AN$5,B25="4x"),VLOOKUP(B26,$AN$67:$AP$84,2,FALSE),IF(AND(B24="CU",B23=$AN$5,B25="5x"),VLOOKUP(B26,$AN$86:$AP$103,2,FALSE),IF(AND(B24="CU",B23=$AR$5,B25="1x"),VLOOKUP(B26,$AR$10:$AT$27,2,FALSE),IF(AND(B24="CU",B23=$AR$5,B25="2x"),VLOOKUP(B26,$AR$29:$AT$46,2,FALSE),IF(AND(B24="CU",B23=$AR$5,B25="3x"),VLOOKUP(B26,$AR$48:$AT$65,2,FALSE),IF(AND(B24="CU",B23=$AR$5,B25="4x"),VLOOKUP(B26,$AR$67:$AT$84,2,FALSE),IF(AND(B24="CU",B23=$AR$5,B25="5x"),VLOOKUP(B26,$AR$86:$AT$103,2,FALSE),IF(AND(B24="AL",B23=$AB$5,B25="4x"),VLOOKUP(B26,$AB$113:$AD$123,2,FALSE),IF(AND(B24="AL",B23=$AB$5,B25="5x"),VLOOKUP(B26,$AB$125:$AD$135,2,FALSE),IF(AND(B24="AL",B23=$AF$5,B25="4x"),VLOOKUP(B26,$AF$113:$AH$123,2,FALSE),IF(AND(B24="AL",B23=$AF$5,B25="5x"),VLOOKUP(B26,$AF$125:$AH$135,2,FALSE),IF(AND(B24="AL",B23=$AJ$5,B25="4x"),VLOOKUP(B26,$AJ$113:$AL$123,2,FALSE),IF(AND(B24="AL",B23=$AJ$5,B25="5x"),VLOOKUP(B26,$AJ$125:$AL$135,2,FALSE),IF(AND(B24="AL",B23=$AN$5,B25="4x"),VLOOKUP(B26,$AN$113:$AP$123,2,FALSE),IF(AND(B24="AL",B23=$AN$5,B25="5x"),VLOOKUP(B26,$AN$125:$AP$135,2,FALSE),IF(AND(B24="AL",B23=$AR$5,B25="4x"),VLOOKUP(B26,$AR$113:$AT$123,2,FALSE),IF(AND(B24="AL",B23=$AR$5,B25="5x"),VLOOKUP(B26,$AR$125:$AT$135,2,FALSE)))))))))))))))))))))))))))))))))))) -> 7.41 | E32: R | F32: =IF(AND(F24="CU",F23=$AB$5,F25="1x"),VLOOKUP(F26,$AB$10:$AD$27,2,FALSE),IF(AND(F24="CU",F23=$AB$5,F25="2x"),VLOOKUP(F26,$AB$29:$AD$46,2,FALSE),IF(AND(F24="CU",F23=$AB$5,F25="3x"),VLOOKUP(F26,$AB$48:$AD$65,2,FALSE),IF(AND(F24="CU",F23=$AB$5,F25="4x"),VLOOKUP(F26,$AB$67:$AD$84,2,FALSE),IF(AND(F24="CU",F23=$AB$5,F25="5x"),VLOOKUP(F26,$AB$86:$AD$103,2,FALSE),IF(AND(F24="CU",F23=$AF$5,F25="1x"),VLOOKUP(F26,$AF$10:$AH$27,2,FALSE),IF(AND(F24="CU",F23=$AF$5,F25="2x"),VLOOKUP(F26,$AF$29:$AH$46,2,FALSE),IF(AND(F24="CU",F23=$AF$5,F25="3x"),VLOOKUP(F26,$AF$48:$AH$65,2,FALSE),IF(AND(F24="CU",F23=$AF$5,F25="4x"),VLOOKUP(F26,$AF$67:$AH$84,2,FALSE),IF(AND(F24="CU",F23=$AF$5,F25="5x"),VLOOKUP(F26,$AF$86:$AH$103,2,FALSE),IF(AND(F24="CU",F23=$AJ$5,F25="1x"),VLOOKUP(F26,$AJ$10:$AL$27,2,FALSE),IF(AND(F24="CU",F23=$AJ$5,F25="2x"),VLOOKUP(F26,$AJ$29:$AL$46,2,FALSE),IF(AND(F24="CU",F23=$AJ$5,F25="3x"),VLOOKUP(F26,$AJ$48:$AL$65,2,FALSE),IF(AND(F24="CU",F23=$AJ$5,F25="4x"),VLOOKUP(F26,$AJ$67:$AL$84,2,FALSE),IF(AND(F24="CU",F23=$AJ$5,F25="5x"),VLOOKUP(F26,$AJ$86:$AL$103,2,FALSE),IF(AND(F24="CU",F23=$AN$5,F25="1x"),VLOOKUP(F26,$AN$10:$AP$27,2,FALSE),IF(AND(F24="CU",F23=$AN$5,F25="2x"),VLOOKUP(F26,$AN$29:$AP$46,2,FALSE),IF(AND(F24="CU",F23=$AN$5,F25="3x"),VLOOKUP(F26,$AN$48:$AP$65,2,FALSE),IF(AND(F24="CU",F23=$AN$5,F25="4x"),VLOOKUP(F26,$AN$67:$AP$84,2,FALSE),IF(AND(F24="CU",F23=$AN$5,F25="5x"),VLOOKUP(F26,$AN$86:$AP$103,2,FALSE),IF(AND(F24="CU",F23=$AR$5,F25="1x"),VLOOKUP(F26,$AR$10:$AT$27,2,FALSE),IF(AND(F24="CU",F23=$AR$5,F25="2x"),VLOOKUP(F26,$AR$29:$AT$46,2,FALSE),IF(AND(F24="CU",F23=$AR$5,F25="3x"),VLOOKUP(F26,$AR$48:$AT$65,2,FALSE),IF(AND(F24="CU",F23=$AR$5,F25="4x"),VLOOKUP(F26,$AR$67:$AT$84,2,FALSE),IF(AND(F24="CU",F23=$AR$5,F25="5x"),VLOOKUP(F26,$AR$86:$AT$103,2,FALSE),IF(AND(F24="AL",F23=$AB$5,F25="4x"),VLOOKUP(F26,$AB$113:$AD$123,2,FALSE),IF(AND(F24="AL",F23=$AB$5,F25="5x"),VLOOKUP(F26,$AB$125:$AD$135,2,FALSE),IF(AND(F24="AL",F23=$AF$5,F25="4x"),VLOOKUP(F26,$AF$113:$AH$123,2,FALSE),IF(AND(F24="AL",F23=$AF$5,F25="5x"),VLOOKUP(F26,$AF$125:$AH$135,2,FALSE),IF(AND(F24="AL",F23=$AJ$5,F25="4x"),VLOOKUP(F26,$AJ$113:$AL$123,2,FALSE),IF(AND(F24="AL",F23=$AJ$5,F25="5x"),VLOOKUP(F26,$AJ$125:$AL$135,2,FALSE),IF(AND(F24="AL",F23=$AN$5,F25="4x"),VLOOKUP(F26,$AN$113:$AP$123,2,FALSE),IF(AND(F24="AL",F23=$AN$5,F25="5x"),VLOOKUP(F26,$AN$125:$AP$135,2,FALSE),IF(AND(F24="AL",F23=$AR$5,F25="4x"),VLOOKUP(F26,$AR$113:$AT$123,2,FALSE),IF(AND(F24="AL",F23=$AR$5,F25="5x"),VLOOKUP(F26,$AR$125:$AT$135,2,FALSE)))))))))))))))))))))))))))))))))))) -> 1.15 | I32: R | J32: =IF(AND(J24="CU",J23=$AB$5,J25="1x"),VLOOKUP(J26,$AB$10:$AD$27,2,FALSE),IF(AND(J24="CU",J23=$AB$5,J25="2x"),VLOOKUP(J26,$AB$29:$AD$46,2,FALSE),IF(AND(J24="CU",J23=$AB$5,J25="3x"),VLOOKUP(J26,$AB$48:$AD$65,2,FALSE),IF(AND(J24="CU",J23=$AB$5,J25="4x"),VLOOKUP(J26,$AB$67:$AD$84,2,FALSE),IF(AND(J24="CU",J23=$AB$5,J25="5x"),VLOOKUP(J26,$AB$86:$AD$103,2,FALSE),IF(AND(J24="CU",J23=$AF$5,J25="1x"),VLOOKUP(J26,$AF$10:$AH$27,2,FALSE),IF(AND(J24="CU",J23=$AF$5,J25="2x"),VLOOKUP(J26,$AF$29:$AH$46,2,FALSE),IF(AND(J24="CU",J23=$AF$5,J25="3x"),VLOOKUP(J26,$AF$48:$AH$65,2,FALSE),IF(AND(J24="CU",J23=$AF$5,J25="4x"),VLOOKUP(J26,$AF$67:$AH$84,2,FALSE),IF(AND(J24="CU",J23=$AF$5,J25="5x"),VLOOKUP(J26,$AF$86:$AH$103,2,FALSE),IF(AND(J24="CU",J23=$AJ$5,J25="1x"),VLOOKUP(J26,$AJ$10:$AL$27,2,FALSE),IF(AND(J24="CU",J23=$AJ$5,J25="2x"),VLOOKUP(J26,$AJ$29:$AL$46,2,FALSE),IF(AND(J24="CU",J23=$AJ$5,J25="3x"),VLOOKUP(J26,$AJ$48:$AL$65,2,FALSE),IF(AND(J24="CU",J23=$AJ$5,J25="4x"),VLOOKUP(J26,$AJ$67:$AL$84,2,FALSE),IF(AND(J24="CU",J23=$AJ$5,J25="5x"),VLOOKUP(J26,$AJ$86:$AL$103,2,FALSE),IF(AND(J24="CU",J23=$AN$5,J25="1x"),VLOOKUP(J26,$AN$10:$AP$27,2,FALSE),IF(AND(J24="CU",J23=$AN$5,J25="2x"),VLOOKUP(J26,$AN$29:$AP$46,2,FALSE),IF(AND(J24="CU",J23=$AN$5,J25="3x"),VLOOKUP(J26,$AN$48:$AP$65,2,FALSE),IF(AND(J24="CU",J23=$AN$5,J25="4x"),VLOOKUP(J26,$AN$67:$AP$84,2,FALSE),IF(AND(J24="CU",J23=$AN$5,J25="5x"),VLOOKUP(J26,$AN$86:$AP$103,2,FALSE),IF(AND(J24="CU",J23=$AR$5,J25="1x"),VLOOKUP(J26,$AR$10:$AT$27,2,FALSE),IF(AND(J24="CU",J23=$AR$5,J25="2x"),VLOOKUP(J26,$AR$29:$AT$46,2,FALSE),IF(AND(J24="CU",J23=$AR$5,J25="3x"),VLOOKUP(J26,$AR$48:$AT$65,2,FALSE),IF(AND(J24="CU",J23=$AR$5,J25="4x"),VLOOKUP(J26,$AR$67:$AT$84,2,FALSE),IF(AND(J24="CU",J23=$AR$5,J25="5x"),VLOOKUP(J26,$AR$86:$AT$103,2,FALSE),IF(AND(J24="AL",J23=$AB$5,J25="4x"),VLOOKUP(J26,$AB$113:$AD$123,2,FALSE),IF(AND(J24="AL",J23=$AB$5,J25="5x"),VLOOKUP(J26,$AB$125:$AD$135,2,FALSE),IF(AND(J24="AL",J23=$AF$5,J25="4x"),VLOOKUP(J26,$AF$113:$AH$123,2,FALSE),IF(AND(J24="AL",J23=$AF$5,J25="5x"),VLOOKUP(J26,$AF$125:$AH$135,2,FALSE),IF(AND(J24="AL",J23=$AJ$5,J25="4x"),VLOOKUP(J26,$AJ$113:$AL$123,2,FALSE),IF(AND(J24="AL",J23=$AJ$5,J25="5x"),VLOOKUP(J26,$AJ$125:$AL$135,2,FALSE),IF(AND(J24="AL",J23=$AN$5,J25="4x"),VLOOKUP(J26,$AN$113:$AP$123,2,FALSE),IF(AND(J24="AL",J23=$AN$5,J25="5x"),VLOOKUP(J26,$AN$125:$AP$135,2,FALSE),IF(AND(J24="AL",J23=$AR$5,J25="4x"),VLOOKUP(J26,$AR$113:$AT$123,2,FALSE),IF(AND(J24="AL",J23=$AR$5,J25="5x"),VLOOKUP(J26,$AR$125:$AT$135,2,FALSE)))))))))))))))))))))))))))))))))))) -> 7.41 | M32: R | N32: =N25 -> 0 | Q32: R | R32: =R25 -> 0 | AB32: 2.5 | AC32: 7.41 | AD32: 0.099 | AF32: 2.5 | AG32: 7.41 | AH32: 0.095 | AJ32: 2.5 | AK32: 7.98 | AL32: 0.103 | AN32: 2.5 | AR32: 2.5
A33: X | B33: =IF(AND(B24="CU",B23=$AB$5,B25="1x"),VLOOKUP(B26,$AB$10:$AD$27,3,FALSE),IF(AND(B24="CU",B23=$AB$5,B25="2x"),VLOOKUP(B26,$AB$29:$AD$46,3,FALSE),IF(AND(B24="CU",B23=$AB$5,B25="3x"),VLOOKUP(B26,$AB$48:$AD$65,3,FALSE),IF(AND(B24="CU",B23=$AB$5,B25="4x"),VLOOKUP(B26,$AB$67:$AD$84,3,FALSE),IF(AND(B24="CU",B23=$AB$5,B25="5x"),VLOOKUP(B26,$AB$86:$AD$103,3,FALSE),IF(AND(B24="CU",B23=$AF$5,B25="1x"),VLOOKUP(B26,$AF$10:$AH$27,3,FALSE),IF(AND(B24="CU",B23=$AF$5,B25="2x"),VLOOKUP(B26,$AF$29:$AH$46,3,FALSE),IF(AND(B24="CU",B23=$AF$5,B25="3x"),VLOOKUP(B26,$AF$48:$AH$65,3,FALSE),IF(AND(B24="CU",B23=$AF$5,B25="4x"),VLOOKUP(B26,$AF$67:$AH$84,3,FALSE),IF(AND(B24="CU",B23=$AF$5,B25="5x"),VLOOKUP(B26,$AF$86:$AH$103,3,FALSE),IF(AND(B24="CU",B23=$AJ$5,B25="1x"),VLOOKUP(B26,$AJ$10:$AL$27,3,FALSE),IF(AND(B24="CU",B23=$AJ$5,B25="2x"),VLOOKUP(B26,$AJ$29:$AL$46,3,FALSE),IF(AND(B24="CU",B23=$AJ$5,B25="3x"),VLOOKUP(B26,$AJ$48:$AL$65,3,FALSE),IF(AND(B24="CU",B23=$AJ$5,B25="4x"),VLOOKUP(B26,$AJ$67:$AL$84,3,FALSE),IF(AND(B24="CU",B23=$AJ$5,B25="5x"),VLOOKUP(B26,$AJ$86:$AL$103,3,FALSE),IF(AND(B24="CU",B23=$AN$5,B25="1x"),VLOOKUP(B26,$AN$10:$AP$27,3,FALSE),IF(AND(B24="CU",B23=$AN$5,B25="2x"),VLOOKUP(B26,$AN$29:$AP$46,3,FALSE),IF(AND(B24="CU",B23=$AN$5,B25="3x"),VLOOKUP(B26,$AN$48:$AP$65,3,FALSE),IF(AND(B24="CU",B23=$AN$5,B25="4x"),VLOOKUP(B26,$AN$67:$AP$84,3,FALSE),IF(AND(B24="CU",B23=$AN$5,B25="5x"),VLOOKUP(B26,$AN$86:$AP$103,3,FALSE),IF(AND(B24="CU",B23=$AR$5,B25="1x"),VLOOKUP(B26,$AR$10:$AT$27,3,FALSE),IF(AND(B24="CU",B23=$AR$5,B25="2x"),VLOOKUP(B26,$AR$29:$AT$46,3,FALSE),IF(AND(B24="CU",B23=$AR$5,B25="3x"),VLOOKUP(B26,$AR$48:$AT$65,3,FALSE),IF(AND(B24="CU",B23=$AR$5,B25="4x"),VLOOKUP(B26,$AR$67:$AT$84,3,FALSE),IF(AND(B24="CU",B23=$AR$5,B25="5x"),VLOOKUP(B26,$AR$86:$AT$103,3,FALSE),IF(AND(B24="AL",B23=$AB$5,B25="4x"),VLOOKUP(B26,$AB$113:$AD$123,3,FALSE),IF(AND(B24="AL",B23=$AB$5,B25="5x"),VLOOKUP(B26,$AB$125:$AD$135,3,FALSE),IF(AND(B24="AL",B23=$AF$5,B25="4x"),VLOOKUP(B26,$AF$113:$AH$123,3,FALSE),IF(AND(B24="AL",B23=$AF$5,B25="5x"),VLOOKUP(B26,$AF$125:$AH$135,3,FALSE),IF(AND(B24="AL",B23=$AJ$5,B25="4x"),VLOOKUP(B26,$AJ$113:$AL$123,3,FALSE),IF(AND(B24="AL",B23=$AJ$5,B25="5x"),VLOOKUP(B26,$AJ$125:$AL$135,3,FALSE),IF(AND(B24="AL",B23=$AN$5,B25="4x"),VLOOKUP(B26,$AN$113:$AP$123,3,FALSE),IF(AND(B24="AL",B23=$AN$5,B25="5x"),VLOOKUP(B26,$AN$125:$AP$135,3,FALSE),IF(AND(B24="AL",B23=$AR$5,B25="4x"),VLOOKUP(B26,$AR$113:$AT$123,3,FALSE),IF(AND(B24="AL",B23=$AR$5,B25="5x"),VLOOKUP(B26,$AR$125:$AT$135,3,FALSE)))))))))))))))))))))))))))))))))))) -> 0.095 | E33: X | F33: =IF(AND(F24="CU",F23=$AB$5,F25="1x"),VLOOKUP(F26,$AB$10:$AD$27,3,FALSE),IF(AND(F24="CU",F23=$AB$5,F25="2x"),VLOOKUP(F26,$AB$29:$AD$46,3,FALSE),IF(AND(F24="CU",F23=$AB$5,F25="3x"),VLOOKUP(F26,$AB$48:$AD$65,3,FALSE),IF(AND(F24="CU",F23=$AB$5,F25="4x"),VLOOKUP(F26,$AB$67:$AD$84,3,FALSE),IF(AND(F24="CU",F23=$AB$5,F25="5x"),VLOOKUP(F26,$AB$86:$AD$103,3,FALSE),IF(AND(F24="CU",F23=$AF$5,F25="1x"),VLOOKUP(F26,$AF$10:$AH$27,3,FALSE),IF(AND(F24="CU",F23=$AF$5,F25="2x"),VLOOKUP(F26,$AF$29:$AH$46,3,FALSE),IF(AND(F24="CU",F23=$AF$5,F25="3x"),VLOOKUP(F26,$AF$48:$AH$65,3,FALSE),IF(AND(F24="CU",F23=$AF$5,F25="4x"),VLOOKUP(F26,$AF$67:$AH$84,3,FALSE),IF(AND(F24="CU",F23=$AF$5,F25="5x"),VLOOKUP(F26,$AF$86:$AH$103,3,FALSE),IF(AND(F24="CU",F23=$AJ$5,F25="1x"),VLOOKUP(F26,$AJ$10:$AL$27,3,FALSE),IF(AND(F24="CU",F23=$AJ$5,F25="2x"),VLOOKUP(F26,$AJ$29:$AL$46,3,FALSE),IF(AND(F24="CU",F23=$AJ$5,F25="3x"),VLOOKUP(F26,$AJ$48:$AL$65,3,FALSE),IF(AND(F24="CU",F23=$AJ$5,F25="4x"),VLOOKUP(F26,$AJ$67:$AL$84,3,FALSE),IF(AND(F24="CU",F23=$AJ$5,F25="5x"),VLOOKUP(F26,$AJ$86:$AL$103,3,FALSE),IF(AND(F24="CU",F23=$AN$5,F25="1x"),VLOOKUP(F26,$AN$10:$AP$27,3,FALSE),IF(AND(F24="CU",F23=$AN$5,F25="2x"),VLOOKUP(F26,$AN$29:$AP$46,3,FALSE),IF(AND(F24="CU",F23=$AN$5,F25="3x"),VLOOKUP(F26,$AN$48:$AP$65,3,FALSE),IF(AND(F24="CU",F23=$AN$5,F25="4x"),VLOOKUP(F26,$AN$67:$AP$84,3,FALSE),IF(AND(F24="CU",F23=$AN$5,F25="5x"),VLOOKUP(F26,$AN$86:$AP$103,3,FALSE),IF(AND(F24="CU",F23=$AR$5,F25="1x"),VLOOKUP(F26,$AR$10:$AT$27,3,FALSE),IF(AND(F24="CU",F23=$AR$5,F25="2x"),VLOOKUP(F26,$AR$29:$AT$46,3,FALSE),IF(AND(F24="CU",F23=$AR$5,F25="3x"),VLOOKUP(F26,$AR$48:$AT$65,3,FALSE),IF(AND(F24="CU",F23=$AR$5,F25="4x"),VLOOKUP(F26,$AR$67:$AT$84,3,FALSE),IF(AND(F24="CU",F23=$AR$5,F25="5x"),VLOOKUP(F26,$AR$86:$AT$103,3,FALSE),IF(AND(F24="AL",F23=$AB$5,F25="4x"),VLOOKUP(F26,$AB$113:$AD$123,3,FALSE),IF(AND(F24="AL",F23=$AB$5,F25="5x"),VLOOKUP(F26,$AB$125:$AD$135,3,FALSE),IF(AND(F24="AL",F23=$AF$5,F25="4x"),VLOOKUP(F26,$AF$113:$AH$123,3,FALSE),IF(AND(F24="AL",F23=$AF$5,F25="5x"),VLOOKUP(F26,$AF$125:$AH$135,3,FALSE),IF(AND(F24="AL",F23=$AJ$5,F25="4x"),VLOOKUP(F26,$AJ$113:$AL$123,3,FALSE),IF(AND(F24="AL",F23=$AJ$5,F25="5x"),VLOOKUP(F26,$AJ$125:$AL$135,3,FALSE),IF(AND(F24="AL",F23=$AN$5,F25="4x"),VLOOKUP(F26,$AN$113:$AP$123,3,FALSE),IF(AND(F24="AL",F23=$AN$5,F25="5x"),VLOOKUP(F26,$AN$125:$AP$135,3,FALSE),IF(AND(F24="AL",F23=$AR$5,F25="4x"),VLOOKUP(F26,$AR$113:$AT$123,3,FALSE),IF(AND(F24="AL",F23=$AR$5,F25="5x"),VLOOKUP(F26,$AR$125:$AT$135,3,FALSE)))))))))))))))))))))))))))))))))))) -> 0.085 | I33: X | J33: =IF(AND(J24="CU",J23=$AB$5,J25="1x"),VLOOKUP(J26,$AB$10:$AD$27,3,FALSE),IF(AND(J24="CU",J23=$AB$5,J25="2x"),VLOOKUP(J26,$AB$29:$AD$46,3,FALSE),IF(AND(J24="CU",J23=$AB$5,J25="3x"),VLOOKUP(J26,$AB$48:$AD$65,3,FALSE),IF(AND(J24="CU",J23=$AB$5,J25="4x"),VLOOKUP(J26,$AB$67:$AD$84,3,FALSE),IF(AND(J24="CU",J23=$AB$5,J25="5x"),VLOOKUP(J26,$AB$86:$AD$103,3,FALSE),IF(AND(J24="CU",J23=$AF$5,J25="1x"),VLOOKUP(J26,$AF$10:$AH$27,3,FALSE),IF(AND(J24="CU",J23=$AF$5,J25="2x"),VLOOKUP(J26,$AF$29:$AH$46,3,FALSE),IF(AND(J24="CU",J23=$AF$5,J25="3x"),VLOOKUP(J26,$AF$48:$AH$65,3,FALSE),IF(AND(J24="CU",J23=$AF$5,J25="4x"),VLOOKUP(J26,$AF$67:$AH$84,3,FALSE),IF(AND(J24="CU",J23=$AF$5,J25="5x"),VLOOKUP(J26,$AF$86:$AH$103,3,FALSE),IF(AND(J24="CU",J23=$AJ$5,J25="1x"),VLOOKUP(J26,$AJ$10:$AL$27,3,FALSE),IF(AND(J24="CU",J23=$AJ$5,J25="2x"),VLOOKUP(J26,$AJ$29:$AL$46,3,FALSE),IF(AND(J24="CU",J23=$AJ$5,J25="3x"),VLOOKUP(J26,$AJ$48:$AL$65,3,FALSE),IF(AND(J24="CU",J23=$AJ$5,J25="4x"),VLOOKUP(J26,$AJ$67:$AL$84,3,FALSE),IF(AND(J24="CU",J23=$AJ$5,J25="5x"),VLOOKUP(J26,$AJ$86:$AL$103,3,FALSE),IF(AND(J24="CU",J23=$AN$5,J25="1x"),VLOOKUP(J26,$AN$10:$AP$27,3,FALSE),IF(AND(J24="CU",J23=$AN$5,J25="2x"),VLOOKUP(J26,$AN$29:$AP$46,3,FALSE),IF(AND(J24="CU",J23=$AN$5,J25="3x"),VLOOKUP(J26,$AN$48:$AP$65,3,FALSE),IF(AND(J24="CU",J23=$AN$5,J25="4x"),VLOOKUP(J26,$AN$67:$AP$84,3,FALSE),IF(AND(J24="CU",J23=$AN$5,J25="5x"),VLOOKUP(J26,$AN$86:$AP$103,3,FALSE),IF(AND(J24="CU",J23=$AR$5,J25="1x"),VLOOKUP(J26,$AR$10:$AT$27,3,FALSE),IF(AND(J24="CU",J23=$AR$5,J25="2x"),VLOOKUP(J26,$AR$29:$AT$46,3,FALSE),IF(AND(J24="CU",J23=$AR$5,J25="3x"),VLOOKUP(J26,$AR$48:$AT$65,3,FALSE),IF(AND(J24="CU",J23=$AR$5,J25="4x"),VLOOKUP(J26,$AR$67:$AT$84,3,FALSE),IF(AND(J24="CU",J23=$AR$5,J25="5x"),VLOOKUP(J26,$AR$86:$AT$103,3,FALSE),IF(AND(J24="AL",J23=$AB$5,J25="4x"),VLOOKUP(J26,$AB$113:$AD$123,3,FALSE),IF(AND(J24="AL",J23=$AB$5,J25="5x"),VLOOKUP(J26,$AB$125:$AD$135,3,FALSE),IF(AND(J24="AL",J23=$AF$5,J25="4x"),VLOOKUP(J26,$AF$113:$AH$123,3,FALSE),IF(AND(J24="AL",J23=$AF$5,J25="5x"),VLOOKUP(J26,$AF$125:$AH$135,3,FALSE),IF(AND(J24="AL",J23=$AJ$5,J25="4x"),VLOOKUP(J26,$AJ$113:$AL$123,3,FALSE),IF(AND(J24="AL",J23=$AJ$5,J25="5x"),VLOOKUP(J26,$AJ$125:$AL$135,3,FALSE),IF(AND(J24="AL",J23=$AN$5,J25="4x"),VLOOKUP(J26,$AN$113:$AP$123,3,FALSE),IF(AND(J24="AL",J23=$AN$5,J25="5x"),VLOOKUP(J26,$AN$125:$AP$135,3,FALSE),IF(AND(J24="AL",J23=$AR$5,J25="4x"),VLOOKUP(J26,$AR$113:$AT$123,3,FALSE),IF(AND(J24="AL",J23=$AR$5,J25="5x"),VLOOKUP(J26,$AR$125:$AT$135,3,FALSE)))))))))))))))))))))))))))))))))))) -> 0.095 | M33: X | N33: =N26 -> 0 | Q33: X | R33: =R26 -> 0 | AB33: 4 | AC33: 4.61 | AD33: 0.096 | AF33: 4 | AG33: 4.61 | AH33: 0.089 | AJ33: 4 | AN33: 4 | AR33: 4
A34: Z70° | B34: =SQRT(((1.5*B32)^2)+(B33^2)) -> 11.115406 | E34: Z70° | F34: =SQRT(((1.5*F32)^2)+(F33^2)) -> 1.7270929 | I34: Z70° | J34: =SQRT(((1.5*J32)^2)+(J33^2)) -> 11.115406 | M34: Z70° | N34: =IF(N25="","",IMABS(COMPLEX((1.5*N25),N26,"i"))) | Q34: Z70° | R34: =IF(R25="","",IMABS(COMPLEX((1.5*R25),R26,"i"))) | AB34: 6 | AC34: 3.08 | AD34: 0.093 | AF34: 6 | AG34: 3.08 | AH34: 0.087 | AJ34: 6 | AN34: 6 | AR34: 6
A35: Ð 70° | B35: =DEGREES(IMARGUMENT(COMPLEX(1.5*B32,B33,"j"))) -> 0.48969559 | E35: Ð 70° | F35: =DEGREES(IMARGUMENT(COMPLEX(1.5*F32,F33,"j"))) -> 2.8209886 | I35: Ð 70° | J35: =DEGREES(IMARGUMENT(COMPLEX(1.5*J32,J33,"j"))) -> 0.48969559 | M35: Ð 70° | N35: =IF(N26="","",DEGREES(ACOS(((1.5*N25)/N34)))) | Q35: Ð 70° | R35: =IF(R26="","",DEGREES(ACOS(((1.5*R25)/R34)))) | AB35: 10 | AC35: 1.83 | AD35: 0.083 | AF35: 10 | AG35: 1.83 | AH35: 0.082 | AJ35: 10 | AN35: 10 | AR35: 10
A36: Indtastning | B36: =IF(B32+B33>0.0000000001,"OK","Fejl") -> OK | F36: =IF(F32+F33>0.0000000001,"OK","Fejl") -> OK | J36: =IF(J32+J33>0.0000000001,"OK","Fejl") -> OK | N36: =IF(N32+N33>0.0000000001,"OK","Fejl") -> Fejl | R36: =IF(R32+R33>0.0000000001,"OK","Fejl") -> Fejl | AB36: 16 | AC36: 1.15 | AD36: 0.086 | AF36: 16 | AG36: 1.15 | AH36: 0.078 | AJ36: 16 | AN36: 16 | AR36: 16
AB37: 25 | AC37: 0.727 | AD37: 0.085 | AF37: 25 | AG37: 0.727 | AH37: 0.079 | AJ37: 25 | AN37: 25 | AR37: 25
AB38: 35 | AC38: 0.525 | AD38: 0.073 | AF38: 35 | AG38: 0.525 | AH38: 0.074 | AJ38: 35 | AN38: 35 | AR38: 35
AB39: 50 | AC39: 0.388 | AD39: 0.073 | AF39: 50 | AJ39: 50 | AN39: 50 | AR39: 50
AB40: 70 | AC40: 0.269 | AD40: 0.072 | AF40: 70 | AJ40: 70 | AN40: 70 | AR40: 70
AB41: 95 | AC41: 0.194 | AD41: 0.07 | AF41: 95 | AJ41: 95 | AN41: 95 | AR41: 95
AB42: 120 | AC42: 0.155 | AD42: 0.07 | AF42: 120 | AJ42: 120 | AN42: 120 | AR42: 120
AB43: 150 | AC43: 0.126 | AD43: 0.07 | AF43: 150 | AJ43: 150 | AN43: 150 | AR43: 150
AB44: 185 | AC44: 0.1017 | AD44: 0.07 | AF44: 185 | AJ44: 185 | AN44: 185 | AR44: 185
AB45: 240 | AC45: 0.0787 | AD45: 0.07 | AF45: 240 | AJ45: 240 | AN45: 240 | AR45: 240
AB46: 300 | AF46: 300 | AJ46: 300 | AN46: 300 | AR46: 300
AB47: 3x | AC47: R | AD47: X | AF47: 3x | AG47: R | AH47: X | AJ47: 3x | AK47: R | AL47: X | AN47: 3x | AO47: R | AP47: X | AR47: 3x | AS47: R | AT47: X
AB48: 0.75 | AF48: 0.75 | AJ48: 0.75 | AK48: 26 | AL48: 0.111 | AN48: 0.75 | AR48: 0.75
AB49: 1 | AF49: 1 | AJ49: 1 | AK49: 19.5 | AL49: 0.105 | AN49: 1 | AR49: 1
AB50: 1.5 | AC50: 12.1 | AD50: 0.108 | AF50: 1.5 | AG50: 12.1 | AH50: 0.103 | AJ50: 1.5 | AK50: 13.3 | AL50: 0.107 | AN50: 1.5 | AR50: 1.5 | AS50: 12.1 | AT50: 0.129
AB51: 2.5 | AC51: 7.41 | AD51: 0.099 | AF51: 2.5 | AG51: 7.41 | AH51: 0.095 | AJ51: 2.5 | AK51: 7.98 | AL51: 0.103 | AN51: 2.5 | AR51: 2.5 | AS51: 7.41 | AT51: 0.119
AB52: 4 | AC52: 4.61 | AD52: 0.096 | AF52: 4 | AG52: 4.61 | AH52: 0.089 | AJ52: 4 | AK52: 4.95 | AL52: 0.1 | AN52: 4 | AR52: 4 | AS52: 4.61 | AT52: 0.111
AB53: 6 | AC53: 3.08 | AD53: 0.093 | AF53: 6 | AG53: 3.08 | AH53: 0.087 | AJ53: 6 | AK53: 3.3 | AL53: 0.099 | AN53: 6 | AR53: 6 | AS53: 3.08 | AT53: 0.109
AB54: 10 | AC54: 1.83 | AD54: 0.083 | AF54: 10 | AG54: 1.83 | AH54: 0.082 | AJ54: 10 | AK54: 1.91 | AL54: 0.093 | AN54: 10 | AR54: 10 | AS54: 1.83 | AT54: 0.103
AB55: 16 | AC55: 1.15 | AD55: 0.086 | AF55: 16 | AG55: 1.15 | AH55: 0.078 | AJ55: 16 | AK55: 1.21 | AL55: 0.09 | AN55: 16 | AR55: 16 | AS55: 1.15 | AT55: 0.098
AB56: 25 | AC56: 0.727 | AD56: 0.085 | AF56: 25 | AG56: 0.727 | AH56: 0.079 | AJ56: 25 | AK56: 0.7803 | AL56: 0.086 | AN56: 25 | AR56: 25 | AS56: 0.727 | AT56: 0.099
AB57: 35 | AC57: 0.525 | AD57: 0.073 | AF57: 35 | AG57: 0.525 | AH57: 0.074 | AJ57: 35 | AK57: 0.5545 | AL57: 0.086 | AN57: 35 | AR57: 35 | AS57: 0.525 | AT57: 0.093
AB58: 50 | AC58: 0.388 | AD58: 0.073 | AF58: 50 | AJ58: 50 | AN58: 50 | AR58: 50
AB59: 70 | AC59: 0.269 | AD59: 0.072 | AF59: 70 | AJ59: 70 | AN59: 70 | AR59: 70
A60: CU 1 | AB60: 95 | AC60: 0.194 | AD60: 0.07 | AF60: 95 | AJ60: 95 | AN60: 95 | AR60: 95
A61: 0.75 | B61: 1 | C61: 1 | D61: 1 | F61: CU | G61: NOIK | AB61: 120 | AC61: 0.155 | AD61: 0.07 | AF61: 120 | AJ61: 120 | AN61: 120 | AR61: 120
A62: 1 | B62: 3 | C62: 4 | D62: 2 | F62: AL | G62: NOIKLX | AB62: 150 | AC62: 0.126 | AD62: 0.07 | AF62: 150 | AJ62: 150 | AN62: 150 | AR62: 150
A63: 1.5 | B63: 4 | C63: 5 | D63: 3 | G63: Gummi- og plast | AB63: 185 | AC63: 0.1017 | AD63: 0.07 | AF63: 185 | AJ63: 185 | AN63: 185 | AR63: 185
A64: 2.5 | B64: 5 | D64: 4 | G64: NOIKLX reduceret PE | AB64: 240 | AC64: 0.0787 | AD64: 0.07 | AF64: 240 | AJ64: 240 | AN64: 240 | AR64: 240
A65: 4 | D65: 5 | G65: Armeret | AB65: 300 | AF65: 300 | AJ65: 300 | AN65: 300 | AR65: 300
A66: 6 | AB66: 4x | AC66: R | AD66: X | AF66: 4x | AG66: R | AH66: X | AJ66: 4x | AK66: R | AL66: X | AN66: 4x | AO66: R | AP66: X | AR66: 4x | AS66: R | AT66: X
A67: 10 | F67: Ja | AB67: 0.75 | AF67: 0.75 | AJ67: 0.75 | AK67: 26 | AL67: 0.118 | AN67: 0.75 | AR67: 0.75
A68: 16 | F68: Nej | AB68: 1 | AF68: 1 | AJ68: 1 | AK68: 19.5 | AL68: 0.113 | AN68: 1 | AR68: 1
A69: 25 | AB69: 1.5 | AC69: 12.1 | AD69: 0.115 | AF69: 1.5 | AG69: 12.1 | AH69: 0.11 | AJ69: 1.5 | AK69: 13.3 | AL69: 0.114 | AN69: 1.5 | AR69: 1.5 | AS69: 12.1 | AT69: 0.138
A70: 35 | AB70: 2.5 | AC70: 7.41 | AD70: 0.107 | AF70: 2.5 | AG70: 7.41 | AH70: 0.102 | AJ70: 2.5 | AK70: 7.98 | AL70: 0.111 | AN70: 2.5 | AR70: 2.5 | AS70: 7.41 | AT70: 0.128
A71: 50 | AB71: 4 | AC71: 4.61 | AD71: 0.103 | AF71: 4 | AG71: 4.61 | AH71: 0.096 | AJ71: 4 | AK71: 4.95 | AL71: 0.108 | AN71: 4 | AR71: 4 | AS71: 4.61 | AT71: 0.12
A72: 70 | AB72: 6 | AC72: 3.08 | AD72: 0.1 | AF72: 6 | AG72: 3.08 | AH72: 0.094 | AJ72: 6 | AK72: 3.3 | AL72: 0.106 | AN72: 6 | AR72: 6 | AS72: 3.08 | AT72: 0.118
A73: 95 | AB73: 10 | AC73: 1.83 | AD73: 0.09 | AF73: 10 | AG73: 1.83 | AH73: 0.089 | AJ73: 10 | AK73: 1.91 | AL73: 0.1 | AN73: 10 | AR73: 10 | AS73: 1.83 | AT73: 0.111
A74: 120 | AB74: 16 | AC74: 1.15 | AD74: 0.093 | AF74: 16 | AG74: 1.15 | AH74: 0.085 | AJ74: 16 | AK74: 1.21 | AL74: 0.097 | AN74: 16 | AO74: 1.15 | AP74: 0.18 | AR74: 16 | AS74: 1.15 | AT74: 0.106
A75: 150 | AB75: 25 | AC75: 0.727 | AD75: 0.092 | AF75: 25 | AG75: 0.727 | AH75: 0.086 | AJ75: 25 | AK75: 0.7803 | AL75: 0.094 | AN75: 25 | AO75: 0.727 | AP75: 0.173 | AR75: 25 | AS75: 0.727 | AT75: 0.108
A76: 185 | AB76: 35 | AC76: 0.525 | AD76: 0.08 | AF76: 35 | AG76: 0.525 | AH76: 0.082 | AJ76: 35 | AK76: 0.5545 | AL76: 0.093 | AN76: 35 | AO76: 0.525 | AP76: 0.165 | AR76: 35 | AS76: 0.525 | AT76: 0.103
A77: 240 | AB77: 50 | AC77: 0.388 | AD77: 0.08 | AF77: 50 | AG77: 0.388 | AH77: 0.084 | AJ77: 50 | AK77: 0.3868 | AL77: 0.093 | AN77: 50 | AO77: 0.388 | AP77: 0.161 | AR77: 50 | AS77: 0.388 | AT77: 0.105
A78: 300 | AB78: 70 | AC78: 0.269 | AD78: 0.079 | AF78: 70 | AG78: 0.269 | AH78: 0.081 | AJ78: 70 | AK78: 0.2732 | AL78: 0.091 | AN78: 70 | AO78: 0.269 | AP78: 0.154 | AR78: 70 | AS78: 0.269 | AT78: 0.101
AB79: 95 | AC79: 0.194 | AD79: 0.077 | AF79: 95 | AG79: 0.194 | AH79: 0.082 | AJ79: 95 | AK79: 0.2076 | AL79: 0.093 | AN79: 95 | AO79: 0.194 | AP79: 0.144 | AR79: 95 | AS79: 0.194 | AT79: 0.103
AB80: 120 | AC80: 0.155 | AD80: 0.077 | AF80: 120 | AG80: 0.155 | AH80: 0.082 | AJ80: 120 | AK80: 0.163 | AL80: 0.09 | AN80: 120 | AO80: 0.155 | AP80: 0.144 | AR80: 120 | AS80: 0.155 | AT80: 0.103
AB81: 150 | AC81: 0.126 | AD81: 0.077 | AF81: 150 | AG81: 0.126 | AH81: 0.084 | AJ81: 150 | AK81: 0.1315 | AL81: 0.089 | AN81: 150 | AO81: 0.126 | AP81: 0.145 | AR81: 150
AB82: 185 | AC82: 0.1017 | AD82: 0.077 | AF82: 185 | AG82: 0.1017 | AH82: 0.082 | AJ82: 185 | AK82: 0.1091 | AL82: 0.089 | AN82: 185 | AO82: 0.1017 | AP82: 0.143 | AR82: 185
AB83: 240 | AC83: 0.0787 | AD83: 0.077 | AF83: 240 | AG83: 0.0787 | AH83: 0.083 | AJ83: 240 | AK83: 0.0841 | AL83: 0.09 | AN83: 240 | AO83: 0.0787 | AP83: 0.141 | AR83: 240
AB84: 300 | AF84: 300 | AJ84: 300 | AK84: 0.0691 | AL84: 0.089 | AN84: 300 | AR84: 300
AB85: 5x | AC85: R | AD85: X | AF85: 5x | AG85: R | AH85: X | AJ85: 5x | AK85: R | AL85: X | AN85: 5x | AO85: R | AP85: X | AR85: 5x | AS85: R | AT85: X
AB86: 0.75 | AF86: 0.75 | AJ86: 0.75 | AK86: 26 | AL86: 0.131 | AN86: 0.75 | AR86: 0.75
AB87: 1 | AF87: 1 | AJ87: 1 | AK87: 19.5 | AL87: 0.126 | AN87: 1 | AR87: 1
AB88: 1.5 | AC88: 12.1 | AD88: 0.128 | AF88: 1.5 | AG88: 12.1 | AH88: 0.113 | AJ88: 1.5 | AK88: 13.3 | AL88: 0.128 | AN88: 1.5 | AR88: 1.5 | AS88: 12.1 | AT88: 0.141
AB89: 2.5 | AC89: 7.41 | AD89: 0.12 | AF89: 2.5 | AG89: 7.41 | AH89: 0.105 | AJ89: 2.5 | AK89: 7.98 | AL89: 0.124 | AN89: 2.5 | AR89: 2.5 | AS89: 7.41 | AT89: 0.131
AB90: 4 | AC90: 4.61 | AD90: 0.117 | AF90: 4 | AG90: 4.61 | AH90: 0.099 | AJ90: 4 | AK90: 4.95 | AL90: 0.121 | AN90: 4 | AR90: 4 | AS90: 4.61 | AT90: 0.124
AB91: 6 | AC91: 3.08 | AD91: 0.114 | AF91: 6 | AG91: 3.08 | AH91: 0.097 | AJ91: 6 | AK91: 3.3 | AL91: 0.119 | AN91: 6 | AR91: 6 | AS91: 3.08 | AT91: 0.121
AB92: 10 | AC92: 1.83 | AD92: 0.104 | AF92: 10 | AG92: 1.83 | AH92: 0.092 | AJ92: 10 | AK92: 1.91 | AL92: 0.114 | AN92: 10 | AR92: 10 | AS92: 1.83 | AT92: 0.115
AB93: 16 | AC93: 1.15 | AD93: 0.107 | AF93: 16 | AG93: 1.15 | AH93: 0.088 | AJ93: 16 | AK93: 1.21 | AL93: 0.111 | AN93: 16 | AR93: 16 | AS93: 1.15 | AT93: 0.11
AB94: 25 | AC94: 0.727 | AD94: 0.106 | AF94: 25 | AG94: 0.727 | AH94: 0.089 | AJ94: 25 | AK94: 0.7803 | AL94: 0.107 | AN94: 25 | AR94: 25 | AS94: 0.727 | AT94: 0.111
AB95: 35 | AC95: 0.525 | AD95: 0.094 | AF95: 35 | AG95: 0.525 | AH95: 0.085 | AJ95: 35 | AN95: 35 | AR95: 35 | AS95: 0.525 | AT95: 0.106
AB96: 50 | AF96: 50 | AJ96: 50 | AN96: 50 | AR96: 50
AB97: 70 | AF97: 70 | AJ97: 70 | AN97: 70 | AR97: 70
AB98: 95 | AF98: 95 | AJ98: 95 | AN98: 95 | AR98: 95
AB99: 120 | AF99: 120 | AJ99: 120 | AN99: 120 | AR99: 120
AB100: 150 | AF100: 150 | AJ100: 150 | AN100: 150 | AR100: 150
AB101: 185 | AF101: 185 | AJ101: 185 | AN101: 185 | AR101: 185
...

Sheet IKmax IKmin
B2: Beregning af IKmax
AG3: Transformer | AH3: =Transformer!AB44 -> 0,0137 ∠68,78 | AJ3: =Transformer!AA44 -> 0,004944+0,0127309678649966i
AG4: Oplyst kortslutning | AH4: =Transformer!AB72 -> #DIV/0! | AJ4: =Transformer!AA72 -> #DIV/0!
D5: Transformer | H5: W1 | J5: W3 | AG5: =Kabeldata!B4 -> W1 | AH5: =Kabeludskrift!AE6 -> 0,002753 ∠44,37 | AJ5: =Kabeludskrift!AD6 -> 0,0019675+0,001925i
AG6: =Kabeldata!F4 -> W2 | AH6: =Kabeludskrift!AE9 -> 0,012922 ∠7,2 | AJ6: =Kabeludskrift!AD9 -> 0,01282+0,00162i
AG7: =Kabeldata!J4 -> W3 | AH7: =Kabeludskrift!AE12 -> 0,013534 ∠10,21 | AJ7: =Kabeludskrift!AD12 -> 0,01332+0,0024i
B8: IKmax3f | D8: = | E8: UN | S8: ⇒ | AG8: =Kabeldata!N4 -> W4 | AH8: =Kabeludskrift!AE15 -> 0,009625 ∠4,15 | AJ8: =Kabeludskrift!AD15 -> 0,0096+0,000696i
E9: ="√3 · ("&IF(D5="Transformer","ΣZ̅N3f",IF(D5="Oplyst kortslutning","Z̅Nmax",""))&IF(H5="",""," + Z̅"&H5&"max")&IF(J5="",""," + Z̅"&J5&"max")&IF(L5="",""," + Z̅"&L5&"max")&IF(N5="",""," + Z̅"&N5&"max")&IF(P5="",""," + Z̅"&P5&"max")&IF(R5="",""," + Z̅"&R5&"max")&")" -> √3 · (ΣZ̅N3f + Z̅W1max + Z̅W3max) | W9: N | X9: 1 | Y9: 2 | Z9: 3 | AA9: 4 | AB9: 5 | AC9: 6 | AD9: Sum | AG9: =Kabeldata!R4 -> 0 | AH9: =Kabeludskrift!AE18 -> 0,073128 ∠6,2 | AJ9: =Kabeludskrift!AD18 -> 0,0727+0,0079i
W10: =IF(D5="Transformer",AJ3,IF(D5="Oplyst kortslutning",AJ4,"0")) -> 0,004944+0,0127309678649966i | X10: =IF(H5="","0",VLOOKUP(H5,AG5:AJ14,4,FALSE)) -> 0,0019675+0,001925i | Y10: =IF(J5="","0",VLOOKUP(J5,AG5:AJ14,4,FALSE)) -> 0,01332+0,0024i | Z10: =IF(L5="","0",VLOOKUP(L5,AG5:AJ14,4,FALSE)) -> 0 | AA10: =IF(N5="","0",VLOOKUP(N5,AG5:AJ14,4,FALSE)) -> 0 | AB10: =IF(P5="","0",VLOOKUP(P5,AG5:AJ14,4,FALSE)) -> 0 | AC10: =IF(R5="","0",VLOOKUP(R5,AG5:AJ14,4,FALSE)) -> 0 | AD10: =IMSUM(W10:AC10) -> 0,0202315+0,0170559678649966i | AG10: =Kabeldata!B22 -> 0 | AH10: =Kabeludskrift!AE21 -> 0,079294 ∠0,73 | AJ10: =Kabeludskrift!AD21 -> 0,079287+0,0010165i
C11: 400 | T11: = | U11: =ROUND(AB12,2)&"kA" -> 8,73kA | AB11: kA | AC11: Ikmax | AD11: grader | AG11: =Kabeldata!F22 -> 0 | AH11: =Kabeludskrift!AE24 -> 0,002306 ∠4,23 | AJ11: =Kabeludskrift!AD24 -> 0,0023+0,00017i
C12: ="√3 · ("&IF(D5="Transformer",AH3,IF(D5="Oplyst kortslutning",AH4,""))&")"&IF(H5="","","+("&VLOOKUP(H5,AG5:AH14,2,FALSE)&")"&IF(J5="","","+("&VLOOKUP(J5,AG5:AH14,2,FALSE)&")"&IF(L5="","","+("&VLOOKUP(L5,AG5:AH14,2,FALSE)&")"&IF(N5="","","+("&VLOOKUP(N5,AG5:AH14,2,FALSE)&")"&IF(P5="","","+("&VLOOKUP(P5,AG5:AH14,2,FALSE)&")"&IF(R5="","","+("&VLOOKUP(R5,AG5:AH14,2,FALSE)&")")))))) -> √3 · (0,0137 ∠68,78)+(0,002753 ∠44,37)+(0,013534 ∠10,21) | AB12: =AC12/1000 -> 8.7273466 | AC12: =400/(SQRT(3)*IMABS(AD10)) -> 8727.3466 | AD12: =ROUND(DEGREES(IMARGUMENT(AD10)),2) -> 40.13 | AG12: =Kabeldata!J22 -> 0 | AH12: =Kabeludskrift!AE27 -> 0,284197 ∠0,73 | AJ12: =Kabeludskrift!AD27 -> 0,2841735+0,00364325i
AG13: =Kabeldata!N22 -> 0 | AH13: =Kabeludskrift!AE30 -> #DIV/0! | AJ13: =Kabeludskrift!AD30 -> 0
AG14: =Kabeldata!R22 -> 0 | AH14: =Kabeludskrift!AE33 -> #DIV/0! | AJ14: =Kabeludskrift!AD33 -> #DIV/0!
B15: Beregning af Ikmin
AL17: R | AM17: X
C18: Navn | F18: Z̅ | L18: η | N18: Z̅*η | AF18: Z̅N+T3f | AG18: Transformer | AH18: =Transformer!AB44 -> 0,0137 ∠68,78 | AJ18: =Transformer!AA44 -> 0,004944+0,0127309678649966i | AL18: =Transformer!X44 -> 0.004944 | AM18: =Transformer!Y44 -> 0.012730968
C19: Z̅ | D19: W1min | F19: =IF(D19="","","("&VLOOKUP(D19,$AG$20:$AJ$30,2,FALSE)&")") -> (0,003524 ∠33,12) | K19: =IF(D19="","","·") -> · | L19: 2 | M19: =IF(D19="","","=") -> = | N19: =IF(D19="","","("&AA19&"°) Ω") -> (0,007047 ∠33,12°) Ω | W19: =IF(D19="","0",VLOOKUP(D19,$AG$20:$AJ$30,4,FALSE)) -> 0,00295125+0,001925i | Y19: =COMPLEX(IMREAL(W19)*L19,IMAGINARY(W19)*L19,"i") -> 0,0059025+0,00385i | AA19: =IF(D19="","0",ROUND(IMABS(Y19),6)&" ∠"&ROUND(DEGREES(IMARGUMENT(Y19)),2)) -> 0,007047 ∠33,12 | AF19: Z̅N+T2f | AG19: Transformer 2f | AH19: =Transformer!AB46 -> 0,0158 ∠68,78 | AJ19: =Transformer!AA46 -> 0,00570883946174702+0,0147004554478005i | AL19: =Transformer!X46 -> 0.0057088395 | AM19: =Transformer!Y46 -> 0.014700455
C20: Z̅ | D20: W2min | F20: =IF(D20="","","("&VLOOKUP(D20,$AG$20:$AJ$30,2,FALSE)&")") -> (0,019298 ∠4,82) | K20: =IF(D20="","","·") -> · | L20: 0 | M20: =IF(D20="","","=") -> = | N20: =IF(D20="","","("&AA20&"°) Ω") -> #DIV/0! | W20: =IF(D20="","0",VLOOKUP(D20,$AG$20:$AJ$30,4,FALSE)) -> 0,01923+0,00162i | Y20: =COMPLEX(IMREAL(W20)*L20,IMAGINARY(W20)*L20,"i") -> 0 | AA20: =IF(D20="","0",ROUND(IMABS(Y20),6)&" ∠"&ROUND(DEGREES(IMARGUMENT(Y20)),2)) -> #DIV/0! | AG20: Oplyst kortslutning | AH20: =Transformer!AB84 -> #DIV/0! | AJ20: =Transformer!AA84 -> #DIV/0!
C21: Z̅ | F21: =IF(D21="","","("&VLOOKUP(D21,$AG$20:$AJ$30,2,FALSE)&")") | K21: =IF(D21="","","·") | L21: 1 | M21: =IF(D21="","","=") | N21: =IF(D21="","","("&AA21&"°) Ω") | W21: =IF(D21="","0",VLOOKUP(D21,$AG$20:$AJ$30,4,FALSE)) -> 0 | Y21: =COMPLEX(IMREAL(W21)*L21,IMAGINARY(W21)*L21,"i") -> 0 | AA21: =IF(D21="","0",ROUND(IMABS(Y21),6)&" ∠"&ROUND(DEGREES(IMARGUMENT(Y21)),2)) -> 0 | AG21: =Kabeldata!B4&"min" -> W1min | AH21: =Kabeludskrift!AE41 -> 0,003524 ∠33,12 | AJ21: =Kabeludskrift!AD41 -> 0,00295125+0,001925i | AL21: =IMREAL(AJ21) -> 0.00295125 | AM21: =IMAGINARY(AJ21) -> 0.001925
C22: Z̅ | F22: =IF(D22="","","("&VLOOKUP(D22,$AG$20:$AJ$30,2,FALSE)&")") | K22: =IF(D22="","","·") | L22: 1 | M22: =IF(D22="","","=") | N22: =IF(D22="","","("&AA22&"°) Ω") | W22: =IF(D22="","0",VLOOKUP(D22,$AG$20:$AJ$30,4,FALSE)) -> 0 | Y22: =COMPLEX(IMREAL(W22)*L22,IMAGINARY(W22)*L22,"i") -> 0 | AA22: =IF(D22="","0",ROUND(IMABS(Y22),6)&" ∠"&ROUND(DEGREES(IMARGUMENT(Y22)),2)) -> 0 | AG22: =Kabeldata!F4&"min" -> W2min | AH22: =Kabeludskrift!AE44 -> 0,019298 ∠4,82 | AJ22: =Kabeludskrift!AD44 -> 0,01923+0,00162i | AL22: =IMREAL(AJ22) -> 0.01923 | AM22: =IMAGINARY(AJ22) -> 0.00162
C23: Z̅ | F23: =IF(D23="","","("&VLOOKUP(D23,$AG$20:$AJ$30,2,FALSE)&")") | K23: =IF(D23="","","·") | L23: 1 | M23: =IF(D23="","","=") | N23: =IF(D23="","","("&AA23&"°) Ω") | W23: =IF(D23="","0",VLOOKUP(D23,$AG$20:$AJ$30,4,FALSE)) -> 0 | Y23: =COMPLEX(IMREAL(W23)*L23,IMAGINARY(W23)*L23,"i") -> 0 | AA23: =IF(D23="","0",ROUND(IMABS(Y23),6)&" ∠"&ROUND(DEGREES(IMARGUMENT(Y23)),2)) -> 0 | AG23: =Kabeldata!J4&"min" -> W3min | AH23: =Kabeludskrift!AE47 -> 0,016822 ∠8,2 | AJ23: =Kabeludskrift!AD47 -> 0,01665+0,0024i | AL23: =IMREAL(AJ23) -> 0.01665 | AM23: =IMAGINARY(AJ23) -> 0.0024
C24: Z̅ | F24: =IF(D24="","","("&VLOOKUP(D24,$AG$20:$AJ$30,2,FALSE)&")") | K24: =IF(D24="","","·") | M24: =IF(D24="","","=") | N24: =IF(D24="","","("&AA24&"°) Ω") | W24: =IF(D24="","0",VLOOKUP(D24,$AG$20:$AJ$30,4,FALSE)) -> 0 | Y24: =COMPLEX(IMREAL(W24)*L24,IMAGINARY(W24)*L24,"i") -> 0 | AA24: =IF(D24="","0",ROUND(IMABS(Y24),6)&" ∠"&ROUND(DEGREES(IMARGUMENT(Y24)),2)) -> 0 | AG24: =Kabeldata!N4&"min" -> W4min | AH24: =Kabeludskrift!AE50 -> 0,014417 ∠2,77 | AJ24: =Kabeludskrift!AD50 -> 0,0144+0,000696i | AL24: =IMREAL(AJ24) -> 0.0144 | AM24: =IMAGINARY(AJ24) -> 0.000696
C25: Z̅ | F25: =IF(D25="","","("&VLOOKUP(D25,$AG$20:$AJ$30,2,FALSE)&")") | K25: =IF(D25="","","·") | M25: =IF(D25="","","=") | N25: =IF(D25="","","("&AA25&"°) Ω") | W25: =IF(D25="","0",VLOOKUP(D25,$AG$20:$AJ$30,4,FALSE)) -> 0 | Y25: =COMPLEX(IMREAL(W25)*L25,IMAGINARY(W25)*L25,"i") -> 0 | AA25: =IF(D25="","0",ROUND(IMABS(Y25),6)&" ∠"&ROUND(DEGREES(IMARGUMENT(Y25)),2)) -> 0 | AG25: =Kabeldata!R4&"min" -> min | AH25: =Kabeludskrift!AE53 -> 0,109336 ∠4,14 | AJ25: =Kabeludskrift!AD53 -> 0,10905+0,0079i | AL25: =IMREAL(AJ25) -> 0.10905 | AM25: =IMAGINARY(AJ25) -> 0.0079
C26: Z̅ | F26: =IF(D26="","","("&VLOOKUP(D26,$AG$20:$AJ$30,2,FALSE)&")") | K26: =IF(D26="","","·") | M26: =IF(D26="","","=") | N26: =IF(D26="","","("&AA26&"°) Ω") | W26: =IF(D26="","0",VLOOKUP(D26,$AG$20:$AJ$30,4,FALSE)) -> 0 | Y26: =COMPLEX(IMREAL(W26)*L26,IMAGINARY(W26)*L26,"i") -> 0 | AA26: =IF(D26="","0",ROUND(IMABS(Y26),6)&" ∠"&ROUND(DEGREES(IMARGUMENT(Y26)),2)) -> 0 | AG26: =Kabeldata!B22&"min" -> min | AH26: =Kabeludskrift!AE56 -> 0,118935 ∠0,49 | AJ26: =Kabeludskrift!AD56 -> 0,1189305+0,0010165i | AL26: =IMREAL(AJ26) -> 0.1189305 | AM26: =IMAGINARY(AJ26) -> 0.0010165
C27: Z̅ | F27: =IF(D27="","","("&VLOOKUP(D27,$AG$20:$AJ$30,2,FALSE)&")") | K27: =IF(D27="","","·") | M27: =IF(D27="","","=") | N27: =IF(D27="","","("&AA27&"°) Ω") | W27: =IF(D27="","0",VLOOKUP(D27,$AG$20:$AJ$30,4,FALSE)) -> 0 | Y27: =COMPLEX(IMREAL(W27)*L27,IMAGINARY(W27)*L27,"i") -> 0 | AA27: =IF(D27="","0",ROUND(IMABS(Y27),6)&" ∠"&ROUND(DEGREES(IMARGUMENT(Y27)),2)) -> 0 | AG27: =Kabeldata!F22&"min" -> min | AH27: =Kabeludskrift!AE59 -> 0,00288 ∠3,38 | AJ27: =Kabeludskrift!AD59 -> 0,002875+0,00017i | AL27: =IMREAL(AJ27) -> 0.002875 | AM27: =IMAGINARY(AJ27) -> 0.00017
C28: Z̅ | F28: =IF(D28="","","("&VLOOKUP(D28,$AG$20:$AJ$30,2,FALSE)&")") | K28: =IF(D28="","","·") | M28: =IF(D28="","","=") | N28: =IF(D28="","","("&AA28&"°) Ω") | W28: =IF(D28="","0",VLOOKUP(D28,$AG$20:$AJ$30,4,FALSE)) -> 0 | Y28: =COMPLEX(IMREAL(W28)*L28,IMAGINARY(W28)*L28,"i") -> 0 | AA28: =IF(D28="","0",ROUND(IMABS(Y28),6)&" ∠"&ROUND(DEGREES(IMARGUMENT(Y28)),2)) -> 0 | AG28: =Kabeldata!J22&"min" -> min | AH28: =Kabeludskrift!AE62 -> 0,426276 ∠0,49 | AJ28: =Kabeludskrift!AD62 -> 0,42626025+0,00364325i | AL28: =IMREAL(AJ28) -> 0.42626025 | AM28: =IMAGINARY(AJ28) -> 0.00364325
C29: Z̅ | F29: =IF(D29="","","("&VLOOKUP(D29,$AG$20:$AJ$30,2,FALSE)&")") | K29: =IF(D29="","","·") | M29: =IF(D29="","","=") | N29: =IF(D29="","","("&AA29&"°) Ω") | W29: =IF(D29="","0",VLOOKUP(D29,$AG$20:$AJ$30,4,FALSE)) -> 0 | Y29: =COMPLEX(IMREAL(W29)*L29,IMAGINARY(W29)*L29,"i") -> 0 | AA29: =IF(D29="","0",ROUND(IMABS(Y29),6)&" ∠"&ROUND(DEGREES(IMARGUMENT(Y29)),2)) -> 0 | AG29: =Kabeldata!N22&"min" -> min | AH29: =Kabeludskrift!AE65 -> #DIV/0! | AJ29: =Kabeludskrift!AD65 -> 0 | AL29: =IMREAL(AJ29) -> 0 | AM29: =IMAGINARY(AJ29) -> 0
K30: ΣZ̅IKmin = | N30: ="("&AA30&"°) Ω" -> (0,007047 ∠33,12°) Ω | W30: =IMSUM(W19:W29) -> 0,02218125+0,003545i | X30: =IF(W30="0","",ROUND(IMABS(W30),6)&" ∠"&ROUND(DEGREES(IMARGUMENT(W30)),2)) -> 0,022463 ∠9,08 | Y30: =IMSUM(Y19:Y29) -> 0,0059025+0,00385i | AA30: =ROUND(IMABS(Y30),6)&" ∠"&ROUND(DEGREES(IMARGUMENT(Y30)),2) -> 0,007047 ∠33,12 | AG30: =Kabeldata!R22&"min" -> min | AH30: =Kabeludskrift!AE68 -> #DIV/0! | AJ30: =Kabeludskrift!AD68 -> #DIV/0! | AL30: =IMREAL(AJ30) -> #DIV/0! | AM30: =IMAGINARY(AJ30) -> #DIV/0!
C33: Ikmin1f = | E33: UN | J33: ⇒ | K33: =400 -> 400 | T33: = | U33: =ROUND(AA33/1000,2)&"kA" -> 11,66kA | Y33: =IF(D5="Transformer",AJ18,AJ20) -> 0,004944+0,0127309678649966i | AA33: =400/(SQRT(3)*IMABS(IMSUM(Y33,Y30))) -> 11655.691
E34: ="√3 · ("&IF(D5="Transformer","ΣZ̅N3f",IF(D5="Oplyst kortslutning","Z̅Nmin",""))&" + ΣZ̅Ikmin)" -> √3 · (ΣZ̅N3f + ΣZ̅Ikmin) | K34: ="√3 · "&IF(D5="Transformer",IF(Y30="0","("&AH18&")","(("&AH18&") + ("&AA30&"))"),IF(Y30="0","("&AH20&")","(("&AH20&") + ("&AA30&"))")) -> √3 · ((0,0137 ∠68,78) + (0,007047 ∠33,12))
C36: Ikmin2f = | E36: UN | J36: ⇒ | K36: =400 -> 400 | T36: = | U36: =ROUND(AA38/1000,2)&"kA" -> 12,01kA | Y36: =IF(D5="Transformer",AJ18,AJ19) -> 0,004944+0,0127309678649966i
E37: ="2 · ("&IF(D5="Transformer","ΣZ̅N3f",IF(D5="Oplyst kortslutning","Z̅Nmin",""))&" + ΣZ̅Ikmin)" -> 2 · (ΣZ̅N3f + ΣZ̅Ikmin) | K37: =IF(D5="Transformer",IF(Y30="0","2 · ("&AH18&")","((2 · ("&AH18&")) + ("&AA30&"))"),IF(Y30="0","2 · ("&AH20&")","((2 · ("&AH20&")) + ("&AA30&"))")) -> ((2 · (0,0137 ∠68,78)) + (0,007047 ∠33,12)) | Y37: =COMPLEX(IMREAL(Y36)*2,IMAGINARY(Y36)*2,"i") -> 0,009888+0,0254619357299932i
Y38: =IMSUM(Y37,Y30) -> 0,0157905+0,0293119357299932i | AA38: =400/IMABS(Y38) -> 12013.965

Sheet Spændingsfald
B2: Spændingsfald | AH2: 230
AH3: R | AI3: X | AJ3: Z | AK3: Z̅̅ | AL3: polar | AN3: Længde | AO3: parallelle | AP3: IB | AQ3: vinkel | AR3: Ibvinkel | AS3: Resultat | AT3: cos | AU3: sin
B4: Kabelnavn | F4: IB · (1,25 · Rkabel · cosϕIB + Xkabel · sinϕIB) | Q4: ΔUf
B5: ΔUf | C5: W1 | E5: = | F5: =IF(C5="","",ROUND(VLOOKUP(C5,$X$10:$AD$19,2,FALSE),2)&" · (1,25 · "&ROUND(VLOOKUP(C5,$X$10:$AD$19,5,FALSE),4)&" · "&ROUND(VLOOKUP(C5,$X$10:$AD$19,3,FALSE),2)&" + "&ROUND(VLOOKUP(C5,$X$10:$AD$19,6,FALSE),4)&" · "&ROUND(VLOOKUP(C5,$X$10:$AD$19,4,FALSE),2)&")") -> 483,15 · (1,25 · 0,002 · 0,99 + 0,0019 · 0,17) | P5: = | Q5: =IF(C5="","",ROUND(VLOOKUP(C5,$X$10:$AD$19,7,FALSE),2)&" V") -> 1,33 V | V5: =IF(C5="","0",(VLOOKUP(C5,$X$10:$AD$19,7,FALSE))) -> 1.329089 | AG5: =Kabeldata!B4 -> W1 | AH5: =Kabeldata!B14 -> 0.0787 | AI5: =Kabeldata!B15 -> 0.077 | AJ5: =SQRT(AH5^2+AI5^2) -> 0.11010309 | AK5: =COMPLEX(AH5,AI5,) -> 0,0787+0,077i | AL5: =ROUND(IMABS(COMPLEX(AH5,AI5,"j")),6)&" ∠"&ROUND(DEGREES(IMARGUMENT(COMPLEX(AH5,AI5,"j"))),2) -> 0,110103 ∠44,37 | AN5: =Kabeldata!B9 -> 75 | AO5: =Kabeldata!B10 -> 3 | AP5: =Kabeldata!B11 -> 483.15 | AQ5: =Kabeldata!D11 -> 9.79 | AT5: =COS(RADIANS(AQ5)) -> 0.98543759 | AU5: =SIN(RADIANS(AQ5)) -> 0.17003751
B6: ΔUf | C6: W3 | E6: = | F6: =IF(C6="","",ROUND(VLOOKUP(C6,$X$10:$AD$19,2,FALSE),2)&" · (1,25 · "&ROUND(VLOOKUP(C6,$X$10:$AD$19,5,FALSE),4)&" · "&ROUND(VLOOKUP(C6,$X$10:$AD$19,3,FALSE),2)&" + "&ROUND(VLOOKUP(C6,$X$10:$AD$19,6,FALSE),4)&" · "&ROUND(VLOOKUP(C6,$X$10:$AD$19,4,FALSE),2)&")") -> 215,81 · (1,25 · 0,0133 · 0,96 + 0,0024 · 0,28) | P6: = | Q6: =IF(C6="","",ROUND(VLOOKUP(C6,$X$10:$AD$19,7,FALSE),2)&" V") -> 3,59 V | V6: =IF(C6="","0",(VLOOKUP(C6,$X$10:$AD$19,7,FALSE))) -> 3.5930981 | AH6: =(AN5*(1.25*AH5)/AO6) -> 0.002459375 | AI6: =(AN5*AI5)/AO6 -> 0.001925 | AJ6: =SQRT(AH6^2+AI6^2) -> 0.0031231635 | AK6: =COMPLEX(AH6,AI6,) -> 0,002459375+0,001925i | AL6: =ROUND(IMABS(COMPLEX(AH6,AI6,"j")),6)&" ∠"&ROUND(DEGREES(IMARGUMENT(COMPLEX(AH6,AI6,"j"))),2) -> 0,003123 ∠38,05 | AO6: =1000*AO5 -> 3000 | AP6: =AP5*COS(RADIANS(-AQ5)) -> 476.11417 | AQ6: =AP5*SIN(RADIANS(-AQ5)) -> -82.153623 | AR6: =COMPLEX(AP6,AQ6,) -> 476,114171916027-82,1536231746083i | AS6: =$AH$2-(IMABS(IMSUB($AH$2,IMPRODUCT(AR6,AK6)))) -> 1.3279728
B7: ΔUf | C7: W4 | E7: = | F7: =IF(C7="","",ROUND(VLOOKUP(C7,$X$10:$AD$19,2,FALSE),2)&" · (1,25 · "&ROUND(VLOOKUP(C7,$X$10:$AD$19,5,FALSE),4)&" · "&ROUND(VLOOKUP(C7,$X$10:$AD$19,3,FALSE),2)&" + "&ROUND(VLOOKUP(C7,$X$10:$AD$19,6,FALSE),4)&" · "&ROUND(VLOOKUP(C7,$X$10:$AD$19,4,FALSE),2)&")") -> 80 · (1,25 · 0,0096 · 0,98 + 0,0007 · 0,2) | P7: = | Q7: =IF(C7="","",ROUND(VLOOKUP(C7,$X$10:$AD$19,7,FALSE),2)&" V") -> 0,95 V | V7: =IF(C7="","0",(VLOOKUP(C7,$X$10:$AD$19,7,FALSE))) -> 0.95187623
B8: ΔUf | E8: = | F8: =IF(C8="","",ROUND(VLOOKUP(C8,$X$10:$AD$19,2,FALSE),2)&" · (1,25 · "&ROUND(VLOOKUP(C8,$X$10:$AD$19,5,FALSE),4)&" · "&ROUND(VLOOKUP(C8,$X$10:$AD$19,3,FALSE),2)&" + "&ROUND(VLOOKUP(C8,$X$10:$AD$19,6,FALSE),4)&" · "&ROUND(VLOOKUP(C8,$X$10:$AD$19,4,FALSE),2)&")") | P8: = | Q8: =IF(C8="","",ROUND(VLOOKUP(C8,$X$10:$AD$19,7,FALSE),2)&" V") | V8: =IF(C8="","0",(VLOOKUP(C8,$X$10:$AD$19,7,FALSE))) -> 0 | AG8: =Kabeldata!F4 -> W2 | AH8: =Kabeldata!F14 -> 0.641 | AI8: =Kabeldata!F15 -> 0.081 | AJ8: =SQRT(AH8^2+AI8^2) -> 0.64609752 | AK8: =COMPLEX(AH8,AI8,) -> 0,641+0,081i | AL8: =ROUND(IMABS(COMPLEX(AH8,AI8,"j")),6)&" ∠"&ROUND(DEGREES(IMARGUMENT(COMPLEX(AH8,AI8,"j"))),2) -> 0,646098 ∠7,2 | AN8: =Kabeldata!F9 -> 20 | AO8: =Kabeldata!F10 -> 1 | AP8: =Kabeldata!F11 -> 143.1 | AQ8: =Kabeldata!H11 -> 25.19 | AT8: =COS(RADIANS(AQ8)) -> 0.90490135 | AU8: =SIN(RADIANS(AQ8)) -> 0.42562136
B9: ΔUf | E9: = | F9: =IF(C9="","",ROUND(VLOOKUP(C9,$X$10:$AD$19,2,FALSE),2)&" · (1,25 · "&ROUND(VLOOKUP(C9,$X$10:$AD$19,5,FALSE),4)&" · "&ROUND(VLOOKUP(C9,$X$10:$AD$19,3,FALSE),2)&" + "&ROUND(VLOOKUP(C9,$X$10:$AD$19,6,FALSE),4)&" · "&ROUND(VLOOKUP(C9,$X$10:$AD$19,4,FALSE),2)&")") | P9: = | Q9: =IF(C9="","",ROUND(VLOOKUP(C9,$X$10:$AD$19,7,FALSE),2)&" V") | V9: =IF(C9="","0",(VLOOKUP(C9,$X$10:$AD$19,7,FALSE))) -> 0 | Y9: IB | Z9: Cos | AA9: Sin | AB9: R | AC9: X | AD9: DeltaU | AH9: =(AN8*(1.25*AH8)/AO9) -> 0.016025 | AI9: =(AN8*AI8)/AO9 -> 0.00162 | AJ9: =SQRT(AH9^2+AI9^2) -> 0.016106676 | AK9: =COMPLEX(AH9,AI9,) -> 0,016025+0,00162i | AL9: =ROUND(IMABS(COMPLEX(AH9,AI9,"j")),6)&" ∠"&ROUND(DEGREES(IMARGUMENT(COMPLEX(AH9,AI9,"j"))),2) -> 0,016107 ∠5,77 | AO9: =1000*AO8 -> 1000 | AP9: =AP8*COS(RADIANS(-AQ8)) -> 129.49138 | AQ9: =AP8*SIN(RADIANS(-AQ8)) -> -60.906417 | AR9: =COMPLEX(AP9,AQ9,) -> 129,49138335523-60,9064170408093i | AS9: =$AH$2-(IMABS(IMSUB($AH$2,IMPRODUCT(AR9,AK9)))) -> 2.1724793
B10: ΔUf | E10: = | F10: =IF(C10="","",ROUND(VLOOKUP(C10,$X$10:$AD$19,2,FALSE),2)&" · (1,25 · "&ROUND(VLOOKUP(C10,$X$10:$AD$19,5,FALSE),4)&" · "&ROUND(VLOOKUP(C10,$X$10:$AD$19,3,FALSE),2)&" + "&ROUND(VLOOKUP(C10,$X$10:$AD$19,6,FALSE),4)&" · "&ROUND(VLOOKUP(C10,$X$10:$AD$19,4,FALSE),2)&")") | P10: = | Q10: =IF(C10="","",ROUND(VLOOKUP(C10,$X$10:$AD$19,7,FALSE),2)&" V") | V10: =IF(C10="","0",(VLOOKUP(C10,$X$10:$AD$19,7,FALSE))) -> 0 | X10: =Kabeldata!$B$4 -> W1 | Y10: =AP5 -> 483.15 | Z10: =AT5 -> 0.98543759 | AA10: =AU5 -> 0.17003751 | AB10: =(AH5*AN5)/(AO5*1000) -> 0.0019675 | AC10: =(AI5*AN5)/(AO5*1000) -> 0.001925 | AD10: =Y10*(1.25*AB10*Z10+AC10*AA10) -> 1.329089
B11: ΔUf | E11: = | F11: =IF(C11="","",ROUND(VLOOKUP(C11,$X$10:$AD$19,2,FALSE),2)&" · (1,25 · "&ROUND(VLOOKUP(C11,$X$10:$AD$19,5,FALSE),4)&" · "&ROUND(VLOOKUP(C11,$X$10:$AD$19,3,FALSE),2)&" + "&ROUND(VLOOKUP(C11,$X$10:$AD$19,6,FALSE),4)&" · "&ROUND(VLOOKUP(C11,$X$10:$AD$19,4,FALSE),2)&")") | P11: = | Q11: =IF(C11="","",ROUND(VLOOKUP(C11,$X$10:$AD$19,7,FALSE),2)&" V") | V11: =IF(C11="","0",(VLOOKUP(C11,$X$10:$AD$19,7,FALSE))) -> 0 | X11: =Kabeldata!$F$4 -> W2 | Y11: =AP8 -> 143.1 | Z11: =AT8 -> 0.90490135 | AA11: =AU8 -> 0.42562136 | AB11: =(AH8*AN8)/(AO8*1000) -> 0.01282 | AC11: =(AI8*AN8)/(AO8*1000) -> 0.00162 | AD11: =Y11*(1.25*AB11*Z11+AC11*AA11) -> 2.1737678 | AG11: =Kabeldata!J4 -> W3 | AH11: =Kabeldata!J14 -> 0.444 | AI11: =Kabeldata!J15 -> 0.08 | AJ11: =SQRT(AH11^2+AI11^2) -> 0.45114964 | AK11: =COMPLEX(AH11,AI11,) -> 0,444+0,08i | AL11: =ROUND(IMABS(COMPLEX(AH11,AI11,"j")),6)&" ∠"&ROUND(DEGREES(IMARGUMENT(COMPLEX(AH11,AI11,"j"))),2) -> 0,45115 ∠10,21 | AN11: =Kabeldata!J9 -> 30 | AO11: =Kabeldata!J10 -> 1 | AP11: =Kabeldata!J11 -> 215.81 | AQ11: =Kabeldata!L11 -> 16.42 | AT11: =COS(RADIANS(AQ11)) -> 0.95921536 | AU11: =SIN(RADIANS(AQ11)) -> 0.2826763
B12: ΔUf | E12: = | F12: =IF(C12="","",ROUND(VLOOKUP(C12,$X$10:$AD$19,2,FALSE),2)&" · (1,25 · "&ROUND(VLOOKUP(C12,$X$10:$AD$19,5,FALSE),4)&" · "&ROUND(VLOOKUP(C12,$X$10:$AD$19,3,FALSE),2)&" + "&ROUND(VLOOKUP(C12,$X$10:$AD$19,6,FALSE),4)&" · "&ROUND(VLOOKUP(C12,$X$10:$AD$19,4,FALSE),2)&")") | P12: = | Q12: =IF(C12="","",ROUND(VLOOKUP(C12,$X$10:$AD$19,7,FALSE),2)&" V") | V12: =IF(C12="","0",(VLOOKUP(C12,$X$10:$AD$19,7,FALSE))) -> 0 | X12: =Kabeldata!$J$4 -> W3 | Y12: =AP11 -> 215.81 | Z12: =AT11 -> 0.95921536 | AA12: =AU11 -> 0.2826763 | AB12: =(AH11*AN11)/(AO11*1000) -> 0.01332 | AC12: =(AI11*AN11)/(AO11*1000) -> 0.0024 | AD12: =Y12*(1.25*AB12*Z12+AC12*AA12) -> 3.5930981 | AH12: =(AN11*(1.25*AH11)/AO12) -> 0.01665 | AI12: =(AN11*AI11)/AO12 -> 0.0024 | AJ12: =SQRT(AH12^2+AI12^2) -> 0.016822084 | AK12: =COMPLEX(AH12,AI12,) -> 0,01665+0,0024i | AL12: =ROUND(IMABS(COMPLEX(AH12,AI12,"j")),6)&" ∠"&ROUND(DEGREES(IMARGUMENT(COMPLEX(AH12,AI12,"j"))),2) -> 0,016822 ∠8,2 | AO12: =1000*AO11 -> 1000 | AP12: =AP11*COS(RADIANS(-AQ11)) -> 207.00827 | AQ12: =AP11*SIN(RADIANS(-AQ11)) -> -61.004373 | AR12: =COMPLEX(AP12,AQ12,) -> 207,008266914236-61,0043730331227i | AS12: =$AH$2-(IMABS(IMSUB($AH$2,IMPRODUCT(AR12,AK12)))) -> 3.5925035
B13: ΔUf | E13: = | F13: =IF(C13="","",ROUND(VLOOKUP(C13,$X$10:$AD$19,2,FALSE),2)&" · (1,25 · "&ROUND(VLOOKUP(C13,$X$10:$AD$19,5,FALSE),4)&" · "&ROUND(VLOOKUP(C13,$X$10:$AD$19,3,FALSE),2)&" + "&ROUND(VLOOKUP(C13,$X$10:$AD$19,6,FALSE),4)&" · "&ROUND(VLOOKUP(C13,$X$10:$AD$19,4,FALSE),2)&")") | P13: = | Q13: =IF(C13="","",ROUND(VLOOKUP(C13,$X$10:$AD$19,7,FALSE),2)&" V") | V13: =IF(C13="","0",(VLOOKUP(C13,$X$10:$AD$19,7,FALSE))) -> 0 | X13: =Kabeldata!$N$4 -> W4 | Y13: =AP14 -> 80 | Z13: =AT14 -> 0.97999424 | AA13: =AU14 -> 0.19902586 | AB13: =(AH14*AN14)/(AO14*1000) -> 0.0096 | AC13: =(AI14*AN14)/(AO14*1000) -> 0.000696 | AD13: =Y13*(1.25*AB13*Z13+AC13*AA13) -> 0.95187623
B14: ΔUf | E14: = | F14: =IF(C14="","",ROUND(VLOOKUP(C14,$X$10:$AD$19,2,FALSE),2)&" · (1,25 · "&ROUND(VLOOKUP(C14,$X$10:$AD$19,5,FALSE),4)&" · "&ROUND(VLOOKUP(C14,$X$10:$AD$19,3,FALSE),2)&" + "&ROUND(VLOOKUP(C14,$X$10:$AD$19,6,FALSE),4)&" · "&ROUND(VLOOKUP(C14,$X$10:$AD$19,4,FALSE),2)&")") | P14: = | Q14: =IF(C14="","",ROUND(VLOOKUP(C14,$X$10:$AD$19,7,FALSE),2)&" V") | V14: =IF(C14="","0",(VLOOKUP(C14,$X$10:$AD$19,7,FALSE))) -> 0 | X14: =Kabeldata!$R$4 -> 0 | Y14: =AP17 -> 10 | Z14: =AT17 -> 1 | AA14: =AU17 -> 0 | AB14: =(AH17*AN17)/(AO17*1000) -> 0.0727 | AC14: =(AI17*AN17)/(AO17*1000) -> 0.0079 | AD14: =Y14*(1.25*AB14*Z14+AC14*AA14) -> 0.90875 | AG14: =Kabeldata!N4 -> W4 | AH14: =Kabeldata!N14 -> 1.2 | AI14: =Kabeldata!N15 -> 0.087 | AJ14: =SQRT(AH14^2+AI14^2) -> 1.2031496 | AK14: =COMPLEX(AH14,AI14,) -> 1,2+0,087i | AL14: =ROUND(IMABS(COMPLEX(AH14,AI14,"j")),6)&" ∠"&ROUND(DEGREES(IMARGUMENT(COMPLEX(AH14,AI14,"j"))),2) -> 1,20315 ∠4,15 | AN14: =Kabeldata!N9 -> 8 | AO14: =Kabeldata!N10 -> 1 | AP14: =Kabeldata!N11 -> 80 | AQ14: =Kabeldata!P11 -> 11.48 | AT14: =COS(RADIANS(AQ14)) -> 0.97999424 | AU14: =SIN(RADIANS(AQ14)) -> 0.19902586
B15: ΔUf | E15: = | F15: =IF(C15="","",ROUND(VLOOKUP(C15,$X$10:$AD$19,2,FALSE),2)&" · (1,25 · "&ROUND(VLOOKUP(C15,$X$10:$AD$19,5,FALSE),4)&" · "&ROUND(VLOOKUP(C15,$X$10:$AD$19,3,FALSE),2)&" + "&ROUND(VLOOKUP(C15,$X$10:$AD$19,6,FALSE),4)&" · "&ROUND(VLOOKUP(C15,$X$10:$AD$19,4,FALSE),2)&")") | P15: = | Q15: =IF(C15="","",ROUND(VLOOKUP(C15,$X$10:$AD$19,7,FALSE),2)&" V") | V15: =IF(C15="","0",(VLOOKUP(C15,$X$10:$AD$19,7,FALSE))) -> 0 | X15: =Kabeldata!$B$22 -> 0 | Y15: =AP20 -> 6 | Z15: =AT20 -> 1 | AA15: =AU20 -> 0 | AB15: =(AH20*AN20)/(AO20*1000) -> 0.079287 | AC15: =(AI20*AN20)/(AO20*1000) -> 0.0010165 | AD15: =Y15*(1.25*AB15*Z15+AC15*AA15) -> 0.5946525 | AH15: =(AN14*(1.25*AH14)/AO15) -> 0.012 | AI15: =(AN14*AI14)/AO15 -> 0.000696 | AJ15: =SQRT(AH15^2+AI15^2) -> 0.012020167 | AK15: =COMPLEX(AH15,AI15,) -> 0,012+0,000696i | AL15: =ROUND(IMABS(COMPLEX(AH15,AI15,"j")),6)&" ∠"&ROUND(DEGREES(IMARGUMENT(COMPLEX(AH15,AI15,"j"))),2) -> 0,01202 ∠3,32 | AO15: =1000*AO14 -> 1000 | AP15: =AP14*COS(RADIANS(-AQ14)) -> 78.399539 | AQ15: =AP14*SIN(RADIANS(-AQ14)) -> -15.922069 | AR15: =COMPLEX(AP15,AQ15,) -> 78,3995389965248-15,9220691222087i | AS15: =$AH$2-(IMABS(IMSUB($AH$2,IMPRODUCT(AR15,AK15)))) -> 0.95183556
M16: ΣΔUf | P16: = | Q16: =ROUND(V16,2)&" V" -> 5,87 V | V16: =SUM(V5:V15) -> 5.8740634 | X16: =Kabeldata!$F$22 -> 0 | Y16: =AP23 -> 63 | Z16: =AT23 -> 1 | AA16: =AU23 -> 0 | AB16: =(AH23*AN23)/(AO23*1000) -> 0.0023 | AC16: =(AI23*AN23)/(AO23*1000) -> 0.00017 | AD16: =Y16*(1.25*AB16*Z16+AC16*AA16) -> 0.181125
B17: ΣΔU% | E17: = | F17: ΣΔUf · 100 | I17: ⇒ | J17: =ROUND(V16,2)&" · 100" -> 5,87 · 100 | P17: = | Q17: =ROUND(V17,2)&" %" -> 2,55 % | V17: =(V16*100)/230 -> 2.5539406 | X17: =Kabeldata!$J$22 -> 0 | Y17: =AP26 -> 10 | Z17: =AT26 -> 1 | AA17: =AU26 -> 0 | AB17: =(AH26*AN26)/(AO26*1000) -> 0.2841735 | AC17: =(AI26*AN26)/(AO26*1000) -> 0.00364325 | AD17: =Y17*(1.25*AB17*Z17+AC17*AA17) -> 3.5521687 | AG17: =Kabeldata!R4 -> 0 | AH17: =Kabeldata!R14 -> 0.727 | AI17: =Kabeldata!R15 -> 0.079 | AJ17: =SQRT(AH17^2+AI17^2) -> 0.7312797 | AK17: =COMPLEX(AH17,AI17,) -> 0,727+0,079i | AL17: =ROUND(IMABS(COMPLEX(AH17,AI17,"j")),6)&" ∠"&ROUND(DEGREES(IMARGUMENT(COMPLEX(AH17,AI17,"j"))),2) -> 0,73128 ∠6,2 | AN17: =Kabeldata!R9 -> 100 | AO17: =Kabeldata!R10 -> 1 | AP17: =Kabeldata!R11 -> 10 | AQ17: =Kabeldata!T11 -> 0 | AT17: =COS(RADIANS(AQ17)) -> 1 | AU17: =SIN(RADIANS(AQ17)) -> 0
F18: Uf | J18: 230 | X18: =Kabeldata!$N$22 -> 0 | Y18: =AP29 -> 250 | Z18: =AT29 -> 0.92050485 | AA18: =AU29 -> 0.39073113 | AB18: =(AH29*AN29)/(AO29*1000) -> 0 | AC18: =(AI29*AN29)/(AO29*1000) -> 0 | AD18: =Y18*(1.25*AB18*Z18+AC18*AA18) -> 0 | AH18: =(AN17*(1.25*AH17)/AO18) -> 0.090875 | AI18: =(AN17*AI17)/AO18 -> 0.0079 | AJ18: =SQRT(AH18^2+AI18^2) -> 0.091217737 | AK18: =COMPLEX(AH18,AI18,) -> 0,090875+0,0079i | AL18: =ROUND(IMABS(COMPLEX(AH18,AI18,"j")),6)&" ∠"&ROUND(DEGREES(IMARGUMENT(COMPLEX(AH18,AI18,"j"))),2) -> 0,091218 ∠4,97 | AO18: =1000*AO17 -> 1000 | AP18: =AP17*COS(RADIANS(-AQ17)) -> 10 | AQ18: =AP17*SIN(RADIANS(-AQ17)) -> 0 | AR18: =COMPLEX(AP18,AQ18,) -> 10 | AS18: =$AH$2-(IMABS(IMSUB($AH$2,IMPRODUCT(AR18,AK18)))) -> 0.90873638
X19: =Kabeldata!$R$22 -> 0 | Y19: =AP32 -> 250 | Z19: =AT32 -> 0.92050485 | AA19: =AU32 -> 0.39073113 | AB19: =(AH32*AN32)/(AO32*1000) -> #DIV/0! | AC19: =(AI32*AN32)/(AO32*1000) -> #DIV/0! | AD19: =Y19*(1.25*AB19*Z19+AC19*AA19) -> #DIV/0!
AG20: =Kabeldata!B21 -> Nej | AH20: =Kabeldata!B32 -> 7.41 | AI20: =Kabeldata!B33 -> 0.095 | AJ20: =SQRT(AH20^2+AI20^2) -> 7.4106089 | AK20: =COMPLEX(AH20,AI20,) -> 7,41+0,095i | AL20: =ROUND(IMABS(COMPLEX(AH20,AI20,"j")),6)&" ∠"&ROUND(DEGREES(IMARGUMENT(COMPLEX(AH20,AI20,"j"))),2) -> 7,410609 ∠0,73 | AN20: =Kabeldata!B27 -> 10.7 | AO20: =Kabeldata!B28 -> 1 | AP20: =Kabeldata!B29 -> 6 | AQ20: =Kabeldata!D29 -> 0 | AT20: =COS(RADIANS(AQ20)) -> 1 | AU20: =SIN(RADIANS(AQ20)) -> 0
AH21: =(AN20*(1.25*AH20)/AO21) -> 0.09910875 | AI21: =(AN20*AI20)/AO21 -> 0.0010165 | AJ21: =SQRT(AH21^2+AI21^2) -> 0.099113963 | AK21: =COMPLEX(AH21,AI21,) -> 0,09910875+0,0010165i | AL21: =ROUND(IMABS(COMPLEX(AH21,AI21,"j")),6)&" ∠"&ROUND(DEGREES(IMARGUMENT(COMPLEX(AH21,AI21,"j"))),2) -> 0,099114 ∠0,59 | AO21: =1000*AO20 -> 1000 | AP21: =AP20*COS(RADIANS(-AQ20)) -> 6 | AQ21: =AP20*SIN(RADIANS(-AQ20)) -> 0 | AR21: =COMPLEX(AP21,AQ21,) -> 6 | AS21: =$AH$2-(IMABS(IMSUB($AH$2,IMPRODUCT(AR21,AK21)))) -> 0.59465242
AG23: =Kabeldata!F22 -> 0 | AH23: =Kabeldata!F32 -> 1.15 | AI23: =Kabeldata!F33 -> 0.085 | AJ23: =SQRT(AH23^2+AI23^2) -> 1.153137 | AK23: =COMPLEX(AH23,AI23,) -> 1,15+0,085i | AL23: =ROUND(IMABS(COMPLEX(AH23,AI23,"j")),6)&" ∠"&ROUND(DEGREES(IMARGUMENT(COMPLEX(AH23,AI23,"j"))),2) -> 1,153137 ∠4,23 | AN23: =Kabeldata!F27 -> 2 | AO23: =Kabeldata!F28 -> 1 | AP23: =Kabeldata!F29 -> 63 | AQ23: =Kabeldata!H29 -> 0 | AT23: =COS(RADIANS(AQ23)) -> 1 | AU23: =SIN(RADIANS(AQ23)) -> 0
AH24: =(AN23*(1.25*AH23)/AO24) -> 0.002875 | AI24: =(AN23*AI23)/AO24 -> 0.00017 | AJ24: =SQRT(AH24^2+AI24^2) -> 0.0028800217 | AK24: =COMPLEX(AH24,AI24,) -> 0,002875+0,00017i | AL24: =ROUND(IMABS(COMPLEX(AH24,AI24,"j")),6)&" ∠"&ROUND(DEGREES(IMARGUMENT(COMPLEX(AH24,AI24,"j"))),2) -> 0,00288 ∠3,38 | AO24: =1000*AO23 -> 1000 | AP24: =AP23*COS(RADIANS(-AQ23)) -> 63 | AQ24: =AP23*SIN(RADIANS(-AQ23)) -> 0 | AR24: =COMPLEX(AP24,AQ24,) -> 63 | AS24: =$AH$2-(IMABS(IMSUB($AH$2,IMPRODUCT(AR24,AK24)))) -> 0.18112475
B26: Spændingsfald | AG26: =Kabeldata!J22 -> 0 | AH26: =Kabeldata!J32 -> 7.41 | AI26: =Kabeldata!J33 -> 0.095 | AJ26: =SQRT(AH26^2+AI26^2) -> 7.4106089 | AK26: =COMPLEX(AH26,AI26,) -> 7,41+0,095i | AL26: =ROUND(IMABS(COMPLEX(AH26,AI26,"j")),6)&" ∠"&ROUND(DEGREES(IMARGUMENT(COMPLEX(AH26,AI26,"j"))),2) -> 7,410609 ∠0,73 | AN26: =Kabeldata!J27 -> 38.35 | AO26: =Kabeldata!J28 -> 1 | AP26: =Kabeldata!J29 -> 10 | AQ26: =Kabeldata!L29 -> 0 | AT26: =COS(RADIANS(AQ26)) -> 1 | AU26: =SIN(RADIANS(AQ26)) -> 0
AH27: =(AN26*(1.25*AH26)/AO27) -> 0.35521687 | AI27: =(AN26*AI26)/AO27 -> 0.00364325 | AJ27: =SQRT(AH27^2+AI27^2) -> 0.35523556 | AK27: =COMPLEX(AH27,AI27,) -> 0,355216875+0,00364325i | AL27: =ROUND(IMABS(COMPLEX(AH27,AI27,"j")),6)&" ∠"&ROUND(DEGREES(IMARGUMENT(COMPLEX(AH27,AI27,"j"))),2) -> 0,355236 ∠0,59 | AO27: =1000*AO26 -> 1000 | AP27: =AP26*COS(RADIANS(-AQ26)) -> 10 | AQ27: =AP26*SIN(RADIANS(-AQ26)) -> 0 | AR27: =COMPLEX(AP27,AQ27,) -> 10 | AS27: =$AH$2-(IMABS(IMSUB($AH$2,IMPRODUCT(AR27,AK27)))) -> 3.5521658
B28: Kabelnavn | F28: Uf -| U̅f - ( I̅B * Z̅ ) | | Q28: ΔUf | V28: IB | W28: Cos | X28: Sin | Y28: R | Z28: X | AA28: DeltaU1 | AB28: DeltaU2 | AC28: Delta U
B29: ΔUf | C29: -TW1 | E29: = | F29: =IF(C29="","","230 - |(230 ∠ 0) - (("&VLOOKUP(C29,$X$10:$Y$19,2,FALSE)&") · ("&VLOOKUP(C29,$X$10:$Z$19,3,FALSE)&"))|") -> #N/A | P29: = | Q29: =IF(C29="","",ROUND(VLOOKUP(C29,$X$10:$AA$19,4,FALSE),2)&" V") -> #N/A | V29: =IF(C29="","0",(VLOOKUP(C29,$V$46:$AA$56,2,FALSE))) -> #N/A | W29: =IF(C29="","0",(VLOOKUP(C29,$V$47:$AA$56,3,FALSE))) -> #N/A | X29: =IF(C29="","0",(VLOOKUP(C29,$V$47:$AA$56,4,FALSE))) -> #N/A | Y29: =IF(C29="","0",(VLOOKUP(C29,$V$47:$AA$56,5,FALSE))) -> #N/A | Z29: =IF(C29="","0",(VLOOKUP(C29,$V$47:$AA$56,6,FALSE))) -> #N/A | AA29: =VLOOKUP(AI40,AH45:AI1045,1,TRUE) -> 230 | AB29: =VLOOKUP(AA29,AH45:AI1045,2,FALSE) -> 230 | AC29: =AA29-AB29 -> 0 | AG29: =Kabeldata!N22 -> 0 | AH29: =Kabeldata!N32 -> 0 | AI29: =Kabeldata!N33 -> 0 | AJ29: =SQRT(AH29^2+AI29^2) -> 0 | AK29: =COMPLEX(AH29,AI29,) -> 0 | AL29: =ROUND(IMABS(COMPLEX(AH29,AI29,"j")),6)&" ∠"&ROUND(DEGREES(IMARGUMENT(COMPLEX(AH29,AI29,"j"))),2) -> #DIV/0! | AN29: =Kabeldata!N27 -> 0 | AO29: =Kabeldata!N28 -> 1 | AP29: =Kabeldata!N29 -> 250 | AQ29: =Kabeldata!P29 -> 23 | AT29: =COS(RADIANS(AQ29)) -> 0.92050485 | AU29: =SIN(RADIANS(AQ29)) -> 0.39073113
B30: ΔUf | C30: -W3_W1 | E30: = | F30: =IF(C30="","","230 - |(230 ∠ 0) - (("&VLOOKUP(C30,$X$10:$Y$19,2,FALSE)&") · ("&VLOOKUP(C30,$X$10:$Z$19,3,FALSE)&"))|") -> #N/A | P30: = | Q30: =IF(C30="","",ROUND(VLOOKUP(C30,$X$10:$AA$19,4,FALSE),2)&" V") -> #N/A | V30: =IF(C30="","0",(VLOOKUP(C30,$V$47:$AA$56,2,FALSE))) -> #N/A | W30: =IF(C30="","0",(VLOOKUP(C30,$V$47:$AA$56,3,FALSE))) -> #N/A | X30: =IF(C30="","0",(VLOOKUP(C30,$V$47:$AA$56,4,FALSE))) -> #N/A | Y30: =IF(C30="","0",(VLOOKUP(C30,$V$47:$AA$56,5,FALSE))) -> #N/A | Z30: =IF(C30="","0",(VLOOKUP(C30,$V$47:$AA$56,6,FALSE))) -> #N/A | AH30: =(AN29*(1.25*AH29)/AO30) -> 0 | AI30: =(AN29*AI29)/AO30 -> 0 | AJ30: =SQRT(AH30^2+AI30^2) -> 0 | AK30: =COMPLEX(AH30,AI30,) -> 0 | AL30: =ROUND(IMABS(COMPLEX(AH30,AI30,"j")),6)&" ∠"&ROUND(DEGREES(IMARGUMENT(COMPLEX(AH30,AI30,"j"))),2) -> #DIV/0! | AO30: =1000*AO29 -> 1000 | AP30: =AP29*COS(RADIANS(-AQ29)) -> 230.12621 | AQ30: =AP29*SIN(RADIANS(-AQ29)) -> -97.682782 | AR30: =COMPLEX(AP30,AQ30,) -> 230,12621336311-97,6827821223184i | AS30: =$AH$2-(IMABS(IMSUB($AH$2,IMPRODUCT(AR30,AK30)))) -> 0
B31: ΔUf | C31: -W3_W2 | E31: = | F31: =IF(C31="","","230 - |(230 ∠ 0) - (("&VLOOKUP(C31,$X$10:$Y$19,2,FALSE)&") · ("&VLOOKUP(C31,$X$10:$Z$19,3,FALSE)&"))|") -> #N/A | P31: = | Q31: =IF(C31="","",ROUND(VLOOKUP(C31,$X$10:$AA$19,4,FALSE),2)&" V") -> #N/A | V31: =IF(C31="","0",(VLOOKUP(C31,$V$47:$AA$56,2,FALSE))) -> #N/A | W31: =IF(C31="","0",(VLOOKUP(C31,$V$47:$AA$56,3,FALSE))) -> #N/A | X31: =IF(C31="","0",(VLOOKUP(C31,$V$47:$AA$56,4,FALSE))) -> #N/A | Y31: =IF(C31="","0",(VLOOKUP(C31,$V$47:$AA$56,5,FALSE))) -> #N/A | Z31: =IF(C31="","0",(VLOOKUP(C31,$V$47:$AA$56,6,FALSE))) -> #N/A
B32: ΔUf | E32: = | F32: =IF(C32="","","230 - |(230 ∠ 0) - (("&VLOOKUP(C32,$X$10:$Y$19,2,FALSE)&") · ("&VLOOKUP(C32,$X$10:$Z$19,3,FALSE)&"))|") | P32: = | Q32: =IF(C32="","",ROUND(VLOOKUP(C32,$X$10:$AA$19,4,FALSE),2)&" V") | V32: =IF(C32="","0",(VLOOKUP(C32,$V$47:$AA$56,2,FALSE))) -> 0 | W32: =IF(C32="","0",(VLOOKUP(C32,$V$47:$AA$56,3,FALSE))) -> 0 | X32: =IF(C32="","0",(VLOOKUP(C32,$V$47:$AA$56,4,FALSE))) -> 0 | Y32: =IF(C32="","0",(VLOOKUP(C32,$V$47:$AA$56,5,FALSE))) -> 0 | Z32: =IF(C32="","0",(VLOOKUP(C32,$V$47:$AA$56,6,FALSE))) -> 0 | AG32: =Kabeldata!R22 -> 0 | AH32: =Kabeldata!R32 -> 0 | AI32: =Kabeldata!R33 -> 0 | AJ32: =SQRT(AH32^2+AI32^2) -> 0 | AK32: =COMPLEX(AH32,AI32,) -> 0 | AL32: =ROUND(IMABS(COMPLEX(AH32,AI32,"j")),6)&" ∠"&ROUND(DEGREES(IMARGUMENT(COMPLEX(AH32,AI32,"j"))),2) -> #DIV/0! | AN32: =Kabeldata!R27 -> 0 | AO32: =Kabeldata!R28 -> 0 | AP32: =Kabeldata!R29 -> 250 | AQ32: =Kabeldata!T29 -> 23 | AT32: =COS(RADIANS(AQ32)) -> 0.92050485 | AU32: =SIN(RADIANS(AQ32)) -> 0.39073113
B33: ΔUf | E33: = | F33: =IF(C33="","","230 - |(230 ∠ 0) - (("&VLOOKUP(C33,$X$10:$Y$19,2,FALSE)&") · ("&VLOOKUP(C33,$X$10:$Z$19,3,FALSE)&"))|") | P33: = | Q33: =IF(C33="","",ROUND(VLOOKUP(C33,$X$10:$AA$19,4,FALSE),2)&" V") | V33: =IF(C33="","0",(VLOOKUP(C33,$V$47:$AA$56,2,FALSE))) -> 0 | W33: =IF(C33="","0",(VLOOKUP(C33,$V$47:$AA$56,3,FALSE))) -> 0 | X33: =IF(C33="","0",(VLOOKUP(C33,$V$47:$AA$56,4,FALSE))) -> 0 | Y33: =IF(C33="","0",(VLOOKUP(C33,$V$47:$AA$56,5,FALSE))) -> 0 | Z33: =IF(C33="","0",(VLOOKUP(C33,$V$47:$AA$56,6,FALSE))) -> 0 | AH33: =(AN32*(1.25*AH32)/AO33) -> #DIV/0! | AI33: =(AN32*AI32)/AO33 -> #DIV/0! | AJ33: =SQRT(AH33^2+AI33^2) -> #DIV/0! | AK33: =COMPLEX(AH33,AI33,) -> #DIV/0! | AL33: =ROUND(IMABS(COMPLEX(AH33,AI33,"j")),6)&" ∠"&ROUND(DEGREES(IMARGUMENT(COMPLEX(AH33,AI33,"j"))),2) -> #DIV/0! | AO33: =1000*AO32 -> 0 | AP33: =AP32*COS(RADIANS(-AQ32)) -> 230.12621 | AQ33: =AP32*SIN(RADIANS(-AQ32)) -> -97.682782 | AR33: =COMPLEX(AP33,AQ33,) -> 230,12621336311-97,6827821223184i | AS33: =$AH$2-(IMABS(IMSUB($AH$2,IMPRODUCT(AR33,AK33)))) -> #DIV/0!
B34: ΔUf | E34: = | F34: =IF(C34="","","230 - |(230 ∠ 0) - (("&VLOOKUP(C34,$X$10:$Y$19,2,FALSE)&") · ("&VLOOKUP(C34,$X$10:$Z$19,3,FALSE)&"))|") | P34: = | Q34: =IF(C34="","",ROUND(VLOOKUP(C34,$X$10:$AA$19,4,FALSE),2)&" V") | V34: =IF(C34="","0",(VLOOKUP(C34,$V$47:$AA$56,2,FALSE))) -> 0 | W34: =IF(C34="","0",(VLOOKUP(C34,$V$47:$AA$56,3,FALSE))) -> 0 | X34: =IF(C34="","0",(VLOOKUP(C34,$V$47:$AA$56,4,FALSE))) -> 0 | Y34: =IF(C34="","0",(VLOOKUP(C34,$V$47:$AA$56,5,FALSE))) -> 0 | Z34: =IF(C34="","0",(VLOOKUP(C34,$V$47:$AA$56,6,FALSE))) -> 0
B35: ΔUf | E35: = | F35: =IF(C35="","","230 - |(230 ∠ 0) - (("&VLOOKUP(C35,$X$10:$Y$19,2,FALSE)&") · ("&VLOOKUP(C35,$X$10:$Z$19,3,FALSE)&"))|") | P35: = | Q35: =IF(C35="","",ROUND(VLOOKUP(C35,$X$10:$AA$19,4,FALSE),2)&" V") | V35: =IF(C35="","0",(VLOOKUP(C35,$V$47:$AA$56,2,FALSE))) -> 0 | W35: =IF(C35="","0",(VLOOKUP(C35,$V$47:$AA$56,3,FALSE))) -> 0 | X35: =IF(C35="","0",(VLOOKUP(C35,$V$47:$AA$56,4,FALSE))) -> 0 | Y35: =IF(C35="","0",(VLOOKUP(C35,$V$47:$AA$56,5,FALSE))) -> 0 | Z35: =IF(C35="","0",(VLOOKUP(C35,$V$47:$AA$56,6,FALSE))) -> 0
B36: ΔUf | E36: = | F36: =IF(C36="","","230 - |(230 ∠ 0) - (("&VLOOKUP(C36,$X$10:$Y$19,2,FALSE)&") · ("&VLOOKUP(C36,$X$10:$Z$19,3,FALSE)&"))|") | P36: = | Q36: =IF(C36="","",ROUND(VLOOKUP(C36,$X$10:$AA$19,4,FALSE),2)&" V") | V36: =IF(C36="","0",(VLOOKUP(C36,$V$47:$AA$56,2,FALSE))) -> 0 | W36: =IF(C36="","0",(VLOOKUP(C36,$V$47:$AA$56,3,FALSE))) -> 0 | X36: =IF(C36="","0",(VLOOKUP(C36,$V$47:$AA$56,4,FALSE))) -> 0 | Y36: =IF(C36="","0",(VLOOKUP(C36,$V$47:$AA$56,5,FALSE))) -> 0 | Z36: =IF(C36="","0",(VLOOKUP(C36,$V$47:$AA$56,6,FALSE))) -> 0
B37: ΔUf | E37: = | F37: =IF(C37="","","230 - |(230 ∠ 0) - (("&VLOOKUP(C37,$X$10:$Y$19,2,FALSE)&") · ("&VLOOKUP(C37,$X$10:$Z$19,3,FALSE)&"))|") | P37: = | Q37: =IF(C37="","",ROUND(VLOOKUP(C37,$X$10:$AA$19,4,FALSE),2)&" V") | V37: =IF(C37="","0",(VLOOKUP(C37,$V$47:$AA$56,2,FALSE))) -> 0 | W37: =IF(C37="","0",(VLOOKUP(C37,$V$47:$AA$56,3,FALSE))) -> 0 | X37: =IF(C37="","0",(VLOOKUP(C37,$V$47:$AA$56,4,FALSE))) -> 0 | Y37: =IF(C37="","0",(VLOOKUP(C37,$V$47:$AA$56,5,FALSE))) -> 0 | Z37: =IF(C37="","0",(VLOOKUP(C37,$V$47:$AA$56,6,FALSE))) -> 0
B38: ΔUf | E38: = | F38: =IF(C38="","","230 - |(230 ∠ 0) - (("&VLOOKUP(C38,$X$10:$Y$19,2,FALSE)&") · ("&VLOOKUP(C38,$X$10:$Z$19,3,FALSE)&"))|") | P38: = | Q38: =IF(C38="","",ROUND(VLOOKUP(C38,$X$10:$AA$19,4,FALSE),2)&" V") | V38: =IF(C38="","0",(VLOOKUP(C38,$V$47:$AA$56,2,FALSE))) -> 0 | W38: =IF(C38="","0",(VLOOKUP(C38,$V$47:$AA$56,3,FALSE))) -> 0 | X38: =IF(C38="","0",(VLOOKUP(C38,$V$47:$AA$56,4,FALSE))) -> 0 | Y38: =IF(C38="","0",(VLOOKUP(C38,$V$47:$AA$56,5,FALSE))) -> 0 | Z38: =IF(C38="","0",(VLOOKUP(C38,$V$47:$AA$56,6,FALSE))) -> 0
B39: ΔUf | E39: = | F39: =IF(C39="","","230 - |(230 ∠ 0) - (("&VLOOKUP(C39,$X$10:$Y$19,2,FALSE)&") · ("&VLOOKUP(C39,$X$10:$Z$19,3,FALSE)&"))|") | P39: = | Q39: =IF(C39="","",ROUND(VLOOKUP(C39,$X$10:$AA$19,4,FALSE),2)&" V") | V39: =IF(C39="","0",(VLOOKUP(C39,$V$47:$AA$56,2,FALSE))) -> 0 | W39: =IF(C39="","0",(VLOOKUP(C39,$V$47:$AA$56,3,FALSE))) -> 0 | X39: =IF(C39="","0",(VLOOKUP(C39,$V$47:$AA$56,4,FALSE))) -> 0 | Y39: =IF(C39="","0",(VLOOKUP(C39,$V$47:$AA$56,5,FALSE))) -> 0 | Z39: =IF(C39="","0",(VLOOKUP(C39,$V$47:$AA$56,6,FALSE))) -> 0
M40: ΣΔUf | Q40: =ROUND(#REF!,2)&" V" -> #REF! | V40: =IMSUM(V29:V39) -> #N/A | W40: =COS(IMARGUMENT(V40)) -> #N/A | X40: =SIN(ACOS(W40)) -> #N/A | Y40: =SUM(Y29:Y39) -> #N/A | Z40: =SUM(Z29:Z39) -> #N/A | AH40: U | AI40: 230
M41: ΣΔU% | Q41: =ROUND(V41,2)&" %" -> #REF! | V41: =(#REF!*100)/230 -> #REF!
AG43: 1 | AH43: U1 | AI43: U2 | AK43: 2 | AL43: U1 | AM43: U2 | AO43: 3 | AP43: U1 | AQ43: U2 | AS43: 4 | AT43: U1 | AU43: U2 | AW43: 5 | AX43: U1 | AY43: U2 | BA43: 6 | BB43: U1 | BC43: U2 | BE43: 7 | BF43: U1 | BG43: U2 | BI43: 8 | BJ43: U1 | BK43: U2 | BM43: 9 | BN43: U1 | BO43: U2 | BQ43: 10 | BR43: U1 | BS43: U2 | BU43: 11 | BV43: U1 | BW43: U2
W44: IB | X44: Cos | Y44: Sin | Z44: R | AA44: X | AB44: IB | AC44: DeltaU2 | AD44: Delta U
V45: Net+Transformer | W45: =V40 -> #N/A | X45: =W40 -> #N/A | Y45: =X40 -> #N/A | Z45: =Transformer!X44 -> 0.004944 | AA45: =Transformer!Y44 -> 0.012730968 | AB45: =IMABS(W45) -> #N/A | AG45: 10 | AH45: =SQRT((AI45+($AB$47*($Z$47*$X$47+$AA$47*$Y$47)))^2+($D$3*($AA$47*$X$47-$Z$47*$Y$47))^2) -> 221.32909 | AI45: =$AI$40-AG45 -> 220 | AK45: 10 | AL45: =SQRT((AM45+($AB$47*($Z$47*$X$47+$AA$47*$Y$47)))^2+($D$3*($AA$47*$X$47-$Z$47*$Y$47))^2) -> 221.32909 | AM45: =$AI$40-AK45 -> 220 | AO45: 10 | AP45: =SQRT((AQ45+($AB$47*($Z$47*$X$47+$AA$47*$Y$47)))^2+($D$3*($AA$47*$X$47-$Z$47*$Y$47))^2) -> 221.32909 | AQ45: =$AI$40-AO45 -> 220 | AS45: 10 | AT45: =SQRT((AU45+($AB$47*($Z$47*$X$47+$AA$47*$Y$47)))^2+($D$3*($AA$47*$X$47-$Z$47*$Y$47))^2) -> 221.32909 | AU45: =$AI$40-AS45 -> 220 | AW45: 10 | AX45: =SQRT((AY45+($AB$47*($Z$47*$X$47+$AA$47*$Y$47)))^2+($D$3*($AA$47*$X$47-$Z$47*$Y$47))^2) -> 221.32909 | AY45: =$AI$40-AW45 -> 220 | BA45: 10 | BB45: =SQRT((BC45+($AB$47*($Z$47*$X$47+$AA$47*$Y$47)))^2+($D$3*($AA$47*$X$47-$Z$47*$Y$47))^2) -> 221.32909 | BC45: =$AI$40-BA45 -> 220 | BE45: 10 | BF45: =SQRT((BG45+($AB$47*($Z$47*$X$47+$AA$47*$Y$47)))^2+($D$3*($AA$47*$X$47-$Z$47*$Y$47))^2) -> 221.32909 | BG45: =$AI$40-BE45 -> 220 | BI45: 10 | BJ45: =SQRT((BK45+($AB$47*($Z$47*$X$47+$AA$47*$Y$47)))^2+($D$3*($AA$47*$X$47-$Z$47*$Y$47))^2) -> 221.32909 | BK45: =$AI$40-BI45 -> 220 | BM45: 10 | BN45: =SQRT((BO45+($AB$47*($Z$47*$X$47+$AA$47*$Y$47)))^2+($D$3*($AA$47*$X$47-$Z$47*$Y$47))^2) -> 221.32909 | BO45: =$AI$40-BM45 -> 220 | BQ45: 10 | BR45: =SQRT((BS45+($AB$47*($Z$47*$X$47+$AA$47*$Y$47)))^2+($D$3*($AA$47*$X$47-$Z$47*$Y$47))^2) -> 221.32909 | BS45: =$AI$40-BQ45 -> 220 | BU45: 10 | BV45: =SQRT((BW45+($AB$47*($Z$47*$X$47+$AA$47*$Y$47)))^2+($D$3*($AA$47*$X$47-$Z$47*$Y$47))^2) -> 221.32909 | BW45: =$AI$40-BU45 -> 220
AC46: =VLOOKUP(AA29,AH45:AI1045,2,FALSE) -> 230 | AG46: 9.99 | AH46: =SQRT((AI46+($AI$38*($AM$44*$AJ$44+$AN$44*$AK$44)))^2+($D$3*($AN$44*$AJ$44-$AM$44*$AK$44))^2) -> 220.01 | AI46: =$AI$40-AG46 -> 220.01 | AK46: 9.99 | AO46: 9.99 | AS46: 9.99 | AW46: 9.99 | BA46: 9.99 | BE46: 9.99 | BI46: 9.99 | BM46: 9.99 | BQ46: 9.99 | BU46: 9.99
V47: =Kabeldata!$B$4 -> W1 | W47: =AR6 -> 476,114171916027-82,1536231746083i | X47: =AT5 -> 0.98543759 | Y47: =AU5 -> 0.17003751 | Z47: =AH6 -> 0.002459375 | AA47: =AI6 -> 0.001925 | AB47: =IMABS(W47) -> 483.15 | AG47: 9.98 | AH47: =SQRT((AI47+($AI$38*($AM$44*$AJ$44+$AN$44*$AK$44)))^2+($D$3*($AN$44*$AJ$44-$AM$44*$AK$44))^2) -> 220.02 | AI47: =$AI$40-AG47 -> 220.02 | AK47: 9.98 | AO47: 9.98 | AS47: 9.98 | AW47: 9.98 | BA47: 9.98 | BE47: 9.98 | BI47: 9.98 | BM47: 9.98 | BQ47: 9.98 | BU47: 9.98
V48: =Kabeldata!$F$4 -> W2 | W48: =AR9 -> 129,49138335523-60,9064170408093i | X48: =AT8 -> 0.90490135 | Y48: =AU8 -> 0.42562136 | Z48: =AH9 -> 0.016025 | AA48: =AI9 -> 0.00162 | AB48: =IMABS(W48) -> 143.1 | AG48: 9.97 | AH48: =SQRT((AI48+($AI$38*($AM$44*$AJ$44+$AN$44*$AK$44)))^2+($D$3*($AN$44*$AJ$44-$AM$44*$AK$44))^2) -> 220.03 | AI48: =$AI$40-AG48 -> 220.03 | AK48: 9.97 | AO48: 9.97 | AS48: 9.97 | AW48: 9.97 | BA48: 9.97 | BE48: 9.97 | BI48: 9.97 | BM48: 9.97 | BQ48: 9.97 | BU48: 9.97
V49: =Kabeldata!$J$4 -> W3 | W49: =AR12 -> 207,008266914236-61,0043730331227i | X49: =AT11 -> 0.95921536 | Y49: =AU11 -> 0.2826763 | Z49: =AH12 -> 0.01665 | AA49: =AI12 -> 0.0024 | AB49: =IMABS(W49) -> 215.81 | AG49: 9.96 | AH49: =SQRT((AI49+($AI$38*($AM$44*$AJ$44+$AN$44*$AK$44)))^2+($D$3*($AN$44*$AJ$44-$AM$44*$AK$44))^2) -> 220.04 | AI49: =$AI$40-AG49 -> 220.04 | AK49: 9.96 | AO49: 9.96 | AS49: 9.96 | AW49: 9.96 | BA49: 9.96 | BE49: 9.96 | BI49: 9.96 | BM49: 9.96 | BQ49: 9.96 | BU49: 9.96
V50: =Kabeldata!$N$4 -> W4 | W50: =AR15 -> 78,3995389965248-15,9220691222087i | X50: =AT14 -> 0.97999424 | Y50: =AU14 -> 0.19902586 | Z50: =AH15 -> 0.012 | AA50: =AI15 -> 0.000696 | AB50: =IMABS(W50) -> 80 | AG50: 9.95 | AH50: =SQRT((AI50+($AI$38*($AM$44*$AJ$44+$AN$44*$AK$44)))^2+($D$3*($AN$44*$AJ$44-$AM$44*$AK$44))^2) -> 220.05 | AI50: =$AI$40-AG50 -> 220.05 | AK50: 9.95 | AO50: 9.95 | AS50: 9.95 | AW50: 9.95 | BA50: 9.95 | BE50: 9.95 | BI50: 9.95 | BM50: 9.95 | BQ50: 9.95 | BU50: 9.95
V51: =Kabeldata!$R$4 -> 0 | W51: =AR18 -> 10 | X51: =AT17 -> 1 | Y51: =AU17 -> 0 | Z51: =AH18 -> 0.090875 | AA51: =AI18 -> 0.0079 | AB51: =IMABS(W51) -> 10 | AG51: 9.94 | AH51: =SQRT((AI51+($AI$38*($AM$44*$AJ$44+$AN$44*$AK$44)))^2+($D$3*($AN$44*$AJ$44-$AM$44*$AK$44))^2) -> 220.06 | AI51: =$AI$40-AG51 -> 220.06 | AK51: 9.94 | AO51: 9.94 | AS51: 9.94 | AW51: 9.94 | BA51: 9.94 | BE51: 9.94 | BI51: 9.94 | BM51: 9.94 | BQ51: 9.94 | BU51: 9.94
V52: =Kabeldata!$B$21 -> Nej | W52: =AR21 -> 6 | X52: =AT20 -> 1 | Y52: =AU20 -> 0 | Z52: =AH21 -> 0.09910875 | AA52: =AI21 -> 0.0010165 | AB52: =IMABS(W52) -> 6 | AG52: 9.93 | AH52: =SQRT((AI52+($AI$38*($AM$44*$AJ$44+$AN$44*$AK$44)))^2+($D$3*($AN$44*$AJ$44-$AM$44*$AK$44))^2) -> 220.07 | AI52: =$AI$40-AG52 -> 220.07 | AK52: 9.93 | AO52: 9.93 | AS52: 9.93 | AW52: 9.93 | BA52: 9.93 | BE52: 9.93 | BI52: 9.93 | BM52: 9.93 | BQ52: 9.93 | BU52: 9.93
V53: =Kabeldata!$F$22 -> 0 | W53: =AR24 -> 63 | X53: =AT23 -> 1 | Y53: =AU23 -> 0 | Z53: =AH24 -> 0.002875 | AA53: =AI24 -> 0.00017 | AB53: =IMABS(W53) -> 63 | AG53: 9.92 | AH53: =SQRT((AI53+($AI$38*($AM$44*$AJ$44+$AN$44*$AK$44)))^2+($D$3*($AN$44*$AJ$44-$AM$44*$AK$44))^2) -> 220.08 | AI53: =$AI$40-AG53 -> 220.08 | AK53: 9.92 | AO53: 9.92 | AS53: 9.92 | AW53: 9.92 | BA53: 9.92 | BE53: 9.92 | BI53: 9.92 | BM53: 9.92 | BQ53: 9.92 | BU53: 9.92
V54: =Kabeldata!$J$22 -> 0 | W54: =AR27 -> 10 | X54: =AT26 -> 1 | Y54: =AU26 -> 0 | Z54: =AH27 -> 0.35521687 | AA54: =AI27 -> 0.00364325 | AB54: =IMABS(W54) -> 10 | AG54: 9.91 | AH54: =SQRT((AI54+($AI$38*($AM$44*$AJ$44+$AN$44*$AK$44)))^2+($D$3*($AN$44*$AJ$44-$AM$44*$AK$44))^2) -> 220.09 | AI54: =$AI$40-AG54 -> 220.09 | AK54: 9.91 | AO54: 9.91 | AS54: 9.91 | AW54: 9.91 | BA54: 9.91 | BE54: 9.91 | BI54: 9.91 | BM54: 9.91 | BQ54: 9.91 | BU54: 9.91
V55: =Kabeldata!$N$22 -> 0 | W55: =AR30 -> 230,12621336311-97,6827821223184i | X55: =AT29 -> 0.92050485 | Y55: =AU29 -> 0.39073113 | Z55: =AH30 -> 0 | AA55: =AI30 -> 0 | AB55: =IMABS(W55) -> 250 | AG55: 9.9 | AH55: =SQRT((AI55+($AI$38*($AM$44*$AJ$44+$AN$44*$AK$44)))^2+($D$3*($AN$44*$AJ$44-$AM$44*$AK$44))^2) -> 220.1 | AI55: =$AI$40-AG55 -> 220.1 | AK55: 9.9 | AO55: 9.9 | AS55: 9.9 | AW55: 9.9 | BA55: 9.9 | BE55: 9.9 | BI55: 9.9 | BM55: 9.9 | BQ55: 9.9 | BU55: 9.9
V56: =Kabeldata!$R$22 -> 0 | W56: =AR33 -> 230,12621336311-97,6827821223184i | X56: =AT32 -> 0.92050485 | Y56: =AU32 -> 0.39073113 | Z56: =AH33 -> #DIV/0! | AA56: =AI33 -> #DIV/0! | AB56: =IMABS(W56) -> 250 | AG56: 9.89 | AH56: =SQRT((AI56+($AI$38*($AM$44*$AJ$44+$AN$44*$AK$44)))^2+($D$3*($AN$44*$AJ$44-$AM$44*$AK$44))^2) -> 220.11 | AI56: =$AI$40-AG56 -> 220.11 | AK56: 9.89 | AO56: 9.89 | AS56: 9.89 | AW56: 9.89 | BA56: 9.89 | BE56: 9.89 | BI56: 9.89 | BM56: 9.89 | BQ56: 9.89 | BU56: 9.89
AG57: 9.88 | AH57: =SQRT((AI57+($AI$38*($AM$44*$AJ$44+$AN$44*$AK$44)))^2+($D$3*($AN$44*$AJ$44-$AM$44*$AK$44))^2) -> 220.12 | AI57: =$AI$40-AG57 -> 220.12 | AK57: 9.88 | AO57: 9.88 | AS57: 9.88 | AW57: 9.88 | BA57: 9.88 | BE57: 9.88 | BI57: 9.88 | BM57: 9.88 | BQ57: 9.88 | BU57: 9.88
AG58: 9.87 | AH58: =SQRT((AI58+($AI$38*($AM$44*$AJ$44+$AN$44*$AK$44)))^2+($D$3*($AN$44*$AJ$44-$AM$44*$AK$44))^2) -> 220.13 | AI58: =$AI$40-AG58 -> 220.13 | AK58: 9.87 | AO58: 9.87 | AS58: 9.87 | AW58: 9.87 | BA58: 9.87 | BE58: 9.87 | BI58: 9.87 | BM58: 9.87 | BQ58: 9.87 | BU58: 9.87
AG59: 9.86 | AH59: =SQRT((AI59+($AI$38*($AM$44*$AJ$44+$AN$44*$AK$44)))^2+($D$3*($AN$44*$AJ$44-$AM$44*$AK$44))^2) -> 220.14 | AI59: =$AI$40-AG59 -> 220.14 | AK59: 9.86 | AO59: 9.86 | AS59: 9.86 | AW59: 9.86 | BA59: 9.86 | BE59: 9.86 | BI59: 9.86 | BM59: 9.86 | BQ59: 9.86 | BU59: 9.86
AG60: 9.85 | AH60: =SQRT((AI60+($AI$38*($AM$44*$AJ$44+$AN$44*$AK$44)))^2+($D$3*($AN$44*$AJ$44-$AM$44*$AK$44))^2) -> 220.15 | AI60: =$AI$40-AG60 -> 220.15 | AK60: 9.85 | AO60: 9.85 | AS60: 9.85 | AW60: 9.85 | BA60: 9.85 | BE60: 9.85 | BI60: 9.85 | BM60: 9.85 | BQ60: 9.85 | BU60: 9.85
AG61: 9.84 | AH61: =SQRT((AI61+($AI$38*($AM$44*$AJ$44+$AN$44*$AK$44)))^2+($D$3*($AN$44*$AJ$44-$AM$44*$AK$44))^2) -> 220.16 | AI61: =$AI$40-AG61 -> 220.16 | AK61: 9.84 | AO61: 9.84 | AS61: 9.84 | AW61: 9.84 | BA61: 9.84 | BE61: 9.84 | BI61: 9.84 | BM61: 9.84 | BQ61: 9.84 | BU61: 9.84
AG62: 9.83 | AH62: =SQRT((AI62+($AI$38*($AM$44*$AJ$44+$AN$44*$AK$44)))^2+($D$3*($AN$44*$AJ$44-$AM$44*$AK$44))^2) -> 220.17 | AI62: =$AI$40-AG62 -> 220.17 | AK62: 9.83 | AO62: 9.83 | AS62: 9.83 | AW62: 9.83 | BA62: 9.83 | BE62: 9.83 | BI62: 9.83 | BM62: 9.83 | BQ62: 9.83 | BU62: 9.83
AG63: 9.82 | AH63: =SQRT((AI63+($AI$38*($AM$44*$AJ$44+$AN$44*$AK$44)))^2+($D$3*($AN$44*$AJ$44-$AM$44*$AK$44))^2) -> 220.18 | AI63: =$AI$40-AG63 -> 220.18 | AK63: 9.82 | AO63: 9.82 | AS63: 9.82 | AW63: 9.82 | BA63: 9.82 | BE63: 9.82 | BI63: 9.82 | BM63: 9.82 | BQ63: 9.82 | BU63: 9.82
AG64: 9.81 | AH64: =SQRT((AI64+($AI$38*($AM$44*$AJ$44+$AN$44*$AK$44)))^2+($D$3*($AN$44*$AJ$44-$AM$44*$AK$44))^2) -> 220.19 | AI64: =$AI$40-AG64 -> 220.19 | AK64: 9.81 | AO64: 9.81 | AS64: 9.81 | AW64: 9.81 | BA64: 9.81 | BE64: 9.81 | BI64: 9.81 | BM64: 9.81 | BQ64: 9.81 | BU64: 9.81
AG65: 9.8 | AH65: =SQRT((AI65+($AI$38*($AM$44*$AJ$44+$AN$44*$AK$44)))^2+($D$3*($AN$44*$AJ$44-$AM$44*$AK$44))^2) -> 220.2 | AI65: =$AI$40-AG65 -> 220.2 | AK65: 9.8 | AO65: 9.8 | AS65: 9.8 | AW65: 9.8 | BA65: 9.8 | BE65: 9.8 | BI65: 9.8 | BM65: 9.8 | BQ65: 9.8 | BU65: 9.8
AG66: 9.79 | AH66: =SQRT((AI66+($AI$38*($AM$44*$AJ$44+$AN$44*$AK$44)))^2+($D$3*($AN$44*$AJ$44-$AM$44*$AK$44))^2) -> 220.21 | AI66: =$AI$40-AG66 -> 220.21 | AK66: 9.79 | AO66: 9.79 | AS66: 9.79 | AW66: 9.79 | BA66: 9.79 | BE66: 9.79 | BI66: 9.79 | BM66: 9.79 | BQ66: 9.79 | BU66: 9.79
AG67: 9.78 | AH67: =SQRT((AI67+($AI$38*($AM$44*$AJ$44+$AN$44*$AK$44)))^2+($D$3*($AN$44*$AJ$44-$AM$44*$AK$44))^2) -> 220.22 | AI67: =$AI$40-AG67 -> 220.22 | AK67: 9.78 | AO67: 9.78 | AS67: 9.78 | AW67: 9.78 | BA67: 9.78 | BE67: 9.78 | BI67: 9.78 | BM67: 9.78 | BQ67: 9.78 | BU67: 9.78
AG68: 9.77 | AH68: =SQRT((AI68+($AI$38*($AM$44*$AJ$44+$AN$44*$AK$44)))^2+($D$3*($AN$44*$AJ$44-$AM$44*$AK$44))^2) -> 220.23 | AI68: =$AI$40-AG68 -> 220.23 | AK68: 9.77 | AO68: 9.77 | AS68: 9.77 | AW68: 9.77 | BA68: 9.77 | BE68: 9.77 | BI68: 9.77 | BM68: 9.77 | BQ68: 9.77 | BU68: 9.77
... AG1045: 0 | AH1045: =SQRT((AI1045+($AI$38*($AM$44*$AJ$44+$AN$44*$AK$44)))^2+($D$3*($AN$44*$AJ$44-$AM$44*$AK$44))^2) -> 230 | AI1045: =$AI$40-AG1045 -> 230 | AK1045: 0 | AO1045: 0 | AS1045: 0 | AW1045: 0 | BA1045: 0 | BE1045: 0 | BI1045: 0 | BM1045: 0 | BQ1045: 0 | BU1045: 0
