Workbook
Name antal.kabler: [1]Ark2!$M$40:$M$60
Name antalkabelbakke: [1]Ark2!$M$71:$M$76
Name Drifttemperatur: [1]Ark2!$A$98:$A$101
Name Installationsmetode: [1]Ark2!$A$2:$A$91
Name Kabel.ledning: [1]Ark2!$C$41:$C$43
Name kabelafstandjord: [1]Ark2!$U$29:$U$35
Name Omgivelsestemperatur: [1]Ark2!$E$38:$E$55
Name Termiskmodstand: [1]Ark2!$E$76:$E$82

Sheet Ark1
B2: Enleder/flerleder | E2: Flerleder
B3: Antal Ledere | E3: AL 3 belastede leder
B4: Kablets Drifttemp. | E4: 90°C XLPE & EPR
B5: Sikring/IB | E5: 80
B6: Antal kabler parallel | E6: 1
B7: Maks strøm i kabel | E7: =E5/IF(E6="",1,E6) -> 80
E11: Oplægning 1 | M11: Oplægning 2 | U11: Oplægning 3 | AC11: Oplægning 4 | AK11: Oplægning 5
B12: Installationmetode | E12: Billede nr.: | H12: 73 | M12: Billede nr.: | P12: 5 | U12: Billede nr.: | X12: 3 | AC12: Billede nr.: | AK12: Billede nr.:
B13: Reference | E13: Reference: | H13: =IF($E$2="Flerleder",VLOOKUP(H12,'kt,ks,kj'!$A$3:$B$84,2,FALSE),IF($E$2="Enleder",VLOOKUP(H12,'kt,ks,kj'!$A$96:$B$177,2,FALSE),)) -> D2 | M13: Reference: | P13: =IF($E$2="Flerleder",VLOOKUP(P12,'kt,ks,kj'!$A$3:$B$84,2,FALSE),IF($E$2="Enleder",VLOOKUP(P12,'kt,ks,kj'!$A$96:$B$177,2,FALSE),)) -> B2 | U13: Reference: | X13: =IF($E$2="Flerleder",VLOOKUP(X12,'kt,ks,kj'!$A$3:$B$84,2,FALSE),IF($E$2="Enleder",VLOOKUP(X12,'kt,ks,kj'!$A$96:$B$177,2,FALSE),)) -> A1 | AC13: Reference: | AF13: =IF($E$2="Flerleder",VLOOKUP(AF12,'kt,ks,kj'!$A$3:$B$84,2,FALSE),IF($E$2="Enleder",VLOOKUP(AF12,'kt,ks,kj'!$A$96:$B$177,2,FALSE),)) -> #N/A | AK13: Reference: | AN13: =IF($E$2="Flerleder",VLOOKUP(AN12,'kt,ks,kj'!$A$3:$B$84,2,FALSE),IF($E$2="Enleder",VLOOKUP(AN12,'kt,ks,kj'!$A$96:$B$177,2,FALSE),)) -> #N/A
E14: Korritionfaktor for temperatur (kt) | M14: Korritionfaktor for temperatur (kt) | U14: Korritionfaktor for temperatur (kt) | AC14: Korritionfaktor for temperatur (kt) | AK14: Korritionfaktor for temperatur (kt)
B15: Korritionfaktor for temperatur (kt) | E15: Temperatur: | H15: 35°C | M15: Temperatur: | P15: 35°C | U15: Temperatur: | X15: 20°C | AC15: Temperatur: | AK15: Temperatur:
E16: Tabel: | H16: =IF(OR(H13="D1",H13="D2"),'kt,ks,kj'!$D$34,'kt,ks,kj'!$D$13) -> B.52.15 | M16: Tabel: | P16: =IF(OR(P13="D1",P13="D2"),'kt,ks,kj'!$D$34,'kt,ks,kj'!$D$13) -> B.52.14 | U16: Tabel: | X16: =IF(OR(X13="D1",X13="D2"),'kt,ks,kj'!$D$34,'kt,ks,kj'!$D$13) -> B.52.14 | AC16: Tabel: | AF16: =IF(OR(AF13="D1",AF13="D2"),'kt,ks,kj'!$D$34,'kt,ks,kj'!$D$13) -> #N/A | AK16: Tabel: | AN16: =IF(OR(AN13="D1",AN13="D2"),'kt,ks,kj'!$D$34,'kt,ks,kj'!$D$13) -> #N/A
E17: Faktor: | H17: =IF(OR(H13="D1",H13="D2"),INDEX('kt,ks,kj'!$E$35:$F$49,MATCH('Ark1'!H15,'kt,ks,kj'!$D$35:$D$49,0),MATCH('Ark1'!$E$4,'kt,ks,kj'!$E$34:$F$34,0)),IF(OR(H13="A1",H13="A2",H13="B1",H13="B2",H13="C",H13="E",H13="F",H13="G"),INDEX('kt,ks,kj'!$E$14:$H$31,MATCH('Ark1'!H15,'kt,ks,kj'!$D$14:$D$31,0),MATCH('Ark1'!$E$4,'kt,ks,kj'!$E$13:$H$13,0)))) -> 0.89 | M17: Faktor: | P17: =IF(OR(P13="D1",P13="D2"),INDEX('kt,ks,kj'!$E$35:$F$49,MATCH('Ark1'!P15,'kt,ks,kj'!$D$35:$D$49,0),MATCH('Ark1'!$E$4,'kt,ks,kj'!$E$34:$F$34,0)),IF(OR(P13="A1",P13="A2",P13="B1",P13="B2",P13="C",P13="E",P13="F",P13="G"),INDEX('kt,ks,kj'!$E$14:$H$31,MATCH('Ark1'!P15,'kt,ks,kj'!$D$14:$D$31,0),MATCH('Ark1'!$E$4,'kt,ks,kj'!$E$13:$H$13,0)))) -> 0.96 | U17: Faktor: | X17: =IF(OR(X13="D1",X13="D2"),INDEX('kt,ks,kj'!$E$35:$F$49,MATCH('Ark1'!X15,'kt,ks,kj'!$D$35:$D$49,0),MATCH('Ark1'!$E$4,'kt,ks,kj'!$E$34:$F$34,0)),IF(OR(X13="A1",X13="A2",X13="B1",X13="B2",X13="C",X13="E",X13="F",X13="G"),INDEX('kt,ks,kj'!$E$14:$H$31,MATCH('Ark1'!X15,'kt,ks,kj'!$D$14:$D$31,0),MATCH('Ark1'!$E$4,'kt,ks,kj'!$E$13:$H$13,0)))) -> 1.08 | AC17: Faktor: | AF17: =IF(OR(AF13="D1",AF13="D2"),INDEX('kt,ks,kj'!$E$35:$F$49,MATCH('Ark1'!AF15,'kt,ks,kj'!$D$35:$D$49,0),MATCH('Ark1'!$E$4,'kt,ks,kj'!$E$34:$F$34,0)),IF(OR(AF13="A1",AF13="A2",AF13="B1",AF13="B2",AF13="C",AF13="E",AF13="F",AF13="G"),INDEX('kt,ks,kj'!$E$14:$H$31,MATCH('Ark1'!AF15,'kt,ks,kj'!$D$14:$D$31,0),MATCH('Ark1'!$E$4,'kt,ks,kj'!$E$13:$H$13,0)))) -> #N/A | AK17: Faktor: | AN17: =IF(OR(AN13="D1",AN13="D2"),INDEX('kt,ks,kj'!$E$35:$F$49,MATCH('Ark1'!AN15,'kt,ks,kj'!$D$35:$D$49,0),MATCH('Ark1'!$E$4,'kt,ks,kj'!$E$34:$F$34,0)),IF(OR(AN13="A1",AN13="A2",AN13="B1",AN13="B2",AN13="C",AN13="E",AN13="F",AN13="G"),INDEX('kt,ks,kj'!$E$14:$H$31,MATCH('Ark1'!AN15,'kt,ks,kj'!$D$14:$D$31,0),MATCH('Ark1'!$E$4,'kt,ks,kj'!$E$13:$H$13,0)))) -> #N/A
E18: Korritionsfaktor for sideløb (ks) | M18: Korritionsfaktor for sideløb (ks) | U18: Korritionsfaktor for sideløb (ks) | AC18: Korritionsfaktor for sideløb (ks) | AK18: Korritionsfaktor for sideløb (ks)
B19: Korritionsfaktor for sideløb (ks) | E19: Antal kabler: | H19: 1 | M19: Antal kabler: | P19: 1 | U19: Antal kabler: | X19: 1 | AC19: Antal kabler: | AF19: 9 | AK19: Antal kabler: | AN19: 9
E20: Afstand: | H20: Ingen | M20: Afstand: | P20: Ingen | U20: Afstand: | X20: Ingen | AC20: Afstand: | AF20: Ingen | AK20: Afstand: | AN20: Ingen
E21: Bakker/Stiger: | H21: 1 vandret | M21: Bakker/Stiger: | P21: 1 vandret | U21: Bakker/Stiger: | X21: 1 vandret | AC21: Bakker/Stiger: | AK21: Bakker/Stiger:
E22: Tabel: | H22: =IF(OR(H13="A1",H13="A2",H13="B1",H13="B2",H13="C"),'kt,ks,kj'!$K$13,IF(H13="D1",'kt,ks,kj'!$Y$12,IF(H13="D2",'kt,ks,kj'!$R$12,IF(H13="E",'kt,ks,kj'!$K$39,IF(H13="F",'kt,ks,kj'!$K$67))))) -> B.52.18 | M22: Tabel: | P22: =IF(OR(P13="A1",P13="A2",P13="B1",P13="B2",P13="C"),'kt,ks,kj'!$K$13,IF(P13="D1",'kt,ks,kj'!$Y$12,IF(P13="D2",'kt,ks,kj'!$R$12,IF(P13="E",'kt,ks,kj'!$K$39,IF(P13="F",'kt,ks,kj'!$K$67))))) -> B.52.17 | U22: Tabel: | X22: =IF(OR(X13="A1",X13="A2",X13="B1",X13="B2",X13="C"),'kt,ks,kj'!$K$13,IF(X13="D1",'kt,ks,kj'!$Y$12,IF(X13="D2",'kt,ks,kj'!$R$12,IF(X13="E",'kt,ks,kj'!$K$39,IF(X13="F",'kt,ks,kj'!$K$67))))) -> B.52.17 | AC22: Tabel: | AF22: =IF(OR(AF13="A1",AF13="A2",AF13="B1",AF13="B2",AF13="C"),'kt,ks,kj'!$K$13,IF(AF13="D1",'kt,ks,kj'!$Y$12,IF(AF13="D2",'kt,ks,kj'!$R$12,IF(AF13="E",'kt,ks,kj'!$K$39,IF(AF13="F",'kt,ks,kj'!$K$67))))) -> #N/A | AK22: Tabel: | AN22: =IF(OR(AN13="A1",AN13="A2",AN13="B1",AN13="B2",AN13="C"),'kt,ks,kj'!$K$13,IF(AN13="D1",'kt,ks,kj'!$Y$12,IF(AN13="D2",'kt,ks,kj'!$R$12,IF(AN13="E",'kt,ks,kj'!$K$39,IF(AN13="F",'kt,ks,kj'!$K$67))))) -> #N/A
E23: Faktor: | H23: =IF(AND(OR(H12=21,H12=23),H13="C"),VLOOKUP(H19,'kt,ks,kj'!$K$15:$N$35,4,FALSE),IF(H13="C",VLOOKUP(H19,'kt,ks,kj'!$K$15:$N$35,3,FALSE),IF(OR(H13="A1",H13="A2",H13="B1",H13="B2"),VLOOKUP(H19,'kt,ks,kj'!$K$15:$L$35,2,FALSE),IF(H13="D1",INDEX('kt,ks,kj'!$Y$15:$AC$35,MATCH('Ark1'!H19,'kt,ks,kj'!$X$15:$X$35,0),MATCH('Ark1'!H20,'kt,ks,kj'!$Y$14:$AC$14,0)),IF('Ark1'!H13="D2",INDEX('kt,ks,kj'!$R$15:$W$35,MATCH('Ark1'!H19,'kt,ks,kj'!$Q$15:$Q$35,0),MATCH('Ark1'!H20,'kt,ks,kj'!$R$14:$W$14,0)),IF(AND(H13="E",H12=31,H20="Ingen"),INDEX('kt,ks,kj'!$L$43:$Q$63,MATCH('Ark1'!H19,'kt,ks,kj'!$K$43:$K$63,0),MATCH('Ark1'!H21,'kt,ks,kj'!$L$42:$Q$42,0)),IF(AND(H13="E",H12=31,H20="En kabeldiameter"),INDEX('kt,ks,kj'!$R$43:$W$63,MATCH('Ark1'!H19,'kt,ks,kj'!$K$43:$K$63,0),MATCH('Ark1'!H21,'kt,ks,kj'!$R$42:$W$42,0)),IF(AND(H13="E",H12=30,H20="Ingen"),INDEX('kt,ks,kj'!$X$43:$AC$63,MATCH('Ark1'!H19,'kt,ks,kj'!$K$43:$K$63,0),MATCH('Ark1'!H21,'kt,ks,kj'!$X$42:$AC$42,0)),IF(AND(H13="E",OR(H12=32,H12=33,H12=34),H20="Ingen"),INDEX('kt,ks,kj'!$AD$43:$AI$63,MATCH('Ark1'!H19,'kt,ks,kj'!$K$43:$K$63,0),MATCH('Ark1'!H21,'kt,ks,kj'!$AD$42:$AI$42,0)),IF(AND(H13="E",OR(H12=32,H12=33,H12=34),H20="En kabeldiameter"),INDEX('kt,ks,kj'!$AJ$43:$AO$63,MATCH('Ark1'!H19,'kt,ks,kj'!$K$43:$K$63,0),MATCH('Ark1'!H21,'kt,ks,kj'!$AJ$42:$AO$42,0)),IF(AND(H13="F",H12=31,H20="Ingen"),INDEX('kt,ks,kj'!$L$71:$Q$91,MATCH('Ark1'!H19,'kt,ks,kj'!$K$71:$K$91,0),MATCH('Ark1'!H21,'kt,ks,kj'!$L$70:$Q$70,0)),IF(AND(H13="F",H12=31,H20="En kabeldiameter"),INDEX('kt,ks,kj'!$R$71:$W$91,MATCH('Ark1'!H19,'kt,ks,kj'!$K$71:$K$91,0),MATCH('Ark1'!H21,'kt,ks,kj'!$R$70:$W$70,0)),IF(AND(H13="F",OR(H12=32,H12=33,H12=34),H20="Ingen"),INDEX('kt,ks,kj'!$X$71:$AA$91,MATCH('Ark1'!H19,'kt,ks,kj'!$K$71:$K$91,0),MATCH('Ark1'!H21,'kt,ks,kj'!$X$70:$AC$70,0)),IF(AND(H13="F",H12=31,H20="To kabeldiameter"),INDEX('kt,ks,kj'!$AL$71:$AQ$91,MATCH('Ark1'!H19,'kt,ks,kj'!$K$71:$K$91,0),MATCH('Ark1'!H21,'kt,ks,kj'!$AL$70:$AQ$70,0)),IF(AND(H13="F",OR(H12=32,H12=33,H12=34),H20="To kabeldiameter"),INDEX('kt,ks,kj'!$AR$71:$AU$91,MATCH('Ark1'!H19,'kt,ks,kj'!$K$71:$K$91,0),MATCH('Ark1'!H21,'kt,ks,kj'!$AR$70:$AW$70,0)),"FALSK"))))))))))))))) -> 1 | M23: Faktor: | P23: =IF(AND(OR(P12=21,P12=23),P13="C"),VLOOKUP(P19,'kt,ks,kj'!$K$15:$N$35,4,FALSE),IF(P13="C",VLOOKUP(P19,'kt,ks,kj'!$K$15:$N$35,3,FALSE),IF(OR(P13="A1",P13="A2",P13="B1",P13="B2"),VLOOKUP(P19,'kt,ks,kj'!$K$15:$L$35,2,FALSE),IF(P13="D1",INDEX('kt,ks,kj'!$Y$15:$AC$35,MATCH('Ark1'!P19,'kt,ks,kj'!$X$15:$X$35,0),MATCH('Ark1'!P20,'kt,ks,kj'!$Y$14:$AC$14,0)),IF('Ark1'!P13="D2",INDEX('kt,ks,kj'!$R$15:$W$35,MATCH('Ark1'!P19,'kt,ks,kj'!$Q$15:$Q$35,0),MATCH('Ark1'!P20,'kt,ks,kj'!$R$14:$W$14,0)),IF(AND(P13="E",P12=31,P20="Ingen"),INDEX('kt,ks,kj'!$L$43:$Q$63,MATCH('Ark1'!P19,'kt,ks,kj'!$K$43:$K$63,0),MATCH('Ark1'!P21,'kt,ks,kj'!$L$42:$Q$42,0)),IF(AND(P13="E",P12=31,P20="En kabeldiameter"),INDEX('kt,ks,kj'!$R$43:$W$63,MATCH('Ark1'!P19,'kt,ks,kj'!$K$43:$K$63,0),MATCH('Ark1'!P21,'kt,ks,kj'!$R$42:$W$42,0)),IF(AND(P13="E",P12=30,P20="Ingen"),INDEX('kt,ks,kj'!$X$43:$AC$63,MATCH('Ark1'!P19,'kt,ks,kj'!$K$43:$K$63,0),MATCH('Ark1'!P21,'kt,ks,kj'!$X$42:$AC$42,0)),IF(AND(P13="E",OR(P12=32,P12=33,P12=34),P20="Ingen"),INDEX('kt,ks,kj'!$AD$43:$AI$63,MATCH('Ark1'!P19,'kt,ks,kj'!$K$43:$K$63,0),MATCH('Ark1'!P21,'kt,ks,kj'!$AD$42:$AI$42,0)),IF(AND(P13="E",OR(P12=32,P12=33,P12=34),P20="En kabeldiameter"),INDEX('kt,ks,kj'!$AJ$43:$AO$63,MATCH('Ark1'!P19,'kt,ks,kj'!$K$43:$K$63,0),MATCH('Ark1'!P21,'kt,ks,kj'!$AJ$42:$AO$42,0)),IF(AND(P13="F",P12=31,P20="Ingen"),INDEX('kt,ks,kj'!$L$71:$Q$91,MATCH('Ark1'!P19,'kt,ks,kj'!$K$71:$K$91,0),MATCH('Ark1'!P21,'kt,ks,kj'!$L$70:$Q$70,0)),IF(AND(P13="F",P12=31,P20="En kabeldiameter"),INDEX('kt,ks,kj'!$R$71:$W$91,MATCH('Ark1'!P19,'kt,ks,kj'!$K$71:$K$91,0),MATCH('Ark1'!P21,'kt,ks,kj'!$R$70:$W$70,0)),IF(AND(P13="F",OR(P12=32,P12=33,P12=34),P20="Ingen"),INDEX('kt,ks,kj'!$X$71:$AA$91,MATCH('Ark1'!P19,'kt,ks,kj'!$K$71:$K$91,0),MATCH('Ark1'!P21,'kt,ks,kj'!$X$70:$AC$70,0)),IF(AND(P13="F",P12=31,P20="To kabeldiameter"),INDEX('kt,ks,kj'!$AL$71:$AQ$91,MATCH('Ark1'!P19,'kt,ks,kj'!$K$71:$K$91,0),MATCH('Ark1'!P21,'kt,ks,kj'!$AL$70:$AQ$70,0)),IF(AND(P13="F",OR(P12=32,P12=33,P12=34),P20="To kabeldiameter"),INDEX('kt,ks,kj'!$AR$71:$AU$91,MATCH('Ark1'!P19,'kt,ks,kj'!$K$71:$K$91,0),MATCH('Ark1'!P21,'kt,ks,kj'!$AR$70:$AW$70,0)),"FALSK"))))))))))))))) -> 1 | U23: Faktor: | X23: =IF(AND(OR(X12=21,X12=23),X13="C"),VLOOKUP(X19,'kt,ks,kj'!$K$15:$N$35,4,FALSE),IF(X13="C",VLOOKUP(X19,'kt,ks,kj'!$K$15:$N$35,3,FALSE),IF(OR(X13="A1",X13="A2",X13="B1",X13="B2"),VLOOKUP(X19,'kt,ks,kj'!$K$15:$L$35,2,FALSE),IF(X13="D1",INDEX('kt,ks,kj'!$Y$15:$AC$35,MATCH('Ark1'!X19,'kt,ks,kj'!$X$15:$X$35,0),MATCH('Ark1'!X20,'kt,ks,kj'!$Y$14:$AC$14,0)),IF('Ark1'!X13="D2",INDEX('kt,ks,kj'!$R$15:$W$35,MATCH('Ark1'!X19,'kt,ks,kj'!$Q$15:$Q$35,0),MATCH('Ark1'!X20,'kt,ks,kj'!$R$14:$W$14,0)),IF(AND(X13="E",X12=31,X20="Ingen"),INDEX('kt,ks,kj'!$L$43:$Q$63,MATCH('Ark1'!X19,'kt,ks,kj'!$K$43:$K$63,0),MATCH('Ark1'!X21,'kt,ks,kj'!$L$42:$Q$42,0)),IF(AND(X13="E",X12=31,X20="En kabeldiameter"),INDEX('kt,ks,kj'!$R$43:$W$63,MATCH('Ark1'!X19,'kt,ks,kj'!$K$43:$K$63,0),MATCH('Ark1'!X21,'kt,ks,kj'!$R$42:$W$42,0)),IF(AND(X13="E",X12=30,X20="Ingen"),INDEX('kt,ks,kj'!$X$43:$AC$63,MATCH('Ark1'!X19,'kt,ks,kj'!$K$43:$K$63,0),MATCH('Ark1'!X21,'kt,ks,kj'!$X$42:$AC$42,0)),IF(AND(X13="E",OR(X12=32,X12=33,X12=34),X20="Ingen"),INDEX('kt,ks,kj'!$AD$43:$AI$63,MATCH('Ark1'!X19,'kt,ks,kj'!$K$43:$K$63,0),MATCH('Ark1'!X21,'kt,ks,kj'!$AD$42:$AI$42,0)),IF(AND(X13="E",OR(X12=32,X12=33,X12=34),X20="En kabeldiameter"),INDEX('kt,ks,kj'!$AJ$43:$AO$63,MATCH('Ark1'!X19,'kt,ks,kj'!$K$43:$K$63,0),MATCH('Ark1'!X21,'kt,ks,kj'!$AJ$42:$AO$42,0)),IF(AND(X13="F",X12=31,X20="Ingen"),INDEX('kt,ks,kj'!$L$71:$Q$91,MATCH('Ark1'!X19,'kt,ks,kj'!$K$71:$K$91,0),MATCH('Ark1'!X21,'kt,ks,kj'!$L$70:$Q$70,0)),IF(AND(X13="F",X12=31,X20="En kabeldiameter"),INDEX('kt,ks,kj'!$R$71:$W$91,MATCH('Ark1'!X19,'kt,ks,kj'!$K$71:$K$91,0),MATCH('Ark1'!X21,'kt,ks,kj'!$R$70:$W$70,0)),IF(AND(X13="F",OR(X12=32,X12=33,X12=34),X20="Ingen"),INDEX('kt,ks,kj'!$X$71:$AA$91,MATCH('Ark1'!X19,'kt,ks,kj'!$K$71:$K$91,0),MATCH('Ark1'!X21,'kt,ks,kj'!$X$70:$AC$70,0)),IF(AND(X13="F",X12=31,X20="To kabeldiameter"),INDEX('kt,ks,kj'!$AL$71:$AQ$91,MATCH('Ark1'!X19,'kt,ks,kj'!$K$71:$K$91,0),MATCH('Ark1'!X21,'kt,ks,kj'!$AL$70:$AQ$70,0)),IF(AND(X13="F",OR(X12=32,X12=33,X12=34),X20="To kabeldiameter"),INDEX('kt,ks,kj'!$AR$71:$AU$91,MATCH('Ark1'!X19,'kt,ks,kj'!$K$71:$K$91,0),MATCH('Ark1'!X21,'kt,ks,kj'!$AR$70:$AW$70,0)),"FALSK"))))))))))))))) -> 1 | AC23: Faktor: | AF23: =IF(AND(OR(AF12=21,AF12=23),AF13="C"),VLOOKUP(AF19,'kt,ks,kj'!$K$15:$N$35,4,FALSE),IF(AF13="C",VLOOKUP(AF19,'kt,ks,kj'!$K$15:$N$35,3,FALSE),IF(OR(AF13="A1",AF13="A2",AF13="B1",AF13="B2"),VLOOKUP(AF19,'kt,ks,kj'!$K$15:$L$35,2,FALSE),IF(AF13="D1",INDEX('kt,ks,kj'!$Y$15:$AC$35,MATCH('Ark1'!AF19,'kt,ks,kj'!$X$15:$X$35,0),MATCH('Ark1'!AF20,'kt,ks,kj'!$Y$14:$AC$14,0)),IF('Ark1'!AF13="D2",INDEX('kt,ks,kj'!$R$15:$W$35,MATCH('Ark1'!AF19,'kt,ks,kj'!$Q$15:$Q$35,0),MATCH('Ark1'!AF20,'kt,ks,kj'!$R$14:$W$14,0)),IF(AND(AF13="E",AF12=31,AF20="Ingen"),INDEX('kt,ks,kj'!$L$43:$Q$63,MATCH('Ark1'!AF19,'kt,ks,kj'!$K$43:$K$63,0),MATCH('Ark1'!AF21,'kt,ks,kj'!$L$42:$Q$42,0)),IF(AND(AF13="E",AF12=31,AF20="En kabeldiameter"),INDEX('kt,ks,kj'!$R$43:$W$63,MATCH('Ark1'!AF19,'kt,ks,kj'!$K$43:$K$63,0),MATCH('Ark1'!AF21,'kt,ks,kj'!$R$42:$W$42,0)),IF(AND(AF13="E",AF12=30,AF20="Ingen"),INDEX('kt,ks,kj'!$X$43:$AC$63,MATCH('Ark1'!AF19,'kt,ks,kj'!$K$43:$K$63,0),MATCH('Ark1'!AF21,'kt,ks,kj'!$X$42:$AC$42,0)),IF(AND(AF13="E",OR(AF12=32,AF12=33,AF12=34),AF20="Ingen"),INDEX('kt,ks,kj'!$AD$43:$AI$63,MATCH('Ark1'!AF19,'kt,ks,kj'!$K$43:$K$63,0),MATCH('Ark1'!AF21,'kt,ks,kj'!$AD$42:$AI$42,0)),IF(AND(AF13="E",OR(AF12=32,AF12=33,AF12=34),AF20="En kabeldiameter"),INDEX('kt,ks,kj'!$AJ$43:$AO$63,MATCH('Ark1'!AF19,'kt,ks,kj'!$K$43:$K$63,0),MATCH('Ark1'!AF21,'kt,ks,kj'!$AJ$42:$AO$42,0)),IF(AND(AF13="F",AF12=31,AF20="Ingen"),INDEX('kt,ks,kj'!$L$71:$Q$91,MATCH('Ark1'!AF19,'kt,ks,kj'!$K$71:$K$91,0),MATCH('Ark1'!AF21,'kt,ks,kj'!$L$70:$Q$70,0)),IF(AND(AF13="F",AF12=31,AF20="En kabeldiameter"),INDEX('kt,ks,kj'!$R$71:$W$91,MATCH('Ark1'!AF19,'kt,ks,kj'!$K$71:$K$91,0),MATCH('Ark1'!AF21,'kt,ks,kj'!$R$70:$W$70,0)),IF(AND(AF13="F",OR(AF12=32,AF12=33,AF12=34),AF20="Ingen"),INDEX('kt,ks,kj'!$X$71:$AA$91,MATCH('Ark1'!AF19,'kt,ks,kj'!$K$71:$K$91,0),MATCH('Ark1'!AF21,'kt,ks,kj'!$X$70:$AC$70,0)),IF(AND(AF13="F",AF12=31,AF20="To kabeldiameter"),INDEX('kt,ks,kj'!$AL$71:$AQ$91,MATCH('Ark1'!AF19,'kt,ks,kj'!$K$71:$K$91,0),MATCH('Ark1'!AF21,'kt,ks,kj'!$AL$70:$AQ$70,0)),IF(AND(AF13="F",OR(AF12=32,AF12=33,AF12=34),AF20="To kabeldiameter"),INDEX('kt,ks,kj'!$AR$71:$AU$91,MATCH('Ark1'!AF19,'kt,ks,kj'!$K$71:$K$91,0),MATCH('Ark1'!AF21,'kt,ks,kj'!$AR$70:$AW$70,0)),"FALSK"))))))))))))))) -> #N/A | AK23: Faktor: | AN23: =IF(AND(OR(AN12=21,AN12=23),AN13="C"),VLOOKUP(AN19,'kt,ks,kj'!$K$15:$N$35,4,FALSE),IF(AN13="C",VLOOKUP(AN19,'kt,ks,kj'!$K$15:$N$35,3,FALSE),IF(OR(AN13="A1",AN13="A2",AN13="B1",AN13="B2"),VLOOKUP(AN19,'kt,ks,kj'!$K$15:$L$35,2,FALSE),IF(AN13="D1",INDEX('kt,ks,kj'!$Y$15:$AC$35,MATCH('Ark1'!AN19,'kt,ks,kj'!$X$15:$X$35,0),MATCH('Ark1'!AN20,'kt,ks,kj'!$Y$14:$AC$14,0)),IF('Ark1'!AN13="D2",INDEX('kt,ks,kj'!$R$15:$W$35,MATCH('Ark1'!AN19,'kt,ks,kj'!$Q$15:$Q$35,0),MATCH('Ark1'!AN20,'kt,ks,kj'!$R$14:$W$14,0)),IF(AND(AN13="E",AN12=31,AN20="Ingen"),INDEX('kt,ks,kj'!$L$43:$Q$63,MATCH('Ark1'!AN19,'kt,ks,kj'!$K$43:$K$63,0),MATCH('Ark1'!AN21,'kt,ks,kj'!$L$42:$Q$42,0)),IF(AND(AN13="E",AN12=31,AN20="En kabeldiameter"),INDEX('kt,ks,kj'!$R$43:$W$63,MATCH('Ark1'!AN19,'kt,ks,kj'!$K$43:$K$63,0),MATCH('Ark1'!AN21,'kt,ks,kj'!$R$42:$W$42,0)),IF(AND(AN13="E",AN12=30,AN20="Ingen"),INDEX('kt,ks,kj'!$X$43:$AC$63,MATCH('Ark1'!AN19,'kt,ks,kj'!$K$43:$K$63,0),MATCH('Ark1'!AN21,'kt,ks,kj'!$X$42:$AC$42,0)),IF(AND(AN13="E",OR(AN12=32,AN12=33,AN12=34),AN20="Ingen"),INDEX('kt,ks,kj'!$AD$43:$AI$63,MATCH('Ark1'!AN19,'kt,ks,kj'!$K$43:$K$63,0),MATCH('Ark1'!AN21,'kt,ks,kj'!$AD$42:$AI$42,0)),IF(AND(AN13="E",OR(AN12=32,AN12=33,AN12=34),AN20="En kabeldiameter"),INDEX('kt,ks,kj'!$AJ$43:$AO$63,MATCH('Ark1'!AN19,'kt,ks,kj'!$K$43:$K$63,0),MATCH('Ark1'!AN21,'kt,ks,kj'!$AJ$42:$AO$42,0)),IF(AND(AN13="F",AN12=31,AN20="Ingen"),INDEX('kt,ks,kj'!$L$71:$Q$91,MATCH('Ark1'!AN19,'kt,ks,kj'!$K$71:$K$91,0),MATCH('Ark1'!AN21,'kt,ks,kj'!$L$70:$Q$70,0)),IF(AND(AN13="F",AN12=31,AN20="En kabeldiameter"),INDEX('kt,ks,kj'!$R$71:$W$91,MATCH('Ark1'!AN19,'kt,ks,kj'!$K$71:$K$91,0),MATCH('Ark1'!AN21,'kt,ks,kj'!$R$70:$W$70,0)),IF(AND(AN13="F",OR(AN12=32,AN12=33,AN12=34),AN20="Ingen"),INDEX('kt,ks,kj'!$X$71:$AA$91,MATCH('Ark1'!AN19,'kt,ks,kj'!$K$71:$K$91,0),MATCH('Ark1'!AN21,'kt,ks,kj'!$X$70:$AC$70,0)),IF(AND(AN13="F",AN12=31,AN20="To kabeldiameter"),INDEX('kt,ks,kj'!$AL$71:$AQ$91,MATCH('Ark1'!AN19,'kt,ks,kj'!$K$71:$K$91,0),MATCH('Ark1'!AN21,'kt,ks,kj'!$AL$70:$AQ$70,0)),IF(AND(AN13="F",OR(AN12=32,AN12=33,AN12=34),AN20="To kabeldiameter"),INDEX('kt,ks,kj'!$AR$71:$AU$91,MATCH('Ark1'!AN19,'kt,ks,kj'!$K$71:$K$91,0),MATCH('Ark1'!AN21,'kt,ks,kj'!$AR$70:$AW$70,0)),"FALSK"))))))))))))))) -> #N/A
E24: Termisk modstand i jord (kj) | M24: Termisk modstand i jord (kj) | U24: Termisk modstand i jord (kj) | AC24: Termisk modstand i jord (kj) | AK24: Termisk modstand i jord (kj)
B25: Termisk modstand i jord (kj) | E25: Modstand | H25: 2,5K · m/W | M25: Modstand | P25: 1,5K · m/W | U25: Modstand | AC25: Modstand | AK25: Modstand
E26: Tabel: | H26: =IF(OR(H13="D1",H13="D2"),'kt,ks,kj'!$D$52,"") -> B.52.16 | M26: Tabel: | P26: =IF(OR(P13="D1",P13="D2"),'kt,ks,kj'!$D$52,"") | U26: Tabel: | X26: =IF(OR(X13="D1",X13="D2"),'kt,ks,kj'!$D$52,"") | AC26: Tabel: | AF26: =IF(OR(AF13="D1",AF13="D2"),'kt,ks,kj'!$D$52,"") -> #N/A | AK26: Tabel: | AN26: =IF(OR(AN13="D1",AN13="D2"),'kt,ks,kj'!$D$52,"") -> #N/A
E27: Faktor: | H27: =IF(H13="D1",VLOOKUP(H25,'kt,ks,kj'!$D$55:$F$61,2,FALSE),IF(H13="D2",VLOOKUP('Ark1'!H25,'kt,ks,kj'!$D$55:$F$61,3,FALSE),"")) -> 1 | M27: Faktor: | P27: =IF(P13="D1",VLOOKUP(P25,'kt,ks,kj'!$D$55:$F$61,2,FALSE),IF(P13="D2",VLOOKUP('Ark1'!P25,'kt,ks,kj'!$D$55:$F$61,3,FALSE),"")) | U27: Faktor: | X27: =IF(X13="D1",VLOOKUP(X25,'kt,ks,kj'!$D$55:$F$61,2,FALSE),IF(X13="D2",VLOOKUP('Ark1'!X25,'kt,ks,kj'!$D$55:$F$61,3,FALSE),"")) | AC27: Faktor: | AF27: =IF(AF13="D1",VLOOKUP(AF25,'kt,ks,kj'!$D$55:$F$61,2,FALSE),IF(AF13="D2",VLOOKUP('Ark1'!AF25,'kt,ks,kj'!$D$55:$F$61,3,FALSE),"")) -> #N/A | AK27: Faktor: | AN27: =IF(AN13="D1",VLOOKUP(AN25,'kt,ks,kj'!$D$55:$F$61,2,FALSE),IF(AN13="D2",VLOOKUP('Ark1'!AN25,'kt,ks,kj'!$D$55:$F$61,3,FALSE),"")) -> #N/A
E28: Strømværdi nødvendig (Iz) | M28: Strømværdi nødvendig (Iz) | U28: Strømværdi nødvendig (Iz) | AC28: Strømværdi nødvendig (Iz) | AK28: Strømværdi nødvendig (Iz)
B29: Strømværdi nødvendig (Iz) | C29: IN | F29: =$E$7 -> 80 | G29: = | H29: =$E$7/(H17*H23*IF(H27="",1,H27)) -> 89.88764 | N29: =$E$7 -> 80 | O29: = | P29: =$E$7/(P17*P23*IF(P27="",1,P27)) -> 83.333333 | V29: =$E$7 -> 80 | W29: = | X29: =$E$7/(X17*X23*IF(X27="",1,X27)) -> 74.074074 | AD29: =$E$7 -> 80 | AE29: = | AF29: =$E$7/(AF17*AF23*IF(AF27="",1,AF27)) -> #N/A | AL29: =$E$7 -> 80 | AM29: = | AN29: =$E$7/(AN17*AN23*IF(AN27="",1,AN27)) -> #N/A
C30: kt · ks · kj | F30: =H17&" · "&H23&IF(H27="",""," · "&H27) -> 0,89 · 1 · 1 | N30: =P17&" · "&P23&IF(P27="",""," · "&P27) -> 0,96 · 1 | V30: =X17&" · "&X23&IF(X27="",""," · "&X27) -> 1,08 · 1 | AD30: =AF17&" · "&AF23&IF(AF27="",""," · "&AF27) -> #N/A | AL30: =AN17&" · "&AN23&IF(AN27="",""," · "&AN27) -> #N/A
E31: Kabel valg | M31: Kabel valg | U31: Kabel valg | AC31: Kabel valg | AK31: Kabel valg
B32: Tabel for strømværdi | E32: Tabel: | H32: =IF(AND(OR($E$3="AL 2 belastede leder",$E$3="CU 2 belastede leder"),$E$4="70°C PVC",OR(H13="A1",H13="A2",H13="B1",H13="B2",H13="C",H13="D1",H13="D2")),'Ark4'!$A$1,IF(AND(OR($E$3="AL 3 belastede leder",$E$3="CU 3 belastede leder"),$E$4="70°C PVC",OR(H13="A1",H13="A2",H13="B1",H13="B2",H13="C",H13="D1",H13="D2")),'Ark4'!$R$1,IF(AND(OR($E$3="AL 2 belastede leder",$E$3="CU 2 belastede leder"),$E$4="90°C XLPE & EPR",OR(H13="A1",H13="A2",H13="B1",H13="B2",H13="C",H13="D1",H13="D2")),'Ark4'!$J$1,IF(AND(OR($E$3="AL 3 belastede leder",$E$3="CU 3 belastede leder"),$E$4="90°C XLPE & EPR",OR(H13="A1",H13="A2",H13="B1",H13="B2",H13="C",H13="D1",H13="D2")),'Ark4'!$Z$1,IF(AND(OR($E$3="CU 2 belastede leder",$E$3="CU 3 belastede leder"),$E$4="70°C PVC",OR(H13="E",H13="F")),'Ark4'!$B$44,IF(AND(OR($E$3="AL 2 belastede leder",$E$3="AL 3 belastede leder"),$E$4="70°C PVC",OR(H13="E",H13="F")),'Ark4'!$B$66,IF(AND(OR($E$3="CU 2 belastede leder",$E$3="CU 3 belastede leder"),$E$4="90°C XLPE & EPR",OR(H13="E",H13="F")),'Ark4'!$K$44,IF(AND(OR($E$3="AL 2 belastede leder",$E$3="AL 3 belastede leder"),$E$4="90°C XLPE & EPR",OR(H13="E",H13="F")),'Ark4'!$K$66)))))))) -> B.52.5 | M32: Tabel: | P32: =IF(AND(OR($E$3="AL 2 belastede leder",$E$3="CU 2 belastede leder"),$E$4="70°C PVC",OR(P13="A1",P13="A2",P13="B1",P13="B2",P13="C",P13="D1",P13="D2")),'Ark4'!$A$1,IF(AND(OR($E$3="AL 3 belastede leder",$E$3="CU 3 belastede leder"),$E$4="70°C PVC",OR(P13="A1",P13="A2",P13="B1",P13="B2",P13="C",P13="D1",P13="D2")),'Ark4'!$R$1,IF(AND(OR($E$3="AL 2 belastede leder",$E$3="CU 2 belastede leder"),$E$4="90°C XLPE & EPR",OR(P13="A1",P13="A2",P13="B1",P13="B2",P13="C",P13="D1",P13="D2")),'Ark4'!$J$1,IF(AND(OR($E$3="AL 3 belastede leder",$E$3="CU 3 belastede leder"),$E$4="90°C XLPE & EPR",OR(P13="A1",P13="A2",P13="B1",P13="B2",P13="C",P13="D1",P13="D2")),'Ark4'!$Z$1,IF(AND(OR($E$3="CU 2 belastede leder",$E$3="CU 3 belastede leder"),$E$4="70°C PVC",OR(P13="E",P13="F")),'Ark4'!$B$44,IF(AND(OR($E$3="AL 2 belastede leder",$E$3="AL 3 belastede leder"),$E$4="70°C PVC",OR(P13="E",P13="F")),'Ark4'!$B$66,IF(AND(OR($E$3="CU 2 belastede leder",$E$3="CU 3 belastede leder"),$E$4="90°C XLPE & EPR",OR(P13="E",P13="F")),'Ark4'!$K$44,IF(AND(OR($E$3="AL 2 belastede leder",$E$3="AL 3 belastede leder"),$E$4="90°C XLPE & EPR",OR(P13="E",P13="F")),'Ark4'!$K$66)))))))) -> B.52.5 | U32: Tabel: | X32: =IF(AND(OR($E$3="AL 2 belastede leder",$E$3="CU 2 belastede leder"),$E$4="70°C PVC",OR(X13="A1",X13="A2",X13="B1",X13="B2",X13="C",X13="D1",X13="D2")),'Ark4'!$A$1,IF(AND(OR($E$3="AL 3 belastede leder",$E$3="CU 3 belastede leder"),$E$4="70°C PVC",OR(X13="A1",X13="A2",X13="B1",X13="B2",X13="C",X13="D1",X13="D2")),'Ark4'!$R$1,IF(AND(OR($E$3="AL 2 belastede leder",$E$3="CU 2 belastede leder"),$E$4="90°C XLPE & EPR",OR(X13="A1",X13="A2",X13="B1",X13="B2",X13="C",X13="D1",X13="D2")),'Ark4'!$J$1,IF(AND(OR($E$3="AL 3 belastede leder",$E$3="CU 3 belastede leder"),$E$4="90°C XLPE & EPR",OR(X13="A1",X13="A2",X13="B1",X13="B2",X13="C",X13="D1",X13="D2")),'Ark4'!$Z$1,IF(AND(OR($E$3="CU 2 belastede leder",$E$3="CU 3 belastede leder"),$E$4="70°C PVC",OR(X13="E",X13="F")),'Ark4'!$B$44,IF(AND(OR($E$3="AL 2 belastede leder",$E$3="AL 3 belastede leder"),$E$4="70°C PVC",OR(X13="E",X13="F")),'Ark4'!$B$66,IF(AND(OR($E$3="CU 2 belastede leder",$E$3="CU 3 belastede leder"),$E$4="90°C XLPE & EPR",OR(X13="E",X13="F")),'Ark4'!$K$44,IF(AND(OR($E$3="AL 2 belastede leder",$E$3="AL 3 belastede leder"),$E$4="90°C XLPE & EPR",OR(X13="E",X13="F")),'Ark4'!$K$66)))))))) -> B.52.5 | AC32: Tabel: | AF32: =IF(AND(OR($E$3="AL 2 belastede leder",$E$3="CU 2 belastede leder"),$E$4="70°C PVC",OR(AF13="A1",AF13="A2",AF13="B1",AF13="B2",AF13="C",AF13="D1",AF13="D2")),'Ark4'!$A$1,IF(AND(OR($E$3="AL 3 belastede leder",$E$3="CU 3 belastede leder"),$E$4="70°C PVC",OR(AF13="A1",AF13="A2",AF13="B1",AF13="B2",AF13="C",AF13="D1",AF13="D2")),'Ark4'!$R$1,IF(AND(OR($E$3="AL 2 belastede leder",$E$3="CU 2 belastede leder"),$E$4="90°C XLPE & EPR",OR(AF13="A1",AF13="A2",AF13="B1",AF13="B2",AF13="C",AF13="D1",AF13="D2")),'Ark4'!$J$1,IF(AND(OR($E$3="AL 3 belastede leder",$E$3="CU 3 belastede leder"),$E$4="90°C XLPE & EPR",OR(AF13="A1",AF13="A2",AF13="B1",AF13="B2",AF13="C",AF13="D1",AF13="D2")),'Ark4'!$Z$1,IF(AND(OR($E$3="CU 2 belastede leder",$E$3="CU 3 belastede leder"),$E$4="70°C PVC",OR(AF13="E",AF13="F")),'Ark4'!$B$44,IF(AND(OR($E$3="AL 2 belastede leder",$E$3="AL 3 belastede leder"),$E$4="70°C PVC",OR(AF13="E",AF13="F")),'Ark4'!$B$66,IF(AND(OR($E$3="CU 2 belastede leder",$E$3="CU 3 belastede leder"),$E$4="90°C XLPE & EPR",OR(AF13="E",AF13="F")),'Ark4'!$K$44,IF(AND(OR($E$3="AL 2 belastede leder",$E$3="AL 3 belastede leder"),$E$4="90°C XLPE & EPR",OR(AF13="E",AF13="F")),'Ark4'!$K$66)))))))) -> #N/A | AK32: Tabel: | AN32: =IF(AND(OR($E$3="AL 2 belastede leder",$E$3="CU 2 belastede leder"),$E$4="70°C PVC",OR(AN13="A1",AN13="A2",AN13="B1",AN13="B2",AN13="C",AN13="D1",AN13="D2")),'Ark4'!$A$1,IF(AND(OR($E$3="AL 3 belastede leder",$E$3="CU 3 belastede leder"),$E$4="70°C PVC",OR(AN13="A1",AN13="A2",AN13="B1",AN13="B2",AN13="C",AN13="D1",AN13="D2")),'Ark4'!$R$1,IF(AND(OR($E$3="AL 2 belastede leder",$E$3="CU 2 belastede leder"),$E$4="90°C XLPE & EPR",OR(AN13="A1",AN13="A2",AN13="B1",AN13="B2",AN13="C",AN13="D1",AN13="D2")),'Ark4'!$J$1,IF(AND(OR($E$3="AL 3 belastede leder",$E$3="CU 3 belastede leder"),$E$4="90°C XLPE & EPR",OR(AN13="A1",AN13="A2",AN13="B1",AN13="B2",AN13="C",AN13="D1",AN13="D2")),'Ark4'!$Z$1,IF(AND(OR($E$3="CU 2 belastede leder",$E$3="CU 3 belastede leder"),$E$4="70°C PVC",OR(AN13="E",AN13="F")),'Ark4'!$B$44,IF(AND(OR($E$3="AL 2 belastede leder",$E$3="AL 3 belastede leder"),$E$4="70°C PVC",OR(AN13="E",AN13="F")),'Ark4'!$B$66,IF(AND(OR($E$3="CU 2 belastede leder",$E$3="CU 3 belastede leder"),$E$4="90°C XLPE & EPR",OR(AN13="E",AN13="F")),'Ark4'!$K$44,IF(AND(OR($E$3="AL 2 belastede leder",$E$3="AL 3 belastede leder"),$E$4="90°C XLPE & EPR",OR(AN13="E",AN13="F")),'Ark4'!$K$66)))))))) -> #N/A
B33: Kabelvalg: | E33: (mm²):(A) | H33: =IF(H39<H40,H39,H40) -> 35 | I33: mm² | J33: =IF(J39<J40,J39,J40) -> 98 | K33: A | M33: (mm²):(A) | P33: =IF(P39<P40,P39,P40) -> 25 | Q33: mm² | R33: =IF(R39<R40,R39,R40) -> 84 | S33: A | U33: (mm²):(A) | X33: =IF(X39<X40,X39,X40) -> 25 | Y33: mm² | Z33: =IF(Z39<Z40,Z39,Z40) -> 76 | AA33: A | AC33: (mm²):(A) | AF33: =IF(AF39<AF40,AF39,AF40) -> #N/A | AG33: mm² | AH33: =IF(AH39<AH40,AH39,AH40) -> #N/A | AI33: A | AK33: (mm²):(A) | AN33: =IF(AN39<AN40,AN39,AN40) -> #N/A | AO33: mm² | AP33: =IF(AP39<AP40,AP39,AP40) -> #N/A | AQ33: A
E34: Strømværdi (Izkorr) | M34: Strømværdi (Izkorr) | U34: Strømværdi (Izkorr) | AC34: Strømværdi (Izkorr) | AK34: Strømværdi (Izkorr)
B35: Strømværdi (Izkorr) | C35: Iz · kt · ks · kj | E35: =J33&" · "&H17&" · "&H23&IF(H27="",""," · "&H27) -> 98 · 0,89 · 1 · 1 | G35: = | H35: =J33*(H17*H23*IF(H27="",1,H27)) -> 87.22 | M35: =R33&" · "&P17&" · "&P23&IF(P27="",""," · "&P27) -> 84 · 0,96 · 1 | O35: = | P35: =R33*(P17*P23*IF(P27="",1,P27)) -> 80.64 | U35: =Z33&" · "&X17&" · "&X23&IF(X27="",""," · "&X27) -> 76 · 1,08 · 1 | W35: = | X35: =Z33*(X17*X23*IF(X27="",1,X27)) -> 82.08 | AC35: =AH33&" · "&AF17&" · "&AF23&IF(AF27="",""," · "&AF27) -> #N/A | AE35: = | AF35: =AH33*(AF17*AF23*IF(AF27="",1,AF27)) -> #N/A | AK35: =AP33&" · "&AN17&" · "&AN23&IF(AN27="",""," · "&AN27) -> #N/A | AM35: = | AN35: =AP33*(AN17*AN23*IF(AN27="",1,AN27)) -> #N/A
B38: Lavet af: Mikkel Vive, 2018
F39: (mm²):(A) | H39: =IF(AND(H13="A1",$E$3="CU 2 belastede leder",$E$4="70°C PVC"),INDEX('Ark4'!$A$4:$A$19,MATCH(H29,'Ark4'!$B$4:$B$19,-1),'Ark4'!$A$2),IF(AND(H13="A2",$E$3="CU 2 belastede leder",$E$4="70°C PVC"),INDEX('Ark4'!$A$4:$A$19,MATCH(H29,'Ark4'!$C$4:$C$19,-1),'Ark4'!$A$2),IF(AND(H13="B1",$E$3="CU 2 belastede leder",$E$4="70°C PVC"),INDEX('Ark4'!$A$4:$A$19,MATCH(H29,'Ark4'!$D$4:$D$19,-1),'Ark4'!$A$2),IF(AND(H13="B2",$E$3="CU 2 belastede leder",$E$4="70°C PVC"),INDEX('Ark4'!$A$4:$A$19,MATCH(H29,'Ark4'!$E$4:$E$19,-1),'Ark4'!$A$2),IF(AND(H13="C",$E$3="CU 2 belastede leder",$E$4="70°C PVC"),INDEX('Ark4'!$A$4:$A$19,MATCH(H29,'Ark4'!$F$4:$F$19,-1),'Ark4'!$A$2),IF(AND(H13="D1",$E$3="CU 2 belastede leder",$E$4="70°C PVC"),INDEX('Ark4'!$A$4:$A$19,MATCH(H29,'Ark4'!$G$4:$G$19,-1),'Ark4'!$A$2),IF(AND(H13="D2",$E$3="CU 2 belastede leder",$E$4="70°C PVC"),INDEX('Ark4'!$A$4:$A$19,MATCH(H29,'Ark4'!$H$4:$H$19,-1),'Ark4'!$A$2),IF(AND(H13="A1",$E$3="AL 2 belastede leder",$E$4="70°C PVC"),INDEX('Ark4'!$A$22:$A$36,MATCH(H29,'Ark4'!$B$22:$B$36,-1),'Ark4'!$A$2),IF(AND(H13="A2",$E$3="AL 2 belastede leder",$E$4="70°C PVC"),INDEX('Ark4'!$A$22:$A$36,MATCH(H29,'Ark4'!$C$22:$C$36,-1),'Ark4'!$A$2),IF(AND(H13="B1",$E$3="AL 2 belastede leder",$E$4="70°C PVC"),INDEX('Ark4'!$A$22:$A$36,MATCH(H29,'Ark4'!$D$22:$D$36,-1),'Ark4'!$A$2),IF(AND(H13="B2",$E$3="AL 2 belastede leder",$E$4="70°C PVC"),INDEX('Ark4'!$A$22:$A$36,MATCH(H29,'Ark4'!$E$22:$E$36,-1),'Ark4'!$A$2),IF(AND(H13="C",$E$3="AL 2 belastede leder",$E$4="70°C PVC"),INDEX('Ark4'!$A$22:$A$36,MATCH(H29,'Ark4'!$F$22:$F$36,-1),'Ark4'!$A$2),IF(AND(H13="D1",$E$3="AL 2 belastede leder",$E$4="70°C PVC"),INDEX('Ark4'!$A$22:$A$36,MATCH(H29,'Ark4'!$G$22:$G$36,-1),'Ark4'!$A$2),IF(AND(H13="D2",$E$3="AL 2 belastede leder",$E$4="70°C PVC"),INDEX('Ark4'!$A$22:$A$36,MATCH(H29,'Ark4'!$H$22:$H$36,-1),'Ark4'!$A$2),IF(AND(H13="A1",$E$3="CU 2 belastede leder",$E$4="90°C XLPE & EPR"),INDEX('Ark4'!$A$4:$A$19,MATCH(H29,'Ark4'!$J$4:$J$19,-1),'Ark4'!$A$2),IF(AND(H13="A2",$E$3="CU 2 belastede leder",$E$4="90°C XLPE & EPR"),INDEX('Ark4'!$A$4:$A$19,MATCH(H29,'Ark4'!$K$4:$K$19,-1),'Ark4'!$A$2),IF(AND(H13="B1",$E$3="CU 2 belastede leder",$E$4="90°C XLPE & EPR"),INDEX('Ark4'!$A$4:$A$19,MATCH(H29,'Ark4'!$L$4:$L$19,-1),'Ark4'!$A$2),IF(AND(H13="B2",$E$3="CU 2 belastede leder",$E$4="90°C XLPE & EPR"),INDEX('Ark4'!$A$4:$A$19,MATCH(H29,'Ark4'!$M$4:$M$19,-1),'Ark4'!$A$2),IF(AND(H13="C",$E$3="CU 2 belastede leder",$E$4="90°C XLPE & EPR"),INDEX('Ark4'!$A$4:$A$19,MATCH(H29,'Ark4'!$N$4:$N$19,-1),'Ark4'!$A$2),IF(AND(H13="D1",$E$3="CU 2 belastede leder",$E$4="90°C XLPE & EPR"),INDEX('Ark4'!$A$4:$A$19,MATCH(H29,'Ark4'!$O$4:$O$19,-1),'Ark4'!$A$2),IF(AND(H13="D2",$E$3="CU 2 belastede leder",$E$4="90°C XLPE & EPR"),INDEX('Ark4'!$A$4:$A$19,MATCH(H29,'Ark4'!$P$4:$P$19,-1),'Ark4'!$A$2),IF(AND(H13="A1",$E$3="AL 2 belastede leder",$E$4="90°C XLPE & EPR"),INDEX('Ark4'!$A$22:$A$36,MATCH(H29,'Ark4'!$J$22:$J$36,-1),'Ark4'!$A$2),IF(AND(H13="A2",$E$3="AL 2 belastede leder",$E$4="90°C XLPE & EPR"),INDEX('Ark4'!$A$22:$A$36,MATCH(H29,'Ark4'!$K$22:$K$36,-1),'Ark4'!$A$2),IF(AND(H13="B1",$E$3="AL 2 belastede leder",$E$4="90°C XLPE & EPR"),INDEX('Ark4'!$A$22:$A$36,MATCH(H29,'Ark4'!$L$22:$L$36,-1),'Ark4'!$A$2),IF(AND(H13="B2",$E$3="AL 2 belastede leder",$E$4="90°C XLPE & EPR"),INDEX('Ark4'!$A$22:$A$36,MATCH(H29,'Ark4'!$M$22:$M$36,-1),'Ark4'!$A$2),IF(AND(H13="C",$E$3="AL 2 belastede leder",$E$4="90°C XLPE & EPR"),INDEX('Ark4'!$A$22:$A$36,MATCH(H29,'Ark4'!$N$22:$N$36,-1),'Ark4'!$A$2),IF(AND(H13="D1",$E$3="AL 2 belastede leder",$E$4="90°C XLPE & EPR"),INDEX('Ark4'!$A$22:$A$36,MATCH(H29,'Ark4'!$O$22:$O$36,-1),'Ark4'!$A$2),IF(AND(H13="D2",$E$3="AL 2 belastede leder",$E$4="90°C XLPE & EPR"),INDEX('Ark4'!$A$22:$A$36,MATCH(H29,'Ark4'!$P$22:$P$36,-1),'Ark4'!$A$2),IF(AND(H13="A1",$E$3="CU 3 belastede leder",$E$4="70°C PVC"),INDEX('Ark4'!$A$4:$A$19,MATCH(H29,'Ark4'!$R$4:$R$19,-1),'Ark4'!$A$2),IF(AND(H13="A2",$E$3="CU 3 belastede leder",$E$4="70°C PVC"),INDEX('Ark4'!$A$4:$A$19,MATCH(H29,'Ark4'!$S$4:$S$19,-1),'Ark4'!$A$2),IF(AND(H13="B1",$E$3="CU 3 belastede leder",$E$4="70°C PVC"),INDEX('Ark4'!$A$4:$A$19,MATCH(H29,'Ark4'!$T$4:$T$19,-1),'Ark4'!$A$2),IF(AND(H13="B2",$E$3="CU 3 belastede leder",$E$4="70°C PVC"),INDEX('Ark4'!$A$4:$A$19,MATCH(H29,'Ark4'!$U$4:$U$19,-1),'Ark4'!$A$2),IF(AND(H13="C",$E$3="CU 3 belastede leder",$E$4="70°C PVC"),INDEX('Ark4'!$A$4:$A$19,MATCH(H29,'Ark4'!$V$4:$V$19,-1),'Ark4'!$A$2),IF(AND(H13="D1",$E$3="CU 3 belastede leder",$E$4="70°C PVC"),INDEX('Ark4'!$A$4:$A$19,MATCH(H29,'Ark4'!$W$4:$W$19,-1),'Ark4'!$A$2),IF(AND(H13="D2",$E$3="CU 3 belastede leder",$E$4="70°C PVC"),INDEX('Ark4'!$A$4:$A$19,MATCH(H29,'Ark4'!$X$4:$X$19,-1),'Ark4'!$A$2),IF(AND(H13="A1",$E$3="AL 3 belastede leder",$E$4="70°C PVC"),INDEX('Ark4'!$A$22:$A$36,MATCH(H29,'Ark4'!$R$22:$R$36,-1),'Ark4'!$A$2),IF(AND(H13="A2",$E$3="AL 3 belastede leder",$E$4="70°C PVC"),INDEX('Ark4'!$A$22:$A$36,MATCH(H29,'Ark4'!$S$22:$S$36,-1),'Ark4'!$A$2),IF(AND(H13="B1",$E$3="AL 3 belastede leder",$E$4="70°C PVC"),INDEX('Ark4'!$A$22:$A$36,MATCH(H29,'Ark4'!$T$22:$T$36,-1),'Ark4'!$A$2),IF(AND(H13="B2",$E$3="AL 3 belastede leder",$E$4="70°C PVC"),INDEX('Ark4'!$A$22:$A$36,MATCH(H29,'Ark4'!$U$22:$U$36,-1),'Ark4'!$A$2),IF(AND(H13="C",$E$3="AL 3 belastede leder",$E$4="70°C PVC"),INDEX('Ark4'!$A$22:$A$36,MATCH(H29,'Ark4'!$V$22:$V$36,-1),'Ark4'!$A$2),IF(AND(H13="D1",$E$3="AL 3 belastede leder",$E$4="70°C PVC"),INDEX('Ark4'!$A$22:$A$36,MATCH(H29,'Ark4'!$W$22:$W$36,-1),'Ark4'!$A$2),IF(AND(H13="D2",$E$3="AL 3 belastede leder",$E$4="70°C PVC"),INDEX('Ark4'!$A$22:$A$36,MATCH(H29,'Ark4'!$X$22:$X$36,-1),'Ark4'!$A$2),IF(AND(H13="A1",$E$3="CU 3 belastede leder",$E$4="90°C XLPE & EPR"),INDEX('Ark4'!$A$4:$A$19,MATCH(H29,'Ark4'!$Z$4:$Z$19,-1),'Ark4'!$A$2),IF(AND(H13="A2",$E$3="CU 3 belastede leder",$E$4="90°C XLPE & EPR"),INDEX('Ark4'!$A$4:$A$19,MATCH(H29,'Ark4'!$AA$4:$AA$19,-1),'Ark4'!$A$2),IF(AND(H13="B1",$E$3="CU 3 belastede leder",$E$4="90°C XLPE & EPR"),INDEX('Ark4'!$A$4:$A$19,MATCH(H29,'Ark4'!$AB$4:$AB$19,-1),'Ark4'!$A$2),IF(AND(H13="B2",$E$3="CU 3 belastede leder",$E$4="90°C XLPE & EPR"),INDEX('Ark4'!$A$4:$A$19,MATCH(H29,'Ark4'!$AC$4:$AC$19,-1),'Ark4'!$A$2),IF(AND(H13="C",$E$3="CU 3 belastede leder",$E$4="90°C XLPE & EPR"),INDEX('Ark4'!$A$4:$A$19,MATCH(H29,'Ark4'!$AD$4:$AD$19,-1),'Ark4'!$A$2),IF(AND(H13="D1",$E$3="CU 3 belastede leder",$E$4="90°C XLPE & EPR"),INDEX('Ark4'!$A$4:$A$19,MATCH(H29,'Ark4'!$AE$4:$AE$19,-1),'Ark4'!$A$2),IF(AND(H13="D2",$E$3="CU 3 belastede leder",$E$4="90°C XLPE & EPR"),INDEX('Ark4'!$A$4:$A$19,MATCH(H29,'Ark4'!$AF$4:$AF$19,-1),'Ark4'!$A$2),IF(AND(H13="A1",$E$3="AL 3 belastede leder",$E$4="90°C XLPE & EPR"),INDEX('Ark4'!$A$22:$A$36,MATCH(H29,'Ark4'!$Z$22:$Z$36,-1),'Ark4'!$A$2),IF(AND(H13="A2",$E$3="AL 3 belastede leder",$E$4="90°C XLPE & EPR"),INDEX('Ark4'!$A$22:$A$36,MATCH(H29,'Ark4'!$AA$22:$AA$36,-1),'Ark4'!$A$2),IF(AND(H13="B1",$E$3="AL 3 belastede leder",$E$4="90°C XLPE & EPR"),INDEX('Ark4'!$A$22:$A$36,MATCH(H29,'Ark4'!$AB$22:$AB$36,-1),'Ark4'!$A$2),IF(AND(H13="B2",$E$3="AL 3 belastede leder",$E$4="90°C XLPE & EPR"),INDEX('Ark4'!$A$22:$A$36,MATCH(H29,'Ark4'!$AC$22:$AC$36,-1),'Ark4'!$A$2),IF(AND(H13="C",$E$3="AL 3 belastede leder",$E$4="90°C XLPE & EPR"),INDEX('Ark4'!$A$22:$A$36,MATCH(H29,'Ark4'!$AD$22:$AD$36,-1),'Ark4'!$A$2),IF(AND(H13="D1",$E$3="AL 3 belastede leder",$E$4="90°C XLPE & EPR"),INDEX('Ark4'!$A$22:$A$36,MATCH(H29,'Ark4'!$AE$22:$AE$36,-1),'Ark4'!$A$2),IF(AND(H13="D2",$E$3="AL 3 belastede leder",$E$4="90°C XLPE & EPR"),INDEX('Ark4'!$A$22:$A$36,MATCH(H29,'Ark4'!$AF$22:$AF$36,-1),'Ark4'!$A$2),"")))))))))))))))))))))))))))))))))))))))))))))))))))))))) -> 35 | I39: mm² | J39: =IF(AND($E$3="CU 2 belastede leder",$E$4="70°C PVC",OR(H13="A1",H13="A2",H13="B1",H13="B2",H13="C",H13="D1",H13="D2")),INDEX('Ark4'!$B$4:$H$19,MATCH('Ark1'!H39,'Ark4'!$A$4:$A$19,0),MATCH('Ark1'!H13,'Ark4'!$B$3:$H$3,0)),IF(AND($E$3="AL 2 belastede leder",$E$4="70°C PVC",OR(H13="A1",H13="A2",H13="B1",H13="B2",H13="C",H13="D1",H13="D2")),INDEX('Ark4'!$B$22:$H$36,MATCH('Ark1'!H39,'Ark4'!$A$22:$A$36,0),MATCH('Ark1'!H13,'Ark4'!$B$21:$H$21,0)),IF(AND($E$3="CU 3 belastede leder",$E$4="70°C PVC",OR(H13="A1",H13="A2",H13="B1",H13="B2",H13="C",H13="D1",H13="D2")),INDEX('Ark4'!$R$4:$X$19,MATCH('Ark1'!H39,'Ark4'!$A$4:$A$19,0),MATCH('Ark1'!H13,'Ark4'!$R$3:$X$3,0)),IF(AND($E$3="AL 3 belastede leder",$E$4="70°C PVC",OR(H13="A1",H13="A2",H13="B1",H13="B2",H13="C",H13="D1",H13="D2")),INDEX('Ark4'!$R$22:$X$36,MATCH('Ark1'!H39,'Ark4'!$A$22:$A$36,0),MATCH('Ark1'!H13,'Ark4'!$R$21:$X$21,0)),IF(AND($E$3="CU 2 belastede leder",$E$4="90°C XLPE & EPR",OR(H13="A1",H13="A2",H13="B1",H13="B2",H13="C",H13="D1",H13="D2")),INDEX('Ark4'!$J$4:$P$19,MATCH('Ark1'!H39,'Ark4'!$A$4:$A$19,0),MATCH('Ark1'!H13,'Ark4'!$J$3:$P$3,0)),IF(AND($E$3="AL 2 belastede leder",$E$4="90°C XLPE & EPR",OR(H13="A1",H13="A2",H13="B1",H13="B2",H13="C",H13="D1",H13="D2")),INDEX('Ark4'!$J$22:$P$36,MATCH('Ark1'!H39,'Ark4'!$A$22:$A$36,0),MATCH('Ark1'!H13,'Ark4'!$J$21:$P$21,0)),IF(AND($E$3="CU 3 belastede leder",$E$4="90°C XLPE & EPR",OR(H13="A1",H13="A2",H13="B1",H13="B2",H13="C",H13="D1",H13="D2")),INDEX('Ark4'!$Z$4:$AF$19,MATCH('Ark1'!H39,'Ark4'!$A$4:$A$19,0),MATCH('Ark1'!H13,'Ark4'!$Z$3:$AF$3,0)),IF(AND($E$3="AL 3 belastede leder",$E$4="90°C XLPE & EPR",OR(H13="A1",H13="A2",H13="B1",H13="B2",H13="C",H13="D1",H13="D2")),INDEX('Ark4'!$Z$22:$AF$36,MATCH('Ark1'!H39,'Ark4'!$A$22:$A$36,0),MATCH('Ark1'!H13,'Ark4'!$Z$21:$AF$21,0)),"")))))))) -> 98 | K39: A | N39: (mm²):(A) | P39: =IF(AND(P13="A1",$E$3="CU 2 belastede leder",$E$4="70°C PVC"),INDEX('Ark4'!$A$4:$A$19,MATCH(P29,'Ark4'!$B$4:$B$19,-1),'Ark4'!$A$2),IF(AND(P13="A2",$E$3="CU 2 belastede leder",$E$4="70°C PVC"),INDEX('Ark4'!$A$4:$A$19,MATCH(P29,'Ark4'!$C$4:$C$19,-1),'Ark4'!$A$2),IF(AND(P13="B1",$E$3="CU 2 belastede leder",$E$4="70°C PVC"),INDEX('Ark4'!$A$4:$A$19,MATCH(P29,'Ark4'!$D$4:$D$19,-1),'Ark4'!$A$2),IF(AND(P13="B2",$E$3="CU 2 belastede leder",$E$4="70°C PVC"),INDEX('Ark4'!$A$4:$A$19,MATCH(P29,'Ark4'!$E$4:$E$19,-1),'Ark4'!$A$2),IF(AND(P13="C",$E$3="CU 2 belastede leder",$E$4="70°C PVC"),INDEX('Ark4'!$A$4:$A$19,MATCH(P29,'Ark4'!$F$4:$F$19,-1),'Ark4'!$A$2),IF(AND(P13="D1",$E$3="CU 2 belastede leder",$E$4="70°C PVC"),INDEX('Ark4'!$A$4:$A$19,MATCH(P29,'Ark4'!$G$4:$G$19,-1),'Ark4'!$A$2),IF(AND(P13="D2",$E$3="CU 2 belastede leder",$E$4="70°C PVC"),INDEX('Ark4'!$A$4:$A$19,MATCH(P29,'Ark4'!$H$4:$H$19,-1),'Ark4'!$A$2),IF(AND(P13="A1",$E$3="AL 2 belastede leder",$E$4="70°C PVC"),INDEX('Ark4'!$A$22:$A$36,MATCH(P29,'Ark4'!$B$22:$B$36,-1),'Ark4'!$A$2),IF(AND(P13="A2",$E$3="AL 2 belastede leder",$E$4="70°C PVC"),INDEX('Ark4'!$A$22:$A$36,MATCH(P29,'Ark4'!$C$22:$C$36,-1),'Ark4'!$A$2),IF(AND(P13="B1",$E$3="AL 2 belastede leder",$E$4="70°C PVC"),INDEX('Ark4'!$A$22:$A$36,MATCH(P29,'Ark4'!$D$22:$D$36,-1),'Ark4'!$A$2),IF(AND(P13="B2",$E$3="AL 2 belastede leder",$E$4="70°C PVC"),INDEX('Ark4'!$A$22:$A$36,MATCH(P29,'Ark4'!$E$22:$E$36,-1),'Ark4'!$A$2),IF(AND(P13="C",$E$3="AL 2 belastede leder",$E$4="70°C PVC"),INDEX('Ark4'!$A$22:$A$36,MATCH(P29,'Ark4'!$F$22:$F$36,-1),'Ark4'!$A$2),IF(AND(P13="D1",$E$3="AL 2 belastede leder",$E$4="70°C PVC"),INDEX('Ark4'!$A$22:$A$36,MATCH(P29,'Ark4'!$G$22:$G$36,-1),'Ark4'!$A$2),IF(AND(P13="D2",$E$3="AL 2 belastede leder",$E$4="70°C PVC"),INDEX('Ark4'!$A$22:$A$36,MATCH(P29,'Ark4'!$H$22:$H$36,-1),'Ark4'!$A$2),IF(AND(P13="A1",$E$3="CU 2 belastede leder",$E$4="90°C XLPE & EPR"),INDEX('Ark4'!$A$4:$A$19,MATCH(P29,'Ark4'!$J$4:$J$19,-1),'Ark4'!$A$2),IF(AND(P13="A2",$E$3="CU 2 belastede leder",$E$4="90°C XLPE & EPR"),INDEX('Ark4'!$A$4:$A$19,MATCH(P29,'Ark4'!$K$4:$K$19,-1),'Ark4'!$A$2),IF(AND(P13="B1",$E$3="CU 2 belastede leder",$E$4="90°C XLPE & EPR"),INDEX('Ark4'!$A$4:$A$19,MATCH(P29,'Ark4'!$L$4:$L$19,-1),'Ark4'!$A$2),IF(AND(P13="B2",$E$3="CU 2 belastede leder",$E$4="90°C XLPE & EPR"),INDEX('Ark4'!$A$4:$A$19,MATCH(P29,'Ark4'!$M$4:$M$19,-1),'Ark4'!$A$2),IF(AND(P13="C",$E$3="CU 2 belastede leder",$E$4="90°C XLPE & EPR"),INDEX('Ark4'!$A$4:$A$19,MATCH(P29,'Ark4'!$N$4:$N$19,-1),'Ark4'!$A$2),IF(AND(P13="D1",$E$3="CU 2 belastede leder",$E$4="90°C XLPE & EPR"),INDEX('Ark4'!$A$4:$A$19,MATCH(P29,'Ark4'!$O$4:$O$19,-1),'Ark4'!$A$2),IF(AND(P13="D2",$E$3="CU 2 belastede leder",$E$4="90°C XLPE & EPR"),INDEX('Ark4'!$A$4:$A$19,MATCH(P29,'Ark4'!$P$4:$P$19,-1),'Ark4'!$A$2),IF(AND(P13="A1",$E$3="AL 2 belastede leder",$E$4="90°C XLPE & EPR"),INDEX('Ark4'!$A$22:$A$36,MATCH(P29,'Ark4'!$J$22:$J$36,-1),'Ark4'!$A$2),IF(AND(P13="A2",$E$3="AL 2 belastede leder",$E$4="90°C XLPE & EPR"),INDEX('Ark4'!$A$22:$A$36,MATCH(P29,'Ark4'!$K$22:$K$36,-1),'Ark4'!$A$2),IF(AND(P13="B1",$E$3="AL 2 belastede leder",$E$4="90°C XLPE & EPR"),INDEX('Ark4'!$A$22:$A$36,MATCH(P29,'Ark4'!$L$22:$L$36,-1),'Ark4'!$A$2),IF(AND(P13="B2",$E$3="AL 2 belastede leder",$E$4="90°C XLPE & EPR"),INDEX('Ark4'!$A$22:$A$36,MATCH(P29,'Ark4'!$M$22:$M$36,-1),'Ark4'!$A$2),IF(AND(P13="C",$E$3="AL 2 belastede leder",$E$4="90°C XLPE & EPR"),INDEX('Ark4'!$A$22:$A$36,MATCH(P29,'Ark4'!$N$22:$N$36,-1),'Ark4'!$A$2),IF(AND(P13="D1",$E$3="AL 2 belastede leder",$E$4="90°C XLPE & EPR"),INDEX('Ark4'!$A$22:$A$36,MATCH(P29,'Ark4'!$O$22:$O$36,-1),'Ark4'!$A$2),IF(AND(P13="D2",$E$3="AL 2 belastede leder",$E$4="90°C XLPE & EPR"),INDEX('Ark4'!$A$22:$A$36,MATCH(P29,'Ark4'!$P$22:$P$36,-1),'Ark4'!$A$2),IF(AND(P13="A1",$E$3="CU 3 belastede leder",$E$4="70°C PVC"),INDEX('Ark4'!$A$4:$A$19,MATCH(P29,'Ark4'!$R$4:$R$19,-1),'Ark4'!$A$2),IF(AND(P13="A2",$E$3="CU 3 belastede leder",$E$4="70°C PVC"),INDEX('Ark4'!$A$4:$A$19,MATCH(P29,'Ark4'!$S$4:$S$19,-1),'Ark4'!$A$2),IF(AND(P13="B1",$E$3="CU 3 belastede leder",$E$4="70°C PVC"),INDEX('Ark4'!$A$4:$A$19,MATCH(P29,'Ark4'!$T$4:$T$19,-1),'Ark4'!$A$2),IF(AND(P13="B2",$E$3="CU 3 belastede leder",$E$4="70°C PVC"),INDEX('Ark4'!$A$4:$A$19,MATCH(P29,'Ark4'!$U$4:$U$19,-1),'Ark4'!$A$2),IF(AND(P13="C",$E$3="CU 3 belastede leder",$E$4="70°C PVC"),INDEX('Ark4'!$A$4:$A$19,MATCH(P29,'Ark4'!$V$4:$V$19,-1),'Ark4'!$A$2),IF(AND(P13="D1",$E$3="CU 3 belastede leder",$E$4="70°C PVC"),INDEX('Ark4'!$A$4:$A$19,MATCH(P29,'Ark4'!$W$4:$W$19,-1),'Ark4'!$A$2),IF(AND(P13="D2",$E$3="CU 3 belastede leder",$E$4="70°C PVC"),INDEX('Ark4'!$A$4:$A$19,MATCH(P29,'Ark4'!$X$4:$X$19,-1),'Ark4'!$A$2),IF(AND(P13="A1",$E$3="AL 3 belastede leder",$E$4="70°C PVC"),INDEX('Ark4'!$A$22:$A$36,MATCH(P29,'Ark4'!$R$22:$R$36,-1),'Ark4'!$A$2),IF(AND(P13="A2",$E$3="AL 3 belastede leder",$E$4="70°C PVC"),INDEX('Ark4'!$A$22:$A$36,MATCH(P29,'Ark4'!$S$22:$S$36,-1),'Ark4'!$A$2),IF(AND(P13="B1",$E$3="AL 3 belastede leder",$E$4="70°C PVC"),INDEX('Ark4'!$A$22:$A$36,MATCH(P29,'Ark4'!$T$22:$T$36,-1),'Ark4'!$A$2),IF(AND(P13="B2",$E$3="AL 3 belastede leder",$E$4="70°C PVC"),INDEX('Ark4'!$A$22:$A$36,MATCH(P29,'Ark4'!$U$22:$U$36,-1),'Ark4'!$A$2),IF(AND(P13="C",$E$3="AL 3 belastede leder",$E$4="70°C PVC"),INDEX('Ark4'!$A$22:$A$36,MATCH(P29,'Ark4'!$V$22:$V$36,-1),'Ark4'!$A$2),IF(AND(P13="D1",$E$3="AL 3 belastede leder",$E$4="70°C PVC"),INDEX('Ark4'!$A$22:$A$36,MATCH(P29,'Ark4'!$W$22:$W$36,-1),'Ark4'!$A$2),IF(AND(P13="D2",$E$3="AL 3 belastede leder",$E$4="70°C PVC"),INDEX('Ark4'!$A$22:$A$36,MATCH(P29,'Ark4'!$X$22:$X$36,-1),'Ark4'!$A$2),IF(AND(P13="A1",$E$3="CU 3 belastede leder",$E$4="90°C XLPE & EPR"),INDEX('Ark4'!$A$4:$A$19,MATCH(P29,'Ark4'!$Z$4:$Z$19,-1),'Ark4'!$A$2),IF(AND(P13="A2",$E$3="CU 3 belastede leder",$E$4="90°C XLPE & EPR"),INDEX('Ark4'!$A$4:$A$19,MATCH(P29,'Ark4'!$AA$4:$AA$19,-1),'Ark4'!$A$2),IF(AND(P13="B1",$E$3="CU 3 belastede leder",$E$4="90°C XLPE & EPR"),INDEX('Ark4'!$A$4:$A$19,MATCH(P29,'Ark4'!$AB$4:$AB$19,-1),'Ark4'!$A$2),IF(AND(P13="B2",$E$3="CU 3 belastede leder",$E$4="90°C XLPE & EPR"),INDEX('Ark4'!$A$4:$A$19,MATCH(P29,'Ark4'!$AC$4:$AC$19,-1),'Ark4'!$A$2),IF(AND(P13="C",$E$3="CU 3 belastede leder",$E$4="90°C XLPE & EPR"),INDEX('Ark4'!$A$4:$A$19,MATCH(P29,'Ark4'!$AD$4:$AD$19,-1),'Ark4'!$A$2),IF(AND(P13="D1",$E$3="CU 3 belastede leder",$E$4="90°C XLPE & EPR"),INDEX('Ark4'!$A$4:$A$19,MATCH(P29,'Ark4'!$AE$4:$AE$19,-1),'Ark4'!$A$2),IF(AND(P13="D2",$E$3="CU 3 belastede leder",$E$4="90°C XLPE & EPR"),INDEX('Ark4'!$A$4:$A$19,MATCH(P29,'Ark4'!$AF$4:$AF$19,-1),'Ark4'!$A$2),IF(AND(P13="A1",$E$3="AL 3 belastede leder",$E$4="90°C XLPE & EPR"),INDEX('Ark4'!$A$22:$A$36,MATCH(P29,'Ark4'!$Z$22:$Z$36,-1),'Ark4'!$A$2),IF(AND(P13="A2",$E$3="AL 3 belastede leder",$E$4="90°C XLPE & EPR"),INDEX('Ark4'!$A$22:$A$36,MATCH(P29,'Ark4'!$AA$22:$AA$36,-1),'Ark4'!$A$2),IF(AND(P13="B1",$E$3="AL 3 belastede leder",$E$4="90°C XLPE & EPR"),INDEX('Ark4'!$A$22:$A$36,MATCH(P29,'Ark4'!$AB$22:$AB$36,-1),'Ark4'!$A$2),IF(AND(P13="B2",$E$3="AL 3 belastede leder",$E$4="90°C XLPE & EPR"),INDEX('Ark4'!$A$22:$A$36,MATCH(P29,'Ark4'!$AC$22:$AC$36,-1),'Ark4'!$A$2),IF(AND(P13="C",$E$3="AL 3 belastede leder",$E$4="90°C XLPE & EPR"),INDEX('Ark4'!$A$22:$A$36,MATCH(P29,'Ark4'!$AD$22:$AD$36,-1),'Ark4'!$A$2),IF(AND(P13="D1",$E$3="AL 3 belastede leder",$E$4="90°C XLPE & EPR"),INDEX('Ark4'!$A$22:$A$36,MATCH(P29,'Ark4'!$AE$22:$AE$36,-1),'Ark4'!$A$2),IF(AND(P13="D2",$E$3="AL 3 belastede leder",$E$4="90°C XLPE & EPR"),INDEX('Ark4'!$A$22:$A$36,MATCH(P29,'Ark4'!$AF$22:$AF$36,-1),'Ark4'!$A$2),"")))))))))))))))))))))))))))))))))))))))))))))))))))))))) -> 25 | Q39: mm² | R39: =IF(AND($E$3="CU 2 belastede leder",$E$4="70°C PVC",OR(P13="A1",P13="A2",P13="B1",P13="B2",P13="C",P13="D1",P13="D2")),INDEX('Ark4'!$B$4:$H$19,MATCH('Ark1'!P39,'Ark4'!$A$4:$A$19,0),MATCH('Ark1'!P13,'Ark4'!$B$3:$H$3,0)),IF(AND($E$3="AL 2 belastede leder",$E$4="70°C PVC",OR(P13="A1",P13="A2",P13="B1",P13="B2",P13="C",P13="D1",P13="D2")),INDEX('Ark4'!$B$22:$H$36,MATCH('Ark1'!P39,'Ark4'!$A$22:$A$36,0),MATCH('Ark1'!P13,'Ark4'!$B$21:$H$21,0)),IF(AND($E$3="CU 3 belastede leder",$E$4="70°C PVC",OR(P13="A1",P13="A2",P13="B1",P13="B2",P13="C",P13="D1",P13="D2")),INDEX('Ark4'!$R$4:$X$19,MATCH('Ark1'!P39,'Ark4'!$A$4:$A$19,0),MATCH('Ark1'!P13,'Ark4'!$R$3:$X$3,0)),IF(AND($E$3="AL 3 belastede leder",$E$4="70°C PVC",OR(P13="A1",P13="A2",P13="B1",P13="B2",P13="C",P13="D1",P13="D2")),INDEX('Ark4'!$R$22:$X$36,MATCH('Ark1'!P39,'Ark4'!$A$22:$A$36,0),MATCH('Ark1'!P13,'Ark4'!$R$21:$X$21,0)),IF(AND($E$3="CU 2 belastede leder",$E$4="90°C XLPE & EPR",OR(P13="A1",P13="A2",P13="B1",P13="B2",P13="C",P13="D1",P13="D2")),INDEX('Ark4'!$J$4:$P$19,MATCH('Ark1'!P39,'Ark4'!$A$4:$A$19,0),MATCH('Ark1'!P13,'Ark4'!$J$3:$P$3,0)),IF(AND($E$3="AL 2 belastede leder",$E$4="90°C XLPE & EPR",OR(P13="A1",P13="A2",P13="B1",P13="B2",P13="C",P13="D1",P13="D2")),INDEX('Ark4'!$J$22:$P$36,MATCH('Ark1'!P39,'Ark4'!$A$22:$A$36,0),MATCH('Ark1'!P13,'Ark4'!$J$21:$P$21,0)),IF(AND($E$3="CU 3 belastede leder",$E$4="90°C XLPE & EPR",OR(P13="A1",P13="A2",P13="B1",P13="B2",P13="C",P13="D1",P13="D2")),INDEX('Ark4'!$Z$4:$AF$19,MATCH('Ark1'!P39,'Ark4'!$A$4:$A$19,0),MATCH('Ark1'!P13,'Ark4'!$Z$3:$AF$3,0)),IF(AND($E$3="AL 3 belastede leder",$E$4="90°C XLPE & EPR",OR(P13="A1",P13="A2",P13="B1",P13="B2",P13="C",P13="D1",P13="D2")),INDEX('Ark4'!$Z$22:$AF$36,MATCH('Ark1'!P39,'Ark4'!$A$22:$A$36,0),MATCH('Ark1'!P13,'Ark4'!$Z$21:$AF$21,0)),"")))))))) -> 84 | S39: A | V39: (mm²):(A) | X39: =IF(AND(X13="A1",$E$3="CU 2 belastede leder",$E$4="70°C PVC"),INDEX('Ark4'!$A$4:$A$19,MATCH(X29,'Ark4'!$B$4:$B$19,-1),'Ark4'!$A$2),IF(AND(X13="A2",$E$3="CU 2 belastede leder",$E$4="70°C PVC"),INDEX('Ark4'!$A$4:$A$19,MATCH(X29,'Ark4'!$C$4:$C$19,-1),'Ark4'!$A$2),IF(AND(X13="B1",$E$3="CU 2 belastede leder",$E$4="70°C PVC"),INDEX('Ark4'!$A$4:$A$19,MATCH(X29,'Ark4'!$D$4:$D$19,-1),'Ark4'!$A$2),IF(AND(X13="B2",$E$3="CU 2 belastede leder",$E$4="70°C PVC"),INDEX('Ark4'!$A$4:$A$19,MATCH(X29,'Ark4'!$E$4:$E$19,-1),'Ark4'!$A$2),IF(AND(X13="C",$E$3="CU 2 belastede leder",$E$4="70°C PVC"),INDEX('Ark4'!$A$4:$A$19,MATCH(X29,'Ark4'!$F$4:$F$19,-1),'Ark4'!$A$2),IF(AND(X13="D1",$E$3="CU 2 belastede leder",$E$4="70°C PVC"),INDEX('Ark4'!$A$4:$A$19,MATCH(X29,'Ark4'!$G$4:$G$19,-1),'Ark4'!$A$2),IF(AND(X13="D2",$E$3="CU 2 belastede leder",$E$4="70°C PVC"),INDEX('Ark4'!$A$4:$A$19,MATCH(X29,'Ark4'!$H$4:$H$19,-1),'Ark4'!$A$2),IF(AND(X13="A1",$E$3="AL 2 belastede leder",$E$4="70°C PVC"),INDEX('Ark4'!$A$22:$A$36,MATCH(X29,'Ark4'!$B$22:$B$36,-1),'Ark4'!$A$2),IF(AND(X13="A2",$E$3="AL 2 belastede leder",$E$4="70°C PVC"),INDEX('Ark4'!$A$22:$A$36,MATCH(X29,'Ark4'!$C$22:$C$36,-1),'Ark4'!$A$2),IF(AND(X13="B1",$E$3="AL 2 belastede leder",$E$4="70°C PVC"),INDEX('Ark4'!$A$22:$A$36,MATCH(X29,'Ark4'!$D$22:$D$36,-1),'Ark4'!$A$2),IF(AND(X13="B2",$E$3="AL 2 belastede leder",$E$4="70°C PVC"),INDEX('Ark4'!$A$22:$A$36,MATCH(X29,'Ark4'!$E$22:$E$36,-1),'Ark4'!$A$2),IF(AND(X13="C",$E$3="AL 2 belastede leder",$E$4="70°C PVC"),INDEX('Ark4'!$A$22:$A$36,MATCH(X29,'Ark4'!$F$22:$F$36,-1),'Ark4'!$A$2),IF(AND(X13="D1",$E$3="AL 2 belastede leder",$E$4="70°C PVC"),INDEX('Ark4'!$A$22:$A$36,MATCH(X29,'Ark4'!$G$22:$G$36,-1),'Ark4'!$A$2),IF(AND(X13="D2",$E$3="AL 2 belastede leder",$E$4="70°C PVC"),INDEX('Ark4'!$A$22:$A$36,MATCH(X29,'Ark4'!$H$22:$H$36,-1),'Ark4'!$A$2),IF(AND(X13="A1",$E$3="CU 2 belastede leder",$E$4="90°C XLPE & EPR"),INDEX('Ark4'!$A$4:$A$19,MATCH(X29,'Ark4'!$J$4:$J$19,-1),'Ark4'!$A$2),IF(AND(X13="A2",$E$3="CU 2 belastede leder",$E$4="90°C XLPE & EPR"),INDEX('Ark4'!$A$4:$A$19,MATCH(X29,'Ark4'!$K$4:$K$19,-1),'Ark4'!$A$2),IF(AND(X13="B1",$E$3="CU 2 belastede leder",$E$4="90°C XLPE & EPR"),INDEX('Ark4'!$A$4:$A$19,MATCH(X29,'Ark4'!$L$4:$L$19,-1),'Ark4'!$A$2),IF(AND(X13="B2",$E$3="CU 2 belastede leder",$E$4="90°C XLPE & EPR"),INDEX('Ark4'!$A$4:$A$19,MATCH(X29,'Ark4'!$M$4:$M$19,-1),'Ark4'!$A$2),IF(AND(X13="C",$E$3="CU 2 belastede leder",$E$4="90°C XLPE & EPR"),INDEX('Ark4'!$A$4:$A$19,MATCH(X29,'Ark4'!$N$4:$N$19,-1),'Ark4'!$A$2),IF(AND(X13="D1",$E$3="CU 2 belastede leder",$E$4="90°C XLPE & EPR"),INDEX('Ark4'!$A$4:$A$19,MATCH(X29,'Ark4'!$O$4:$O$19,-1),'Ark4'!$A$2),IF(AND(X13="D2",$E$3="CU 2 belastede leder",$E$4="90°C XLPE & EPR"),INDEX('Ark4'!$A$4:$A$19,MATCH(X29,'Ark4'!$P$4:$P$19,-1),'Ark4'!$A$2),IF(AND(X13="A1",$E$3="AL 2 belastede leder",$E$4="90°C XLPE & EPR"),INDEX('Ark4'!$A$22:$A$36,MATCH(X29,'Ark4'!$J$22:$J$36,-1),'Ark4'!$A$2),IF(AND(X13="A2",$E$3="AL 2 belastede leder",$E$4="90°C XLPE & EPR"),INDEX('Ark4'!$A$22:$A$36,MATCH(X29,'Ark4'!$K$22:$K$36,-1),'Ark4'!$A$2),IF(AND(X13="B1",$E$3="AL 2 belastede leder",$E$4="90°C XLPE & EPR"),INDEX('Ark4'!$A$22:$A$36,MATCH(X29,'Ark4'!$L$22:$L$36,-1),'Ark4'!$A$2),IF(AND(X13="B2",$E$3="AL 2 belastede leder",$E$4="90°C XLPE & EPR"),INDEX('Ark4'!$A$22:$A$36,MATCH(X29,'Ark4'!$M$22:$M$36,-1),'Ark4'!$A$2),IF(AND(X13="C",$E$3="AL 2 belastede leder",$E$4="90°C XLPE & EPR"),INDEX('Ark4'!$A$22:$A$36,MATCH(X29,'Ark4'!$N$22:$N$36,-1),'Ark4'!$A$2),IF(AND(X13="D1",$E$3="AL 2 belastede leder",$E$4="90°C XLPE & EPR"),INDEX('Ark4'!$A$22:$A$36,MATCH(X29,'Ark4'!$O$22:$O$36,-1),'Ark4'!$A$2),IF(AND(X13="D2",$E$3="AL 2 belastede leder",$E$4="90°C XLPE & EPR"),INDEX('Ark4'!$A$22:$A$36,MATCH(X29,'Ark4'!$P$22:$P$36,-1),'Ark4'!$A$2),IF(AND(X13="A1",$E$3="CU 3 belastede leder",$E$4="70°C PVC"),INDEX('Ark4'!$A$4:$A$19,MATCH(X29,'Ark4'!$R$4:$R$19,-1),'Ark4'!$A$2),IF(AND(X13="A2",$E$3="CU 3 belastede leder",$E$4="70°C PVC"),INDEX('Ark4'!$A$4:$A$19,MATCH(X29,'Ark4'!$S$4:$S$19,-1),'Ark4'!$A$2),IF(AND(X13="B1",$E$3="CU 3 belastede leder",$E$4="70°C PVC"),INDEX('Ark4'!$A$4:$A$19,MATCH(X29,'Ark4'!$T$4:$T$19,-1),'Ark4'!$A$2),IF(AND(X13="B2",$E$3="CU 3 belastede leder",$E$4="70°C PVC"),INDEX('Ark4'!$A$4:$A$19,MATCH(X29,'Ark4'!$U$4:$U$19,-1),'Ark4'!$A$2),IF(AND(X13="C",$E$3="CU 3 belastede leder",$E$4="70°C PVC"),INDEX('Ark4'!$A$4:$A$19,MATCH(X29,'Ark4'!$V$4:$V$19,-1),'Ark4'!$A$2),IF(AND(X13="D1",$E$3="CU 3 belastede leder",$E$4="70°C PVC"),INDEX('Ark4'!$A$4:$A$19,MATCH(X29,'Ark4'!$W$4:$W$19,-1),'Ark4'!$A$2),IF(AND(X13="D2",$E$3="CU 3 belastede leder",$E$4="70°C PVC"),INDEX('Ark4'!$A$4:$A$19,MATCH(X29,'Ark4'!$X$4:$X$19,-1),'Ark4'!$A$2),IF(AND(X13="A1",$E$3="AL 3 belastede leder",$E$4="70°C PVC"),INDEX('Ark4'!$A$22:$A$36,MATCH(X29,'Ark4'!$R$22:$R$36,-1),'Ark4'!$A$2),IF(AND(X13="A2",$E$3="AL 3 belastede leder",$E$4="70°C PVC"),INDEX('Ark4'!$A$22:$A$36,MATCH(X29,'Ark4'!$S$22:$S$36,-1),'Ark4'!$A$2),IF(AND(X13="B1",$E$3="AL 3 belastede leder",$E$4="70°C PVC"),INDEX('Ark4'!$A$22:$A$36,MATCH(X29,'Ark4'!$T$22:$T$36,-1),'Ark4'!$A$2),IF(AND(X13="B2",$E$3="AL 3 belastede leder",$E$4="70°C PVC"),INDEX('Ark4'!$A$22:$A$36,MATCH(X29,'Ark4'!$U$22:$U$36,-1),'Ark4'!$A$2),IF(AND(X13="C",$E$3="AL 3 belastede leder",$E$4="70°C PVC"),INDEX('Ark4'!$A$22:$A$36,MATCH(X29,'Ark4'!$V$22:$V$36,-1),'Ark4'!$A$2),IF(AND(X13="D1",$E$3="AL 3 belastede leder",$E$4="70°C PVC"),INDEX('Ark4'!$A$22:$A$36,MATCH(X29,'Ark4'!$W$22:$W$36,-1),'Ark4'!$A$2),IF(AND(X13="D2",$E$3="AL 3 belastede leder",$E$4="70°C PVC"),INDEX('Ark4'!$A$22:$A$36,MATCH(X29,'Ark4'!$X$22:$X$36,-1),'Ark4'!$A$2),IF(AND(X13="A1",$E$3="CU 3 belastede leder",$E$4="90°C XLPE & EPR"),INDEX('Ark4'!$A$4:$A$19,MATCH(X29,'Ark4'!$Z$4:$Z$19,-1),'Ark4'!$A$2),IF(AND(X13="A2",$E$3="CU 3 belastede leder",$E$4="90°C XLPE & EPR"),INDEX('Ark4'!$A$4:$A$19,MATCH(X29,'Ark4'!$AA$4:$AA$19,-1),'Ark4'!$A$2),IF(AND(X13="B1",$E$3="CU 3 belastede leder",$E$4="90°C XLPE & EPR"),INDEX('Ark4'!$A$4:$A$19,MATCH(X29,'Ark4'!$AB$4:$AB$19,-1),'Ark4'!$A$2),IF(AND(X13="B2",$E$3="CU 3 belastede leder",$E$4="90°C XLPE & EPR"),INDEX('Ark4'!$A$4:$A$19,MATCH(X29,'Ark4'!$AC$4:$AC$19,-1),'Ark4'!$A$2),IF(AND(X13="C",$E$3="CU 3 belastede leder",$E$4="90°C XLPE & EPR"),INDEX('Ark4'!$A$4:$A$19,MATCH(X29,'Ark4'!$AD$4:$AD$19,-1),'Ark4'!$A$2),IF(AND(X13="D1",$E$3="CU 3 belastede leder",$E$4="90°C XLPE & EPR"),INDEX('Ark4'!$A$4:$A$19,MATCH(X29,'Ark4'!$AE$4:$AE$19,-1),'Ark4'!$A$2),IF(AND(X13="D2",$E$3="CU 3 belastede leder",$E$4="90°C XLPE & EPR"),INDEX('Ark4'!$A$4:$A$19,MATCH(X29,'Ark4'!$AF$4:$AF$19,-1),'Ark4'!$A$2),IF(AND(X13="A1",$E$3="AL 3 belastede leder",$E$4="90°C XLPE & EPR"),INDEX('Ark4'!$A$22:$A$36,MATCH(X29,'Ark4'!$Z$22:$Z$36,-1),'Ark4'!$A$2),IF(AND(X13="A2",$E$3="AL 3 belastede leder",$E$4="90°C XLPE & EPR"),INDEX('Ark4'!$A$22:$A$36,MATCH(X29,'Ark4'!$AA$22:$AA$36,-1),'Ark4'!$A$2),IF(AND(X13="B1",$E$3="AL 3 belastede leder",$E$4="90°C XLPE & EPR"),INDEX('Ark4'!$A$22:$A$36,MATCH(X29,'Ark4'!$AB$22:$AB$36,-1),'Ark4'!$A$2),IF(AND(X13="B2",$E$3="AL 3 belastede leder",$E$4="90°C XLPE & EPR"),INDEX('Ark4'!$A$22:$A$36,MATCH(X29,'Ark4'!$AC$22:$AC$36,-1),'Ark4'!$A$2),IF(AND(X13="C",$E$3="AL 3 belastede leder",$E$4="90°C XLPE & EPR"),INDEX('Ark4'!$A$22:$A$36,MATCH(X29,'Ark4'!$AD$22:$AD$36,-1),'Ark4'!$A$2),IF(AND(X13="D1",$E$3="AL 3 belastede leder",$E$4="90°C XLPE & EPR"),INDEX('Ark4'!$A$22:$A$36,MATCH(X29,'Ark4'!$AE$22:$AE$36,-1),'Ark4'!$A$2),IF(AND(X13="D2",$E$3="AL 3 belastede leder",$E$4="90°C XLPE & EPR"),INDEX('Ark4'!$A$22:$A$36,MATCH(X29,'Ark4'!$AF$22:$AF$36,-1),'Ark4'!$A$2),"")))))))))))))))))))))))))))))))))))))))))))))))))))))))) -> 25 | Y39: mm² | Z39: =IF(AND($E$3="CU 2 belastede leder",$E$4="70°C PVC",OR(X13="A1",X13="A2",X13="B1",X13="B2",X13="C",X13="D1",X13="D2")),INDEX('Ark4'!$B$4:$H$19,MATCH('Ark1'!X39,'Ark4'!$A$4:$A$19,0),MATCH('Ark1'!X13,'Ark4'!$B$3:$H$3,0)),IF(AND($E$3="AL 2 belastede leder",$E$4="70°C PVC",OR(X13="A1",X13="A2",X13="B1",X13="B2",X13="C",X13="D1",X13="D2")),INDEX('Ark4'!$B$22:$H$36,MATCH('Ark1'!X39,'Ark4'!$A$22:$A$36,0),MATCH('Ark1'!X13,'Ark4'!$B$21:$H$21,0)),IF(AND($E$3="CU 3 belastede leder",$E$4="70°C PVC",OR(X13="A1",X13="A2",X13="B1",X13="B2",X13="C",X13="D1",X13="D2")),INDEX('Ark4'!$R$4:$X$19,MATCH('Ark1'!X39,'Ark4'!$A$4:$A$19,0),MATCH('Ark1'!X13,'Ark4'!$R$3:$X$3,0)),IF(AND($E$3="AL 3 belastede leder",$E$4="70°C PVC",OR(X13="A1",X13="A2",X13="B1",X13="B2",X13="C",X13="D1",X13="D2")),INDEX('Ark4'!$R$22:$X$36,MATCH('Ark1'!X39,'Ark4'!$A$22:$A$36,0),MATCH('Ark1'!X13,'Ark4'!$R$21:$X$21,0)),IF(AND($E$3="CU 2 belastede leder",$E$4="90°C XLPE & EPR",OR(X13="A1",X13="A2",X13="B1",X13="B2",X13="C",X13="D1",X13="D2")),INDEX('Ark4'!$J$4:$P$19,MATCH('Ark1'!X39,'Ark4'!$A$4:$A$19,0),MATCH('Ark1'!X13,'Ark4'!$J$3:$P$3,0)),IF(AND($E$3="AL 2 belastede leder",$E$4="90°C XLPE & EPR",OR(X13="A1",X13="A2",X13="B1",X13="B2",X13="C",X13="D1",X13="D2")),INDEX('Ark4'!$J$22:$P$36,MATCH('Ark1'!X39,'Ark4'!$A$22:$A$36,0),MATCH('Ark1'!X13,'Ark4'!$J$21:$P$21,0)),IF(AND($E$3="CU 3 belastede leder",$E$4="90°C XLPE & EPR",OR(X13="A1",X13="A2",X13="B1",X13="B2",X13="C",X13="D1",X13="D2")),INDEX('Ark4'!$Z$4:$AF$19,MATCH('Ark1'!X39,'Ark4'!$A$4:$A$19,0),MATCH('Ark1'!X13,'Ark4'!$Z$3:$AF$3,0)),IF(AND($E$3="AL 3 belastede leder",$E$4="90°C XLPE & EPR",OR(X13="A1",X13="A2",X13="B1",X13="B2",X13="C",X13="D1",X13="D2")),INDEX('Ark4'!$Z$22:$AF$36,MATCH('Ark1'!X39,'Ark4'!$A$22:$A$36,0),MATCH('Ark1'!X13,'Ark4'!$Z$21:$AF$21,0)),"")))))))) -> 76 | AA39: A | AD39: (mm²):(A) | AF39: =IF(AND(AF13="A1",$E$3="CU 2 belastede leder",$E$4="70°C PVC"),INDEX('Ark4'!$A$4:$A$19,MATCH(AF29,'Ark4'!$B$4:$B$19,-1),'Ark4'!$A$2),IF(AND(AF13="A2",$E$3="CU 2 belastede leder",$E$4="70°C PVC"),INDEX('Ark4'!$A$4:$A$19,MATCH(AF29,'Ark4'!$C$4:$C$19,-1),'Ark4'!$A$2),IF(AND(AF13="B1",$E$3="CU 2 belastede leder",$E$4="70°C PVC"),INDEX('Ark4'!$A$4:$A$19,MATCH(AF29,'Ark4'!$D$4:$D$19,-1),'Ark4'!$A$2),IF(AND(AF13="B2",$E$3="CU 2 belastede leder",$E$4="70°C PVC"),INDEX('Ark4'!$A$4:$A$19,MATCH(AF29,'Ark4'!$E$4:$E$19,-1),'Ark4'!$A$2),IF(AND(AF13="C",$E$3="CU 2 belastede leder",$E$4="70°C PVC"),INDEX('Ark4'!$A$4:$A$19,MATCH(AF29,'Ark4'!$F$4:$F$19,-1),'Ark4'!$A$2),IF(AND(AF13="D1",$E$3="CU 2 belastede leder",$E$4="70°C PVC"),INDEX('Ark4'!$A$4:$A$19,MATCH(AF29,'Ark4'!$G$4:$G$19,-1),'Ark4'!$A$2),IF(AND(AF13="D2",$E$3="CU 2 belastede leder",$E$4="70°C PVC"),INDEX('Ark4'!$A$4:$A$19,MATCH(AF29,'Ark4'!$H$4:$H$19,-1),'Ark4'!$A$2),IF(AND(AF13="A1",$E$3="AL 2 belastede leder",$E$4="70°C PVC"),INDEX('Ark4'!$A$22:$A$36,MATCH(AF29,'Ark4'!$B$22:$B$36,-1),'Ark4'!$A$2),IF(AND(AF13="A2",$E$3="AL 2 belastede leder",$E$4="70°C PVC"),INDEX('Ark4'!$A$22:$A$36,MATCH(AF29,'Ark4'!$C$22:$C$36,-1),'Ark4'!$A$2),IF(AND(AF13="B1",$E$3="AL 2 belastede leder",$E$4="70°C PVC"),INDEX('Ark4'!$A$22:$A$36,MATCH(AF29,'Ark4'!$D$22:$D$36,-1),'Ark4'!$A$2),IF(AND(AF13="B2",$E$3="AL 2 belastede leder",$E$4="70°C PVC"),INDEX('Ark4'!$A$22:$A$36,MATCH(AF29,'Ark4'!$E$22:$E$36,-1),'Ark4'!$A$2),IF(AND(AF13="C",$E$3="AL 2 belastede leder",$E$4="70°C PVC"),INDEX('Ark4'!$A$22:$A$36,MATCH(AF29,'Ark4'!$F$22:$F$36,-1),'Ark4'!$A$2),IF(AND(AF13="D1",$E$3="AL 2 belastede leder",$E$4="70°C PVC"),INDEX('Ark4'!$A$22:$A$36,MATCH(AF29,'Ark4'!$G$22:$G$36,-1),'Ark4'!$A$2),IF(AND(AF13="D2",$E$3="AL 2 belastede leder",$E$4="70°C PVC"),INDEX('Ark4'!$A$22:$A$36,MATCH(AF29,'Ark4'!$H$22:$H$36,-1),'Ark4'!$A$2),IF(AND(AF13="A1",$E$3="CU 2 belastede leder",$E$4="90°C XLPE & EPR"),INDEX('Ark4'!$A$4:$A$19,MATCH(AF29,'Ark4'!$J$4:$J$19,-1),'Ark4'!$A$2),IF(AND(AF13="A2",$E$3="CU 2 belastede leder",$E$4="90°C XLPE & EPR"),INDEX('Ark4'!$A$4:$A$19,MATCH(AF29,'Ark4'!$K$4:$K$19,-1),'Ark4'!$A$2),IF(AND(AF13="B1",$E$3="CU 2 belastede leder",$E$4="90°C XLPE & EPR"),INDEX('Ark4'!$A$4:$A$19,MATCH(AF29,'Ark4'!$L$4:$L$19,-1),'Ark4'!$A$2),IF(AND(AF13="B2",$E$3="CU 2 belastede leder",$E$4="90°C XLPE & EPR"),INDEX('Ark4'!$A$4:$A$19,MATCH(AF29,'Ark4'!$M$4:$M$19,-1),'Ark4'!$A$2),IF(AND(AF13="C",$E$3="CU 2 belastede leder",$E$4="90°C XLPE & EPR"),INDEX('Ark4'!$A$4:$A$19,MATCH(AF29,'Ark4'!$N$4:$N$19,-1),'Ark4'!$A$2),IF(AND(AF13="D1",$E$3="CU 2 belastede leder",$E$4="90°C XLPE & EPR"),INDEX('Ark4'!$A$4:$A$19,MATCH(AF29,'Ark4'!$O$4:$O$19,-1),'Ark4'!$A$2),IF(AND(AF13="D2",$E$3="CU 2 belastede leder",$E$4="90°C XLPE & EPR"),INDEX('Ark4'!$A$4:$A$19,MATCH(AF29,'Ark4'!$P$4:$P$19,-1),'Ark4'!$A$2),IF(AND(AF13="A1",$E$3="AL 2 belastede leder",$E$4="90°C XLPE & EPR"),INDEX('Ark4'!$A$22:$A$36,MATCH(AF29,'Ark4'!$J$22:$J$36,-1),'Ark4'!$A$2),IF(AND(AF13="A2",$E$3="AL 2 belastede leder",$E$4="90°C XLPE & EPR"),INDEX('Ark4'!$A$22:$A$36,MATCH(AF29,'Ark4'!$K$22:$K$36,-1),'Ark4'!$A$2),IF(AND(AF13="B1",$E$3="AL 2 belastede leder",$E$4="90°C XLPE & EPR"),INDEX('Ark4'!$A$22:$A$36,MATCH(AF29,'Ark4'!$L$22:$L$36,-1),'Ark4'!$A$2),IF(AND(AF13="B2",$E$3="AL 2 belastede leder",$E$4="90°C XLPE & EPR"),INDEX('Ark4'!$A$22:$A$36,MATCH(AF29,'Ark4'!$M$22:$M$36,-1),'Ark4'!$A$2),IF(AND(AF13="C",$E$3="AL 2 belastede leder",$E$4="90°C XLPE & EPR"),INDEX('Ark4'!$A$22:$A$36,MATCH(AF29,'Ark4'!$N$22:$N$36,-1),'Ark4'!$A$2),IF(AND(AF13="D1",$E$3="AL 2 belastede leder",$E$4="90°C XLPE & EPR"),INDEX('Ark4'!$A$22:$A$36,MATCH(AF29,'Ark4'!$O$22:$O$36,-1),'Ark4'!$A$2),IF(AND(AF13="D2",$E$3="AL 2 belastede leder",$E$4="90°C XLPE & EPR"),INDEX('Ark4'!$A$22:$A$36,MATCH(AF29,'Ark4'!$P$22:$P$36,-1),'Ark4'!$A$2),IF(AND(AF13="A1",$E$3="CU 3 belastede leder",$E$4="70°C PVC"),INDEX('Ark4'!$A$4:$A$19,MATCH(AF29,'Ark4'!$R$4:$R$19,-1),'Ark4'!$A$2),IF(AND(AF13="A2",$E$3="CU 3 belastede leder",$E$4="70°C PVC"),INDEX('Ark4'!$A$4:$A$19,MATCH(AF29,'Ark4'!$S$4:$S$19,-1),'Ark4'!$A$2),IF(AND(AF13="B1",$E$3="CU 3 belastede leder",$E$4="70°C PVC"),INDEX('Ark4'!$A$4:$A$19,MATCH(AF29,'Ark4'!$T$4:$T$19,-1),'Ark4'!$A$2),IF(AND(AF13="B2",$E$3="CU 3 belastede leder",$E$4="70°C PVC"),INDEX('Ark4'!$A$4:$A$19,MATCH(AF29,'Ark4'!$U$4:$U$19,-1),'Ark4'!$A$2),IF(AND(AF13="C",$E$3="CU 3 belastede leder",$E$4="70°C PVC"),INDEX('Ark4'!$A$4:$A$19,MATCH(AF29,'Ark4'!$V$4:$V$19,-1),'Ark4'!$A$2),IF(AND(AF13="D1",$E$3="CU 3 belastede leder",$E$4="70°C PVC"),INDEX('Ark4'!$A$4:$A$19,MATCH(AF29,'Ark4'!$W$4:$W$19,-1),'Ark4'!$A$2),IF(AND(AF13="D2",$E$3="CU 3 belastede leder",$E$4="70°C PVC"),INDEX('Ark4'!$A$4:$A$19,MATCH(AF29,'Ark4'!$X$4:$X$19,-1),'Ark4'!$A$2),IF(AND(AF13="A1",$E$3="AL 3 belastede leder",$E$4="70°C PVC"),INDEX('Ark4'!$A$22:$A$36,MATCH(AF29,'Ark4'!$R$22:$R$36,-1),'Ark4'!$A$2),IF(AND(AF13="A2",$E$3="AL 3 belastede leder",$E$4="70°C PVC"),INDEX('Ark4'!$A$22:$A$36,MATCH(AF29,'Ark4'!$S$22:$S$36,-1),'Ark4'!$A$2),IF(AND(AF13="B1",$E$3="AL 3 belastede leder",$E$4="70°C PVC"),INDEX('Ark4'!$A$22:$A$36,MATCH(AF29,'Ark4'!$T$22:$T$36,-1),'Ark4'!$A$2),IF(AND(AF13="B2",$E$3="AL 3 belastede leder",$E$4="70°C PVC"),INDEX('Ark4'!$A$22:$A$36,MATCH(AF29,'Ark4'!$U$22:$U$36,-1),'Ark4'!$A$2),IF(AND(AF13="C",$E$3="AL 3 belastede leder",$E$4="70°C PVC"),INDEX('Ark4'!$A$22:$A$36,MATCH(AF29,'Ark4'!$V$22:$V$36,-1),'Ark4'!$A$2),IF(AND(AF13="D1",$E$3="AL 3 belastede leder",$E$4="70°C PVC"),INDEX('Ark4'!$A$22:$A$36,MATCH(AF29,'Ark4'!$W$22:$W$36,-1),'Ark4'!$A$2),IF(AND(AF13="D2",$E$3="AL 3 belastede leder",$E$4="70°C PVC"),INDEX('Ark4'!$A$22:$A$36,MATCH(AF29,'Ark4'!$X$22:$X$36,-1),'Ark4'!$A$2),IF(AND(AF13="A1",$E$3="CU 3 belastede leder",$E$4="90°C XLPE & EPR"),INDEX('Ark4'!$A$4:$A$19,MATCH(AF29,'Ark4'!$Z$4:$Z$19,-1),'Ark4'!$A$2),IF(AND(AF13="A2",$E$3="CU 3 belastede leder",$E$4="90°C XLPE & EPR"),INDEX('Ark4'!$A$4:$A$19,MATCH(AF29,'Ark4'!$AA$4:$AA$19,-1),'Ark4'!$A$2),IF(AND(AF13="B1",$E$3="CU 3 belastede leder",$E$4="90°C XLPE & EPR"),INDEX('Ark4'!$A$4:$A$19,MATCH(AF29,'Ark4'!$AB$4:$AB$19,-1),'Ark4'!$A$2),IF(AND(AF13="B2",$E$3="CU 3 belastede leder",$E$4="90°C XLPE & EPR"),INDEX('Ark4'!$A$4:$A$19,MATCH(AF29,'Ark4'!$AC$4:$AC$19,-1),'Ark4'!$A$2),IF(AND(AF13="C",$E$3="CU 3 belastede leder",$E$4="90°C XLPE & EPR"),INDEX('Ark4'!$A$4:$A$19,MATCH(AF29,'Ark4'!$AD$4:$AD$19,-1),'Ark4'!$A$2),IF(AND(AF13="D1",$E$3="CU 3 belastede leder",$E$4="90°C XLPE & EPR"),INDEX('Ark4'!$A$4:$A$19,MATCH(AF29,'Ark4'!$AE$4:$AE$19,-1),'Ark4'!$A$2),IF(AND(AF13="D2",$E$3="CU 3 belastede leder",$E$4="90°C XLPE & EPR"),INDEX('Ark4'!$A$4:$A$19,MATCH(AF29,'Ark4'!$AF$4:$AF$19,-1),'Ark4'!$A$2),IF(AND(AF13="A1",$E$3="AL 3 belastede leder",$E$4="90°C XLPE & EPR"),INDEX('Ark4'!$A$22:$A$36,MATCH(AF29,'Ark4'!$Z$22:$Z$36,-1),'Ark4'!$A$2),IF(AND(AF13="A2",$E$3="AL 3 belastede leder",$E$4="90°C XLPE & EPR"),INDEX('Ark4'!$A$22:$A$36,MATCH(AF29,'Ark4'!$AA$22:$AA$36,-1),'Ark4'!$A$2),IF(AND(AF13="B1",$E$3="AL 3 belastede leder",$E$4="90°C XLPE & EPR"),INDEX('Ark4'!$A$22:$A$36,MATCH(AF29,'Ark4'!$AB$22:$AB$36,-1),'Ark4'!$A$2),IF(AND(AF13="B2",$E$3="AL 3 belastede leder",$E$4="90°C XLPE & EPR"),INDEX('Ark4'!$A$22:$A$36,MATCH(AF29,'Ark4'!$AC$22:$AC$36,-1),'Ark4'!$A$2),IF(AND(AF13="C",$E$3="AL 3 belastede leder",$E$4="90°C XLPE & EPR"),INDEX('Ark4'!$A$22:$A$36,MATCH(AF29,'Ark4'!$AD$22:$AD$36,-1),'Ark4'!$A$2),IF(AND(AF13="D1",$E$3="AL 3 belastede leder",$E$4="90°C XLPE & EPR"),INDEX('Ark4'!$A$22:$A$36,MATCH(AF29,'Ark4'!$AE$22:$AE$36,-1),'Ark4'!$A$2),IF(AND(AF13="D2",$E$3="AL 3 belastede leder",$E$4="90°C XLPE & EPR"),INDEX('Ark4'!$A$22:$A$36,MATCH(AF29,'Ark4'!$AF$22:$AF$36,-1),'Ark4'!$A$2),"")))))))))))))))))))))))))))))))))))))))))))))))))))))))) -> #N/A | AG39: mm² | AH39: =IF(AND($E$3="CU 2 belastede leder",$E$4="70°C PVC",OR(AF13="A1",AF13="A2",AF13="B1",AF13="B2",AF13="C",AF13="D1",AF13="D2")),INDEX('Ark4'!$B$4:$H$19,MATCH('Ark1'!AF39,'Ark4'!$A$4:$A$19,0),MATCH('Ark1'!AF13,'Ark4'!$B$3:$H$3,0)),IF(AND($E$3="AL 2 belastede leder",$E$4="70°C PVC",OR(AF13="A1",AF13="A2",AF13="B1",AF13="B2",AF13="C",AF13="D1",AF13="D2")),INDEX('Ark4'!$B$22:$H$36,MATCH('Ark1'!AF39,'Ark4'!$A$22:$A$36,0),MATCH('Ark1'!AF13,'Ark4'!$B$21:$H$21,0)),IF(AND($E$3="CU 3 belastede leder",$E$4="70°C PVC",OR(AF13="A1",AF13="A2",AF13="B1",AF13="B2",AF13="C",AF13="D1",AF13="D2")),INDEX('Ark4'!$R$4:$X$19,MATCH('Ark1'!AF39,'Ark4'!$A$4:$A$19,0),MATCH('Ark1'!AF13,'Ark4'!$R$3:$X$3,0)),IF(AND($E$3="AL 3 belastede leder",$E$4="70°C PVC",OR(AF13="A1",AF13="A2",AF13="B1",AF13="B2",AF13="C",AF13="D1",AF13="D2")),INDEX('Ark4'!$R$22:$X$36,MATCH('Ark1'!AF39,'Ark4'!$A$22:$A$36,0),MATCH('Ark1'!AF13,'Ark4'!$R$21:$X$21,0)),IF(AND($E$3="CU 2 belastede leder",$E$4="90°C XLPE & EPR",OR(AF13="A1",AF13="A2",AF13="B1",AF13="B2",AF13="C",AF13="D1",AF13="D2")),INDEX('Ark4'!$J$4:$P$19,MATCH('Ark1'!AF39,'Ark4'!$A$4:$A$19,0),MATCH('Ark1'!AF13,'Ark4'!$J$3:$P$3,0)),IF(AND($E$3="AL 2 belastede leder",$E$4="90°C XLPE & EPR",OR(AF13="A1",AF13="A2",AF13="B1",AF13="B2",AF13="C",AF13="D1",AF13="D2")),INDEX('Ark4'!$J$22:$P$36,MATCH('Ark1'!AF39,'Ark4'!$A$22:$A$36,0),MATCH('Ark1'!AF13,'Ark4'!$J$21:$P$21,0)),IF(AND($E$3="CU 3 belastede leder",$E$4="90°C XLPE & EPR",OR(AF13="A1",AF13="A2",AF13="B1",AF13="B2",AF13="C",AF13="D1",AF13="D2")),INDEX('Ark4'!$Z$4:$AF$19,MATCH('Ark1'!AF39,'Ark4'!$A$4:$A$19,0),MATCH('Ark1'!AF13,'Ark4'!$Z$3:$AF$3,0)),IF(AND($E$3="AL 3 belastede leder",$E$4="90°C XLPE & EPR",OR(AF13="A1",AF13="A2",AF13="B1",AF13="B2",AF13="C",AF13="D1",AF13="D2")),INDEX('Ark4'!$Z$22:$AF$36,MATCH('Ark1'!AF39,'Ark4'!$A$22:$A$36,0),MATCH('Ark1'!AF13,'Ark4'!$Z$21:$AF$21,0)),"")))))))) -> #N/A | AI39: A | AL39: (mm²):(A) | AN39: =IF(AND(AN13="A1",$E$3="CU 2 belastede leder",$E$4="70°C PVC"),INDEX('Ark4'!$A$4:$A$19,MATCH(AN29,'Ark4'!$B$4:$B$19,-1),'Ark4'!$A$2),IF(AND(AN13="A2",$E$3="CU 2 belastede leder",$E$4="70°C PVC"),INDEX('Ark4'!$A$4:$A$19,MATCH(AN29,'Ark4'!$C$4:$C$19,-1),'Ark4'!$A$2),IF(AND(AN13="B1",$E$3="CU 2 belastede leder",$E$4="70°C PVC"),INDEX('Ark4'!$A$4:$A$19,MATCH(AN29,'Ark4'!$D$4:$D$19,-1),'Ark4'!$A$2),IF(AND(AN13="B2",$E$3="CU 2 belastede leder",$E$4="70°C PVC"),INDEX('Ark4'!$A$4:$A$19,MATCH(AN29,'Ark4'!$E$4:$E$19,-1),'Ark4'!$A$2),IF(AND(AN13="C",$E$3="CU 2 belastede leder",$E$4="70°C PVC"),INDEX('Ark4'!$A$4:$A$19,MATCH(AN29,'Ark4'!$F$4:$F$19,-1),'Ark4'!$A$2),IF(AND(AN13="D1",$E$3="CU 2 belastede leder",$E$4="70°C PVC"),INDEX('Ark4'!$A$4:$A$19,MATCH(AN29,'Ark4'!$G$4:$G$19,-1),'Ark4'!$A$2),IF(AND(AN13="D2",$E$3="CU 2 belastede leder",$E$4="70°C PVC"),INDEX('Ark4'!$A$4:$A$19,MATCH(AN29,'Ark4'!$H$4:$H$19,-1),'Ark4'!$A$2),IF(AND(AN13="A1",$E$3="AL 2 belastede leder",$E$4="70°C PVC"),INDEX('Ark4'!$A$22:$A$36,MATCH(AN29,'Ark4'!$B$22:$B$36,-1),'Ark4'!$A$2),IF(AND(AN13="A2",$E$3="AL 2 belastede leder",$E$4="70°C PVC"),INDEX('Ark4'!$A$22:$A$36,MATCH(AN29,'Ark4'!$C$22:$C$36,-1),'Ark4'!$A$2),IF(AND(AN13="B1",$E$3="AL 2 belastede leder",$E$4="70°C PVC"),INDEX('Ark4'!$A$22:$A$36,MATCH(AN29,'Ark4'!$D$22:$D$36,-1),'Ark4'!$A$2),IF(AND(AN13="B2",$E$3="AL 2 belastede leder",$E$4="70°C PVC"),INDEX('Ark4'!$A$22:$A$36,MATCH(AN29,'Ark4'!$E$22:$E$36,-1),'Ark4'!$A$2),IF(AND(AN13="C",$E$3="AL 2 belastede leder",$E$4="70°C PVC"),INDEX('Ark4'!$A$22:$A$36,MATCH(AN29,'Ark4'!$F$22:$F$36,-1),'Ark4'!$A$2),IF(AND(AN13="D1",$E$3="AL 2 belastede leder",$E$4="70°C PVC"),INDEX('Ark4'!$A$22:$A$36,MATCH(AN29,'Ark4'!$G$22:$G$36,-1),'Ark4'!$A$2),IF(AND(AN13="D2",$E$3="AL 2 belastede leder",$E$4="70°C PVC"),INDEX('Ark4'!$A$22:$A$36,MATCH(AN29,'Ark4'!$H$22:$H$36,-1),'Ark4'!$A$2),IF(AND(AN13="A1",$E$3="CU 2 belastede leder",$E$4="90°C XLPE & EPR"),INDEX('Ark4'!$A$4:$A$19,MATCH(AN29,'Ark4'!$J$4:$J$19,-1),'Ark4'!$A$2),IF(AND(AN13="A2",$E$3="CU 2 belastede leder",$E$4="90°C XLPE & EPR"),INDEX('Ark4'!$A$4:$A$19,MATCH(AN29,'Ark4'!$K$4:$K$19,-1),'Ark4'!$A$2),IF(AND(AN13="B1",$E$3="CU 2 belastede leder",$E$4="90°C XLPE & EPR"),INDEX('Ark4'!$A$4:$A$19,MATCH(AN29,'Ark4'!$L$4:$L$19,-1),'Ark4'!$A$2),IF(AND(AN13="B2",$E$3="CU 2 belastede leder",$E$4="90°C XLPE & EPR"),INDEX('Ark4'!$A$4:$A$19,MATCH(AN29,'Ark4'!$M$4:$M$19,-1),'Ark4'!$A$2),IF(AND(AN13="C",$E$3="CU 2 belastede leder",$E$4="90°C XLPE & EPR"),INDEX('Ark4'!$A$4:$A$19,MATCH(AN29,'Ark4'!$N$4:$N$19,-1),'Ark4'!$A$2),IF(AND(AN13="D1",$E$3="CU 2 belastede leder",$E$4="90°C XLPE & EPR"),INDEX('Ark4'!$A$4:$A$19,MATCH(AN29,'Ark4'!$O$4:$O$19,-1),'Ark4'!$A$2),IF(AND(AN13="D2",$E$3="CU 2 belastede leder",$E$4="90°C XLPE & EPR"),INDEX('Ark4'!$A$4:$A$19,MATCH(AN29,'Ark4'!$P$4:$P$19,-1),'Ark4'!$A$2),IF(AND(AN13="A1",$E$3="AL 2 belastede leder",$E$4="90°C XLPE & EPR"),INDEX('Ark4'!$A$22:$A$36,MATCH(AN29,'Ark4'!$J$22:$J$36,-1),'Ark4'!$A$2),IF(AND(AN13="A2",$E$3="AL 2 belastede leder",$E$4="90°C XLPE & EPR"),INDEX('Ark4'!$A$22:$A$36,MATCH(AN29,'Ark4'!$K$22:$K$36,-1),'Ark4'!$A$2),IF(AND(AN13="B1",$E$3="AL 2 belastede leder",$E$4="90°C XLPE & EPR"),INDEX('Ark4'!$A$22:$A$36,MATCH(AN29,'Ark4'!$L$22:$L$36,-1),'Ark4'!$A$2),IF(AND(AN13="B2",$E$3="AL 2 belastede leder",$E$4="90°C XLPE & EPR"),INDEX('Ark4'!$A$22:$A$36,MATCH(AN29,'Ark4'!$M$22:$M$36,-1),'Ark4'!$A$2),IF(AND(AN13="C",$E$3="AL 2 belastede leder",$E$4="90°C XLPE & EPR"),INDEX('Ark4'!$A$22:$A$36,MATCH(AN29,'Ark4'!$N$22:$N$36,-1),'Ark4'!$A$2),IF(AND(AN13="D1",$E$3="AL 2 belastede leder",$E$4="90°C XLPE & EPR"),INDEX('Ark4'!$A$22:$A$36,MATCH(AN29,'Ark4'!$O$22:$O$36,-1),'Ark4'!$A$2),IF(AND(AN13="D2",$E$3="AL 2 belastede leder",$E$4="90°C XLPE & EPR"),INDEX('Ark4'!$A$22:$A$36,MATCH(AN29,'Ark4'!$P$22:$P$36,-1),'Ark4'!$A$2),IF(AND(AN13="A1",$E$3="CU 3 belastede leder",$E$4="70°C PVC"),INDEX('Ark4'!$A$4:$A$19,MATCH(AN29,'Ark4'!$R$4:$R$19,-1),'Ark4'!$A$2),IF(AND(AN13="A2",$E$3="CU 3 belastede leder",$E$4="70°C PVC"),INDEX('Ark4'!$A$4:$A$19,MATCH(AN29,'Ark4'!$S$4:$S$19,-1),'Ark4'!$A$2),IF(AND(AN13="B1",$E$3="CU 3 belastede leder",$E$4="70°C PVC"),INDEX('Ark4'!$A$4:$A$19,MATCH(AN29,'Ark4'!$T$4:$T$19,-1),'Ark4'!$A$2),IF(AND(AN13="B2",$E$3="CU 3 belastede leder",$E$4="70°C PVC"),INDEX('Ark4'!$A$4:$A$19,MATCH(AN29,'Ark4'!$U$4:$U$19,-1),'Ark4'!$A$2),IF(AND(AN13="C",$E$3="CU 3 belastede leder",$E$4="70°C PVC"),INDEX('Ark4'!$A$4:$A$19,MATCH(AN29,'Ark4'!$V$4:$V$19,-1),'Ark4'!$A$2),IF(AND(AN13="D1",$E$3="CU 3 belastede leder",$E$4="70°C PVC"),INDEX('Ark4'!$A$4:$A$19,MATCH(AN29,'Ark4'!$W$4:$W$19,-1),'Ark4'!$A$2),IF(AND(AN13="D2",$E$3="CU 3 belastede leder",$E$4="70°C PVC"),INDEX('Ark4'!$A$4:$A$19,MATCH(AN29,'Ark4'!$X$4:$X$19,-1),'Ark4'!$A$2),IF(AND(AN13="A1",$E$3="AL 3 belastede leder",$E$4="70°C PVC"),INDEX('Ark4'!$A$22:$A$36,MATCH(AN29,'Ark4'!$R$22:$R$36,-1),'Ark4'!$A$2),IF(AND(AN13="A2",$E$3="AL 3 belastede leder",$E$4="70°C PVC"),INDEX('Ark4'!$A$22:$A$36,MATCH(AN29,'Ark4'!$S$22:$S$36,-1),'Ark4'!$A$2),IF(AND(AN13="B1",$E$3="AL 3 belastede leder",$E$4="70°C PVC"),INDEX('Ark4'!$A$22:$A$36,MATCH(AN29,'Ark4'!$T$22:$T$36,-1),'Ark4'!$A$2),IF(AND(AN13="B2",$E$3="AL 3 belastede leder",$E$4="70°C PVC"),INDEX('Ark4'!$A$22:$A$36,MATCH(AN29,'Ark4'!$U$22:$U$36,-1),'Ark4'!$A$2),IF(AND(AN13="C",$E$3="AL 3 belastede leder",$E$4="70°C PVC"),INDEX('Ark4'!$A$22:$A$36,MATCH(AN29,'Ark4'!$V$22:$V$36,-1),'Ark4'!$A$2),IF(AND(AN13="D1",$E$3="AL 3 belastede leder",$E$4="70°C PVC"),INDEX('Ark4'!$A$22:$A$36,MATCH(AN29,'Ark4'!$W$22:$W$36,-1),'Ark4'!$A$2),IF(AND(AN13="D2",$E$3="AL 3 belastede leder",$E$4="70°C PVC"),INDEX('Ark4'!$A$22:$A$36,MATCH(AN29,'Ark4'!$X$22:$X$36,-1),'Ark4'!$A$2),IF(AND(AN13="A1",$E$3="CU 3 belastede leder",$E$4="90°C XLPE & EPR"),INDEX('Ark4'!$A$4:$A$19,MATCH(AN29,'Ark4'!$Z$4:$Z$19,-1),'Ark4'!$A$2),IF(AND(AN13="A2",$E$3="CU 3 belastede leder",$E$4="90°C XLPE & EPR"),INDEX('Ark4'!$A$4:$A$19,MATCH(AN29,'Ark4'!$AA$4:$AA$19,-1),'Ark4'!$A$2),IF(AND(AN13="B1",$E$3="CU 3 belastede leder",$E$4="90°C XLPE & EPR"),INDEX('Ark4'!$A$4:$A$19,MATCH(AN29,'Ark4'!$AB$4:$AB$19,-1),'Ark4'!$A$2),IF(AND(AN13="B2",$E$3="CU 3 belastede leder",$E$4="90°C XLPE & EPR"),INDEX('Ark4'!$A$4:$A$19,MATCH(AN29,'Ark4'!$AC$4:$AC$19,-1),'Ark4'!$A$2),IF(AND(AN13="C",$E$3="CU 3 belastede leder",$E$4="90°C XLPE & EPR"),INDEX('Ark4'!$A$4:$A$19,MATCH(AN29,'Ark4'!$AD$4:$AD$19,-1),'Ark4'!$A$2),IF(AND(AN13="D1",$E$3="CU 3 belastede leder",$E$4="90°C XLPE & EPR"),INDEX('Ark4'!$A$4:$A$19,MATCH(AN29,'Ark4'!$AE$4:$AE$19,-1),'Ark4'!$A$2),IF(AND(AN13="D2",$E$3="CU 3 belastede leder",$E$4="90°C XLPE & EPR"),INDEX('Ark4'!$A$4:$A$19,MATCH(AN29,'Ark4'!$AF$4:$AF$19,-1),'Ark4'!$A$2),IF(AND(AN13="A1",$E$3="AL 3 belastede leder",$E$4="90°C XLPE & EPR"),INDEX('Ark4'!$A$22:$A$36,MATCH(AN29,'Ark4'!$Z$22:$Z$36,-1),'Ark4'!$A$2),IF(AND(AN13="A2",$E$3="AL 3 belastede leder",$E$4="90°C XLPE & EPR"),INDEX('Ark4'!$A$22:$A$36,MATCH(AN29,'Ark4'!$AA$22:$AA$36,-1),'Ark4'!$A$2),IF(AND(AN13="B1",$E$3="AL 3 belastede leder",$E$4="90°C XLPE & EPR"),INDEX('Ark4'!$A$22:$A$36,MATCH(AN29,'Ark4'!$AB$22:$AB$36,-1),'Ark4'!$A$2),IF(AND(AN13="B2",$E$3="AL 3 belastede leder",$E$4="90°C XLPE & EPR"),INDEX('Ark4'!$A$22:$A$36,MATCH(AN29,'Ark4'!$AC$22:$AC$36,-1),'Ark4'!$A$2),IF(AND(AN13="C",$E$3="AL 3 belastede leder",$E$4="90°C XLPE & EPR"),INDEX('Ark4'!$A$22:$A$36,MATCH(AN29,'Ark4'!$AD$22:$AD$36,-1),'Ark4'!$A$2),IF(AND(AN13="D1",$E$3="AL 3 belastede leder",$E$4="90°C XLPE & EPR"),INDEX('Ark4'!$A$22:$A$36,MATCH(AN29,'Ark4'!$AE$22:$AE$36,-1),'Ark4'!$A$2),IF(AND(AN13="D2",$E$3="AL 3 belastede leder",$E$4="90°C XLPE & EPR"),INDEX('Ark4'!$A$22:$A$36,MATCH(AN29,'Ark4'!$AF$22:$AF$36,-1),'Ark4'!$A$2),"")))))))))))))))))))))))))))))))))))))))))))))))))))))))) -> #N/A | AO39: mm² | AP39: =IF(AND($E$3="CU 2 belastede leder",$E$4="70°C PVC",OR(AN13="A1",AN13="A2",AN13="B1",AN13="B2",AN13="C",AN13="D1",AN13="D2")),INDEX('Ark4'!$B$4:$H$19,MATCH('Ark1'!AN39,'Ark4'!$A$4:$A$19,0),MATCH('Ark1'!AN13,'Ark4'!$B$3:$H$3,0)),IF(AND($E$3="AL 2 belastede leder",$E$4="70°C PVC",OR(AN13="A1",AN13="A2",AN13="B1",AN13="B2",AN13="C",AN13="D1",AN13="D2")),INDEX('Ark4'!$B$22:$H$36,MATCH('Ark1'!AN39,'Ark4'!$A$22:$A$36,0),MATCH('Ark1'!AN13,'Ark4'!$B$21:$H$21,0)),IF(AND($E$3="CU 3 belastede leder",$E$4="70°C PVC",OR(AN13="A1",AN13="A2",AN13="B1",AN13="B2",AN13="C",AN13="D1",AN13="D2")),INDEX('Ark4'!$R$4:$X$19,MATCH('Ark1'!AN39,'Ark4'!$A$4:$A$19,0),MATCH('Ark1'!AN13,'Ark4'!$R$3:$X$3,0)),IF(AND($E$3="AL 3 belastede leder",$E$4="70°C PVC",OR(AN13="A1",AN13="A2",AN13="B1",AN13="B2",AN13="C",AN13="D1",AN13="D2")),INDEX('Ark4'!$R$22:$X$36,MATCH('Ark1'!AN39,'Ark4'!$A$22:$A$36,0),MATCH('Ark1'!AN13,'Ark4'!$R$21:$X$21,0)),IF(AND($E$3="CU 2 belastede leder",$E$4="90°C XLPE & EPR",OR(AN13="A1",AN13="A2",AN13="B1",AN13="B2",AN13="C",AN13="D1",AN13="D2")),INDEX('Ark4'!$J$4:$P$19,MATCH('Ark1'!AN39,'Ark4'!$A$4:$A$19,0),MATCH('Ark1'!AN13,'Ark4'!$J$3:$P$3,0)),IF(AND($E$3="AL 2 belastede leder",$E$4="90°C XLPE & EPR",OR(AN13="A1",AN13="A2",AN13="B1",AN13="B2",AN13="C",AN13="D1",AN13="D2")),INDEX('Ark4'!$J$22:$P$36,MATCH('Ark1'!AN39,'Ark4'!$A$22:$A$36,0),MATCH('Ark1'!AN13,'Ark4'!$J$21:$P$21,0)),IF(AND($E$3="CU 3 belastede leder",$E$4="90°C XLPE & EPR",OR(AN13="A1",AN13="A2",AN13="B1",AN13="B2",AN13="C",AN13="D1",AN13="D2")),INDEX('Ark4'!$Z$4:$AF$19,MATCH('Ark1'!AN39,'Ark4'!$A$4:$A$19,0),MATCH('Ark1'!AN13,'Ark4'!$Z$3:$AF$3,0)),IF(AND($E$3="AL 3 belastede leder",$E$4="90°C XLPE & EPR",OR(AN13="A1",AN13="A2",AN13="B1",AN13="B2",AN13="C",AN13="D1",AN13="D2")),INDEX('Ark4'!$Z$22:$AF$36,MATCH('Ark1'!AN39,'Ark4'!$A$22:$A$36,0),MATCH('Ark1'!AN13,'Ark4'!$Z$21:$AF$21,0)),"")))))))) -> #N/A | AQ39: A
F40: (mm²):(A) | H40: =IF(AND(H13="E",$E$3="CU 2 belastede leder",$E$4="70°C PVC"),INDEX('Ark4'!$A$47:$A$65,MATCH(H29,'Ark4'!$B$47:$B$65,-1),'Ark4'!$A$2),IF(AND(H13="F",$E$3="CU 2 belastede leder",$E$4="70°C PVC"),INDEX('Ark4'!$A$47:$A$65,MATCH(H29,'Ark4'!$C$47:$C$65,-1),'Ark4'!$A$2),IF(AND(H13="E",$E$3="CU 3 belastede leder",$E$4="70°C PVC"),INDEX('Ark4'!$A$47:$A$65,MATCH(H29,'Ark4'!$S$47:$S$65,-1),'Ark4'!$A$2),IF(AND(H13="F",$E$3="CU 3 belastede leder",$E$4="70°C PVC"),INDEX('Ark4'!$A$47:$A$65,MATCH(H29,'Ark4'!$T$47:$T$65,-1),'Ark4'!$A$2),IF(AND(H13="E",$E$3="CU 2 belastede leder",$E$4="90°C XLPE & EPR"),INDEX('Ark4'!$A$47:$A$65,MATCH(H29,'Ark4'!$S$47:$S$65,-1),'Ark4'!$A$2),IF(AND(H13="F",$E$3="CU 2 belastede leder",$E$4="90°C XLPE & EPR"),INDEX('Ark4'!$A$47:$A$65,MATCH(H29,'Ark4'!$T$47:$T$65,-1),'Ark4'!$A$2),IF(AND(H13="E",$E$3="CU 3 belastede leder",$E$4="90°C XLPE & EPR"),INDEX('Ark4'!$A$47:$A$65,MATCH(H29,'Ark4'!$AA$47:$AA$65,-1),'Ark4'!$A$2),IF(AND(H13="F",$E$3="CU 3 belastede leder",$E$4="90°C XLPE & EPR"),INDEX('Ark4'!$A$47:$A$65,MATCH(H29,'Ark4'!$AB$47:$AB$65,-1),'Ark4'!$A$2),IF(AND(H13="E",$E$3="AL 2 belastede leder",$E$4="70°C PVC"),INDEX('Ark4'!$A$68:$A$86,MATCH(H29,'Ark4'!$B$68:$B$86,-1),'Ark4'!$A$2),IF(AND(H13="F",$E$3="AL 2 belastede leder",$E$4="70°C PVC"),INDEX('Ark4'!$A$68:$A$86,MATCH(H29,'Ark4'!$C$68:$C$86,-1),'Ark4'!$A$2),IF(AND(H13="E",$E$3="AL 3 belastede leder",$E$4="70°C PVC"),INDEX('Ark4'!$A$68:$A$86,MATCH(H29,'Ark4'!$S$68:$S$86,-1),'Ark4'!$A$2),IF(AND(H13="F",$E$3="AL 3 belastede leder",$E$4="70°C PVC"),INDEX('Ark4'!$A$68:$A$86,MATCH(H29,'Ark4'!$T$68:$T$86,-1),'Ark4'!$A$2),IF(AND(H13="E",$E$3="AL 2 belastede leder",$E$4="90°C XLPE & EPR"),INDEX('Ark4'!$A$68:$A$86,MATCH(H29,'Ark4'!$S$68:$S$86,-1),'Ark4'!$A$2),IF(AND(H13="F",$E$3="AL 2 belastede leder",$E$4="90°C XLPE & EPR"),INDEX('Ark4'!$A$68:$A$86,MATCH(H29,'Ark4'!$T$68:$T$86,-1),'Ark4'!$A$2),IF(AND(H13="E",$E$3="AL 3 belastede leder",$E$4="90°C XLPE & EPR"),INDEX('Ark4'!$A$68:$A$86,MATCH(H29,'Ark4'!$AA$68:$AA$86,-1),'Ark4'!$A$2),IF(AND(H13="F",$E$3="AL 3 belastede leder",$E$4="90°C XLPE & EPR"),INDEX('Ark4'!$A$68:$A$86,MATCH(H29,'Ark4'!$AB$68:$AB$86,-1),'Ark4'!$A$2),"")))))))))))))))) | I40: mm² | J40: =IF(AND($E$3="CU 2 belastede leder",$E$4="70°C PVC",OR(H13="E",H13="F")),INDEX('Ark4'!$B$47:$H$65,MATCH('Ark1'!H40,'Ark4'!$A$47:$A$65,0),MATCH('Ark1'!H13,'Ark4'!$B$46:$H$46,0)),IF(AND($E$3="AL 2 belastede leder",$E$4="70°C PVC",OR(H13="E",H13="F")),INDEX('Ark4'!$B$68:$H$85,MATCH('Ark1'!H40,'Ark4'!$A$68:$A$85,0),MATCH('Ark1'!H13,'Ark4'!$B$67:$H$67,0)),IF(AND($E$3="CU 3 belastede leder",$E$4="70°C PVC",OR(H13="E",H13="F")),INDEX('Ark4'!$S$47:$Y$65,MATCH('Ark1'!H40,'Ark4'!$A$47:$A$65,0),MATCH('Ark1'!H13,'Ark4'!$S$46:$Y$46,0)),IF(AND($E$3="AL 3 belastede leder",$E$4="70°C PVC",OR(H13="E",H13="F")),INDEX('Ark4'!$S$68:$Y$85,MATCH('Ark1'!H40,'Ark4'!$A$68:$A$85,0),MATCH('Ark1'!H13,'Ark4'!$S$67:$Y$67,0)),IF(AND($E$3="CU 2 belastede leder",$E$4="90°C XLPE & EPR",OR(H13="E",H13="F")),INDEX('Ark4'!$K$47:$Q$65,MATCH('Ark1'!H40,'Ark4'!$A$47:$A$65,0),MATCH('Ark1'!H13,'Ark4'!$K$46:$Q$46,0)),IF(AND($E$3="AL 2 belastede leder",$E$4="90°C XLPE & EPR",OR(H13="E",H13="F")),INDEX('Ark4'!$K$68:$Q$85,MATCH('Ark1'!H40,'Ark4'!$A$68:$A$85,0),MATCH('Ark1'!H13,'Ark4'!$K$67:$Q$67,0)),IF(AND($E$3="CU 3 belastede leder",$E$4="90°C XLPE & EPR",OR(H13="E",H13="F")),INDEX('Ark4'!$AA$47:$AG$65,MATCH('Ark1'!H40,'Ark4'!$A$47:$A$65,0),MATCH('Ark1'!H13,'Ark4'!$AA$46:$AG$46,0)),IF(AND($E$3="AL 3 belastede leder",$E$4="90°C XLPE & EPR",OR(H13="E",H13="F")),INDEX('Ark4'!$AA$68:$AG$85,MATCH('Ark1'!H40,'Ark4'!$A$68:$A$85,0),MATCH('Ark1'!H13,'Ark4'!$AA$67:$AG$67,0)),"")))))))) | K40: A | N40: (mm²):(A) | P40: =IF(AND(P13="E",$E$3="CU 2 belastede leder",$E$4="70°C PVC"),INDEX('Ark4'!$A$47:$A$65,MATCH(P29,'Ark4'!$B$47:$B$65,-1),'Ark4'!$A$2),IF(AND(P13="F",$E$3="CU 2 belastede leder",$E$4="70°C PVC"),INDEX('Ark4'!$A$47:$A$65,MATCH(P29,'Ark4'!$C$47:$C$65,-1),'Ark4'!$A$2),IF(AND(P13="E",$E$3="CU 3 belastede leder",$E$4="70°C PVC"),INDEX('Ark4'!$A$47:$A$65,MATCH(P29,'Ark4'!$S$47:$S$65,-1),'Ark4'!$A$2),IF(AND(P13="F",$E$3="CU 3 belastede leder",$E$4="70°C PVC"),INDEX('Ark4'!$A$47:$A$65,MATCH(P29,'Ark4'!$T$47:$T$65,-1),'Ark4'!$A$2),IF(AND(P13="E",$E$3="CU 2 belastede leder",$E$4="90°C XLPE & EPR"),INDEX('Ark4'!$A$47:$A$65,MATCH(P29,'Ark4'!$S$47:$S$65,-1),'Ark4'!$A$2),IF(AND(P13="F",$E$3="CU 2 belastede leder",$E$4="90°C XLPE & EPR"),INDEX('Ark4'!$A$47:$A$65,MATCH(P29,'Ark4'!$T$47:$T$65,-1),'Ark4'!$A$2),IF(AND(P13="E",$E$3="CU 3 belastede leder",$E$4="90°C XLPE & EPR"),INDEX('Ark4'!$A$47:$A$65,MATCH(P29,'Ark4'!$AA$47:$AA$65,-1),'Ark4'!$A$2),IF(AND(P13="F",$E$3="CU 3 belastede leder",$E$4="90°C XLPE & EPR"),INDEX('Ark4'!$A$47:$A$65,MATCH(P29,'Ark4'!$AB$47:$AB$65,-1),'Ark4'!$A$2),IF(AND(P13="E",$E$3="AL 2 belastede leder",$E$4="70°C PVC"),INDEX('Ark4'!$A$68:$A$86,MATCH(P29,'Ark4'!$B$68:$B$86,-1),'Ark4'!$A$2),IF(AND(P13="F",$E$3="AL 2 belastede leder",$E$4="70°C PVC"),INDEX('Ark4'!$A$68:$A$86,MATCH(P29,'Ark4'!$C$68:$C$86,-1),'Ark4'!$A$2),IF(AND(P13="E",$E$3="AL 3 belastede leder",$E$4="70°C PVC"),INDEX('Ark4'!$A$68:$A$86,MATCH(P29,'Ark4'!$S$68:$S$86,-1),'Ark4'!$A$2),IF(AND(P13="F",$E$3="AL 3 belastede leder",$E$4="70°C PVC"),INDEX('Ark4'!$A$68:$A$86,MATCH(P29,'Ark4'!$T$68:$T$86,-1),'Ark4'!$A$2),IF(AND(P13="E",$E$3="AL 2 belastede leder",$E$4="90°C XLPE & EPR"),INDEX('Ark4'!$A$68:$A$86,MATCH(P29,'Ark4'!$S$68:$S$86,-1),'Ark4'!$A$2),IF(AND(P13="F",$E$3="AL 2 belastede leder",$E$4="90°C XLPE & EPR"),INDEX('Ark4'!$A$68:$A$86,MATCH(P29,'Ark4'!$T$68:$T$86,-1),'Ark4'!$A$2),IF(AND(P13="E",$E$3="AL 3 belastede leder",$E$4="90°C XLPE & EPR"),INDEX('Ark4'!$A$68:$A$86,MATCH(P29,'Ark4'!$AA$68:$AA$86,-1),'Ark4'!$A$2),IF(AND(P13="F",$E$3="AL 3 belastede leder",$E$4="90°C XLPE & EPR"),INDEX('Ark4'!$A$68:$A$86,MATCH(P29,'Ark4'!$AB$68:$AB$86,-1),'Ark4'!$A$2),"")))))))))))))))) | Q40: mm² | R40: =IF(AND($E$3="CU 2 belastede leder",$E$4="70°C PVC",OR(P13="E",P13="F")),INDEX('Ark4'!$B$47:$H$65,MATCH('Ark1'!P40,'Ark4'!$A$47:$A$65,0),MATCH('Ark1'!P13,'Ark4'!$B$46:$H$46,0)),IF(AND($E$3="AL 2 belastede leder",$E$4="70°C PVC",OR(P13="E",P13="F")),INDEX('Ark4'!$B$68:$H$85,MATCH('Ark1'!P40,'Ark4'!$A$68:$A$85,0),MATCH('Ark1'!P13,'Ark4'!$B$67:$H$67,0)),IF(AND($E$3="CU 3 belastede leder",$E$4="70°C PVC",OR(P13="E",P13="F")),INDEX('Ark4'!$S$47:$Y$65,MATCH('Ark1'!P40,'Ark4'!$A$47:$A$65,0),MATCH('Ark1'!P13,'Ark4'!$S$46:$Y$46,0)),IF(AND($E$3="AL 3 belastede leder",$E$4="70°C PVC",OR(P13="E",P13="F")),INDEX('Ark4'!$S$68:$Y$85,MATCH('Ark1'!P40,'Ark4'!$A$68:$A$85,0),MATCH('Ark1'!P13,'Ark4'!$S$67:$Y$67,0)),IF(AND($E$3="CU 2 belastede leder",$E$4="90°C XLPE & EPR",OR(P13="E",P13="F")),INDEX('Ark4'!$K$47:$Q$65,MATCH('Ark1'!P40,'Ark4'!$A$47:$A$65,0),MATCH('Ark1'!P13,'Ark4'!$K$46:$Q$46,0)),IF(AND($E$3="AL 2 belastede leder",$E$4="90°C XLPE & EPR",OR(P13="E",P13="F")),INDEX('Ark4'!$K$68:$Q$85,MATCH('Ark1'!P40,'Ark4'!$A$68:$A$85,0),MATCH('Ark1'!P13,'Ark4'!$K$67:$Q$67,0)),IF(AND($E$3="CU 3 belastede leder",$E$4="90°C XLPE & EPR",OR(P13="E",P13="F")),INDEX('Ark4'!$AA$47:$AG$65,MATCH('Ark1'!P40,'Ark4'!$A$47:$A$65,0),MATCH('Ark1'!P13,'Ark4'!$AA$46:$AG$46,0)),IF(AND($E$3="AL 3 belastede leder",$E$4="90°C XLPE & EPR",OR(P13="E",P13="F")),INDEX('Ark4'!$AA$68:$AG$85,MATCH('Ark1'!P40,'Ark4'!$A$68:$A$85,0),MATCH('Ark1'!P13,'Ark4'!$AA$67:$AG$67,0)),"")))))))) | S40: A | V40: (mm²):(A) | X40: =IF(AND(X13="E",$E$3="CU 2 belastede leder",$E$4="70°C PVC"),INDEX('Ark4'!$A$47:$A$65,MATCH(X29,'Ark4'!$B$47:$B$65,-1),'Ark4'!$A$2),IF(AND(X13="F",$E$3="CU 2 belastede leder",$E$4="70°C PVC"),INDEX('Ark4'!$A$47:$A$65,MATCH(X29,'Ark4'!$C$47:$C$65,-1),'Ark4'!$A$2),IF(AND(X13="E",$E$3="CU 3 belastede leder",$E$4="70°C PVC"),INDEX('Ark4'!$A$47:$A$65,MATCH(X29,'Ark4'!$S$47:$S$65,-1),'Ark4'!$A$2),IF(AND(X13="F",$E$3="CU 3 belastede leder",$E$4="70°C PVC"),INDEX('Ark4'!$A$47:$A$65,MATCH(X29,'Ark4'!$T$47:$T$65,-1),'Ark4'!$A$2),IF(AND(X13="E",$E$3="CU 2 belastede leder",$E$4="90°C XLPE & EPR"),INDEX('Ark4'!$A$47:$A$65,MATCH(X29,'Ark4'!$S$47:$S$65,-1),'Ark4'!$A$2),IF(AND(X13="F",$E$3="CU 2 belastede leder",$E$4="90°C XLPE & EPR"),INDEX('Ark4'!$A$47:$A$65,MATCH(X29,'Ark4'!$T$47:$T$65,-1),'Ark4'!$A$2),IF(AND(X13="E",$E$3="CU 3 belastede leder",$E$4="90°C XLPE & EPR"),INDEX('Ark4'!$A$47:$A$65,MATCH(X29,'Ark4'!$AA$47:$AA$65,-1),'Ark4'!$A$2),IF(AND(X13="F",$E$3="CU 3 belastede leder",$E$4="90°C XLPE & EPR"),INDEX('Ark4'!$A$47:$A$65,MATCH(X29,'Ark4'!$AB$47:$AB$65,-1),'Ark4'!$A$2),IF(AND(X13="E",$E$3="AL 2 belastede leder",$E$4="70°C PVC"),INDEX('Ark4'!$A$68:$A$86,MATCH(X29,'Ark4'!$B$68:$B$86,-1),'Ark4'!$A$2),IF(AND(X13="F",$E$3="AL 2 belastede leder",$E$4="70°C PVC"),INDEX('Ark4'!$A$68:$A$86,MATCH(X29,'Ark4'!$C$68:$C$86,-1),'Ark4'!$A$2),IF(AND(X13="E",$E$3="AL 3 belastede leder",$E$4="70°C PVC"),INDEX('Ark4'!$A$68:$A$86,MATCH(X29,'Ark4'!$S$68:$S$86,-1),'Ark4'!$A$2),IF(AND(X13="F",$E$3="AL 3 belastede leder",$E$4="70°C PVC"),INDEX('Ark4'!$A$68:$A$86,MATCH(X29,'Ark4'!$T$68:$T$86,-1),'Ark4'!$A$2),IF(AND(X13="E",$E$3="AL 2 belastede leder",$E$4="90°C XLPE & EPR"),INDEX('Ark4'!$A$68:$A$86,MATCH(X29,'Ark4'!$S$68:$S$86,-1),'Ark4'!$A$2),IF(AND(X13="F",$E$3="AL 2 belastede leder",$E$4="90°C XLPE & EPR"),INDEX('Ark4'!$A$68:$A$86,MATCH(X29,'Ark4'!$T$68:$T$86,-1),'Ark4'!$A$2),IF(AND(X13="E",$E$3="AL 3 belastede leder",$E$4="90°C XLPE & EPR"),INDEX('Ark4'!$A$68:$A$86,MATCH(X29,'Ark4'!$AA$68:$AA$86,-1),'Ark4'!$A$2),IF(AND(X13="F",$E$3="AL 3 belastede leder",$E$4="90°C XLPE & EPR"),INDEX('Ark4'!$A$68:$A$86,MATCH(X29,'Ark4'!$AB$68:$AB$86,-1),'Ark4'!$A$2),"")))))))))))))))) | Y40: mm² | Z40: =IF(AND($E$3="CU 2 belastede leder",$E$4="70°C PVC",OR(X13="E",X13="F")),INDEX('Ark4'!$B$47:$H$65,MATCH('Ark1'!X40,'Ark4'!$A$47:$A$65,0),MATCH('Ark1'!X13,'Ark4'!$B$46:$H$46,0)),IF(AND($E$3="AL 2 belastede leder",$E$4="70°C PVC",OR(X13="E",X13="F")),INDEX('Ark4'!$B$68:$H$85,MATCH('Ark1'!X40,'Ark4'!$A$68:$A$85,0),MATCH('Ark1'!X13,'Ark4'!$B$67:$H$67,0)),IF(AND($E$3="CU 3 belastede leder",$E$4="70°C PVC",OR(X13="E",X13="F")),INDEX('Ark4'!$S$47:$Y$65,MATCH('Ark1'!X40,'Ark4'!$A$47:$A$65,0),MATCH('Ark1'!X13,'Ark4'!$S$46:$Y$46,0)),IF(AND($E$3="AL 3 belastede leder",$E$4="70°C PVC",OR(X13="E",X13="F")),INDEX('Ark4'!$S$68:$Y$85,MATCH('Ark1'!X40,'Ark4'!$A$68:$A$85,0),MATCH('Ark1'!X13,'Ark4'!$S$67:$Y$67,0)),IF(AND($E$3="CU 2 belastede leder",$E$4="90°C XLPE & EPR",OR(X13="E",X13="F")),INDEX('Ark4'!$K$47:$Q$65,MATCH('Ark1'!X40,'Ark4'!$A$47:$A$65,0),MATCH('Ark1'!X13,'Ark4'!$K$46:$Q$46,0)),IF(AND($E$3="AL 2 belastede leder",$E$4="90°C XLPE & EPR",OR(X13="E",X13="F")),INDEX('Ark4'!$K$68:$Q$85,MATCH('Ark1'!X40,'Ark4'!$A$68:$A$85,0),MATCH('Ark1'!X13,'Ark4'!$K$67:$Q$67,0)),IF(AND($E$3="CU 3 belastede leder",$E$4="90°C XLPE & EPR",OR(X13="E",X13="F")),INDEX('Ark4'!$AA$47:$AG$65,MATCH('Ark1'!X40,'Ark4'!$A$47:$A$65,0),MATCH('Ark1'!X13,'Ark4'!$AA$46:$AG$46,0)),IF(AND($E$3="AL 3 belastede leder",$E$4="90°C XLPE & EPR",OR(X13="E",X13="F")),INDEX('Ark4'!$AA$68:$AG$85,MATCH('Ark1'!X40,'Ark4'!$A$68:$A$85,0),MATCH('Ark1'!X13,'Ark4'!$AA$67:$AG$67,0)),"")))))))) | AA40: A | AD40: (mm²):(A) | AF40: =IF(AND(AF13="E",$E$3="CU 2 belastede leder",$E$4="70°C PVC"),INDEX('Ark4'!$A$47:$A$65,MATCH(AF29,'Ark4'!$B$47:$B$65,-1),'Ark4'!$A$2),IF(AND(AF13="F",$E$3="CU 2 belastede leder",$E$4="70°C PVC"),INDEX('Ark4'!$A$47:$A$65,MATCH(AF29,'Ark4'!$C$47:$C$65,-1),'Ark4'!$A$2),IF(AND(AF13="E",$E$3="CU 3 belastede leder",$E$4="70°C PVC"),INDEX('Ark4'!$A$47:$A$65,MATCH(AF29,'Ark4'!$S$47:$S$65,-1),'Ark4'!$A$2),IF(AND(AF13="F",$E$3="CU 3 belastede leder",$E$4="70°C PVC"),INDEX('Ark4'!$A$47:$A$65,MATCH(AF29,'Ark4'!$T$47:$T$65,-1),'Ark4'!$A$2),IF(AND(AF13="E",$E$3="CU 2 belastede leder",$E$4="90°C XLPE & EPR"),INDEX('Ark4'!$A$47:$A$65,MATCH(AF29,'Ark4'!$S$47:$S$65,-1),'Ark4'!$A$2),IF(AND(AF13="F",$E$3="CU 2 belastede leder",$E$4="90°C XLPE & EPR"),INDEX('Ark4'!$A$47:$A$65,MATCH(AF29,'Ark4'!$T$47:$T$65,-1),'Ark4'!$A$2),IF(AND(AF13="E",$E$3="CU 3 belastede leder",$E$4="90°C XLPE & EPR"),INDEX('Ark4'!$A$47:$A$65,MATCH(AF29,'Ark4'!$AA$47:$AA$65,-1),'Ark4'!$A$2),IF(AND(AF13="F",$E$3="CU 3 belastede leder",$E$4="90°C XLPE & EPR"),INDEX('Ark4'!$A$47:$A$65,MATCH(AF29,'Ark4'!$AB$47:$AB$65,-1),'Ark4'!$A$2),IF(AND(AF13="E",$E$3="AL 2 belastede leder",$E$4="70°C PVC"),INDEX('Ark4'!$A$68:$A$86,MATCH(AF29,'Ark4'!$B$68:$B$86,-1),'Ark4'!$A$2),IF(AND(AF13="F",$E$3="AL 2 belastede leder",$E$4="70°C PVC"),INDEX('Ark4'!$A$68:$A$86,MATCH(AF29,'Ark4'!$C$68:$C$86,-1),'Ark4'!$A$2),IF(AND(AF13="E",$E$3="AL 3 belastede leder",$E$4="70°C PVC"),INDEX('Ark4'!$A$68:$A$86,MATCH(AF29,'Ark4'!$S$68:$S$86,-1),'Ark4'!$A$2),IF(AND(AF13="F",$E$3="AL 3 belastede leder",$E$4="70°C PVC"),INDEX('Ark4'!$A$68:$A$86,MATCH(AF29,'Ark4'!$T$68:$T$86,-1),'Ark4'!$A$2),IF(AND(AF13="E",$E$3="AL 2 belastede leder",$E$4="90°C XLPE & EPR"),INDEX('Ark4'!$A$68:$A$86,MATCH(AF29,'Ark4'!$S$68:$S$86,-1),'Ark4'!$A$2),IF(AND(AF13="F",$E$3="AL 2 belastede leder",$E$4="90°C XLPE & EPR"),INDEX('Ark4'!$A$68:$A$86,MATCH(AF29,'Ark4'!$T$68:$T$86,-1),'Ark4'!$A$2),IF(AND(AF13="E",$E$3="AL 3 belastede leder",$E$4="90°C XLPE & EPR"),INDEX('Ark4'!$A$68:$A$86,MATCH(AF29,'Ark4'!$AA$68:$AA$86,-1),'Ark4'!$A$2),IF(AND(AF13="F",$E$3="AL 3 belastede leder",$E$4="90°C XLPE & EPR"),INDEX('Ark4'!$A$68:$A$86,MATCH(AF29,'Ark4'!$AB$68:$AB$86,-1),'Ark4'!$A$2),"")))))))))))))))) -> #N/A | AG40: mm² | AH40: =IF(AND($E$3="CU 2 belastede leder",$E$4="70°C PVC",OR(AF13="E",AF13="F")),INDEX('Ark4'!$B$47:$H$65,MATCH('Ark1'!AF40,'Ark4'!$A$47:$A$65,0),MATCH('Ark1'!AF13,'Ark4'!$B$46:$H$46,0)),IF(AND($E$3="AL 2 belastede leder",$E$4="70°C PVC",OR(AF13="E",AF13="F")),INDEX('Ark4'!$B$68:$H$85,MATCH('Ark1'!AF40,'Ark4'!$A$68:$A$85,0),MATCH('Ark1'!AF13,'Ark4'!$B$67:$H$67,0)),IF(AND($E$3="CU 3 belastede leder",$E$4="70°C PVC",OR(AF13="E",AF13="F")),INDEX('Ark4'!$S$47:$Y$65,MATCH('Ark1'!AF40,'Ark4'!$A$47:$A$65,0),MATCH('Ark1'!AF13,'Ark4'!$S$46:$Y$46,0)),IF(AND($E$3="AL 3 belastede leder",$E$4="70°C PVC",OR(AF13="E",AF13="F")),INDEX('Ark4'!$S$68:$Y$85,MATCH('Ark1'!AF40,'Ark4'!$A$68:$A$85,0),MATCH('Ark1'!AF13,'Ark4'!$S$67:$Y$67,0)),IF(AND($E$3="CU 2 belastede leder",$E$4="90°C XLPE & EPR",OR(AF13="E",AF13="F")),INDEX('Ark4'!$K$47:$Q$65,MATCH('Ark1'!AF40,'Ark4'!$A$47:$A$65,0),MATCH('Ark1'!AF13,'Ark4'!$K$46:$Q$46,0)),IF(AND($E$3="AL 2 belastede leder",$E$4="90°C XLPE & EPR",OR(AF13="E",AF13="F")),INDEX('Ark4'!$K$68:$Q$85,MATCH('Ark1'!AF40,'Ark4'!$A$68:$A$85,0),MATCH('Ark1'!AF13,'Ark4'!$K$67:$Q$67,0)),IF(AND($E$3="CU 3 belastede leder",$E$4="90°C XLPE & EPR",OR(AF13="E",AF13="F")),INDEX('Ark4'!$AA$47:$AG$65,MATCH('Ark1'!AF40,'Ark4'!$A$47:$A$65,0),MATCH('Ark1'!AF13,'Ark4'!$AA$46:$AG$46,0)),IF(AND($E$3="AL 3 belastede leder",$E$4="90°C XLPE & EPR",OR(AF13="E",AF13="F")),INDEX('Ark4'!$AA$68:$AG$85,MATCH('Ark1'!AF40,'Ark4'!$A$68:$A$85,0),MATCH('Ark1'!AF13,'Ark4'!$AA$67:$AG$67,0)),"")))))))) -> #N/A | AI40: A | AL40: (mm²):(A) | AN40: =IF(AND(AN13="E",$E$3="CU 2 belastede leder",$E$4="70°C PVC"),INDEX('Ark4'!$A$47:$A$65,MATCH(AN29,'Ark4'!$B$47:$B$65,-1),'Ark4'!$A$2),IF(AND(AN13="F",$E$3="CU 2 belastede leder",$E$4="70°C PVC"),INDEX('Ark4'!$A$47:$A$65,MATCH(AN29,'Ark4'!$C$47:$C$65,-1),'Ark4'!$A$2),IF(AND(AN13="E",$E$3="CU 3 belastede leder",$E$4="70°C PVC"),INDEX('Ark4'!$A$47:$A$65,MATCH(AN29,'Ark4'!$S$47:$S$65,-1),'Ark4'!$A$2),IF(AND(AN13="F",$E$3="CU 3 belastede leder",$E$4="70°C PVC"),INDEX('Ark4'!$A$47:$A$65,MATCH(AN29,'Ark4'!$T$47:$T$65,-1),'Ark4'!$A$2),IF(AND(AN13="E",$E$3="CU 2 belastede leder",$E$4="90°C XLPE & EPR"),INDEX('Ark4'!$A$47:$A$65,MATCH(AN29,'Ark4'!$S$47:$S$65,-1),'Ark4'!$A$2),IF(AND(AN13="F",$E$3="CU 2 belastede leder",$E$4="90°C XLPE & EPR"),INDEX('Ark4'!$A$47:$A$65,MATCH(AN29,'Ark4'!$T$47:$T$65,-1),'Ark4'!$A$2),IF(AND(AN13="E",$E$3="CU 3 belastede leder",$E$4="90°C XLPE & EPR"),INDEX('Ark4'!$A$47:$A$65,MATCH(AN29,'Ark4'!$AA$47:$AA$65,-1),'Ark4'!$A$2),IF(AND(AN13="F",$E$3="CU 3 belastede leder",$E$4="90°C XLPE & EPR"),INDEX('Ark4'!$A$47:$A$65,MATCH(AN29,'Ark4'!$AB$47:$AB$65,-1),'Ark4'!$A$2),IF(AND(AN13="E",$E$3="AL 2 belastede leder",$E$4="70°C PVC"),INDEX('Ark4'!$A$68:$A$86,MATCH(AN29,'Ark4'!$B$68:$B$86,-1),'Ark4'!$A$2),IF(AND(AN13="F",$E$3="AL 2 belastede leder",$E$4="70°C PVC"),INDEX('Ark4'!$A$68:$A$86,MATCH(AN29,'Ark4'!$C$68:$C$86,-1),'Ark4'!$A$2),IF(AND(AN13="E",$E$3="AL 3 belastede leder",$E$4="70°C PVC"),INDEX('Ark4'!$A$68:$A$86,MATCH(AN29,'Ark4'!$S$68:$S$86,-1),'Ark4'!$A$2),IF(AND(AN13="F",$E$3="AL 3 belastede leder",$E$4="70°C PVC"),INDEX('Ark4'!$A$68:$A$86,MATCH(AN29,'Ark4'!$T$68:$T$86,-1),'Ark4'!$A$2),IF(AND(AN13="E",$E$3="AL 2 belastede leder",$E$4="90°C XLPE & EPR"),INDEX('Ark4'!$A$68:$A$86,MATCH(AN29,'Ark4'!$S$68:$S$86,-1),'Ark4'!$A$2),IF(AND(AN13="F",$E$3="AL 2 belastede leder",$E$4="90°C XLPE & EPR"),INDEX('Ark4'!$A$68:$A$86,MATCH(AN29,'Ark4'!$T$68:$T$86,-1),'Ark4'!$A$2),IF(AND(AN13="E",$E$3="AL 3 belastede leder",$E$4="90°C XLPE & EPR"),INDEX('Ark4'!$A$68:$A$86,MATCH(AN29,'Ark4'!$AA$68:$AA$86,-1),'Ark4'!$A$2),IF(AND(AN13="F",$E$3="AL 3 belastede leder",$E$4="90°C XLPE & EPR"),INDEX('Ark4'!$A$68:$A$86,MATCH(AN29,'Ark4'!$AB$68:$AB$86,-1),'Ark4'!$A$2),"")))))))))))))))) -> #N/A | AO40: mm² | AP40: =IF(AND($E$3="CU 2 belastede leder",$E$4="70°C PVC",OR(AN13="E",AN13="F")),INDEX('Ark4'!$B$47:$H$65,MATCH('Ark1'!AN40,'Ark4'!$A$47:$A$65,0),MATCH('Ark1'!AN13,'Ark4'!$B$46:$H$46,0)),IF(AND($E$3="AL 2 belastede leder",$E$4="70°C PVC",OR(AN13="E",AN13="F")),INDEX('Ark4'!$B$68:$H$85,MATCH('Ark1'!AN40,'Ark4'!$A$68:$A$85,0),MATCH('Ark1'!AN13,'Ark4'!$B$67:$H$67,0)),IF(AND($E$3="CU 3 belastede leder",$E$4="70°C PVC",OR(AN13="E",AN13="F")),INDEX('Ark4'!$S$47:$Y$65,MATCH('Ark1'!AN40,'Ark4'!$A$47:$A$65,0),MATCH('Ark1'!AN13,'Ark4'!$S$46:$Y$46,0)),IF(AND($E$3="AL 3 belastede leder",$E$4="70°C PVC",OR(AN13="E",AN13="F")),INDEX('Ark4'!$S$68:$Y$85,MATCH('Ark1'!AN40,'Ark4'!$A$68:$A$85,0),MATCH('Ark1'!AN13,'Ark4'!$S$67:$Y$67,0)),IF(AND($E$3="CU 2 belastede leder",$E$4="90°C XLPE & EPR",OR(AN13="E",AN13="F")),INDEX('Ark4'!$K$47:$Q$65,MATCH('Ark1'!AN40,'Ark4'!$A$47:$A$65,0),MATCH('Ark1'!AN13,'Ark4'!$K$46:$Q$46,0)),IF(AND($E$3="AL 2 belastede leder",$E$4="90°C XLPE & EPR",OR(AN13="E",AN13="F")),INDEX('Ark4'!$K$68:$Q$85,MATCH('Ark1'!AN40,'Ark4'!$A$68:$A$85,0),MATCH('Ark1'!AN13,'Ark4'!$K$67:$Q$67,0)),IF(AND($E$3="CU 3 belastede leder",$E$4="90°C XLPE & EPR",OR(AN13="E",AN13="F")),INDEX('Ark4'!$AA$47:$AG$65,MATCH('Ark1'!AN40,'Ark4'!$A$47:$A$65,0),MATCH('Ark1'!AN13,'Ark4'!$AA$46:$AG$46,0)),IF(AND($E$3="AL 3 belastede leder",$E$4="90°C XLPE & EPR",OR(AN13="E",AN13="F")),INDEX('Ark4'!$AA$68:$AG$85,MATCH('Ark1'!AN40,'Ark4'!$A$68:$A$85,0),MATCH('Ark1'!AN13,'Ark4'!$AA$67:$AG$67,0)),"")))))))) -> #N/A | AQ40: A

Sheet kt,ks,kj
A1: Flerleder
A2: Installationsmetode | B2: Reference | D2: Kabeltype | J2: Enleder
A3: 1 | B3: A1 | D3: CU 2 belastede leder | J3: Flerleder
A4: 2 | B4: A2 | D4: AL 2 belastede leder | AF4: 1
A5: 3 | B5: A1 | D5: CU 3 belastede leder | AF5: 2
A6: 4 | B6: B1 | D6: AL 3 belastede leder | AF6: 3
A7: 5 | B7: B2 | D7: 70°C PVC | AF7: 4
A8: 6 | B8: B1 | D8: 90°C XLPE & EPR | AF8: 5
A9: 7 | B9: B1 | D9: 70 °C PVC-overtræk eller blottet og berøringstilgængelig | AF9: 6
A10: 8 | B10: B2 | D10: 105 °C Blottet og ikke berøringstilgængelig | AF10: 7
A11: 9 | B11: B2 | AF11: 8
A12: 10 | B12: B1 | D12: I LUFT | R12: B.52.18 | Y12: B.52.19 | AF12: 9
A13: 11 | B13: B2 | D13: B.52.14 | E13: 70°C PVC | F13: 90°C XLPE & EPR | G13: 70 °C PVC-overtræk eller blottet og berøringstilgængelig | H13: 105 °C Blottet og ikke berøringstilgængelig | K13: B.52.17 | R13: Kabler i direkte i jord D2 | Y13: Kabler i lukket kanal D1 | AF13: 10
A14: 12 | B14: A1 | D14: 10°C | E14: 1.22 | F14: 1.15 | G14: 1.26 | H14: 1.14 | K14: Antal kabler | L14: Bundtet i luft, på en overflade, indfældet eller indkapslet | M14: Enkelt lag på væg, gulv eller uperforeret kabelbakke | N14: Enkelt lag fastgjort direkte under et træloft | O14: Enkelt lag på perforeret vandret eller lodret kabelbakke | P14: Enkelt lag på kabelstige eller på holdere osv. | Q14: Antal kabler | R14: Ingen | S14: En kabeldiameter | T14: 0,125m | U14: 0,25m | V14: 0,5m | W14: >0,5m | X14: Antal kabler | Y14: Ingen | Z14: 0,25m | AA14: 0,5m | AB14: 1,0m | AC14: >1,0m | AF14: 11
A15: 13 | B15: N/A | D15: 15°C | E15: 1.17 | F15: 1.12 | G15: 1.2 | H15: 1.11 | J15: Ingen | K15: 1 | L15: 1 | M15: 1 | N15: 0.95 | O15: 1 | P15: 1 | Q15: 1 | R15: 1 | S15: 1 | T15: 1 | U15: 1 | V15: 1 | W15: 1 | X15: 1 | Y15: 1 | Z15: 1 | AA15: 1 | AB15: 1 | AC15: 1 | AF15: 12
A16: 14 | B16: N/A | D16: 20°C | E16: 1.12 | F16: 1.08 | G16: 1.14 | H16: 1.07 | J16: En kabeldiameter | K16: 2 | L16: 0.8 | M16: 0.85 | N16: 0.81 | O16: 0.88 | P16: 0.87 | Q16: 2 | R16: 0.75 | S16: 0.8 | T16: 0.85 | U16: 0.9 | V16: 0.9 | W16: 1 | X16: 2 | Y16: 0.85 | Z16: 0.9 | AA16: 0.95 | AB16: 0.95 | AC16: 1 | AF16: 13
A17: 15 | B17: A1 | D17: 25°C | E17: 1.06 | F17: 1.04 | G17: 1.07 | H17: 1.04 | J17: To kabeldiameter | K17: 3 | L17: 0.7 | M17: 0.79 | N17: 0.72 | O17: 0.82 | P17: 0.82 | Q17: 3 | R17: 0.65 | S17: 0.7 | T17: 0.75 | U17: 0.8 | V17: 0.85 | W17: 1 | X17: 3 | Y17: 0.75 | Z17: 0.85 | AA17: 0.9 | AB17: 0.95 | AC17: 1 | AF17: 14
A18: 16 | B18: A1 | D18: 30°C | E18: 1 | F18: 1 | G18: 1 | H18: 1 | J18: 0,125m | K18: 4 | L18: 0.65 | M18: 0.75 | N18: 0.68 | O18: 0.77 | P18: 0.8 | Q18: 4 | R18: 0.6 | S18: 0.6 | T18: 0.7 | U18: 0.75 | V18: 0.8 | W18: 1 | X18: 4 | Y18: 0.7 | Z18: 0.8 | AA18: 0.85 | AB18: 0.9 | AC18: 1 | AF18: 15
A19: 17 | B19: N/A | D19: 35°C | E19: 0.94 | F19: 0.96 | G19: 0.93 | H19: 0.96 | J19: 0,25m | K19: 5 | L19: 0.6 | M19: 0.73 | N19: 0.66 | O19: 0.75 | P19: 0.8 | Q19: 5 | R19: 0.55 | S19: 0.55 | T19: 0.65 | U19: 0.7 | V19: 0.8 | W19: 1 | X19: 5 | Y19: 0.65 | Z19: 0.8 | AA19: 0.85 | AB19: 0.9 | AC19: 1 | AF19: 16
A20: 18 | B20: N/A | D20: 40°C | E20: 0.87 | F20: 0.91 | G20: 0.85 | H20: 0.92 | J20: 0,5m | K20: 6 | L20: 0.57 | M20: 0.72 | N20: 0.64 | O20: 0.73 | P20: 0.79 | Q20: 6 | R20: 0.5 | S20: 0.55 | T20: 0.6 | U20: 0.7 | V20: 0.8 | W20: 1 | X20: 6 | Y20: 0.6 | Z20: 0.8 | AA20: 0.8 | AB20: 0.9 | AC20: 1
A21: 19 | B21: N/A | D21: 45°C | E21: 0.79 | F21: 0.87 | G21: 0.78 | H21: 0.88 | J21: >0,5m | K21: 7 | L21: 0.54 | M21: 0.72 | N21: 0.63 | O21: 0.73 | P21: 0.79 | Q21: 7 | R21: 0.45 | S21: 0.51 | T21: 0.59 | U21: 0.67 | V21: 0.76 | W21: 1 | X21: 7 | Y21: 0.57 | Z21: 0.76 | AA21: 0.8 | AB21: 0.88 | AC21: 1
A22: 20 | B22: C | D22: 50°C | E22: 0.71 | F22: 0.82 | G22: 0.67 | H22: 0.84 | J22: 1,0m | K22: 8 | L22: 0.52 | M22: 0.71 | N22: 0.62 | O22: 0.72 | P22: 0.78 | Q22: 8 | R22: 0.43 | S22: 0.48 | T22: 0.57 | U22: 0.65 | V22: 0.75 | W22: 1 | X22: 8 | Y22: 0.54 | Z22: 0.74 | AA22: 0.78 | AB22: 0.88 | AC22: 1
A23: 21 | B23: C | D23: 55°C | E23: 0.61 | F23: 0.76 | G23: 0.57 | H23: 0.8 | J23: >1,0m | K23: 9 | L23: 0.5 | M23: 0.7 | N23: 0.61 | O23: 0.72 | P23: 0.78 | Q23: 9 | R23: 0.41 | S23: 0.46 | T23: 0.55 | U23: 0.63 | V23: 0.74 | W23: 1 | X23: 9 | Y23: 0.52 | Z23: 0.73 | AA23: 0.77 | AB23: 0.87 | AC23: 1
A24: 22 | B24: E | D24: 60°C | E24: 0.5 | F24: 0.71 | G24: 0.45 | H24: 0.75 | K24: 10 | L24: 0.45 | M24: 0.7 | N24: 0.61 | O24: 0.72 | P24: 0.78 | Q24: 10 | R24: 0.36 | S24: 0.42 | T24: 0.51 | U24: 0.59 | V24: 0.71 | W24: 1 | X24: 10 | Y24: 0.49 | Z24: 0.72 | AA24: 0.76 | AB24: 0.86 | AC24: 1
A25: 23 | B25: C | D25: 65°C | E25: 0.5 | F25: 0.65 | G25: 0.45 | H25: 0.7 | K25: 11 | L25: 0.45 | M25: 0.7 | N25: 0.61 | O25: 0.72 | P25: 0.78 | Q25: 11 | R25: 0.36 | S25: 0.42 | T25: 0.51 | U25: 0.59 | V25: 0.71 | W25: 1 | X25: 11 | Y25: 0.47 | Z25: 0.7 | AA25: 0.75 | AB25: 0.86 | AC25: 1
A26: 24 | B26: N/A | D26: 70°C | E26: 0.5 | F26: 0.58 | G26: 0.45 | H26: 0.65 | K26: 12 | L26: 0.45 | M26: 0.7 | N26: 0.61 | O26: 0.72 | P26: 0.78 | Q26: 12 | R26: 0.36 | S26: 0.42 | T26: 0.51 | U26: 0.59 | V26: 0.71 | W26: 1 | X26: 12 | Y26: 0.45 | Z26: 0.69 | AA26: 0.74 | AB26: 0.85 | AC26: 1
A27: 25 | B27: N/A | D27: 75°C | E27: 0.5 | F27: 0.5 | G27: 0.45 | H27: 0.6 | K27: 13 | L27: 0.41 | M27: 0.7 | N27: 0.61 | O27: 0.72 | P27: 0.78 | Q27: 13 | R27: 0.32 | S27: 0.38 | T27: 0.47 | U27: 0.56 | V27: 0.68 | W27: 1 | X27: 13 | Y27: 0.44 | Z27: 0.68 | AA27: 0.73 | AB27: 0.85 | AC27: 1
A28: 26 | B28: N/A | D28: 80°C | E28: 0.5 | F28: 0.41 | G28: 0.45 | H28: 0.54 | K28: 14 | L28: 0.41 | M28: 0.7 | N28: 0.61 | O28: 0.72 | P28: 0.78 | Q28: 14 | R28: 0.32 | S28: 0.38 | T28: 0.47 | U28: 0.56 | V28: 0.68 | W28: 1 | X28: 14 | Y28: 0.42 | Z28: 0.68 | AA28: 0.72 | AB28: 0.84 | AC28: 1
A29: 27 | B29: N/A | D29: 85°C | E29: 0.5 | F29: 0.41 | G29: 0.45 | H29: 0.47 | K29: 15 | L29: 0.41 | M29: 0.7 | N29: 0.61 | O29: 0.72 | P29: 0.78 | Q29: 15 | R29: 0.32 | S29: 0.38 | T29: 0.47 | U29: 0.56 | V29: 0.68 | W29: 1 | X29: 15 | Y29: 0.41 | Z29: 0.67 | AA29: 0.72 | AB29: 0.84 | AC29: 1
A30: 28 | B30: N/A | D30: 90°C | E30: 0.5 | F30: 0.41 | G30: 0.45 | H30: 0.4 | K30: 16 | L30: 0.41 | M30: 0.7 | N30: 0.61 | O30: 0.72 | P30: 0.78 | Q30: 16 | R30: 0.32 | S30: 0.38 | T30: 0.47 | U30: 0.56 | V30: 0.68 | W30: 1 | X30: 16 | Y30: 0.39 | Z30: 0.66 | AA30: 0.71 | AB30: 0.83 | AC30: 1
A31: 29 | B31: N/A | D31: 95°C | E31: 0.5 | F31: 0.41 | G31: 0.45 | H31: 0.32 | K31: 17 | L31: 0.38 | M31: 0.7 | N31: 0.61 | O31: 0.72 | P31: 0.78 | Q31: 17 | R31: 0.29 | S31: 0.35 | T31: 0.44 | U31: 0.53 | V31: 0.66 | W31: 1 | X31: 17 | Y31: 0.38 | Z31: 0.65 | AA31: 0.7 | AB31: 0.83 | AC31: 1
A32: 30 | B32: C | K32: 18 | L32: 0.38 | M32: 0.7 | N32: 0.61 | O32: 0.72 | P32: 0.78 | Q32: 18 | R32: 0.29 | S32: 0.35 | T32: 0.44 | U32: 0.53 | V32: 0.66 | W32: 1 | X32: 18 | Y32: 0.37 | Z32: 0.65 | AA32: 0.7 | AB32: 0.83 | AC32: 1
A33: 31 | B33: E | D33: I JORD | K33: 19 | L33: 0.38 | M33: 0.7 | N33: 0.61 | O33: 0.72 | P33: 0.78 | Q33: 19 | R33: 0.29 | S33: 0.35 | T33: 0.44 | U33: 0.53 | V33: 0.66 | W33: 1 | X33: 19 | Y33: 0.35 | Z33: 0.64 | AA33: 0.69 | AB33: 0.82 | AC33: 1
A34: 32 | B34: E | D34: B.52.15 | E34: 70°C PVC | F34: 90°C XLPE & EPR | K34: 20 | L34: 0.38 | M34: 0.7 | N34: 0.61 | O34: 0.72 | P34: 0.78 | Q34: 20 | R34: 0.29 | S34: 0.35 | T34: 0.44 | U34: 0.53 | V34: 0.66 | W34: 1 | X34: 20 | Y34: 0.34 | Z34: 0.63 | AA34: 0.68 | AB34: 0.82 | AC34: 1
A35: 33 | B35: E | D35: 10°C | E35: 1.1 | F35: 1.07 | K35: >20 | L35: 0.38 | M35: 0.7 | N35: 0.61 | O35: 0.72 | P35: 0.78 | Q35: >20 | R35: 0.29 | S35: 0.35 | T35: 0.44 | U35: 0.53 | V35: 0.66 | W35: 1 | X35: >20 | Y35: 0.34 | Z35: 0.63 | AA35: 0.68 | AB35: 0.82 | AC35: 1
A36: 34 | B36: E | D36: 15°C | E36: 1.05 | F36: 1.04
A37: 35 | B37: E | D37: 20°C | E37: 1 | F37: 1
A38: 36 | B38: G | D38: 25°C | E38: 0.95 | F38: 0.96
A39: 37 | B39: N/A | D39: 30°C | E39: 0.89 | F39: 0.93 | K39: B.52.20 | O39: 31 | Z39: 30 | AD39: 32,33,34
A40: 38 | B40: N/A | D40: 35°C | E40: 0.84 | F40: 0.89 | I40: 1 vandret | L40: Perforeret kabelbakke berørende | P40: Lodrette | R40: Med afstand | V40: med afstand | X40: Uperforert kabelbakke | AB40: Lodrette | AD40: kabelstiger | AH40: Lodrette | AJ40: kabelstiger med afstand | AN40: med afstand
A41: 39 | B41: N/A | D41: 40°C | E41: 0.77 | F41: 0.85 | I41: 2 vandret | L41: antal bakker/stiger
A42: 40 1,5 De ≤ V < 5 De | B42: B2 | D42: 45°C | E42: 0.71 | F42: 0.8 | I42: 3 vandret | L42: 1 vandret | M42: 2 vandret | N42: 3 vandret | O42: 6 vandret | P42: 1 lodret | Q42: 2 lodret | R42: 1 vandret | S42: 2 vandret | T42: 3 vandret | U42: 6 vandret | V42: 1 lodret | W42: 2 lodret | X42: 1 vandret | Y42: 2 vandret | Z42: 3 vandret | AA42: 6 vandret | AB42: 1 lodret | AC42: 2 lodret | AD42: 1 vandret | AE42: 2 vandret | AF42: 3 vandret | AG42: 6 vandret | AH42: 1 lodret | AI42: 2 lodret | AJ42: 1 vandret | AK42: 2 vandret | AL42: 3 vandret | AM42: 6 vandret | AN42: 1 lodret | AO42: 2 lodret
A43: 40 5 De ≤ V < 20 De | B43: B1 | D43: 50°C | E43: 0.63 | F43: 0.76 | I43: 6 vandret | K43: 1 | L43: 1 | M43: 1 | N43: 1 | O43: 1 | P43: 1 | Q43: 1 | R43: 1 | S43: 1 | T43: 1 | U43: 1 | V43: 1 | W43: 1 | X43: 0.97 | Y43: 0.97 | Z43: 0.97 | AA43: 0.97 | AB43: 0.97 | AC43: 0.97 | AD43: 1 | AE43: 1 | AF43: 1 | AG43: 1 | AH43: 1 | AI43: 1 | AJ43: 1 | AK43: 1 | AL43: 1 | AM43: 1 | AN43: 1 | AO43: 1
A44: 41 1,5 De ≤ V < 20 De | B44: B2 | D44: 55°C | E44: 0.55 | F44: 0.71 | I44: 1 lodret | K44: 2 | L44: 0.88 | M44: 0.87 | N44: 0.86 | O44: 0.84 | P44: 0.88 | Q44: 0.8 | R44: 1 | S44: 0.99 | T44: 0.98 | U44: 0.98 | V44: 0.91 | W44: 0.91 | X44: 0.84 | Y44: 0.83 | Z44: 0.82 | AA44: 0.81 | AB44: 0.84 | AC44: 0.83 | AD44: 0.87 | AE44: 0.86 | AF44: 0.85 | AG44: 0.84 | AH44: 0.87 | AI44: 0.86 | AJ44: 1 | AK44: 0.99 | AL44: 0.98 | AM44: 0.98 | AN44: 1 | AO44: 0.99
A45: 41 V ≥ 20 De | B45: B1 | D45: 60°C | E45: 0.45 | F45: 0.65 | I45: 2 lodret | K45: 3 | L45: 0.82 | M45: 0.8 | N45: 0.79 | O45: 0.77 | P45: 0.82 | Q45: 0.81 | R45: 0.98 | S45: 0.96 | T45: 0.95 | U45: 0.95 | V45: 0.89 | W45: 0.88 | X45: 0.78 | Y45: 0.76 | Z45: 0.75 | AA45: 0.73 | AB45: 0.78 | AC45: 0.76 | AD45: 0.82 | AE45: 0.8 | AF45: 0.79 | AG45: 0.77 | AH45: 0.82 | AI45: 0.8 | AJ45: 1 | AK45: 0.98 | AL45: 0.97 | AM45: 0.97 | AN45: 1 | AO45: 0.98
A46: 42 1,5 De ≤ V < 20 De | B46: B2 | D46: 65°C | E46: 0.45 | F46: 0.6 | K46: 4 | L46: 0.79 | M46: 0.77 | N46: 0.76 | O46: 0.73 | P46: 0.78 | Q46: 0.76 | R46: 0.95 | S46: 0.92 | T46: 0.91 | U46: 0.91 | V46: 0.88 | W46: 0.87 | X46: 0.75 | Y46: 0.72 | Z46: 0.71 | AA46: 0.69 | AB46: 0.75 | AC46: 0.72 | AD46: 0.8 | AE46: 0.78 | AF46: 0.76 | AG46: 0.73 | AH46: 0.8 | AI46: 0.78 | AJ46: 1 | AK46: 0.97 | AL46: 0.96 | AM46: 0.96 | AN46: 1 | AO46: 0.97
A47: 42V ≥ 20 De | B47: B1 | D47: 70°C | E47: 0.45 | F47: 0.53 | K47: 5 | L47: 0.76 | M47: 0.73 | N47: 0.71 | O47: 0.68 | P47: 0.78 | Q47: 0.76 | R47: 0.95 | S47: 0.92 | T47: 0.91 | U47: 0.91 | V47: 0.88 | W47: 0.87 | X47: 0.75 | Y47: 0.72 | Z47: 0.71 | AA47: 0.69 | AB47: 0.75 | AC47: 0.72 | AD47: 0.8 | AE47: 0.78 | AF47: 0.76 | AG47: 0.73 | AH47: 0.8 | AI47: 0.78 | AJ47: 1 | AK47: 0.97 | AL47: 0.96 | AM47: 0.96 | AN47: 1 | AO47: 0.97
A48: 43 1,5 De ≤ V < 20 De | B48: B2 | D48: 75°C | E48: 0.45 | F48: 0.46 | K48: 6 | L48: 0.76 | M48: 0.73 | N48: 0.71 | O48: 0.68 | P48: 0.73 | Q48: 0.71 | R48: 0.91 | S48: 0.87 | T48: 0.85 | U48: 0.85 | V48: 0.87 | W48: 0.85 | X48: 0.71 | Y48: 0.68 | Z48: 0.66 | AA48: 0.63 | AB48: 0.71 | AC48: 0.68 | AD48: 0.79 | AE48: 0.76 | AF48: 0.73 | AG48: 0.68 | AH48: 0.79 | AI48: 0.76 | AJ48: 1 | AK48: 0.96 | AL48: 0.93 | AM48: 0.93 | AN48: 1 | AO48: 0.96
A49: 43 V ≥ 20 De | B49: B1 | D49: 80°C | E49: 0.45 | F49: 0.38 | K49: 7 | L49: 0.76 | M49: 0.73 | N49: 0.71 | O49: 0.68 | P49: 0.73 | Q49: 0.71 | R49: 0.91 | S49: 0.87 | T49: 0.85 | U49: 0.85 | V49: 0.87 | W49: 0.85 | X49: 0.71 | Y49: 0.68 | Z49: 0.66 | AA49: 0.63 | AB49: 0.71 | AC49: 0.68 | AD49: 0.79 | AE49: 0.76 | AF49: 0.73 | AG49: 0.68 | AH49: 0.79 | AI49: 0.76 | AJ49: 1 | AK49: 0.96 | AL49: 0.93 | AM49: 0.93 | AN49: 1 | AO49: 0.96
A50: 44 1,5 De ≤ V < 20 De | B50: B2 | K50: 8 | L50: 0.76 | M50: 0.73 | N50: 0.71 | O50: 0.68 | P50: 0.73 | Q50: 0.71 | R50: 0.91 | S50: 0.87 | T50: 0.85 | U50: 0.85 | V50: 0.87 | W50: 0.85 | X50: 0.71 | Y50: 0.68 | Z50: 0.66 | AA50: 0.63 | AB50: 0.71 | AC50: 0.68 | AD50: 0.79 | AE50: 0.76 | AF50: 0.73 | AG50: 0.68 | AH50: 0.79 | AI50: 0.76 | AJ50: 1 | AK50: 0.96 | AL50: 0.93 | AM50: 0.93 | AN50: 1 | AO50: 0.96
A51: 44 V ≥ 20 De | B51: B1 | K51: 9 | L51: 0.73 | M51: 0.68 | N51: 0.66 | O51: 0.64 | P51: 0.72 | Q51: 0.7 | R51: 0.91 | S51: 0.87 | T51: 0.85 | U51: 0.85 | V51: 0.87 | W51: 0.85 | X51: 0.68 | Y51: 0.63 | Z51: 0.61 | AA51: 0.58 | AB51: 0.68 | AC51: 0.63 | AD51: 0.78 | AE51: 0.73 | AF51: 0.7 | AG51: 0.64 | AH51: 0.78 | AI51: 0.73 | AJ51: 1 | AK51: 0.96 | AL51: 0.93 | AM51: 0.93 | AN51: 1 | AO51: 0.96
A52: 45 1,5 De ≤ V < 5 De | B52: B2 | D52: B.52.16 | K52: 10 | L52: 0.73 | M52: 0.68 | N52: 0.66 | O52: 0.64 | P52: 0.72 | Q52: 0.7 | R52: 0.91 | S52: 0.87 | T52: 0.85 | U52: 0.85 | V52: 0.87 | W52: 0.85 | X52: 0.68 | Y52: 0.63 | Z52: 0.61 | AA52: 0.58 | AB52: 0.68 | AC52: 0.63 | AD52: 0.78 | AE52: 0.73 | AF52: 0.7 | AG52: 0.64 | AH52: 0.78 | AI52: 0.73 | AJ52: 1 | AK52: 0.96 | AL52: 0.93 | AM52: 0.93 | AN52: 1 | AO52: 0.96
A53: 45 5 De ≤ V < 50 De | B53: B1 | D53: Termisk modstand, K · m/W | E53: Korrektionsfaktor for kabler i nedgravede lukkede kanaler | F53: Korrektionsfaktor for direkte nedgravede kabler | K53: 11 | L53: 0.73 | M53: 0.68 | N53: 0.66 | O53: 0.64 | P53: 0.72 | Q53: 0.7 | R53: 0.91 | S53: 0.87 | T53: 0.85 | U53: 0.85 | V53: 0.87 | W53: 0.85 | X53: 0.68 | Y53: 0.63 | Z53: 0.61 | AA53: 0.58 | AB53: 0.68 | AC53: 0.63 | AD53: 0.78 | AE53: 0.73 | AF53: 0.7 | AG53: 0.64 | AH53: 0.78 | AI53: 0.73 | AJ53: 1 | AK53: 0.96 | AL53: 0.93 | AM53: 0.93 | AN53: 1 | AO53: 0.96
A54: 46 1,5 De ≤ V < 20 De | B54: B2 | K54: 12 | L54: 0.73 | M54: 0.68 | N54: 0.66 | O54: 0.64 | P54: 0.72 | Q54: 0.7 | R54: 0.91 | S54: 0.87 | T54: 0.85 | U54: 0.85 | V54: 0.87 | W54: 0.85 | X54: 0.68 | Y54: 0.63 | Z54: 0.61 | AA54: 0.58 | AB54: 0.68 | AC54: 0.63 | AD54: 0.78 | AE54: 0.73 | AF54: 0.7 | AG54: 0.64 | AH54: 0.78 | AI54: 0.73 | AJ54: 1 | AK54: 0.96 | AL54: 0.93 | AM54: 0.93 | AN54: 1 | AO54: 0.96
A55: 46 V ≥ 20 De | B55: B1 | D55: 0,5K · m/W | E55: 1.28 | F55: 1.88 | K55: 13 | L55: 0.73 | M55: 0.68 | N55: 0.66 | O55: 0.64 | P55: 0.72 | Q55: 0.7 | R55: 0.91 | S55: 0.87 | T55: 0.85 | U55: 0.85 | V55: 0.87 | W55: 0.85 | X55: 0.68 | Y55: 0.63 | Z55: 0.61 | AA55: 0.58 | AB55: 0.68 | AC55: 0.63 | AD55: 0.78 | AE55: 0.73 | AF55: 0.7 | AG55: 0.64 | AH55: 0.78 | AI55: 0.73 | AJ55: 1 | AK55: 0.96 | AL55: 0.93 | AM55: 0.93 | AN55: 1 | AO55: 0.96
A56: 47 1,5 De ≤ V < 5 De | B56: B2 | D56: 0,7K · m/W | E56: 1.2 | F56: 1.62 | K56: 14 | L56: 0.73 | M56: 0.68 | N56: 0.66 | O56: 0.64 | P56: 0.72 | Q56: 0.7 | R56: 0.91 | S56: 0.87 | T56: 0.85 | U56: 0.85 | V56: 0.87 | W56: 0.85 | X56: 0.68 | Y56: 0.63 | Z56: 0.61 | AA56: 0.58 | AB56: 0.68 | AC56: 0.63 | AD56: 0.78 | AE56: 0.73 | AF56: 0.7 | AG56: 0.64 | AH56: 0.78 | AI56: 0.73 | AJ56: 1 | AK56: 0.96 | AL56: 0.93 | AM56: 0.93 | AN56: 1 | AO56: 0.96
A57: 47 5 De ≤ V < 50 De | B57: B1 | D57: 1K · m/W | E57: 1.18 | F57: 1.5 | K57: 15 | L57: 0.73 | M57: 0.68 | N57: 0.66 | O57: 0.64 | P57: 0.72 | Q57: 0.7 | R57: 0.91 | S57: 0.87 | T57: 0.85 | U57: 0.85 | V57: 0.87 | W57: 0.85 | X57: 0.68 | Y57: 0.63 | Z57: 0.61 | AA57: 0.58 | AB57: 0.68 | AC57: 0.63 | AD57: 0.78 | AE57: 0.73 | AF57: 0.7 | AG57: 0.64 | AH57: 0.78 | AI57: 0.73 | AJ57: 1 | AK57: 0.96 | AL57: 0.93 | AM57: 0.93 | AN57: 1 | AO57: 0.96
A58: 48 | B58: N/A | D58: 1,5K · m/W | E58: 1.1 | F58: 1.28 | K58: 16 | L58: 0.73 | M58: 0.68 | N58: 0.66 | O58: 0.64 | P58: 0.72 | Q58: 0.7 | R58: 0.91 | S58: 0.87 | T58: 0.85 | U58: 0.85 | V58: 0.87 | W58: 0.85 | X58: 0.68 | Y58: 0.63 | Z58: 0.61 | AA58: 0.58 | AB58: 0.68 | AC58: 0.63 | AD58: 0.78 | AE58: 0.73 | AF58: 0.7 | AG58: 0.64 | AH58: 0.78 | AI58: 0.73 | AJ58: 1 | AK58: 0.96 | AL58: 0.93 | AM58: 0.93 | AN58: 1 | AO58: 0.96
A59: 49 | B59: N/A | D59: 2K · m/W | E59: 1.05 | F59: 1.12 | K59: 17 | L59: 0.73 | M59: 0.68 | N59: 0.66 | O59: 0.64 | P59: 0.72 | Q59: 0.7 | R59: 0.91 | S59: 0.87 | T59: 0.85 | U59: 0.85 | V59: 0.87 | W59: 0.85 | X59: 0.68 | Y59: 0.63 | Z59: 0.61 | AA59: 0.58 | AB59: 0.68 | AC59: 0.63 | AD59: 0.78 | AE59: 0.73 | AF59: 0.7 | AG59: 0.64 | AH59: 0.78 | AI59: 0.73 | AJ59: 1 | AK59: 0.96 | AL59: 0.93 | AM59: 0.93 | AN59: 1 | AO59: 0.96
A60: 50 | B60: B1 | D60: 2,5K · m/W | E60: 1 | F60: 1 | K60: 18 | L60: 0.73 | M60: 0.68 | N60: 0.66 | O60: 0.64 | P60: 0.72 | Q60: 0.7 | R60: 0.91 | S60: 0.87 | T60: 0.85 | U60: 0.85 | V60: 0.87 | W60: 0.85 | X60: 0.68 | Y60: 0.63 | Z60: 0.61 | AA60: 0.58 | AB60: 0.68 | AC60: 0.63 | AD60: 0.78 | AE60: 0.73 | AF60: 0.7 | AG60: 0.64 | AH60: 0.78 | AI60: 0.73 | AJ60: 1 | AK60: 0.96 | AL60: 0.93 | AM60: 0.93 | AN60: 1 | AO60: 0.96
A61: 51 | B61: B2 | D61: 3K · m/W | E61: 0.96 | F61: 0.9 | K61: 19 | L61: 0.73 | M61: 0.68 | N61: 0.66 | O61: 0.64 | P61: 0.72 | Q61: 0.7 | R61: 0.91 | S61: 0.87 | T61: 0.85 | U61: 0.85 | V61: 0.87 | W61: 0.85 | X61: 0.68 | Y61: 0.63 | Z61: 0.61 | AA61: 0.58 | AB61: 0.68 | AC61: 0.63 | AD61: 0.78 | AE61: 0.73 | AF61: 0.7 | AG61: 0.64 | AH61: 0.78 | AI61: 0.73 | AJ61: 1 | AK61: 0.96 | AL61: 0.93 | AM61: 0.93 | AN61: 1 | AO61: 0.96
A62: 52 | B62: B2 | K62: 20 | L62: 0.73 | M62: 0.68 | N62: 0.66 | O62: 0.64 | P62: 0.72 | Q62: 0.7 | R62: 0.91 | S62: 0.87 | T62: 0.85 | U62: 0.85 | V62: 0.87 | W62: 0.85 | X62: 0.68 | Y62: 0.63 | Z62: 0.61 | AA62: 0.58 | AB62: 0.68 | AC62: 0.63 | AD62: 0.78 | AE62: 0.73 | AF62: 0.7 | AG62: 0.64 | AH62: 0.78 | AI62: 0.73 | AJ62: 1 | AK62: 0.96 | AL62: 0.93 | AM62: 0.93 | AN62: 1 | AO62: 0.96
A63: 53 | B63: B2 | K63: >20 | L63: 0.73 | M63: 0.68 | N63: 0.66 | O63: 0.64 | P63: 0.72 | Q63: 0.7 | R63: 0.91 | S63: 0.87 | T63: 0.85 | U63: 0.85 | V63: 0.87 | W63: 0.85 | X63: 0.68 | Y63: 0.63 | Z63: 0.61 | AA63: 0.58 | AB63: 0.68 | AC63: 0.63 | AD63: 0.78 | AE63: 0.73 | AF63: 0.7 | AG63: 0.64 | AH63: 0.78 | AI63: 0.73 | AJ63: 1 | AK63: 0.96 | AL63: 0.93 | AM63: 0.93 | AN63: 1 | AO63: 0.96
A64: 54 1,5 De ≤ V < 20 De | B64: B2
A65: 54 V ≥ 20 De | B65: B1
A66: 55 | B66: B1 | N66: Kabler oplagt vandret
A67: 56 | B67: B1 | K67: B.52.21 | M67: 31 | Y67: 32,33,34 | AG67: 31 | AH67: Kabler oplagt i trekant | AS67: 32,33,34
A68: 57 | B68: C | L68: Perforeret kabelbakke berørende | P68: Lodrette | R68: Med afstand | V68: med afstand | X68: kabelstiger | AB68: Lodrette | AF68: Perforeret kabelbakke berørende | AJ68: Lodrette | AL68: Med afstand | AP68: med afstand | AR68: kabelstiger | AV68: Lodrette
A69: 58 | B69: C | L69: antal bakker/stiger | AF69: antal bakker/stiger
A70: 59 | B70: B1 | L70: 1 vandret | M70: 2 vandret | N70: 3 vandret | O70: 6 vandret | P70: 1 lodret | Q70: 2 lodret | R70: 1 vandret | S70: 2 vandret | T70: 3 vandret | U70: 6 vandret | V70: 1 lodret | W70: 2 lodret | X70: 1 vandret | Y70: 2 vandret | Z70: 3 vandret | AA70: 6 vandret | AB70: 1 lodret | AC70: 2 lodret | AF70: 1 vandret | AG70: 2 vandret | AH70: 3 vandret | AI70: 6 vandret | AJ70: 1 lodret | AK70: 2 lodret | AL70: 1 vandret | AM70: 2 vandret | AN70: 3 vandret | AO70: 6 vandret | AP70: 1 lodret | AQ70: 2 lodret | AR70: 1 vandret | AS70: 2 vandret | AT70: 3 vandret | AU70: 6 vandret | AV70: 1 lodret | AW70: 2 lodret
A71: 60 | B71: B2 | K71: 1 | L71: 0.98 | M71: 0.96 | N71: 0.95 | O71: 0.95 | P71: 0.96 | Q71: 0.95 | X71: 1 | Y71: 0.98 | Z71: 0.97 | AA71: 0.97 | AB71: 1 | AC71: 0.98 | AL71: 1 | AM71: 0.97 | AN71: 0.96 | AO71: 0.96 | AP71: 1 | AQ71: 1 | AR71: 1 | AS71: 0.97 | AT71: 0.96 | AU71: 0.96 | AV71: 1 | AW71: 0.97
A72: 61 | B72: N/A | K72: 2 | L72: 0.91 | M72: 0.87 | N72: 0.85 | O72: 0.85 | P72: 0.86 | Q72: 0.84 | X72: 0.97 | Y72: 0.93 | Z72: 0.9 | AA72: 0.9 | AB72: 0.97 | AC72: 0.93 | AL72: 0.98 | AM72: 0.93 | AN72: 0.92 | AO72: 0.92 | AP72: 0.91 | AQ72: 0.9 | AR72: 1 | AS72: 0.95 | AT72: 0.94 | AU72: 0.94 | AV72: 1 | AW72: 0.95
A73: 62 | B73: N/A | K73: 3 | L73: 0.87 | M73: 0.85 | N73: 0.78 | O73: 0.78 | P73: 0.86 | Q73: 0.84 | X73: 0.96 | Y73: 0.89 | Z73: 0.86 | AA73: 0.86 | AB73: 0.96 | AC73: 0.89 | AL73: 0.96 | AM73: 0.89 | AN73: 0.86 | AO73: 0.86 | AP73: 0.89 | AQ73: 0.86 | AR73: 1 | AS73: 0.93 | AT73: 0.9 | AU73: 0.9 | AV73: 1 | AW73: 0.93
A74: 63 | B74: N/A | K74: 4 | L74: 0.87 | M74: 0.85 | N74: 0.78 | O74: 0.78 | P74: 0.86 | Q74: 0.84 | X74: 0.96 | Y74: 0.89 | Z74: 0.86 | AA74: 0.86 | AB74: 0.96 | AC74: 0.89 | AL74: 0.96 | AM74: 0.89 | AN74: 0.86 | AO74: 0.86 | AP74: 0.89 | AQ74: 0.86 | AR74: 1 | AS74: 0.93 | AT74: 0.9 | AU74: 0.9 | AV74: 1 | AW74: 0.93
A75: 64 | B75: N/A | K75: 5 | L75: 0.87 | M75: 0.85 | N75: 0.78 | O75: 0.78 | P75: 0.86 | Q75: 0.84 | X75: 0.96 | Y75: 0.89 | Z75: 0.86 | AA75: 0.86 | AB75: 0.96 | AC75: 0.89 | AL75: 0.96 | AM75: 0.89 | AN75: 0.86 | AO75: 0.86 | AP75: 0.89 | AQ75: 0.86 | AR75: 1 | AS75: 0.93 | AT75: 0.9 | AU75: 0.9 | AV75: 1 | AW75: 0.93
A76: 65 | B76: N/A | K76: 6 | L76: 0.87 | M76: 0.85 | N76: 0.78 | O76: 0.78 | P76: 0.86 | Q76: 0.84 | X76: 0.96 | Y76: 0.89 | Z76: 0.86 | AA76: 0.86 | AB76: 0.96 | AC76: 0.89 | AL76: 0.96 | AM76: 0.89 | AN76: 0.86 | AO76: 0.86 | AP76: 0.89 | AQ76: 0.86 | AR76: 1 | AS76: 0.93 | AT76: 0.9 | AU76: 0.9 | AV76: 1 | AW76: 0.93
A77: 66 | B77: N/A | K77: 7 | L77: 0.87 | M77: 0.85 | N77: 0.78 | O77: 0.78 | P77: 0.86 | Q77: 0.84 | X77: 0.96 | Y77: 0.89 | Z77: 0.86 | AA77: 0.86 | AB77: 0.96 | AC77: 0.89 | AL77: 0.96 | AM77: 0.89 | AN77: 0.86 | AO77: 0.86 | AP77: 0.89 | AQ77: 0.86 | AR77: 1 | AS77: 0.93 | AT77: 0.9 | AU77: 0.9 | AV77: 1 | AW77: 0.93
A78: 67 | B78: N/A | K78: 8 | L78: 0.87 | M78: 0.85 | N78: 0.78 | O78: 0.78 | P78: 0.86 | Q78: 0.84 | X78: 0.96 | Y78: 0.89 | Z78: 0.86 | AA78: 0.86 | AB78: 0.96 | AC78: 0.89 | AL78: 0.96 | AM78: 0.89 | AN78: 0.86 | AO78: 0.86 | AP78: 0.89 | AQ78: 0.86 | AR78: 1 | AS78: 0.93 | AT78: 0.9 | AU78: 0.9 | AV78: 1 | AW78: 0.93
A79: 68 | B79: N/A | K79: 9 | L79: 0.87 | M79: 0.85 | N79: 0.78 | O79: 0.78 | P79: 0.86 | Q79: 0.84 | X79: 0.96 | Y79: 0.89 | Z79: 0.86 | AA79: 0.86 | AB79: 0.96 | AC79: 0.89 | AL79: 0.96 | AM79: 0.89 | AN79: 0.86 | AO79: 0.86 | AP79: 0.89 | AQ79: 0.86 | AR79: 1 | AS79: 0.93 | AT79: 0.9 | AU79: 0.9 | AV79: 1 | AW79: 0.93
A80: 69 | B80: N/A | K80: 10 | L80: 0.87 | M80: 0.85 | N80: 0.78 | O80: 0.78 | P80: 0.86 | Q80: 0.84 | X80: 0.96 | Y80: 0.89 | Z80: 0.86 | AA80: 0.86 | AB80: 0.96 | AC80: 0.89 | AL80: 0.96 | AM80: 0.89 | AN80: 0.86 | AO80: 0.86 | AP80: 0.89 | AQ80: 0.86 | AR80: 1 | AS80: 0.93 | AT80: 0.9 | AU80: 0.9 | AV80: 1 | AW80: 0.93
A81: 70 | B81: D1 | K81: 11 | L81: 0.87 | M81: 0.85 | N81: 0.78 | O81: 0.78 | P81: 0.86 | Q81: 0.84 | X81: 0.96 | Y81: 0.89 | Z81: 0.86 | AA81: 0.86 | AB81: 0.96 | AC81: 0.89 | AL81: 0.96 | AM81: 0.89 | AN81: 0.86 | AO81: 0.86 | AP81: 0.89 | AQ81: 0.86 | AR81: 1 | AS81: 0.93 | AT81: 0.9 | AU81: 0.9 | AV81: 1 | AW81: 0.93
A82: 71 | B82: D1 | K82: 12 | L82: 0.87 | M82: 0.85 | N82: 0.78 | O82: 0.78 | P82: 0.86 | Q82: 0.84 | X82: 0.96 | Y82: 0.89 | Z82: 0.86 | AA82: 0.86 | AB82: 0.96 | AC82: 0.89 | AL82: 0.96 | AM82: 0.89 | AN82: 0.86 | AO82: 0.86 | AP82: 0.89 | AQ82: 0.86 | AR82: 1 | AS82: 0.93 | AT82: 0.9 | AU82: 0.9 | AV82: 1 | AW82: 0.93
... A84: 73 | B84: D2 | K84: 14 | L84: 0.87 | M84: 0.85 | N84: 0.78 | O84: 0.78 | P84: 0.86 | Q84: 0.84 | X84: 0.96 | Y84: 0.89 | Z84: 0.86 | AA84: 0.86 | AB84: 0.96 | AC84: 0.89 | AL84: 0.96 | AM84: 0.89 | AN84: 0.86 | AO84: 0.86 | AP84: 0.89 | AQ84: 0.86 | AR84: 1 | AS84: 0.93 | AT84: 0.9 | AU84: 0.9 | AV84: 1 | AW84: 0.93
K85: 15 | L85: 0.87 | M85: 0.85 | N85: 0.78 | O85: 0.78 | P85: 0.86 | Q85: 0.84 | X85: 0.96 | Y85: 0.89 | Z85: 0.86 | AA85: 0.86 | AB85: 0.96 | AC85: 0.89 | AL85: 0.96 | AM85: 0.89 | AN85: 0.86 | AO85: 0.86 | AP85: 0.89 | AQ85: 0.86 | AR85: 1 | AS85: 0.93 | AT85: 0.9 | AU85: 0.9 | AV85: 1 | AW85: 0.93
K86: 16 | L86: 0.87 | M86: 0.85 | N86: 0.78 | O86: 0.78 | P86: 0.86 | Q86: 0.84 | X86: 0.96 | Y86: 0.89 | Z86: 0.86 | AA86: 0.86 | AB86: 0.96 | AC86: 0.89 | AL86: 0.96 | AM86: 0.89 | AN86: 0.86 | AO86: 0.86 | AP86: 0.89 | AQ86: 0.86 | AR86: 1 | AS86: 0.93 | AT86: 0.9 | AU86: 0.9 | AV86: 1 | AW86: 0.93
K87: 17 | L87: 0.87 | M87: 0.85 | N87: 0.78 | O87: 0.78 | P87: 0.86 | Q87: 0.84 | X87: 0.96 | Y87: 0.89 | Z87: 0.86 | AA87: 0.86 | AB87: 0.96 | AC87: 0.89 | AL87: 0.96 | AM87: 0.89 | AN87: 0.86 | AO87: 0.86 | AP87: 0.89 | AQ87: 0.86 | AR87: 1 | AS87: 0.93 | AT87: 0.9 | AU87: 0.9 | AV87: 1 | AW87: 0.93
K88: 18 | L88: 0.87 | M88: 0.85 | N88: 0.78 | O88: 0.78 | P88: 0.86 | Q88: 0.84 | X88: 0.96 | Y88: 0.89 | Z88: 0.86 | AA88: 0.86 | AB88: 0.96 | AC88: 0.89 | AL88: 0.96 | AM88: 0.89 | AN88: 0.86 | AO88: 0.86 | AP88: 0.89 | AQ88: 0.86 | AR88: 1 | AS88: 0.93 | AT88: 0.9 | AU88: 0.9 | AV88: 1 | AW88: 0.93
K89: 19 | L89: 0.87 | M89: 0.85 | N89: 0.78 | O89: 0.78 | P89: 0.86 | Q89: 0.84 | X89: 0.96 | Y89: 0.89 | Z89: 0.86 | AA89: 0.86 | AB89: 0.96 | AC89: 0.89 | AL89: 0.96 | AM89: 0.89 | AN89: 0.86 | AO89: 0.86 | AP89: 0.89 | AQ89: 0.86 | AR89: 1 | AS89: 0.93 | AT89: 0.9 | AU89: 0.9 | AV89: 1 | AW89: 0.93
K90: 20 | L90: 0.87 | M90: 0.85 | N90: 0.78 | O90: 0.78 | P90: 0.86 | Q90: 0.84 | X90: 0.96 | Y90: 0.89 | Z90: 0.86 | AA90: 0.86 | AB90: 0.96 | AC90: 0.89 | AL90: 0.96 | AM90: 0.89 | AN90: 0.86 | AO90: 0.86 | AP90: 0.89 | AQ90: 0.86 | AR90: 1 | AS90: 0.93 | AT90: 0.9 | AU90: 0.9 | AV90: 1 | AW90: 0.93
K91: >20 | L91: 0.87 | M91: 0.85 | N91: 0.78 | O91: 0.78 | P91: 0.86 | Q91: 0.84 | X91: 0.96 | Y91: 0.89 | Z91: 0.86 | AA91: 0.86 | AB91: 0.96 | AC91: 0.89 | AL91: 0.96 | AM91: 0.89 | AN91: 0.86 | AO91: 0.86 | AP91: 0.89 | AQ91: 0.86 | AR91: 1 | AS91: 0.93 | AT91: 0.9 | AU91: 0.9 | AV91: 1 | AW91: 0.93
A95: Enleder
A96: 1 | B96: A1
A97: 2 | B97: A2
A98: 3 | B98: A1
A99: 4 | B99: B1
A100: 5 | B100: B2
A101: 6 | B101: B1
A102: 7 | B102: B1
A103: 8 | B103: B2
A104: 9 | B104: B2
...

Sheet Ark3
A1: B.52.2 | C1: 70 grader 2 belastede leder | K1: B.52.3 | M1: 90 grader 2 belastede leder | U1: B.52.4 | W1: 70 grader 3 belastede leder | AE1: B.52.5 | AG1: 90 grader 3 belastede leder
A3: CU mm2 | B3: A1 | C3: A2 | D3: B1 | E3: B2 | F3: C | G3: D1 | H3: D2 | I3: CU mm2 | K3: CU mm2 | L3: A1 | M3: A2 | N3: B1 | O3: B2 | P3: C | Q3: D1 | R3: D2 | S3: CU mm2 | U3: CU mm2 | V3: A1 | W3: A2 | X3: B1 | Y3: B2 | Z3: C | AA3: D1 | AB3: D2 | AC3: CU mm2 | AE3: CU mm2 | AF3: A1 | AG3: A2 | AH3: B1 | AI3: B2 | AJ3: C | AK3: D1 | AL3: D2 | AM3: CU mm2
A4: 1.5 | B4: 14.5 | C4: 14 | D4: 17.5 | E4: 16.5 | F4: 19.5 | G4: 22 | H4: 22 | I4: 1.5 | K4: 1.5 | L4: 19 | M4: 18.5 | N4: 23 | O4: 22 | P4: 24 | Q4: 25 | R4: 27 | S4: 1.5 | U4: 1.5 | V4: 13.5 | W4: 13 | X4: 15.5 | Y4: 15 | Z4: 17.5 | AA4: 18 | AB4: 19 | AC4: 1.5 | AE4: 1.5 | AF4: 17 | AG4: 16.5 | AH4: 20 | AI4: 19.5 | AJ4: 22 | AK4: 21 | AL4: 23 | AM4: 1.5
A5: 2.5 | B5: 19.5 | C5: 18.5 | D5: 24 | E5: 23 | F5: 27 | G5: 29 | H5: 28 | I5: 2.5 | K5: 2.5 | L5: 26 | M5: 25 | N5: 31 | O5: 30 | P5: 33 | Q5: 33 | R5: 35 | S5: 2.5 | U5: 2.5 | V5: 18 | W5: 17.5 | X5: 21 | Y5: 20 | Z5: 24 | AA5: 24 | AB5: 24 | AC5: 2.5 | AE5: 2.5 | AF5: 23 | AG5: 22 | AH5: 28 | AI5: 26 | AJ5: 30 | AK5: 28 | AL5: 30 | AM5: 2.5
A6: 4 | B6: 26 | C6: 25 | D6: 32 | E6: 30 | F6: 36 | G6: 37 | H6: 38 | I6: 4 | K6: 4 | L6: 35 | M6: 33 | N6: 42 | O6: 40 | P6: 45 | Q6: 43 | R6: 46 | S6: 4 | U6: 4 | V6: 24 | W6: 23 | X6: 28 | Y6: 27 | Z6: 32 | AA6: 30 | AB6: 33 | AC6: 4 | AE6: 4 | AF6: 31 | AG6: 30 | AH6: 37 | AI6: 35 | AJ6: 40 | AK6: 36 | AL6: 39 | AM6: 4
A7: 6 | B7: 34 | C7: 32 | D7: 41 | E7: 38 | F7: 46 | G7: 46 | H7: 48 | I7: 6 | K7: 6 | L7: 45 | M7: 42 | N7: 54 | O7: 51 | P7: 58 | Q7: 53 | R7: 58 | S7: 6 | U7: 6 | V7: 31 | W7: 29 | X7: 36 | Y7: 34 | Z7: 41 | AA7: 38 | AB7: 41 | AC7: 6 | AE7: 6 | AF7: 40 | AG7: 38 | AH7: 48 | AI7: 44 | AJ7: 52 | AK7: 44 | AL7: 49 | AM7: 6
A8: 10 | B8: 46 | C8: 43 | D8: 57 | E8: 52 | F8: 63 | G8: 60 | H8: 64 | I8: 10 | K8: 10 | L8: 61 | M8: 57 | N8: 75 | O8: 69 | P8: 80 | Q8: 71 | R8: 77 | S8: 10 | U8: 10 | V8: 42 | W8: 39 | X8: 50 | Y8: 46 | Z8: 57 | AA8: 50 | AB8: 54 | AC8: 10 | AE8: 10 | AF8: 54 | AG8: 51 | AH8: 66 | AI8: 60 | AJ8: 71 | AK8: 58 | AL8: 65 | AM8: 10
A9: 16 | B9: 61 | C9: 57 | D9: 76 | E9: 69 | F9: 85 | G9: 78 | H9: 83 | I9: 16 | K9: 16 | L9: 81 | M9: 76 | N9: 100 | O9: 91 | P9: 107 | Q9: 91 | R9: 100 | S9: 16 | U9: 16 | V9: 56 | W9: 52 | X9: 68 | Y9: 62 | Z9: 76 | AA9: 64 | AB9: 70 | AC9: 16 | AE9: 16 | AF9: 73 | AG9: 68 | AH9: 88 | AI9: 80 | AJ9: 96 | AK9: 75 | AL9: 84 | AM9: 16
A10: 25 | B10: 80 | C10: 75 | D10: 101 | E10: 90 | F10: 112 | G10: 99 | H10: 110 | I10: 25 | K10: 25 | L10: 106 | M10: 99 | N10: 133 | O10: 119 | P10: 138 | Q10: 116 | R10: 129 | S10: 25 | U10: 25 | V10: 73 | W10: 68 | X10: 89 | Y10: 80 | Z10: 96 | AA10: 82 | AB10: 92 | AC10: 25 | AE10: 25 | AF10: 95 | AG10: 89 | AH10: 117 | AI10: 105 | AJ10: 119 | AK10: 96 | AL10: 107 | AM10: 25
A11: 35 | B11: 99 | C11: 92 | D11: 125 | E11: 111 | F11: 138 | G11: 119 | H11: 132 | I11: 35 | K11: 35 | L11: 131 | M11: 121 | N11: 164 | O11: 146 | P11: 171 | Q11: 139 | R11: 155 | S11: 35 | U11: 35 | V11: 89 | W11: 83 | X11: 110 | Y11: 99 | Z11: 119 | AA11: 98 | AB11: 110 | AC11: 35 | AE11: 35 | AF11: 117 | AG11: 109 | AH11: 144 | AI11: 128 | AJ11: 147 | AK11: 115 | AL11: 129 | AM11: 35
A12: 50 | B12: 119 | C12: 110 | D12: 151 | E12: 133 | F12: 168 | G12: 140 | H12: 156 | I12: 50 | K12: 50 | L12: 158 | M12: 145 | N12: 198 | O12: 175 | P12: 209 | Q12: 164 | R12: 183 | S12: 50 | U12: 50 | V12: 108 | W12: 99 | X12: 134 | Y12: 118 | Z12: 144 | AA12: 116 | AB12: 130 | AC12: 50 | AE12: 50 | AF12: 141 | AG12: 130 | AH12: 175 | AI12: 154 | AJ12: 179 | AK12: 135 | AL12: 153 | AM12: 50
A13: 70 | B13: 151 | C13: 139 | D13: 192 | E13: 168 | F13: 213 | G13: 173 | H13: 192 | I13: 70 | K13: 70 | L13: 200 | M13: 183 | N13: 253 | O13: 221 | P13: 269 | Q13: 203 | R13: 225 | S13: 70 | U13: 70 | V13: 136 | W13: 125 | X13: 171 | Y13: 149 | Z13: 184 | AA13: 143 | AB13: 162 | AC13: 70 | AE13: 70 | AF13: 179 | AG13: 164 | AH13: 222 | AI13: 194 | AJ13: 229 | AK13: 167 | AL13: 188 | AM13: 70
A14: 95 | B14: 182 | C14: 167 | D14: 232 | E14: 201 | F14: 258 | G14: 204 | H14: 230 | I14: 95 | K14: 95 | L14: 241 | M14: 220 | N14: 306 | O14: 265 | P14: 328 | Q14: 239 | R14: 270 | S14: 95 | U14: 95 | V14: 164 | W14: 150 | X14: 207 | Y14: 179 | Z14: 223 | AA14: 169 | AB14: 193 | AC14: 95 | AE14: 95 | AF14: 216 | AG14: 197 | AH14: 269 | AI14: 233 | AJ14: 278 | AK14: 197 | AL14: 226 | AM14: 95
A15: 120 | B15: 210 | C15: 192 | D15: 269 | E15: 232 | F15: 299 | G15: 231 | H15: 261 | I15: 120 | K15: 120 | L15: 278 | M15: 253 | N15: 354 | O15: 305 | P15: 382 | Q15: 271 | R15: 306 | S15: 120 | U15: 120 | V15: 188 | W15: 172 | X15: 239 | Y15: 206 | Z15: 259 | AA15: 192 | AB15: 220 | AC15: 120 | AE15: 120 | AF15: 249 | AG15: 227 | AH15: 312 | AI15: 268 | AJ15: 322 | AK15: 223 | AL15: 257 | AM15: 120
... A19: 300 | B19: 367 | C19: 334 | D19: 458 | E19: 394 | F19: 530 | G19: 379 | H19: 427 | I19: 300 | K19: 300 | L19: 486 | M19: 442 | N19: 603 | O19: 532 | P19: 693 | Q19: 446 | R19: 502 | S19: 300 | U19: 300 | V19: 328 | W19: 298 | X19: 394 | Y19: 339 | Z19: 464 | AA19: 316 | AB19: 359 | AC19: 300 | AE19: 300 | AF19: 435 | AG19: 396 | AH19: 514 | AI19: 455 | AJ19: 576 | AK19: 365 | AL19: 419 | AM19: 300
A21: AL mm2 | B21: A1 | C21: A2 | D21: B1 | E21: B2 | F21: C | G21: D1 | H21: D2 | I21: AL mm2 | K21: AL mm2 | L21: A1 | M21: A2 | N21: B1 | O21: B2 | P21: C | Q21: D1 | R21: D2 | S21: AL mm2 | U21: AL mm2 | V21: A1 | W21: A2 | X21: B1 | Y21: B2 | Z21: C | AA21: D1 | AB21: D2 | AC21: AL mm2 | AE21: AL mm2 | AF21: A1 | AG21: A2 | AH21: B1 | AI21: B2 | AJ21: C | AK21: D1 | AL21: D2 | AM21: AL mm2
A22: 2.5 | B22: 15 | C22: 14.5 | D22: 18.5 | E22: 17.5 | F22: 21 | G22: 22 | I22: 2.5 | K22: 2.5 | L22: 20 | M22: 19.5 | N22: 25 | O22: 23 | P22: 26 | Q22: 26 | S22: 2.5 | U22: 2.5 | V22: 14 | W22: 13.5 | X22: 16.5 | Y22: 15.5 | Z22: 18.5 | AA22: 18.5 | AC22: 2.5 | AE22: 2.5 | AF22: 19 | AG22: 18 | AH22: 22 | AI22: 21 | AJ22: 24 | AK22: 22 | AM22: 2.5
A23: 4 | B23: 20 | C23: 19.5 | D23: 25 | E23: 24 | F23: 28 | G23: 29 | I23: 4 | K23: 4 | L23: 27 | M23: 26 | N23: 33 | O23: 31 | P23: 35 | Q23: 33 | S23: 4 | U23: 4 | V23: 18.5 | W23: 17.5 | X23: 22 | Y23: 21 | Z23: 25 | AA23: 24 | AC23: 4 | AE23: 4 | AF23: 25 | AG23: 24 | AH23: 29 | AI23: 28 | AJ23: 32 | AK23: 28 | AM23: 4
A24: 6 | B24: 26 | C24: 25 | D24: 32 | E24: 30 | F24: 36 | G24: 36 | I24: 6 | K24: 6 | L24: 35 | M24: 33 | N24: 43 | O24: 40 | P24: 45 | Q24: 42 | S24: 6 | U24: 6 | V24: 24 | W24: 23 | X24: 28 | Y24: 27 | Z24: 32 | AA24: 30 | AC24: 6 | AE24: 6 | AF24: 32 | AG24: 31 | AH24: 38 | AI24: 35 | AJ24: 41 | AK24: 35 | AM24: 6
A25: 10 | B25: 36 | C25: 33 | D25: 44 | E25: 41 | F25: 49 | G25: 47 | I25: 10 | K25: 10 | L25: 48 | M25: 45 | N25: 59 | O25: 54 | P25: 62 | Q25: 55 | S25: 10 | U25: 10 | V25: 32 | W25: 31 | X25: 39 | Y25: 36 | Z25: 44 | AA25: 39 | AC25: 10 | AE25: 10 | AF25: 44 | AG25: 41 | AH25: 52 | AI25: 48 | AJ25: 57 | AK25: 46 | AM25: 10
A26: 16 | B26: 48 | C26: 44 | D26: 60 | E26: 54 | F26: 66 | G26: 61 | H26: 63 | I26: 16 | K26: 16 | L26: 64 | M26: 60 | N26: 79 | O26: 72 | P26: 84 | Q26: 71 | R26: 76 | S26: 16 | U26: 16 | V26: 43 | W26: 41 | X26: 53 | Y26: 48 | Z26: 59 | AA26: 50 | AB26: 53 | AC26: 16 | AE26: 16 | AF26: 58 | AG26: 55 | AH26: 71 | AI26: 64 | AJ26: 76 | AK26: 59 | AL26: 64 | AM26: 16
A27: 25 | B27: 63 | C27: 58 | D27: 79 | E27: 71 | F27: 83 | G27: 77 | H27: 82 | I27: 25 | K27: 25 | L27: 84 | M27: 78 | N27: 105 | O27: 94 | P27: 101 | Q27: 90 | R27: 98 | S27: 25 | U27: 25 | V27: 57 | W27: 53 | X27: 70 | Y27: 62 | Z27: 73 | AA27: 64 | AB27: 69 | AC27: 25 | AE27: 25 | AF27: 76 | AG27: 71 | AH27: 93 | AI27: 84 | AJ27: 90 | AK27: 75 | AL27: 82 | AM27: 25
A28: 35 | B28: 77 | C28: 71 | D28: 97 | E28: 86 | F28: 103 | G28: 93 | H28: 98 | I28: 35 | K28: 35 | L28: 103 | M28: 96 | N28: 130 | O28: 115 | P28: 126 | Q28: 108 | R28: 117 | S28: 35 | U28: 35 | V28: 70 | W28: 65 | X28: 86 | Y28: 77 | Z28: 90 | AA28: 77 | AB28: 83 | AC28: 35 | AE28: 35 | AF28: 94 | AG28: 87 | AH28: 116 | AI28: 103 | AJ28: 112 | AK28: 90 | AL28: 98 | AM28: 35
A29: 50 | B29: 93 | C29: 86 | D29: 118 | E29: 104 | F29: 125 | G29: 109 | H29: 117 | I29: 50 | K29: 50 | L29: 125 | M29: 115 | N29: 157 | O29: 138 | P29: 154 | Q29: 128 | R29: 139 | S29: 50 | U29: 50 | V29: 84 | W29: 78 | X29: 104 | Y29: 92 | Z29: 110 | AA29: 91 | AB29: 99 | AC29: 50 | AE29: 50 | AF29: 113 | AG29: 104 | AH29: 140 | AI29: 124 | AJ29: 136 | AK29: 106 | AL29: 117 | AM29: 50
A30: 70 | B30: 118 | C30: 108 | D30: 150 | E30: 131 | F30: 160 | G30: 135 | H30: 145 | I30: 70 | K30: 70 | L30: 158 | M30: 145 | N30: 200 | O30: 175 | P30: 198 | Q30: 158 | R30: 170 | S30: 70 | U30: 70 | V30: 107 | W30: 98 | X30: 133 | Y30: 116 | Z30: 140 | AA30: 112 | AB30: 122 | AC30: 70 | AE30: 70 | AF30: 142 | AG30: 131 | AH30: 179 | AI30: 156 | AJ30: 174 | AK30: 130 | AL30: 144 | AM30: 70
A31: 95 | B31: 142 | C31: 130 | D31: 181 | E31: 157 | F31: 195 | G31: 159 | H31: 173 | I31: 95 | K31: 95 | L31: 191 | M31: 175 | N31: 242 | O31: 210 | P31: 241 | Q31: 186 | R31: 204 | S31: 95 | U31: 95 | V31: 129 | W31: 118 | X31: 161 | Y31: 139 | Z31: 170 | AA31: 132 | AB31: 148 | AC31: 95 | AE31: 95 | AF31: 171 | AG31: 157 | AH31: 217 | AI31: 188 | AJ31: 211 | AK31: 154 | AL31: 172 | AM31: 95
A32: 120 | B32: 164 | C32: 150 | D32: 210 | E32: 181 | F32: 226 | G32: 180 | H32: 200 | I32: 120 | K32: 120 | L32: 220 | M32: 201 | N32: 281 | O32: 242 | P32: 280 | Q32: 211 | R32: 233 | S32: 120 | U32: 120 | V32: 149 | W32: 135 | X32: 186 | Y32: 160 | Z32: 197 | AA32: 150 | AB32: 169 | AC32: 120 | AE32: 120 | AF32: 197 | AG32: 180 | AH32: 251 | AI32: 216 | AJ32: 245 | AK32: 174 | AL32: 197 | AM32: 120
A33: 150 | B33: 189 | C33: 172 | D33: 234 | E33: 201 | F33: 261 | G33: 204 | H33: 224 | I33: 150 | K33: 150 | L33: 253 | M33: 230 | N33: 307 | O33: 261 | P33: 324 | Q33: 238 | R33: 261 | S33: 150 | U33: 150 | V33: 170 | W33: 155 | X33: 204 | Y33: 176 | Z33: 227 | AA33: 169 | AB33: 189 | AC33: 150 | AE33: 150 | AF33: 226 | AG33: 206 | AH33: 267 | AI33: 240 | AJ33: 283 | AK33: 197 | AL33: 220 | AM33: 150
A34: 185 | B34: 215 | C34: 195 | D34: 266 | E34: 230 | F34: 298 | G34: 228 | H34: 255 | I34: 185 | K34: 185 | L34: 288 | M34: 262 | N34: 351 | O34: 300 | P34: 371 | Q34: 267 | R34: 296 | S34: 185 | U34: 185 | V34: 194 | W34: 176 | X34: 230 | Y34: 199 | Z34: 259 | AA34: 190 | AB34: 214 | AC34: 185 | AE34: 185 | AF34: 256 | AG34: 233 | AH34: 300 | AI34: 272 | AJ34: 323 | AK34: 220 | AL34: 250 | AM34: 185
A35: 240 | B35: 252 | C35: 229 | D35: 312 | E35: 269 | F35: 352 | G35: 262 | H35: 298 | I35: 240 | K35: 240 | L35: 338 | M35: 307 | N35: 412 | O35: 358 | P35: 439 | Q35: 307 | R35: 343 | S35: 240 | U35: 240 | V35: 227 | W35: 207 | X35: 269 | Y35: 232 | Z35: 305 | AA35: 218 | AB35: 250 | AC35: 240 | AE35: 240 | AF35: 300 | AG35: 273 | AH35: 351 | AI35: 318 | AJ35: 382 | AK35: 253 | AL35: 290 | AM35: 240
A36: 300 | B36: 289 | C36: 263 | D36: 358 | E36: 308 | F36: 406 | G36: 296 | H36: 336 | I36: 300 | K36: 300 | L36: 387 | M36: 352 | N36: 471 | O36: 415 | P36: 508 | Q36: 346 | R36: 386 | S36: 300 | U36: 300 | V36: 261 | W36: 237 | X36: 306 | Y36: 265 | Z36: 351 | AA36: 247 | AB36: 282 | AC36: 300 | AE36: 300 | AF36: 344 | AG36: 313 | AH36: 402 | AI36: 364 | AJ36: 440 | AK36: 286 | AL36: 326 | AM36: 300
A38: 6 | B38: A1 | C38: 25
B39: =INDEX(B22:H36,MATCH(A38,A22:A36,0),MATCH(B38,B21:H21,0)) -> 26 | E39: =MATCH(C38,B22:B36,-1) -> #N/A

Sheet Ark4
A1: B.52.2 | C1: 70 grader 2 belastede leder | J1: B.52.3 | K1: 90 grader 2 belastede leder | R1: B.52.4 | S1: 70 grader 3 belastede leder | Z1: B.52.5 | AA1: 90 grader 3 belastede leder
A3: CU mm2 | B3: A1 | C3: A2 | D3: B1 | E3: B2 | F3: C | G3: D1 | H3: D2 | J3: A1 | K3: A2 | L3: B1 | M3: B2 | N3: C | O3: D1 | P3: D2 | R3: A1 | S3: A2 | T3: B1 | U3: B2 | V3: C | W3: D1 | X3: D2 | Z3: A1 | AA3: A2 | AB3: B1 | AC3: B2 | AD3: C | AE3: D1 | AF3: D2
A4: 300 | B4: 367 | C4: 334 | D4: 458 | E4: 394 | F4: 530 | G4: 379 | H4: 427 | J4: 486 | K4: 442 | L4: 603 | M4: 532 | N4: 693 | O4: 446 | P4: 502 | R4: 328 | S4: 298 | T4: 394 | U4: 339 | V4: 464 | W4: 316 | X4: 359 | Z4: 435 | AA4: 396 | AB4: 514 | AC4: 455 | AD4: 576 | AE4: 365 | AF4: 419
A5: 240 | B5: 321 | C5: 291 | D5: 400 | E5: 344 | F5: 461 | G5: 336 | H5: 382 | J5: 424 | K5: 386 | L5: 528 | M5: 459 | N5: 599 | O5: 395 | P5: 448 | R5: 286 | S5: 261 | T5: 346 | U5: 297 | V5: 403 | W5: 280 | X5: 320 | Z5: 380 | AA5: 346 | AB5: 450 | AC5: 398 | AD5: 500 | AE5: 324 | AF5: 375
A6: 185 | B6: 273 | C6: 248 | D6: 341 | E6: 294 | F6: 392 | G6: 292 | H6: 331 | J6: 362 | K6: 329 | L6: 449 | M6: 384 | N6: 506 | O6: 343 | P6: 387 | R6: 245 | S6: 223 | T6: 296 | U6: 255 | V6: 341 | W6: 243 | X6: 278 | Z6: 324 | AA6: 295 | AB6: 384 | AC6: 340 | AD6: 424 | AE6: 281 | AF6: 324
A7: 150 | B7: 240 | C7: 219 | D7: 300 | E7: 258 | F7: 344 | G7: 261 | H7: 293 | J7: 318 | K7: 290 | L7: 393 | M7: 334 | N7: 441 | O7: 306 | P7: 343 | R7: 216 | S7: 196 | T7: 262 | U7: 225 | V7: 299 | W7: 217 | X7: 246 | Z7: 285 | AA7: 259 | AB7: 342 | AC7: 300 | AD7: 371 | AE7: 251 | AF7: 287
A8: 120 | B8: 210 | C8: 192 | D8: 269 | E8: 232 | F8: 299 | G8: 231 | H8: 261 | J8: 278 | K8: 253 | L8: 354 | M8: 305 | N8: 382 | O8: 271 | P8: 306 | R8: 188 | S8: 172 | T8: 239 | U8: 206 | V8: 259 | W8: 192 | X8: 220 | Z8: 249 | AA8: 227 | AB8: 312 | AC8: 268 | AD8: 322 | AE8: 223 | AF8: 257
A9: 95 | B9: 182 | C9: 167 | D9: 232 | E9: 201 | F9: 258 | G9: 204 | H9: 230 | J9: 241 | K9: 220 | L9: 306 | M9: 265 | N9: 328 | O9: 239 | P9: 270 | R9: 164 | S9: 150 | T9: 207 | U9: 179 | V9: 223 | W9: 169 | X9: 193 | Z9: 216 | AA9: 197 | AB9: 269 | AC9: 233 | AD9: 278 | AE9: 197 | AF9: 226
A10: 70 | B10: 151 | C10: 139 | D10: 192 | E10: 168 | F10: 213 | G10: 173 | H10: 192 | J10: 200 | K10: 183 | L10: 253 | M10: 221 | N10: 269 | O10: 203 | P10: 225 | R10: 136 | S10: 125 | T10: 171 | U10: 149 | V10: 184 | W10: 143 | X10: 162 | Z10: 179 | AA10: 164 | AB10: 222 | AC10: 194 | AD10: 229 | AE10: 167 | AF10: 188
A11: 50 | B11: 119 | C11: 110 | D11: 151 | E11: 133 | F11: 168 | G11: 140 | H11: 156 | J11: 158 | K11: 145 | L11: 198 | M11: 175 | N11: 209 | O11: 164 | P11: 183 | R11: 108 | S11: 99 | T11: 134 | U11: 118 | V11: 144 | W11: 116 | X11: 130 | Z11: 141 | AA11: 130 | AB11: 175 | AC11: 154 | AD11: 179 | AE11: 135 | AF11: 153
A12: 35 | B12: 99 | C12: 92 | D12: 125 | E12: 111 | F12: 138 | G12: 119 | H12: 132 | J12: 131 | K12: 121 | L12: 164 | M12: 146 | N12: 171 | O12: 139 | P12: 155 | R12: 89 | S12: 83 | T12: 110 | U12: 99 | V12: 119 | W12: 98 | X12: 110 | Z12: 117 | AA12: 109 | AB12: 144 | AC12: 128 | AD12: 147 | AE12: 115 | AF12: 129
A13: 25 | B13: 80 | C13: 75 | D13: 101 | E13: 90 | F13: 112 | G13: 99 | H13: 110 | J13: 106 | K13: 99 | L13: 133 | M13: 119 | N13: 138 | O13: 116 | P13: 129 | R13: 73 | S13: 68 | T13: 89 | U13: 80 | V13: 96 | W13: 82 | X13: 92 | Z13: 95 | AA13: 89 | AB13: 117 | AC13: 105 | AD13: 119 | AE13: 96 | AF13: 107
A14: 16 | B14: 61 | C14: 57 | D14: 76 | E14: 69 | F14: 85 | G14: 78 | H14: 83 | J14: 81 | K14: 76 | L14: 100 | M14: 91 | N14: 107 | O14: 91 | P14: 100 | R14: 56 | S14: 52 | T14: 68 | U14: 62 | V14: 76 | W14: 64 | X14: 70 | Z14: 73 | AA14: 68 | AB14: 88 | AC14: 80 | AD14: 96 | AE14: 75 | AF14: 84
A15: 10 | B15: 46 | C15: 43 | D15: 57 | E15: 52 | F15: 63 | G15: 60 | H15: 64 | J15: 61 | K15: 57 | L15: 75 | M15: 69 | N15: 80 | O15: 71 | P15: 77 | R15: 42 | S15: 39 | T15: 50 | U15: 46 | V15: 57 | W15: 50 | X15: 54 | Z15: 54 | AA15: 51 | AB15: 66 | AC15: 60 | AD15: 71 | AE15: 58 | AF15: 65
... A18: 2.5 | B18: 19.5 | C18: 18.5 | D18: 24 | E18: 23 | F18: 27 | G18: 29 | H18: 28 | J18: 26 | K18: 25 | L18: 31 | M18: 30 | N18: 33 | O18: 33 | P18: 35 | R18: 18 | S18: 17.5 | T18: 21 | U18: 20 | V18: 24 | W18: 24 | X18: 24 | Z18: 23 | AA18: 22 | AB18: 28 | AC18: 26 | AD18: 30 | AE18: 28 | AF18: 30
A19: 1.5 | B19: 14.5 | C19: 14 | D19: 17.5 | E19: 16.5 | F19: 19.5 | G19: 22 | H19: 22 | J19: 19 | K19: 18.5 | L19: 23 | M19: 22 | N19: 24 | O19: 25 | P19: 27 | R19: 13.5 | S19: 13 | T19: 15.5 | U19: 15 | V19: 17.5 | W19: 18 | X19: 19 | Z19: 17 | AA19: 16.5 | AB19: 20 | AC19: 19.5 | AD19: 22 | AE19: 21 | AF19: 23 | AH19: 593
A21: AL mm2 | B21: A1 | C21: A2 | D21: B1 | E21: B2 | F21: C | G21: D1 | H21: D2 | J21: A1 | K21: A2 | L21: B1 | M21: B2 | N21: C | O21: D1 | P21: D2 | R21: A1 | S21: A2 | T21: B1 | U21: B2 | V21: C | W21: D1 | X21: D2 | Z21: A1 | AA21: A2 | AB21: B1 | AC21: B2 | AD21: C | AE21: D1 | AF21: D2
A22: 300 | B22: 289 | C22: 263 | D22: 358 | E22: 308 | F22: 406 | G22: 296 | H22: 336 | J22: 387 | K22: 352 | L22: 471 | M22: 415 | N22: 508 | O22: 346 | P22: 386 | R22: 261 | S22: 237 | T22: 306 | U22: 265 | V22: 351 | W22: 247 | X22: 282 | Z22: 344 | AA22: 313 | AB22: 402 | AC22: 364 | AD22: 440 | AE22: 286 | AF22: 326
A23: 240 | B23: 252 | C23: 229 | D23: 312 | E23: 269 | F23: 352 | G23: 262 | H23: 298 | J23: 338 | K23: 307 | L23: 412 | M23: 358 | N23: 439 | O23: 307 | P23: 343 | R23: 227 | S23: 207 | T23: 269 | U23: 232 | V23: 305 | W23: 218 | X23: 250 | Z23: 300 | AA23: 273 | AB23: 351 | AC23: 318 | AD23: 382 | AE23: 253 | AF23: 290
A24: 185 | B24: 215 | C24: 195 | D24: 266 | E24: 230 | F24: 298 | G24: 228 | H24: 255 | J24: 288 | K24: 262 | L24: 351 | M24: 300 | N24: 371 | O24: 267 | P24: 296 | R24: 194 | S24: 176 | T24: 230 | U24: 199 | V24: 259 | W24: 190 | X24: 214 | Z24: 256 | AA24: 233 | AB24: 300 | AC24: 272 | AD24: 323 | AE24: 220 | AF24: 250
A25: 150 | B25: 189 | C25: 172 | D25: 234 | E25: 201 | F25: 261 | G25: 204 | H25: 224 | J25: 253 | K25: 230 | L25: 307 | M25: 261 | N25: 324 | O25: 238 | P25: 261 | R25: 170 | S25: 155 | T25: 204 | U25: 176 | V25: 227 | W25: 169 | X25: 189 | Z25: 226 | AA25: 206 | AB25: 267 | AC25: 240 | AD25: 283 | AE25: 197 | AF25: 220
A26: 120 | B26: 164 | C26: 150 | D26: 210 | E26: 181 | F26: 226 | G26: 180 | H26: 200 | J26: 220 | K26: 201 | L26: 281 | M26: 242 | N26: 280 | O26: 211 | P26: 233 | R26: 149 | S26: 135 | T26: 186 | U26: 160 | V26: 197 | W26: 150 | X26: 169 | Z26: 197 | AA26: 180 | AB26: 251 | AC26: 216 | AD26: 245 | AE26: 174 | AF26: 197
A27: 95 | B27: 142 | C27: 130 | D27: 181 | E27: 157 | F27: 195 | G27: 159 | H27: 173 | J27: 191 | K27: 175 | L27: 242 | M27: 210 | N27: 241 | O27: 186 | P27: 204 | R27: 129 | S27: 118 | T27: 161 | U27: 139 | V27: 170 | W27: 132 | X27: 148 | Z27: 171 | AA27: 157 | AB27: 217 | AC27: 188 | AD27: 211 | AE27: 154 | AF27: 172
A28: 70 | B28: 118 | C28: 108 | D28: 150 | E28: 131 | F28: 160 | G28: 135 | H28: 145 | J28: 158 | K28: 145 | L28: 200 | M28: 175 | N28: 198 | O28: 158 | P28: 170 | R28: 107 | S28: 98 | T28: 133 | U28: 116 | V28: 140 | W28: 112 | X28: 122 | Z28: 142 | AA28: 131 | AB28: 179 | AC28: 156 | AD28: 174 | AE28: 130 | AF28: 144
A29: 50 | B29: 93 | C29: 86 | D29: 118 | E29: 104 | F29: 125 | G29: 109 | H29: 117 | J29: 125 | K29: 115 | L29: 157 | M29: 138 | N29: 154 | O29: 128 | P29: 139 | R29: 84 | S29: 78 | T29: 104 | U29: 92 | V29: 110 | W29: 91 | X29: 99 | Z29: 113 | AA29: 104 | AB29: 140 | AC29: 124 | AD29: 136 | AE29: 106 | AF29: 117
A30: 35 | B30: 77 | C30: 71 | D30: 97 | E30: 86 | F30: 103 | G30: 93 | H30: 98 | J30: 103 | K30: 96 | L30: 130 | M30: 115 | N30: 126 | O30: 108 | P30: 117 | R30: 70 | S30: 65 | T30: 86 | U30: 77 | V30: 90 | W30: 77 | X30: 83 | Z30: 94 | AA30: 87 | AB30: 116 | AC30: 103 | AD30: 112 | AE30: 90 | AF30: 98
A31: 25 | B31: 63 | C31: 58 | D31: 79 | E31: 71 | F31: 83 | G31: 77 | H31: 82 | J31: 84 | K31: 78 | L31: 105 | M31: 94 | N31: 101 | O31: 90 | P31: 98 | R31: 57 | S31: 53 | T31: 70 | U31: 62 | V31: 73 | W31: 64 | X31: 69 | Z31: 76 | AA31: 71 | AB31: 93 | AC31: 84 | AD31: 90 | AE31: 75 | AF31: 82
A32: 16 | B32: 48 | C32: 44 | D32: 60 | E32: 54 | F32: 66 | G32: 61 | H32: 63 | J32: 64 | K32: 60 | L32: 79 | M32: 72 | N32: 84 | O32: 71 | P32: 76 | R32: 43 | S32: 41 | T32: 53 | U32: 48 | V32: 59 | W32: 50 | X32: 53 | Z32: 58 | AA32: 55 | AB32: 71 | AC32: 64 | AD32: 76 | AE32: 59 | AF32: 64
A33: 10 | B33: 36 | C33: 33 | D33: 44 | E33: 41 | F33: 49 | G33: 47 | J33: 48 | K33: 45 | L33: 59 | M33: 54 | N33: 62 | O33: 55 | R33: 32 | S33: 31 | T33: 39 | U33: 36 | V33: 44 | W33: 39 | Z33: 44 | AA33: 41 | AB33: 52 | AC33: 48 | AD33: 57 | AE33: 46
A34: 6 | B34: 26 | C34: 25 | D34: 32 | E34: 30 | F34: 36 | G34: 36 | J34: 35 | K34: 33 | L34: 43 | M34: 40 | N34: 45 | O34: 42 | R34: 24 | S34: 23 | T34: 28 | U34: 27 | V34: 32 | W34: 30 | Z34: 32 | AA34: 31 | AB34: 38 | AC34: 35 | AD34: 41 | AE34: 35
A35: 4 | B35: 20 | C35: 19.5 | D35: 25 | E35: 24 | F35: 28 | G35: 29 | J35: 27 | K35: 26 | L35: 33 | M35: 31 | N35: 35 | O35: 33 | R35: 18.5 | S35: 17.5 | T35: 22 | U35: 21 | V35: 25 | W35: 24 | Z35: 25 | AA35: 24 | AB35: 29 | AC35: 28 | AD35: 32 | AE35: 28
A36: 2.5 | B36: 15 | C36: 14.5 | D36: 18.5 | E36: 17.5 | F36: 21 | G36: 22 | J36: 20 | K36: 19.5 | L36: 25 | M36: 23 | N36: 26 | O36: 26 | R36: 14 | S36: 13.5 | T36: 16.5 | U36: 15.5 | V36: 18.5 | W36: 18.5 | Z36: 19 | AA36: 18 | AB36: 22 | AC36: 21 | AD36: 24 | AE36: 22
B38: =IF($B$40="A1",INDEX('Ark4'!$A$4:$A$19,MATCH($C$41,'Ark4'!B4:B19,-1),'Ark4'!$A$2),IF($B$40="A2",INDEX('Ark4'!$A$4:$A$19,MATCH($C$41,'Ark4'!C4:C19,-1),'Ark4'!$A$2),IF($B$40="B1",INDEX('Ark4'!$A$4:$A$19,MATCH($C$41,'Ark4'!D4:D19,-1),'Ark4'!$A$2),IF($B$40="B2",INDEX('Ark4'!$A$4:$A$19,MATCH($C$41,'Ark4'!E4:E19,-1),'Ark4'!$A$2),IF($B$40="C1",INDEX('Ark4'!$A$4:$A$19,MATCH($C$41,'Ark4'!F4:F19,-1),'Ark4'!$A$2),IF($B$40="D1",INDEX('Ark4'!$A$4:$A$19,MATCH($C$41,'Ark4'!G4:G19,-1),'Ark4'!$A$2),IF($B$40="D2",INDEX('Ark4'!$A$4:$A$19,MATCH($C$41,'Ark4'!H4:H19,-1),'Ark4'!$A$2)))))))) -> FALSE | C38: =IF($B$40="A2",INDEX('Ark4'!$A$4:$A$19,MATCH($C$41,'Ark4'!C4:C19,-1),'Ark4'!$A$2),IF($B$40="B1",INDEX('Ark4'!$A$4:$A$19,MATCH($C$41,'Ark4'!D4:D19,-1),'Ark4'!$A$2),IF($B$40="B2",INDEX('Ark4'!$A$4:$A$19,MATCH($C$41,'Ark4'!E4:E19,-1),'Ark4'!$A$2),IF($B$40="C1",INDEX('Ark4'!$A$4:$A$19,MATCH($C$41,'Ark4'!F4:F19,-1),'Ark4'!$A$2),IF($B$40="D1",INDEX('Ark4'!$A$4:$A$19,MATCH($C$41,'Ark4'!G4:G19,-1),'Ark4'!$A$2),IF($B$40="D2",INDEX('Ark4'!$A$4:$A$19,MATCH($C$41,'Ark4'!H4:H19,-1),'Ark4'!$A$2))))))) -> FALSE | D38: =IF($B$40="B1",INDEX('Ark4'!$A$4:$A$19,MATCH($C$41,'Ark4'!D4:D19,-1),'Ark4'!$A$2),IF($B$40="B2",INDEX('Ark4'!$A$4:$A$19,MATCH($C$41,'Ark4'!E4:E19,-1),'Ark4'!$A$2),IF($B$40="C1",INDEX('Ark4'!$A$4:$A$19,MATCH($C$41,'Ark4'!F4:F19,-1),'Ark4'!$A$2),IF($B$40="D1",INDEX('Ark4'!$A$4:$A$19,MATCH($C$41,'Ark4'!G4:G19,-1),'Ark4'!$A$2),IF($B$40="D2",INDEX('Ark4'!$A$4:$A$19,MATCH($C$41,'Ark4'!H4:H19,-1),'Ark4'!$A$2)))))) -> FALSE | E38: =IF($B$40="B2",INDEX('Ark4'!$A$4:$A$19,MATCH($C$41,'Ark4'!E4:E19,-1),'Ark4'!$A$2),IF($B$40="C1",INDEX('Ark4'!$A$4:$A$19,MATCH($C$41,'Ark4'!F4:F19,-1),'Ark4'!$A$2),IF($B$40="D1",INDEX('Ark4'!$A$4:$A$19,MATCH($C$41,'Ark4'!G4:G19,-1),'Ark4'!$A$2),IF($B$40="D2",INDEX('Ark4'!$A$4:$A$19,MATCH($C$41,'Ark4'!H4:H19,-1),'Ark4'!$A$2))))) -> FALSE | F38: =IF($B$40="C1",INDEX('Ark4'!$A$4:$A$19,MATCH($C$41,'Ark4'!F4:F19,-1),'Ark4'!$A$2),IF($B$40="D1",INDEX('Ark4'!$A$4:$A$19,MATCH($C$41,'Ark4'!G4:G19,-1),'Ark4'!$A$2),IF($B$40="D2",INDEX('Ark4'!$A$4:$A$19,MATCH($C$41,'Ark4'!H4:H19,-1),'Ark4'!$A$2)))) -> FALSE | G38: =IF($B$40="D1",INDEX('Ark4'!$A$4:$A$19,MATCH($C$41,'Ark4'!G4:G19,-1),'Ark4'!$A$2),IF($B$40="D2",INDEX('Ark4'!$A$4:$A$19,MATCH($C$41,'Ark4'!H4:H19,-1),'Ark4'!$A$2))) -> FALSE | H38: =IF($B$40="D2",INDEX('Ark4'!$A$4:$A$19,MATCH($C$41,'Ark4'!H4:H19,-1),'Ark4'!$A$2)) -> FALSE | J38: =IF($B$40="A1",INDEX('Ark4'!$A$4:$A$19,MATCH($C$41,'Ark4'!$J$4:$J$19,-1),'Ark4'!$A$2)&"mm2",IF($B$40="A2",INDEX('Ark4'!$A$4:$A$19,MATCH($C$41,'Ark4'!$K$4:$K$19,-1),'Ark4'!$A$2),IF($B$40="B1",INDEX('Ark4'!$A$4:$A$19,MATCH($C$41,'Ark4'!$L$4:$L$19,-1),'Ark4'!$A$2),IF($B$40="B2",INDEX('Ark4'!$A$4:$A$19,MATCH($C$41,'Ark4'!$M$4:$M$19,-1),'Ark4'!$A$2),IF($B$40="C1",INDEX('Ark4'!$A$4:$A$19,MATCH($C$41,'Ark4'!$N$4:$N$19,-1),'Ark4'!$A$2),IF($B$40="D1",INDEX('Ark4'!$A$4:$A$19,MATCH($C$41,'Ark4'!$O$4:$O$19,-1),'Ark4'!$A$2),IF($B$40="D2",INDEX('Ark4'!$A$4:$A$19,MATCH($C$41,'Ark4'!$P$4:$P$19,-1),'Ark4'!$A$2)))))))) -> FALSE | K38: =IF($B$40="A2",INDEX('Ark4'!$A$4:$A$19,MATCH($C$41,'Ark4'!K4:K19,-1),'Ark4'!$A$2)) -> FALSE | L38: =IF($B$40="B1",INDEX('Ark4'!$A$4:$A$19,MATCH($C$41,'Ark4'!L4:L19,-1),'Ark4'!$A$2)) -> FALSE | M38: =IF($B$40="B2",INDEX('Ark4'!$A$4:$A$19,MATCH($C$41,'Ark4'!M4:M19,-1),'Ark4'!$A$2)) -> FALSE | N38: =IF($B$40="C1",INDEX('Ark4'!$A$4:$A$19,MATCH($C$41,'Ark4'!N4:N19,-1),'Ark4'!$A$2)) -> FALSE | O38: =IF($B$40="D1",INDEX('Ark4'!$A$4:$A$19,MATCH($C$41,'Ark4'!O4:O19,-1),'Ark4'!$A$2)) -> FALSE | P38: =IF($B$40="D2",INDEX('Ark4'!$A$4:$A$19,MATCH($C$41,'Ark4'!P4:P19,-1),'Ark4'!$A$2)) -> FALSE | R38: =IF($B$40="A1",INDEX('Ark4'!$A$4:$A$19,MATCH($C$41,'Ark4'!$R$4:$R$19,-1),'Ark4'!$A$2),IF($B$40="A2",INDEX('Ark4'!$A$4:$A$19,MATCH($C$41,'Ark4'!$S$4:$S$19,-1),'Ark4'!$A$2),IF($B$40="B1",INDEX('Ark4'!$A$4:$A$19,MATCH($C$41,'Ark4'!$T$4:$T$19,-1),'Ark4'!$A$2),IF($B$40="B2",INDEX('Ark4'!$A$4:$A$19,MATCH($C$41,'Ark4'!$U$4:$U$19,-1),'Ark4'!$A$2),IF($B$40="C1",INDEX('Ark4'!$A$4:$A$19,MATCH($C$41,'Ark4'!$V$4:$V$19,-1),'Ark4'!$A$2),IF($B$40="D1",INDEX('Ark4'!$A$4:$A$19,MATCH($C$41,'Ark4'!$W$4:$W$19,-1),'Ark4'!$A$2),IF($B$40="D2",INDEX('Ark4'!$A$4:$A$19,MATCH($C$41,'Ark4'!$X$4:$X$19,-1),'Ark4'!$A$2)))))))) -> FALSE | S38: =IF($B$40="A2",INDEX('Ark4'!$A$4:$A$19,MATCH($C$41,'Ark4'!S4:S19,-1),'Ark4'!$A$2)) -> FALSE | T38: =IF($B$40="B1",INDEX('Ark4'!$A$4:$A$19,MATCH($C$41,'Ark4'!T4:T19,-1),'Ark4'!$A$2)) -> FALSE | U38: =IF($B$40="B2",INDEX('Ark4'!$A$4:$A$19,MATCH($C$41,'Ark4'!U4:U19,-1),'Ark4'!$A$2)) -> FALSE | V38: =IF($B$40="C1",INDEX('Ark4'!$A$4:$A$19,MATCH($C$41,'Ark4'!V4:V19,-1),'Ark4'!$A$2)) -> FALSE | W38: =IF($B$40="D1",INDEX('Ark4'!$A$4:$A$19,MATCH($C$41,'Ark4'!W4:W19,-1),'Ark4'!$A$2)) -> FALSE | X38: =IF($B$40="D2",INDEX('Ark4'!$A$4:$A$19,MATCH($C$41,'Ark4'!X4:X19,-1),'Ark4'!$A$2)) -> FALSE | Z38: =IF($B$40="A1",INDEX('Ark4'!$A$4:$A$19,MATCH($C$41,'Ark4'!$Z$4:$Z$19,-1),'Ark4'!$A$2),IF($B$40="A2",INDEX('Ark4'!$A$4:$A$19,MATCH($C$41,'Ark4'!$AA$4:$AA$19,-1),'Ark4'!$A$2),IF($B$40="B1",INDEX('Ark4'!$A$4:$A$19,MATCH($C$41,'Ark4'!$AB$4:$AB$19,-1),'Ark4'!$A$2),IF($B$40="B2",INDEX('Ark4'!$A$4:$A$19,MATCH($C$41,'Ark4'!$AC$4:$AC$19,-1),'Ark4'!$A$2),IF($B$40="C1",INDEX('Ark4'!$A$4:$A$19,MATCH($C$41,'Ark4'!$AD$4:$AD$19,-1),'Ark4'!$A$2),IF($B$40="D1",INDEX('Ark4'!$A$4:$A$19,MATCH($C$41,'Ark4'!$AE$4:$AE$19,-1),'Ark4'!$A$2),IF($B$40="D2",INDEX('Ark4'!$A$4:$A$19,MATCH($C$41,'Ark4'!$AF$4:$AF$19,-1),'Ark4'!$A$2)))))))) -> FALSE | AA38: =IF($B$40="A2",INDEX('Ark4'!$A$4:$A$19,MATCH($C$41,'Ark4'!AA4:AA19,-1),'Ark4'!$A$2)) -> FALSE | AB38: =IF($B$40="B1",INDEX('Ark4'!$A$4:$A$19,MATCH($C$41,'Ark4'!AB4:AB19,-1),'Ark4'!$A$2)) -> FALSE | AC38: =IF($B$40="B2",INDEX('Ark4'!$A$4:$A$19,MATCH($C$41,'Ark4'!AC4:AC19,-1),'Ark4'!$A$2)) -> FALSE | AD38: =IF($B$40="C1",INDEX('Ark4'!$A$4:$A$19,MATCH($C$41,'Ark4'!AD4:AD19,-1),'Ark4'!$A$2)) -> FALSE | AE38: =IF($B$40="D1",INDEX('Ark4'!$A$4:$A$19,MATCH($C$41,'Ark4'!AE4:AE19,-1),'Ark4'!$A$2)) -> FALSE | AF38: =IF($B$40="D2",INDEX('Ark4'!$A$4:$A$19,MATCH($C$41,'Ark4'!AF4:AF19,-1),'Ark4'!$A$2)) -> FALSE
B39: =IF($B$40="A1",INDEX('Ark4'!$A$22:$A$36,MATCH($C$41,'Ark4'!B22:B36,-1),'Ark4'!$A$2),IF($B$40="A2",INDEX('Ark4'!$A$22:$A$36,MATCH($C$41,'Ark4'!C22:C36,-1),'Ark4'!$A$2),IF($B$40="B1",INDEX('Ark4'!$A$22:$A$36,MATCH($C$41,'Ark4'!D22:D36,-1),'Ark4'!$A$2),IF($B$40="B2",INDEX('Ark4'!$A$22:$A$36,MATCH($C$41,'Ark4'!E22:E36,-1),'Ark4'!$A$2),IF($B$40="C1",INDEX('Ark4'!$A$22:$A$36,MATCH($C$41,'Ark4'!F22:F36,-1),'Ark4'!$A$2),IF($B$40="D1",INDEX('Ark4'!$A$22:$A$36,MATCH($C$41,'Ark4'!G22:G36,-1),'Ark4'!$A$2),IF($B$40="D2",INDEX('Ark4'!$A$22:$A$36,MATCH($C$41,'Ark4'!H22:H36,-1),'Ark4'!$A$2)))))))) -> FALSE | C39: =IF($B$40="A2",INDEX($A$22:$A$36,MATCH($C$41,C22:C36,-1),$A$2)) -> FALSE | D39: =IF($B$40="B1",INDEX($A$22:$A$36,MATCH($C$41,D22:D36,-1),$A$2)) -> FALSE | E39: =IF($B$40="B2",INDEX($A$22:$A$36,MATCH($C$41,E22:E36,-1),$A$2)) -> FALSE | F39: =IF($B$40="C",INDEX($A$22:$A$36,MATCH($C$41,F22:F36,-1),$A$2)) -> FALSE | G39: =IF($B$40="D1",INDEX($A$22:$A$36,MATCH($C$41,G22:G36,-1),$A$2)) -> FALSE | H39: =IF($B$40="D2",INDEX($A$22:$A$36,MATCH($C$41,H22:H36,-1),$A$2)) -> FALSE | J39: =IF($B$40="A1",INDEX('Ark4'!$A$22:$A$36,MATCH($C$41,'Ark4'!$J$22:$J$36,-1),'Ark4'!$A$2),IF($B$40="A2",INDEX('Ark4'!$A$22:$A$36,MATCH($C$41,'Ark4'!$K$22:$K$36,-1),'Ark4'!$A$2),IF($B$40="B1",INDEX('Ark4'!$A$22:$A$36,MATCH($C$41,'Ark4'!$L$22:$L$36,-1),'Ark4'!$A$2),IF($B$40="B2",INDEX('Ark4'!$A$22:$A$36,MATCH($C$41,'Ark4'!$M$22:$M$36,-1),'Ark4'!$A$2),IF($B$40="C1",INDEX('Ark4'!$A$22:$A$36,MATCH($C$41,'Ark4'!$N$22:$N$36,-1),'Ark4'!$A$2),IF($B$40="D1",INDEX('Ark4'!$A$22:$A$36,MATCH($C$41,'Ark4'!$O$22:$O$36,-1),'Ark4'!$A$2),IF($B$40="D2",INDEX('Ark4'!$A$22:$A$36,MATCH($C$41,'Ark4'!$P$22:$P$36,-1),'Ark4'!$A$2)))))))) -> FALSE | K39: =IF($B$40="A2",INDEX($A$22:$A$36,MATCH($C$41,K22:K36,-1),$A$2)) -> FALSE | L39: =IF($B$40="B1",INDEX($A$22:$A$36,MATCH($C$41,L22:L36,-1),$A$2)) -> FALSE | M39: =IF($B$40="B2",INDEX($A$22:$A$36,MATCH($C$41,M22:M36,-1),$A$2)) -> FALSE | N39: =IF($B$40="C",INDEX($A$22:$A$36,MATCH($C$41,N22:N36,-1),$A$2)) -> FALSE | O39: =IF($B$40="D1",INDEX($A$22:$A$36,MATCH($C$41,O22:O36,-1),$A$2)) -> FALSE | P39: =IF($B$40="D2",INDEX($A$22:$A$36,MATCH($C$41,P22:P36,-1),$A$2)) -> FALSE | R39: =IF($B$40="A1",INDEX('Ark4'!$A$22:$A$36,MATCH($C$41,'Ark4'!$R$22:$R$36,-1),'Ark4'!$A$2),IF($B$40="A2",INDEX('Ark4'!$A$22:$A$36,MATCH($C$41,'Ark4'!$S$22:$S$36,-1),'Ark4'!$A$2),IF($B$40="B1",INDEX('Ark4'!$A$22:$A$36,MATCH($C$41,'Ark4'!$T$22:$T$36,-1),'Ark4'!$A$2),IF($B$40="B2",INDEX('Ark4'!$A$22:$A$36,MATCH($C$41,'Ark4'!$U$22:$U$36,-1),'Ark4'!$A$2),IF($B$40="C1",INDEX('Ark4'!$A$22:$A$36,MATCH($C$41,'Ark4'!$V$22:$V$36,-1),'Ark4'!$A$2),IF($B$40="D1",INDEX('Ark4'!$A$22:$A$36,MATCH($C$41,'Ark4'!$W$22:$W$36,-1),'Ark4'!$A$2),IF($B$40="D2",INDEX('Ark4'!$A$22:$A$36,MATCH($C$41,'Ark4'!$X$22:$X$36,-1),'Ark4'!$A$2)))))))) -> FALSE | S39: =IF($B$40="A2",INDEX($A$22:$A$36,MATCH($C$41,S22:S36,-1),$A$2)) -> FALSE | T39: =IF($B$40="B1",INDEX($A$22:$A$36,MATCH($C$41,T22:T36,-1),$A$2)) -> FALSE | U39: =IF($B$40="B2",INDEX($A$22:$A$36,MATCH($C$41,U22:U36,-1),$A$2)) -> FALSE | V39: =IF($B$40="C",INDEX($A$22:$A$36,MATCH($C$41,V22:V36,-1),$A$2)) -> FALSE | W39: =IF($B$40="D1",INDEX($A$22:$A$36,MATCH($C$41,W22:W36,-1),$A$2)) -> FALSE | X39: =IF($B$40="D2",INDEX($A$22:$A$36,MATCH($C$41,X22:X36,-1),$A$2)) -> FALSE | Z39: =IF($B$40="A1",INDEX('Ark4'!$A$22:$A$36,MATCH($C$41,'Ark4'!$Z$22:$Z$36,-1),'Ark4'!$A$2),IF($B$40="A2",INDEX('Ark4'!$A$22:$A$36,MATCH($C$41,'Ark4'!$AA$22:$AA$36,-1),'Ark4'!$A$2),IF($B$40="B1",INDEX('Ark4'!$A$22:$A$36,MATCH($C$41,'Ark4'!$AB$22:$AB$36,-1),'Ark4'!$A$2),IF($B$40="B2",INDEX('Ark4'!$A$22:$A$36,MATCH($C$41,'Ark4'!$AC$22:$AC$36,-1),'Ark4'!$A$2),IF($B$40="C1",INDEX('Ark4'!$A$22:$A$36,MATCH($C$41,'Ark4'!$AD$22:$AD$36,-1),'Ark4'!$A$2),IF($B$40="D1",INDEX('Ark4'!$A$22:$A$36,MATCH($C$41,'Ark4'!$AE$22:$AE$36,-1),'Ark4'!$A$2),IF($B$40="D2",INDEX('Ark4'!$A$22:$A$36,MATCH($C$41,'Ark4'!$AF$22:$AF$36,-1),'Ark4'!$A$2)))))))) -> FALSE | AA39: =IF($B$40="A2",INDEX($A$22:$A$36,MATCH($C$41,AA22:AA36,-1),$A$2)) -> FALSE | AB39: =IF($B$40="B1",INDEX($A$22:$A$36,MATCH($C$41,AB22:AB36,-1),$A$2)) -> FALSE | AC39: =IF($B$40="B2",INDEX($A$22:$A$36,MATCH($C$41,AC22:AC36,-1),$A$2)) -> FALSE | AD39: =IF($B$40="C",INDEX($A$22:$A$36,MATCH($C$41,AD22:AD36,-1),$A$2)) -> FALSE | AE39: =IF($B$40="D1",INDEX($A$22:$A$36,MATCH($C$41,AE22:AE36,-1),$A$2)) -> FALSE | AF39: =IF($B$40="D2",INDEX($A$22:$A$36,MATCH($C$41,AF22:AF36,-1),$A$2)) -> FALSE
B41: =IF(AND($B$2="CU 2 belastede leder",$B$3="70°C PVC"),INDEX('Ark4'!$B$4:$H$19,MATCH('Ark1'!H39,'Ark4'!$A$4:$A$19,0),MATCH('Ark1'!H13,'Ark4'!$B$3:$H$3,0)),IF(AND($B$2="AL 2 belastede leder",$B$3="70°C PVC"),INDEX('Ark4'!$B$22:$H$36,MATCH('Ark1'!H39,'Ark4'!$A$22:$A$36,0),MATCH('Ark1'!H13,'Ark4'!$B$21:$H$21,0)),IF(AND($B$2="CU 3 belastede leder",$B$3="70°C PVC"),INDEX('Ark4'!$R$4:$X$19,MATCH('Ark1'!H39,'Ark4'!$A$4:$A$19,0),MATCH('Ark1'!H13,'Ark4'!$R$3:$X$3,0)),IF(AND($B$2="AL 3 belastede leder",$B$3="70°C PVC"),INDEX('Ark4'!$R$22:$X$36,MATCH('Ark1'!H39,'Ark4'!$A$22:$A$36,0),MATCH('Ark1'!H13,'Ark4'!$R$21:$X$21,0)),IF(AND($B$2="CU 2 belastede leder",$B$3="90°C XPLE & EPR"),INDEX('Ark4'!$J$4:$P$19,MATCH('Ark1'!H39,'Ark4'!$A$4:$A$19,0),MATCH('Ark1'!H13,'Ark4'!$J$3:$P$3,0)),IF(AND($B$2="AL 2 belastede leder",$B$3="90°C XPLE & EPR"),INDEX('Ark4'!$J$22:$P$36,MATCH('Ark1'!H39,'Ark4'!$A$22:$A$36,0),MATCH('Ark1'!H13,'Ark4'!$J$21:$P$21,0)),IF(AND($B$2="CU 3 belastede leder",$B$3="90°C XPLE & EPR"),INDEX('Ark4'!$Z$4:$AF$19,MATCH('Ark1'!H39,'Ark4'!$A$4:$A$19,0),MATCH('Ark1'!H13,'Ark4'!$Z$3:$AF$3,0)),IF(AND($B$2="AL 3 belastede leder",$B$3="90°C XPLE & EPR"),INDEX('Ark4'!$Z$22:$AF$36,MATCH('Ark1'!H39,'Ark4'!$A$22:$A$36,0),MATCH('Ark1'!H13,'Ark4'!$Z$21:$AF$21,0)))))))))) -> FALSE | C41: 50
B44: B.52.10 | D44: 70 grader 2 belastede leder | K44: B.52.12 | L44: 90 grader 2 belastede leder | S44: B.52.10 | T44: 70 grader 3 belastede leder | AA44: B.52.12 | AB44: 90 grader 3 belastede leder
A46: CU mm2 | B46: E | C46: F | K46: E | L46: F | S46: E | T46: F | AA46: E | AB46: F
A47: 630 | C47: 1005 | L47: 1254 | T47: 855 | AB47: 1088
A48: 500 | C48: 868 | L48: 1083 | T48: 749 | AB48: 946
A49: 400 | C49: 754 | L49: 940 | T49: 656 | AB49: 823
A50: 300 | C50: 629 | K50: 741 | L50: 783 | S50: 497 | T50: 561 | AA50: 621 | AB50: 703
A51: 240 | B51: 514 | C51: 546 | K51: 641 | L51: 679 | S51: 430 | T51: 485 | AA51: 538 | AB51: 607
A52: 185 | B52: 434 | C52: 463 | K52: 542 | L52: 575 | S52: 364 | T52: 409 | AA52: 456 | AB52: 510
A53: 150 | B53: 379 | C53: 406 | K53: 473 | L53: 504 | S53: 319 | T53: 356 | AA53: 399 | AB53: 444
A54: 120 | B54: 328 | C54: 352 | K54: 410 | L54: 437 | S54: 276 | T54: 308 | AA54: 346 | AB54: 383
A55: 95 | B55: 282 | C55: 304 | K55: 352 | L55: 377 | S55: 238 | T55: 264 | AA55: 298 | AB55: 328
A56: 70 | B56: 232 | C56: 251 | K56: 289 | L56: 310 | S56: 196 | T56: 216 | AA56: 246 | AB56: 268
A57: 50 | B57: 180 | C57: 196 | K57: 225 | L57: 242 | S57: 153 | T57: 167 | AA57: 192 | AB57: 207
A58: 35 | B58: 148 | C58: 162 | K58: 185 | L58: 200 | S58: 126 | T58: 137 | AA58: 158 | AB58: 169
A59: 25 | B59: 119 | C59: 131 | K59: 149 | L59: 161 | S59: 101 | T59: 110 | AA59: 127 | AB59: 135
A60: 16 | B60: 94 | K60: 115 | S60: 80 | AA60: 100
A61: 10 | B61: 70 | K61: 86 | S61: 60 | AA61: 75
A62: 6 | B62: 51 | K62: 63 | S62: 43 | AA62: 54
A63: 4 | B63: 40 | K63: 49 | S63: 34 | AA63: 42
A64: 2.5 | B64: 30 | K64: 36 | S64: 25 | AA64: 32
A65: 1.5 | B65: 22 | K65: 26 | S65: 18.5 | AA65: 23
B66: B.52.11 | K66: B.52.13 | S66: B.52.11 | AA66: B.52.13
A67: AL mm2 | B67: E | C67: F | K67: E | L67: F | S67: E | T67: F | AA67: E | AB67: F
A68: 630 | C68: 808 | L68: 996 | T68: 711 | AB68: 899
A69: 500 | C69: 694 | L69: 856 | T69: 610 | AB69: 770
A70: 400 | C70: 600 | L70: 740 | T70: 526 | AB70: 663
A71: 300 | B71: 439 | C71: 497 | K71: 543 | L71: 613 | S71: 381 | T71: 434 | AA71: 471 | AB71: 547
A72: 240 | B72: 380 | C72: 430 | K72: 470 | L72: 530 | S72: 330 | T72: 375 | AA72: 409 | AB72: 471
A73: 185 | B73: 322 | C73: 363 | K73: 397 | L73: 447 | S73: 280 | T73: 315 | AA73: 347 | AB73: 395
A74: 150 | B74: 282 | C74: 316 | K74: 346 | L74: 389 | S74: 245 | T74: 274 | AA74: 304 | AB74: 343
A75: 120 | B75: 244 | C75: 273 | K75: 300 | L75: 337 | S75: 212 | T75: 237 | AA75: 263 | AB75: 296
A76: 95 | B76: 210 | C76: 235 | K76: 257 | L76: 289 | S76: 183 | T76: 203 | AA76: 227 | AB76: 253
A77: 70 | B77: 173 | C77: 192 | G77: 70°C PVC | K77: 211 | L77: 237 | S77: 150 | T77: 166 | AA77: 187 | AB77: 206
A78: 50 | B78: 135 | C78: 149 | G78: 90°C XPLE & EPR | K78: 164 | L78: 184 | S78: 117 | T78: 128 | AA78: 146 | AB78: 159
A79: 35 | B79: 111 | C79: 122 | K79: 135 | L79: 150 | S79: 96 | T79: 105 | AA79: 120 | AB79: 129
A80: 25 | B80: 89 | C80: 98 | G80: CU 2 belastede leder | K80: 108 | L80: 121 | S80: 78 | T80: 84 | AA80: 97 | AB80: 103
A81: 16 | B81: 73 | G81: AL 2 belastede leder | K81: 91 | S81: 61 | AA81: 77
A82: 10 | B82: 54 | G82: CU 3 belastede leder | K82: 67 | S82: 46 | AA82: 58
A83: 6 | B83: 39 | G83: AL 3 belastede leder | K83: 49 | S83: 33 | AA83: 42
A84: 4 | B84: 31 | K84: 38 | S84: 26 | AA84: 32
A85: 2.5 | B85: 23 | K85: 28 | S85: 19.5 | AA85: 24
B88: =IF(AND(C9="E",$B$2="CU 2 belastede leder",$B$3="70°C PVC"),INDEX('Ark4'!$A$47:$A$65,MATCH($C$23,'Ark4'!B47:B65,-1),'Ark4'!$A$2),IF(AND(D9="F",$B$2="CU 2 belastede leder",$B$3="70°C PVC"),INDEX('Ark4'!$A$47:$A$65,MATCH($C$23,'Ark4'!C47:C65,-1),'Ark4'!$A$2),IF(AND(L9="E",$B$2="CU 3 belastede leder",$B$3="70°C PVC"),INDEX('Ark4'!$A$47:$A$65,MATCH($C$23,'Ark4'!K47:K65,-1),'Ark4'!$A$2),IF(AND(M9="F",$B$2="CU 3 belastede leder",$B$3="70°C PVC"),INDEX('Ark4'!$A$47:$A$65,MATCH($C$23,'Ark4'!L47:L65,-1),'Ark4'!$A$2),IF(AND(T9="E",$B$2="CU 2 belastede leder",$B$3="90°C XPLE & EPR"),INDEX('Ark4'!$A$47:$A$65,MATCH($C$23,'Ark4'!S47:S65,-1),'Ark4'!$A$2),IF(AND(U9="F",$B$2="CU 2 belastede leder",$B$3="90°C XPLE & EPR"),INDEX('Ark4'!$A$47:$A$65,MATCH($C$23,'Ark4'!T47:T65,-1),'Ark4'!$A$2),IF(AND(AB9="E",$B$2="CU 3 belastede leder",$B$3="90°C XPLE & EPR"),INDEX('Ark4'!$A$47:$A$65,MATCH($C$23,'Ark4'!AA47:AA65,-1),'Ark4'!$A$2),IF(AND(AC9="F",$B$2="CU 3 belastede leder",$B$3="90°C XPLE & EPR"),INDEX('Ark4'!$A$47:$A$65,MATCH($C$23,'Ark4'!AB47:AB65,-1),'Ark4'!$A$2))))))))) -> FALSE | C88: =IF(AND(D9="F",$B$2="CU 2 belastede leder",$B$3="70°C PVC"),INDEX('Ark4'!$A$47:$A$65,MATCH($C$23,'Ark4'!C47:C65,-1),'Ark4'!$A$2),IF(AND(L9="E",$B$2="CU 3 belastede leder",$B$3="70°C PVC"),INDEX('Ark4'!$A$47:$A$65,MATCH($C$23,'Ark4'!K47:K65,-1),'Ark4'!$A$2),IF(AND(M9="F",$B$2="CU 3 belastede leder",$B$3="70°C PVC"),INDEX('Ark4'!$A$47:$A$65,MATCH($C$23,'Ark4'!L47:L65,-1),'Ark4'!$A$2),IF(AND(T9="E",$B$2="CU 2 belastede leder",$B$3="90°C XPLE & EPR"),INDEX('Ark4'!$A$47:$A$65,MATCH($C$23,'Ark4'!S47:S65,-1),'Ark4'!$A$2),IF(AND(U9="F",$B$2="CU 2 belastede leder",$B$3="90°C XPLE & EPR"),INDEX('Ark4'!$A$47:$A$65,MATCH($C$23,'Ark4'!T47:T65,-1),'Ark4'!$A$2),IF(AND(AB9="E",$B$2="CU 3 belastede leder",$B$3="90°C XPLE & EPR"),INDEX('Ark4'!$A$47:$A$65,MATCH($C$23,'Ark4'!AA47:AA65,-1),'Ark4'!$A$2),IF(AND(AC9="F",$B$2="CU 3 belastede leder",$B$3="90°C XPLE & EPR"),INDEX('Ark4'!$A$47:$A$65,MATCH($C$23,'Ark4'!AB47:AB65,-1),'Ark4'!$A$2)))))))) -> FALSE | K88: =IF(AND(L9="E",$B$2="CU 3 belastede leder",$B$3="70°C PVC"),INDEX('Ark4'!$A$47:$A$65,MATCH($C$23,'Ark4'!K47:K65,-1),'Ark4'!$A$2),IF(AND(M9="F",$B$2="CU 3 belastede leder",$B$3="70°C PVC"),INDEX('Ark4'!$A$47:$A$65,MATCH($C$23,'Ark4'!L47:L65,-1),'Ark4'!$A$2),IF(AND(T9="E",$B$2="CU 2 belastede leder",$B$3="90°C XPLE & EPR"),INDEX('Ark4'!$A$47:$A$65,MATCH($C$23,'Ark4'!S47:S65,-1),'Ark4'!$A$2),IF(AND(U9="F",$B$2="CU 2 belastede leder",$B$3="90°C XPLE & EPR"),INDEX('Ark4'!$A$47:$A$65,MATCH($C$23,'Ark4'!T47:T65,-1),'Ark4'!$A$2),IF(AND(AB9="E",$B$2="CU 3 belastede leder",$B$3="90°C XPLE & EPR"),INDEX('Ark4'!$A$47:$A$65,MATCH($C$23,'Ark4'!AA47:AA65,-1),'Ark4'!$A$2),IF(AND(AC9="F",$B$2="CU 3 belastede leder",$B$3="90°C XPLE & EPR"),INDEX('Ark4'!$A$47:$A$65,MATCH($C$23,'Ark4'!AB47:AB65,-1),'Ark4'!$A$2))))))) -> FALSE | L88: =IF(AND(M9="F",$B$2="CU 3 belastede leder",$B$3="70°C PVC"),INDEX('Ark4'!$A$47:$A$65,MATCH($C$23,'Ark4'!L47:L65,-1),'Ark4'!$A$2),IF(AND(T9="E",$B$2="CU 2 belastede leder",$B$3="90°C XPLE & EPR"),INDEX('Ark4'!$A$47:$A$65,MATCH($C$23,'Ark4'!S47:S65,-1),'Ark4'!$A$2),IF(AND(U9="F",$B$2="CU 2 belastede leder",$B$3="90°C XPLE & EPR"),INDEX('Ark4'!$A$47:$A$65,MATCH($C$23,'Ark4'!T47:T65,-1),'Ark4'!$A$2),IF(AND(AB9="E",$B$2="CU 3 belastede leder",$B$3="90°C XPLE & EPR"),INDEX('Ark4'!$A$47:$A$65,MATCH($C$23,'Ark4'!AA47:AA65,-1),'Ark4'!$A$2),IF(AND(AC9="F",$B$2="CU 3 belastede leder",$B$3="90°C XPLE & EPR"),INDEX('Ark4'!$A$47:$A$65,MATCH($C$23,'Ark4'!AB47:AB65,-1),'Ark4'!$A$2)))))) -> FALSE | S88: =IF(AND(T9="E",$B$2="CU 2 belastede leder",$B$3="90°C XPLE & EPR"),INDEX('Ark4'!$A$47:$A$65,MATCH($C$23,'Ark4'!S47:S65,-1),'Ark4'!$A$2),IF(AND(U9="F",$B$2="CU 2 belastede leder",$B$3="90°C XPLE & EPR"),INDEX('Ark4'!$A$47:$A$65,MATCH($C$23,'Ark4'!T47:T65,-1),'Ark4'!$A$2),IF(AND(AB9="E",$B$2="CU 3 belastede leder",$B$3="90°C XPLE & EPR"),INDEX('Ark4'!$A$47:$A$65,MATCH($C$23,'Ark4'!AA47:AA65,-1),'Ark4'!$A$2),IF(AND(AC9="F",$B$2="CU 3 belastede leder",$B$3="90°C XPLE & EPR"),INDEX('Ark4'!$A$47:$A$65,MATCH($C$23,'Ark4'!AB47:AB65,-1),'Ark4'!$A$2))))) -> FALSE | T88: =IF(AND(U9="F",$B$2="CU 2 belastede leder",$B$3="90°C XPLE & EPR"),INDEX('Ark4'!$A$47:$A$65,MATCH($C$23,'Ark4'!T47:T65,-1),'Ark4'!$A$2),IF(AND(AB9="E",$B$2="CU 3 belastede leder",$B$3="90°C XPLE & EPR"),INDEX('Ark4'!$A$47:$A$65,MATCH($C$23,'Ark4'!AA47:AA65,-1),'Ark4'!$A$2),IF(AND(AC9="F",$B$2="CU 3 belastede leder",$B$3="90°C XPLE & EPR"),INDEX('Ark4'!$A$47:$A$65,MATCH($C$23,'Ark4'!AB47:AB65,-1),'Ark4'!$A$2)))) -> FALSE | AA88: =IF(AND(AB9="E",$B$2="CU 3 belastede leder",$B$3="90°C XPLE & EPR"),INDEX('Ark4'!$A$47:$A$65,MATCH($C$23,'Ark4'!AA47:AA65,-1),'Ark4'!$A$2),IF(AND(AC9="F",$B$2="CU 3 belastede leder",$B$3="90°C XPLE & EPR"),INDEX('Ark4'!$A$47:$A$65,MATCH($C$23,'Ark4'!AB47:AB65,-1),'Ark4'!$A$2))) -> FALSE | AB88: =IF(AND(AC9="F",$B$2="CU 3 belastede leder",$B$3="90°C XPLE & EPR"),INDEX('Ark4'!$A$47:$A$65,MATCH($C$23,'Ark4'!AB47:AB65,-1),'Ark4'!$A$2)) -> FALSE
B89: =IF(AND(C10="E",$B$2="AL 2 belastede leder",$B$3="70°C PVC"),INDEX('Ark4'!$A$68:$A$86,MATCH($C$23,'Ark4'!B68:B86,-1),'Ark4'!$A$2),IF(AND(C10="F",$B$2="AL 2 belastede leder",$B$3="70°C PVC"),INDEX('Ark4'!$A$68:$A$86,MATCH($C$23,'Ark4'!C68:C86,-1),'Ark4'!$A$2),IF(AND(C10="E",$B$2="AL 3 belastede leder",$B$3="70°C PVC"),INDEX('Ark4'!$A$68:$A$86,MATCH($C$23,'Ark4'!K68:K86,-1),'Ark4'!$A$2),IF(AND(C10="F",$B$2="AL 3 belastede leder",$B$3="70°C PVC"),INDEX('Ark4'!$A$68:$A$86,MATCH($C$23,'Ark4'!L68:L86,-1),'Ark4'!$A$2),IF(AND(C10="E",$B$2="AL 2 belastede leder",$B$3="90°C XPLE & EPR"),INDEX('Ark4'!$A$68:$A$86,MATCH($C$23,'Ark4'!S68:S86,-1),'Ark4'!$A$2),IF(AND(C10="F",$B$2="AL 2 belastede leder",$B$3="90°C XPLE & EPR"),INDEX('Ark4'!$A$68:$A$86,MATCH($C$23,'Ark4'!T68:T86,-1),'Ark4'!$A$2),IF(AND(C10="E",$B$2="AL 3 belastede leder",$B$3="90°C XPLE & EPR"),INDEX('Ark4'!$A$68:$A$86,MATCH($C$23,'Ark4'!AA68:AA86,-1),'Ark4'!$A$2),IF(AND(C10="F",$B$2="AL 3 belastede leder",$B$3="90°C XPLE & EPR"),INDEX('Ark4'!$A$68:$A$86,MATCH($C$23,'Ark4'!AB68:AB86,-1),'Ark4'!$A$2))))))))) -> FALSE | C89: =IF(AND(D10="F",$B$2="AL 2 belastede leder",$B$3="70°C PVC"),INDEX('Ark4'!$A$68:$A$86,MATCH($C$23,'Ark4'!C68:C86,-1),'Ark4'!$A$2),IF(AND(L10="E",$B$2="AL 3 belastede leder",$B$3="70°C PVC"),INDEX('Ark4'!$A$68:$A$86,MATCH($C$23,'Ark4'!K68:K86,-1),'Ark4'!$A$2),IF(AND(M10="F",$B$2="AL 3 belastede leder",$B$3="70°C PVC"),INDEX('Ark4'!$A$68:$A$86,MATCH($C$23,'Ark4'!L68:L86,-1),'Ark4'!$A$2),IF(AND(T10="E",$B$2="AL 2 belastede leder",$B$3="90°C XPLE & EPR"),INDEX('Ark4'!$A$68:$A$86,MATCH($C$23,'Ark4'!S68:S86,-1),'Ark4'!$A$2),IF(AND(U10="F",$B$2="AL 2 belastede leder",$B$3="90°C XPLE & EPR"),INDEX('Ark4'!$A$68:$A$86,MATCH($C$23,'Ark4'!T68:T86,-1),'Ark4'!$A$2),IF(AND(AB10="E",$B$2="AL 3 belastede leder",$B$3="90°C XPLE & EPR"),INDEX('Ark4'!$A$68:$A$86,MATCH($C$23,'Ark4'!AA68:AA86,-1),'Ark4'!$A$2),IF(AND(AC10="F",$B$2="AL 3 belastede leder",$B$3="90°C XPLE & EPR"),INDEX('Ark4'!$A$68:$A$86,MATCH($C$23,'Ark4'!AB68:AB86,-1),'Ark4'!$A$2)))))))) -> FALSE | K89: =IF(AND(L10="E",$B$2="AL 3 belastede leder",$B$3="70°C PVC"),INDEX('Ark4'!$A$68:$A$86,MATCH($C$23,'Ark4'!K68:K86,-1),'Ark4'!$A$2),IF(AND(M10="F",$B$2="AL 3 belastede leder",$B$3="70°C PVC"),INDEX('Ark4'!$A$68:$A$86,MATCH($C$23,'Ark4'!L68:L86,-1),'Ark4'!$A$2),IF(AND(T10="E",$B$2="AL 2 belastede leder",$B$3="90°C XPLE & EPR"),INDEX('Ark4'!$A$68:$A$86,MATCH($C$23,'Ark4'!S68:S86,-1),'Ark4'!$A$2),IF(AND(U10="F",$B$2="AL 2 belastede leder",$B$3="90°C XPLE & EPR"),INDEX('Ark4'!$A$68:$A$86,MATCH($C$23,'Ark4'!T68:T86,-1),'Ark4'!$A$2),IF(AND(AB10="E",$B$2="AL 3 belastede leder",$B$3="90°C XPLE & EPR"),INDEX('Ark4'!$A$68:$A$86,MATCH($C$23,'Ark4'!AA68:AA86,-1),'Ark4'!$A$2),IF(AND(AC10="F",$B$2="AL 3 belastede leder",$B$3="90°C XPLE & EPR"),INDEX('Ark4'!$A$68:$A$86,MATCH($C$23,'Ark4'!AB68:AB86,-1),'Ark4'!$A$2))))))) -> FALSE | L89: =IF(AND(M10="F",$B$2="AL 3 belastede leder",$B$3="70°C PVC"),INDEX('Ark4'!$A$68:$A$86,MATCH($C$23,'Ark4'!L68:L86,-1),'Ark4'!$A$2),IF(AND(T10="E",$B$2="AL 2 belastede leder",$B$3="90°C XPLE & EPR"),INDEX('Ark4'!$A$68:$A$86,MATCH($C$23,'Ark4'!S68:S86,-1),'Ark4'!$A$2),IF(AND(U10="F",$B$2="AL 2 belastede leder",$B$3="90°C XPLE & EPR"),INDEX('Ark4'!$A$68:$A$86,MATCH($C$23,'Ark4'!T68:T86,-1),'Ark4'!$A$2),IF(AND(AB10="E",$B$2="AL 3 belastede leder",$B$3="90°C XPLE & EPR"),INDEX('Ark4'!$A$68:$A$86,MATCH($C$23,'Ark4'!AA68:AA86,-1),'Ark4'!$A$2),IF(AND(AC10="F",$B$2="AL 3 belastede leder",$B$3="90°C XPLE & EPR"),INDEX('Ark4'!$A$68:$A$86,MATCH($C$23,'Ark4'!AB68:AB86,-1),'Ark4'!$A$2)))))) -> FALSE | S89: =IF(AND(T10="E",$B$2="AL 2 belastede leder",$B$3="90°C XPLE & EPR"),INDEX('Ark4'!$A$68:$A$86,MATCH($C$23,'Ark4'!S68:S86,-1),'Ark4'!$A$2),IF(AND(U10="F",$B$2="AL 2 belastede leder",$B$3="90°C XPLE & EPR"),INDEX('Ark4'!$A$68:$A$86,MATCH($C$23,'Ark4'!T68:T86,-1),'Ark4'!$A$2),IF(AND(AB10="E",$B$2="AL 3 belastede leder",$B$3="90°C XPLE & EPR"),INDEX('Ark4'!$A$68:$A$86,MATCH($C$23,'Ark4'!AA68:AA86,-1),'Ark4'!$A$2),IF(AND(AC10="F",$B$2="AL 3 belastede leder",$B$3="90°C XPLE & EPR"),INDEX('Ark4'!$A$68:$A$86,MATCH($C$23,'Ark4'!AB68:AB86,-1),'Ark4'!$A$2))))) -> FALSE | T89: =IF(AND(U10="F",$B$2="AL 2 belastede leder",$B$3="90°C XPLE & EPR"),INDEX('Ark4'!$A$68:$A$86,MATCH($C$23,'Ark4'!T68:T86,-1),'Ark4'!$A$2),IF(AND(AB10="E",$B$2="AL 3 belastede leder",$B$3="90°C XPLE & EPR"),INDEX('Ark4'!$A$68:$A$86,MATCH($C$23,'Ark4'!AA68:AA86,-1),'Ark4'!$A$2),IF(AND(AC10="F",$B$2="AL 3 belastede leder",$B$3="90°C XPLE & EPR"),INDEX('Ark4'!$A$68:$A$86,MATCH($C$23,'Ark4'!AB68:AB86,-1),'Ark4'!$A$2)))) -> FALSE | AA89: =IF(AND(AB10="E",$B$2="AL 3 belastede leder",$B$3="90°C XPLE & EPR"),INDEX('Ark4'!$A$68:$A$86,MATCH($C$23,'Ark4'!AA68:AA86,-1),'Ark4'!$A$2),IF(AND(AC10="F",$B$2="AL 3 belastede leder",$B$3="90°C XPLE & EPR"),INDEX('Ark4'!$A$68:$A$86,MATCH($C$23,'Ark4'!AB68:AB86,-1),'Ark4'!$A$2))) -> FALSE | AB89: =IF(AND(AC10="F",$B$2="AL 3 belastede leder",$B$3="90°C XPLE & EPR"),INDEX('Ark4'!$A$68:$A$86,MATCH($C$23,'Ark4'!AB68:AB86,-1),'Ark4'!$A$2)) -> FALSE
B91: =INDEX('Ark4'!$A$47:$A$65,MATCH($AC$91,'Ark4'!$B$47:$B$65,-1),'Ark4'!$A$2) -> 1.5 | C91: =INDEX('Ark4'!$A$47:$A$65,MATCH($AC$91,'Ark4'!$C$47:$C$65,-1),'Ark4'!$A$2) -> 25 | K91: =INDEX('Ark4'!$A$47:$A$65,MATCH($AC$91,'Ark4'!$K$47:$K$65,-1),'Ark4'!$A$2) -> 1.5 | L91: =INDEX('Ark4'!$A$47:$A$65,MATCH($AC$91,'Ark4'!$L$47:$L$65,-1),'Ark4'!$A$2) -> 25 | S91: =INDEX('Ark4'!$A$47:$A$65,MATCH($AC$91,'Ark4'!$S$47:$S$65,-1),'Ark4'!$A$2) -> 2.5 | T91: =INDEX('Ark4'!$A$47:$A$65,MATCH($AC$91,'Ark4'!$T$47:$T$65,-1),'Ark4'!$A$2) -> 25 | AA91: =INDEX('Ark4'!$A$47:$A$65,MATCH($AC$91,'Ark4'!$AA$47:$AA$65,-1),'Ark4'!$A$2) -> 1.5 | AB91: =INDEX('Ark4'!$A$47:$A$65,MATCH($AC$91,'Ark4'!$AB$47:$AB$65,-1),'Ark4'!$A$2) -> 25 | AC91: 20
B92: =INDEX('Ark4'!$A$68:$A$86,MATCH(AC91,'Ark4'!$B$68:$B$86,-1),'Ark4'!$A$2) -> 2.5 | C92: =INDEX('Ark4'!$A$68:$A$86,MATCH(AC91,'Ark4'!$C$68:$C$86,-1),'Ark4'!$A$2) -> 25 | K92: =INDEX('Ark4'!$A$68:$A$86,MATCH(AC91,'Ark4'!$K$68:$K$86,-1),'Ark4'!$A$2) -> 2.5 | L92: =INDEX('Ark4'!$A$68:$A$86,MATCH(M91,'Ark4'!$L$68:$L$86,-1),'Ark4'!$A$2) -> 25 | S92: =INDEX('Ark4'!$A$68:$A$86,MATCH(AC91,'Ark4'!$S$68:$S$86,-1),'Ark4'!$A$2) -> 4 | T92: =INDEX('Ark4'!$A$68:$A$86,MATCH(AC91,'Ark4'!$T$68:$T$86,-1),'Ark4'!$A$2) -> 25 | AA92: =INDEX('Ark4'!$A$68:$A$86,MATCH(AC91,'Ark4'!$AA$68:$AA$86,-1),'Ark4'!$A$2) -> 2.5 | AB92: =INDEX('Ark4'!$A$68:$A$86,MATCH(AC91,'Ark4'!$AB$68:$AB$86,-1),'Ark4'!$A$2) -> 25
