Workbook
Name kabel: Kabel!$C$5:$C$74
Name kabeltilledning: 'Kabel gummi'!$C$5:$C$53
Name kabelvalg: Transformer!#REF!
Name kabelvalg: Transformer!#REF!
Name kabelvalg: Transformer!#REF!
Name kabelvalg2: 'udregning 2'!$A$2:$A$21
Name kabelvalg3: 'udregning 2'!$A$2:$A$21

Sheet LX
A1: NOIKLX

Sheet Transformer
A7: Beregning af Z̅N
A8: SKN | D8: 150 | F8: MVA
A9: R/X | D9: 0.3
A10: UN | D10: 400 | F10: V
A11: ZN | B11: = | D11: UN² | G11: => | K11: =D10 -> 400 | M11: ² | T11: = | U11: =IF(D8="","",IF(D8>0,ROUND(D10^2/(D8*10^6),4))) -> 0.0011
D12: SKN | K12: =IF(D8="","",D8) -> 150 | L12: * | M12: 10 | N12: 6
A13: ϕN | B13: = | D13: =IF(A9=AE14,"tan-1",IF(A9=AE15,"cos-1")) -> tan-1 | E13: ( | F13: =IF(A9=AE14,1,IF(A9=AE15,"cosϕ")) -> 1 | G13: ) | I13: => | K13: =IF($A$9=$AE$14,"tan-1",IF($A$9=$AE$15,"cos-1")) -> tan-1 | M13: ( | O13: =IF($A$9=$AE$14,1,IF($A$9=$AE$15,D9)) -> 1 | P13: ) | T13: = | U13: =IF(D9="","",IF(D9>0,(IF(A9=AE14,(DEGREES(ATAN((1/D9)))),IF(A9=AE15,(DEGREES(ACOS(D9)))))))) -> 73.300756
F14: =IF(A9=AE14,"R/X",IF(A9=AE15,1)) -> R/X | O14: =IF(D9="","",IF(A9=AE14,D9,IF(A9=AE15,1))) -> 0.3 | AE14: R/X
A15: Z̅N | O15: =IF(D8="","",IF(D8>0,U11,)) -> 0.0011 | T15: Ð | U15: =U13 -> 73.300756 | AE15: cosϕ
A17: Beregning af transformer Z̅T
A18: S1/1 | D18: 630 | F18: kVA | AD18: =(IF($A$20="PCU",1)+IF($A$20="er",2)) -> 2 | AE18: =(IF($A$20="PCU",1)+IF($A$20="er",2)) -> 2 | AG18: RT | AH18: ZT
A19: ek | D19: 5 | F19: % | AD19: 1 | AE19: PCU | AF19: 23 | AG19: er | AH19: ek
A20: er | D20: 4 | F20: =IF(A20="PCU","W",IF(A20="er","%",)) -> % | AD20: 2 | AE20: er | AF20: 224
A21: UT | D21: 420 | F21: V
A22: ZT | B22: = | D22: ek * U²T | I22: => | K22: =IF(D19="","",D19) -> 5 | M22: * | O22: =IF(D21="","",D21) -> 420 | P22: ² | T22: = | U22: =IF(D18="","",ROUND((D19*D21^2)/(100*D18*10^3),4)) -> 0.014
D23: 100 * S1/1 | K23: 100 | M23: * | N23: ( | O23: =IF(D18="","",D18) -> 630 | P23: *103 )
A24: RT | B24: = | D24: PCU * U²T | I24: => | K24: =IF(D20="","",D20) -> 4 | M24: * | O24: =IF(D21="","",D21) -> 420 | P24: ² | T24: = | U24: =IF(D18="","",ROUND((D20*D21^2)/(D18*10^3)^2,4)) -> 0
D25: S²1/1 | J25: ( | K25: =IF(D18="","",IF(D18>0,D18)) -> 630 | M25: *103 )2
A26: ϕT | B26: = | D26: cos-1 | E26: ( | F26: =IF(A20="PCU","RT",IF(A20="er","er",)) -> er | G26: ) | I26: cos-1 | K26: ( | L26: =IF(D19="","",IF(F26=A24,U24,IF(F26=A20,D20,))) -> 4 | P26: ) | T26: = | U26: =IF(D20="","",ROUND(DEGREES(ACOS(L26/L27)),2)) -> 36.87
F27: =IF(A20="PCU","ZT",IF(A20="er","ek",)) -> ek | L27: =IF(D19="","",IF(F27=A22,U22,IF(F27=A19,D19,))) -> 5
A28: Z̅T | M28: = | O28: =U22 -> 0.014 | T28: Ð | U28: =U26 -> 36.87
A30: Kortslutningsstrøm på transformers sekundær klemmer
A32: IKmax3F | B32: = | E32: UN
D33: √3 | E33: * | F33: ( Z̅N + Z̅T)
A35: IKmax3F | B35: = | D35: =D10 -> 400 | V35: = | W35: =IF(O15="","",IF(O15>0,ROUND((D35/(SQRT(3)*A81))*10^-3,2))) -> 15.5
D36: √3 | E36: * | F36: =O15 -> 0.0011 | H36: Ð | I36: =U15 -> 73.300756 | L36: + | M36: =O28 -> 0.014 | P36: Ð | Q36: =U28 -> 36.87
A38: IKFPE(N) | B38: = | C38: IKmax3F
A40: IK2F | B40: = | D40: √3 | E40: * | F40: IKmax3F | G40: <=> | I40: √3 | K40: * | L40: =W35 -> 15.5 | V40: = | W40: =IF(W35="","",IF(W35>0,(SQRT(3)/2)*W35)) -> 13.423394
D41: 2 | I41: 2
A45: Hvis der ikke er nogen transformerdata kan der bruges disse værdier IKmax 16kA cosϕ 0,3 Ikmin = 5 gange stikledningenssikringens mærkestrøm
A49: Beregning af Z̅Nmax ved oplyst IKmax
A50: IKmax | D50: 16 | E50: kA
A51: UN | D51: 400 | E51: V
A52: cosϕ | D52: 0.3
A54: Z̅max | B54: = | D54: UN | G54: Ð | H54: cos-1ϕ
D55: √3 * IKmax * 103
D57: 400 | I57: Ð cos-1 | K57: =IF(D52="","",D52) -> 0.3 | L57: =
D58: √3 x | E58: =D50 -> 16 | G58: x 103
A59: Z̅Nmax | C59: =(IF(D50="","",(D51/(D50*10^3*SQRT(3))))) -> 0.014433757 | E59: =IF(D50="","",IF(D50>0,AJ66,)) -> Ð | F59: =IF(D52="","",ROUND(DEGREES(ACOS(D52)),4)) -> 72.5424
A62: Beregning af Z̅Nmin ved oplyst IKmin
A63: Sikring | D63: 250 | E63: A
A64: IKmin | D64: =(D63*5)/1000 -> 1.25 | E64: kA
A65: UN | D65: 400 | E65: V
A66: cosϕ | D66: 0.9 | AJ66: Ð
A68: Z̅min | B68: = | D68: UN | G68: Ð | H68: cos-1ϕ
D69: √3 * IKmin * 103
D71: 400 | I71: Ð cos-1 | K71: =IF(D66="","",D66) -> 0.9 | L71: =
D72: √3* | E72: =D64 -> 1.25 | G72: * 103
A73: Z̅Nmin | C73: =IF(D64="","",ROUND(D65/(D64*10^3*SQRT(3)),4)) -> 0.1848 | E73: =IF(D64="","",IF(D64>0,AJ66,)) -> Ð | F73: =IF(D66="","",ROUND(DEGREES(ACOS(D66)),4)) -> 25.8419
A77: Z | D77: V | F77: Rad | I77: cos | M77: sin
A78: =O15 -> 0.0011 | D78: =U15 -> 73.300756 | F78: =RADIANS(180+D78) -> 4.4209322 | I78: =A78*COS(F78) -> -0.00031608267 | M78: =A78*SIN(F78) -> -0.0010536089
A79: =O28 -> 0.014 | D79: =U28 -> 36.87 | F79: =RADIANS(180+D79) -> 3.7850955 | I79: =A79*COS(F79) -> -0.011199985 | M79: =A79*SIN(F79) -> -0.00840002
A81: =SQRT(SUM(I78:K79)^2+SUM(M78:O79)^2) -> 0.01489936 | D81: =DEGREES(ATAN(SUM(M78:O79)/SUM(I78:K79))) -> 39.382837

Sheet KabelData
U1: CU 1
A2: Kabel 1 | E2: Kabel 2 | I2: Kabel 3 | M2: Kabel 4 | Q2: Kabel 5 | U2: 0.75 | V2: 1 | W2: 1 | X2: 2
A3: Navn | B3: -W1 | F3: -W2 | J3: -W3 | N3: -W4 | R3: -E5 | U3: 1 | V3: 3 | W3: 4 | X3: 3
A4: Materiale | B4: CU | F4: CU | J4: CU | N4: CU | R4: CU | U4: 1.5 | V4: 4 | W4: 5 | X4: 4
A5: Antal ledere | B5: 4 | F5: 4 | J5: 5 | N5: 3 | U5: 2.5 | V5: 5 | X5: 5
A6: Kvadrat (mm²) | B6: 50 | F6: 16 | J6: 6 | N6: 1.5 | U6: 4
A7: Længde (m) | B7: 15 | E7: m | F7: 20 | I7: m | J7: 20 | M7: m | N7: 18 | Q7: m | U7: 6
A8: Paralle (n) | B8: 1 | E8: n | F8: 1 | I8: n | J8: 1 | M8: n | N8: 1 | Q8: n | R8: 1 | U8: 10
A9: I̅ B | B9: 121 | C9: Ð- | D9: 90 | F9: 50 | G9: Ð- | H9: 90 | J9: 26 | K9: Ð- | L9: 90 | N9: 10 | O9: Ð- | P9: 90 | S9: Ð- | U9: 16
A10: Z20° | B10: =IF(B6="","",IF(B6>0,IF(KabelData!$B$4="CU",(IF(KabelData!$B$5=1,VLOOKUP(KabelData!$B$6,Kabel!$C$49:$G$63,4,FALSE))+IF(KabelData!$B$5=3,VLOOKUP(KabelData!$B$6,Kabel!$C$5:$G$12,4,FALSE))+IF(KabelData!$B$5=4,VLOOKUP(KabelData!$B$6,Kabel!$C$13:$G$27,4,FALSE))+IF(KabelData!B5=5,VLOOKUP(KabelData!$B$6,Kabel!$C$28:$G$35,4,FALSE))))+IF(KabelData!$B$4="AL",(IF(KabelData!$B$5=1,VLOOKUP(KabelData!$B$6,Kabel!$C$64:$G$74,4,FALSE))+IF(KabelData!$B$5=4,VLOOKUP(KabelData!$B$6,Kabel!$C$36:$G$46,4,FALSE))+IF(KabelData!$B$5=5,VLOOKUP(KabelData!$B$6,Kabel!$C$47:$G$48,4,FALSE))))+IF(KabelData!$B$4="Tilledning",(IF(KabelData!$B$5=2,VLOOKUP(KabelData!$B$6,Kabel!$C$83:$G$86,4,FALSE))+IF(KabelData!$B$5=3,VLOOKUP(KabelData!$B$6,Kabel!$C$87:$G$96,4,FALSE))+IF(KabelData!$B$5=4,VLOOKUP(KabelData!$B$6,Kabel!$C$97:$G$114,4,FALSE))+IF(KabelData!$B$5=5,VLOOKUP(KabelData!$B$6,Kabel!$C$115:$G$123,4,FALSE)))))) -> 0.39698866 | E10: Z20° | F10: =IF(F6="","",IF(KabelData!F4="CU",(IF(KabelData!F5=1,VLOOKUP(KabelData!F6,Kabel!$C$49:$G$63,4,FALSE))+IF(KabelData!F5=3,VLOOKUP(KabelData!F6,Kabel!$C$5:$G$12,4,FALSE))+IF(KabelData!F5=4,VLOOKUP(KabelData!F6,Kabel!$C$13:$G$27,4,FALSE))+IF(KabelData!F5=5,VLOOKUP(KabelData!F6,Kabel!$C$28:$G$35,4,FALSE))))+IF(KabelData!F4="AL",(IF(KabelData!F5=1,VLOOKUP(KabelData!F6,Kabel!$C$64:$G$74,4,FALSE))+IF(KabelData!F5=4,VLOOKUP(KabelData!F6,Kabel!$C$36:$G$46,4,FALSE))+IF(KabelData!F5=5,VLOOKUP(KabelData!F6,Kabel!$C$47:$G$48,4,FALSE))))+IF(KabelData!F4="Tilledning",(IF(KabelData!F5=2,VLOOKUP(KabelData!F6,Kabel!$C$83:$G$86,4,FALSE))+IF(KabelData!F5=3,VLOOKUP(KabelData!F6,Kabel!$C$87:$G$96,4,FALSE))+IF(KabelData!F5=4,VLOOKUP(KabelData!F6,Kabel!$C$97:$G$114,4,FALSE))+IF(KabelData!F5=5,VLOOKUP(KabelData!F6,Kabel!$C$115:$G$123,4,FALSE))))) -> 1.153137 | I10: Z20° | J10: =IF(J6="","",IF(KabelData!J4="CU",(IF(KabelData!J5=1,VLOOKUP(KabelData!J6,Kabel!$C$49:$G$63,4,FALSE))+IF(KabelData!J5=3,VLOOKUP(KabelData!J6,Kabel!$C$5:$G$12,4,FALSE))+IF(KabelData!J5=4,VLOOKUP(KabelData!J6,Kabel!$C$13:$G$27,4,FALSE))+IF(KabelData!J5=5,VLOOKUP(KabelData!J6,Kabel!$C$28:$G$35,4,FALSE))))+IF(KabelData!J4="AL",(IF(KabelData!J5=1,VLOOKUP(KabelData!J6,Kabel!$C$64:$G$74,4,FALSE))+IF(KabelData!J5=4,VLOOKUP(KabelData!J6,Kabel!$C$36:$G$46,4,FALSE))+IF(KabelData!J5=5,VLOOKUP(KabelData!J6,Kabel!$C$47:$G$48,4,FALSE))))+IF(KabelData!J4="Tilledning",(IF(KabelData!J5=2,VLOOKUP(KabelData!J6,Kabel!$C$83:$G$86,4,FALSE))+IF(KabelData!J5=3,VLOOKUP(KabelData!J6,Kabel!$C$87:$G$96,4,FALSE))+IF(KabelData!J5=4,VLOOKUP(KabelData!J6,Kabel!$C$97:$G$114,4,FALSE))+IF(KabelData!J5=5,VLOOKUP(KabelData!J6,Kabel!$C$115:$G$123,4,FALSE))))) -> 3.0815271 | M10: Z20° | N10: =IF(N6="","",IF(KabelData!N4="CU",(IF(KabelData!N5=1,VLOOKUP(KabelData!N6,Kabel!$C$49:$G$63,4,FALSE))+IF(KabelData!N5=3,VLOOKUP(KabelData!N6,Kabel!$C$5:$G$12,4,FALSE))+IF(KabelData!N5=4,VLOOKUP(KabelData!N6,Kabel!$C$13:$G$27,4,FALSE))+IF(KabelData!N5=5,VLOOKUP(KabelData!N6,Kabel!$C$28:$G$35,4,FALSE))))+IF(KabelData!N4="AL",(IF(KabelData!N5=1,VLOOKUP(KabelData!N6,Kabel!$C$64:$G$74,4,FALSE))+IF(KabelData!N5=4,VLOOKUP(KabelData!N6,Kabel!$C$36:$G$46,4,FALSE))+IF(KabelData!N5=5,VLOOKUP(KabelData!N6,Kabel!$C$47:$G$48,4,FALSE))))+IF(KabelData!N4="Tilledning",(IF(KabelData!N5=2,VLOOKUP(KabelData!N6,Kabel!$C$83:$G$86,4,FALSE))+IF(KabelData!N5=3,VLOOKUP(KabelData!N6,Kabel!$C$87:$G$96,4,FALSE))+IF(KabelData!N5=4,VLOOKUP(KabelData!N6,Kabel!$C$97:$G$114,4,FALSE))+IF(KabelData!N5=5,VLOOKUP(KabelData!N6,Kabel!$C$115:$G$123,4,FALSE))))) -> 12.100438 | Q10: Z20° | R10: =IF(R6="","",IF(KabelData!R4="CU",(IF(KabelData!R5=1,VLOOKUP(KabelData!R6,Kabel!$C$49:$G$63,4,FALSE))+IF(KabelData!R5=3,VLOOKUP(KabelData!R6,Kabel!$C$5:$G$12,4,FALSE))+IF(KabelData!R5=4,VLOOKUP(KabelData!R6,Kabel!$C$13:$G$27,4,FALSE))+IF(KabelData!R5=5,VLOOKUP(KabelData!R6,Kabel!$C$28:$G$35,4,FALSE))))+IF(KabelData!R4="AL",(IF(KabelData!R5=1,VLOOKUP(KabelData!R6,Kabel!$C$64:$G$74,4,FALSE))+IF(KabelData!R5=4,VLOOKUP(KabelData!R6,Kabel!$C$36:$G$46,4,FALSE))+IF(KabelData!R5=5,VLOOKUP(KabelData!R6,Kabel!$C$47:$G$48,4,FALSE))))+IF(KabelData!R4="Tilledning",(IF(KabelData!R5=2,VLOOKUP(KabelData!R6,Kabel!$C$83:$G$86,4,FALSE))+IF(KabelData!R5=3,VLOOKUP(KabelData!R6,Kabel!$C$87:$G$96,4,FALSE))+IF(KabelData!R5=4,VLOOKUP(KabelData!R6,Kabel!$C$97:$G$114,4,FALSE))+IF(KabelData!R5=5,VLOOKUP(KabelData!R6,Kabel!$C$115:$G$123,4,FALSE))))) | U10: 25
A11: Ð 20° | B11: =IF(B6="","",IF(KabelData!B4="CU",(IF(KabelData!B5=1,VLOOKUP(KabelData!B6,Kabel!$C$49:$G$63,5,FALSE))+IF(KabelData!B5=3,VLOOKUP(KabelData!B6,Kabel!$C$5:$G$12,5,FALSE))+IF(KabelData!B5=4,VLOOKUP(KabelData!B6,Kabel!$C$13:$G$27,5,FALSE))+IF(KabelData!B5=5,VLOOKUP(KabelData!B6,Kabel!$C$28:$G$35,5,FALSE))))+IF(KabelData!B4="AL",(IF(KabelData!B5=1,VLOOKUP(KabelData!B6,Kabel!$C$64:$G$74,5,FALSE))+IF(KabelData!B5=4,VLOOKUP(KabelData!B6,Kabel!$C$36:$G$46,5,FALSE))+IF(KabelData!B5=5,VLOOKUP(KabelData!B6,Kabel!$C$47:$G$48,5,FALSE))))+IF(KabelData!B4="Tilledning",(IF(KabelData!B5=2,VLOOKUP(KabelData!B6,Kabel!$C$83:$G$86,5,FALSE))+IF(KabelData!B5=3,VLOOKUP(KabelData!B6,Kabel!$C$87:$G$96,5,FALSE))+IF(KabelData!B5=4,VLOOKUP(KabelData!B6,Kabel!$C$97:$G$114,5,FALSE))+IF(KabelData!B5=5,VLOOKUP(KabelData!B6,Kabel!$C$115:$G$123,5,FALSE))))) -> 12.215719 | E11: Ð 20° | F11: =IF(F6="","",IF(KabelData!F4="CU",(IF(KabelData!F5=1,VLOOKUP(KabelData!F6,Kabel!$C$49:$G$63,5,FALSE))+IF(KabelData!F5=3,VLOOKUP(KabelData!F6,Kabel!$C$5:$G$12,5,FALSE))+IF(KabelData!F5=4,VLOOKUP(KabelData!F6,Kabel!$C$13:$G$27,5,FALSE))+IF(KabelData!F5=5,VLOOKUP(KabelData!F6,Kabel!$C$28:$G$35,5,FALSE))))+IF(KabelData!F4="AL",(IF(KabelData!F5=1,VLOOKUP(KabelData!F6,Kabel!$C$64:$G$74,5,FALSE))+IF(KabelData!F5=4,VLOOKUP(KabelData!F6,Kabel!$C$36:$G$46,5,FALSE))+IF(KabelData!F5=5,VLOOKUP(KabelData!F6,Kabel!$C$47:$G$48,5,FALSE))))+IF(KabelData!F4="Tilledning",(IF(KabelData!F5=2,VLOOKUP(KabelData!F6,Kabel!$C$83:$G$86,5,FALSE))+IF(KabelData!F5=3,VLOOKUP(KabelData!F6,Kabel!$C$87:$G$96,5,FALSE))+IF(KabelData!F5=4,VLOOKUP(KabelData!F6,Kabel!$C$97:$G$114,5,FALSE))+IF(KabelData!F5=5,VLOOKUP(KabelData!F6,Kabel!$C$115:$G$123,5,FALSE))))) -> 4.2272187 | I11: Ð 20° | J11: =IF(J6="","",IF(KabelData!J4="CU",(IF(KabelData!J5=1,VLOOKUP(KabelData!J6,Kabel!$C$49:$G$63,5,FALSE))+IF(KabelData!J5=3,VLOOKUP(KabelData!J6,Kabel!$C$5:$G$12,5,FALSE))+IF(KabelData!J5=4,VLOOKUP(KabelData!J6,Kabel!$C$13:$G$27,5,FALSE))+IF(KabelData!J5=5,VLOOKUP(KabelData!J6,Kabel!$C$28:$G$35,5,FALSE))))+IF(KabelData!J4="AL",(IF(KabelData!J5=1,VLOOKUP(KabelData!J6,Kabel!$C$64:$G$74,5,FALSE))+IF(KabelData!J5=4,VLOOKUP(KabelData!J6,Kabel!$C$36:$G$46,5,FALSE))+IF(KabelData!J5=5,VLOOKUP(KabelData!J6,Kabel!$C$47:$G$48,5,FALSE))))+IF(KabelData!J4="Tilledning",(IF(KabelData!J5=2,VLOOKUP(KabelData!J6,Kabel!$C$83:$G$86,5,FALSE))+IF(KabelData!J5=3,VLOOKUP(KabelData!J6,Kabel!$C$87:$G$96,5,FALSE))+IF(KabelData!J5=4,VLOOKUP(KabelData!J6,Kabel!$C$97:$G$114,5,FALSE))+IF(KabelData!J5=5,VLOOKUP(KabelData!J6,Kabel!$C$115:$G$123,5,FALSE))))) -> 1.8038488 | M11: Ð 20° | N11: =IF(N6="","",IF(KabelData!N4="CU",(IF(KabelData!N5=1,VLOOKUP(KabelData!N6,Kabel!$C$49:$G$63,5,FALSE))+IF(KabelData!N5=3,VLOOKUP(KabelData!N6,Kabel!$C$5:$G$12,5,FALSE))+IF(KabelData!N5=4,VLOOKUP(KabelData!N6,Kabel!$C$13:$G$27,5,FALSE))+IF(KabelData!N5=5,VLOOKUP(KabelData!N6,Kabel!$C$28:$G$35,5,FALSE))))+IF(KabelData!N4="AL",(IF(KabelData!N5=1,VLOOKUP(KabelData!N6,Kabel!$C$64:$G$74,5,FALSE))+IF(KabelData!N5=4,VLOOKUP(KabelData!N6,Kabel!$C$36:$G$46,5,FALSE))+IF(KabelData!N5=5,VLOOKUP(KabelData!N6,Kabel!$C$47:$G$48,5,FALSE))))+IF(KabelData!N4="Tilledning",(IF(KabelData!N5=2,VLOOKUP(KabelData!N6,Kabel!$C$83:$G$86,5,FALSE))+IF(KabelData!N5=3,VLOOKUP(KabelData!N6,Kabel!$C$87:$G$96,5,FALSE))+IF(KabelData!N5=4,VLOOKUP(KabelData!N6,Kabel!$C$97:$G$114,5,FALSE))+IF(KabelData!N5=5,VLOOKUP(KabelData!N6,Kabel!$C$115:$G$123,5,FALSE))))) -> 0.48771262 | Q11: Ð 20° | R11: =IF(R6="","",IF(KabelData!R4="CU",(IF(KabelData!R5=1,VLOOKUP(KabelData!R6,Kabel!$C$49:$G$63,5,FALSE))+IF(KabelData!R5=3,VLOOKUP(KabelData!R6,Kabel!$C$5:$G$12,5,FALSE))+IF(KabelData!R5=4,VLOOKUP(KabelData!R6,Kabel!$C$13:$G$27,5,FALSE))+IF(KabelData!R5=5,VLOOKUP(KabelData!R6,Kabel!$C$28:$G$35,5,FALSE))))+IF(KabelData!R4="AL",(IF(KabelData!R5=1,VLOOKUP(KabelData!R6,Kabel!$C$64:$G$74,5,FALSE))+IF(KabelData!R5=4,VLOOKUP(KabelData!R6,Kabel!$C$36:$G$46,5,FALSE))+IF(KabelData!R5=5,VLOOKUP(KabelData!R6,Kabel!$C$47:$G$48,5,FALSE))))+IF(KabelData!R4="Tilledning",(IF(KabelData!R5=2,VLOOKUP(KabelData!R6,Kabel!$C$83:$G$86,5,FALSE))+IF(KabelData!R5=3,VLOOKUP(KabelData!R6,Kabel!$C$87:$G$96,5,FALSE))+IF(KabelData!R5=4,VLOOKUP(KabelData!R6,Kabel!$C$97:$G$114,5,FALSE))+IF(KabelData!R5=5,VLOOKUP(KabelData!R6,Kabel!$C$115:$G$123,5,FALSE))))) | U11: 35
A12: R | B12: =IF(B6="","",IF(KabelData!B4="CU",(IF(KabelData!B5=1,VLOOKUP(KabelData!B6,Kabel!$C$49:$G$63,2,FALSE))+IF(KabelData!B5=3,VLOOKUP(KabelData!B6,Kabel!$C$5:$G$12,2,FALSE))+IF(KabelData!B5=4,VLOOKUP(KabelData!B6,Kabel!$C$13:$G$27,2,FALSE))+IF(KabelData!B5=5,VLOOKUP(KabelData!B6,Kabel!$C$28:$G$35,2,FALSE))))+IF(KabelData!B4="AL",(IF(KabelData!B5=1,VLOOKUP(KabelData!B6,Kabel!$C$64:$G$74,2,FALSE))+IF(KabelData!B5=4,VLOOKUP(KabelData!B6,Kabel!$C$36:$G$46,2,FALSE))+IF(KabelData!B5=5,VLOOKUP(KabelData!B6,Kabel!$C$47:$G$48,2,FALSE))))+IF(KabelData!B4="Tilledning",(IF(KabelData!B5=2,VLOOKUP(KabelData!B6,Kabel!$C$83:$G$86,2,FALSE))+IF(KabelData!B5=3,VLOOKUP(KabelData!B6,Kabel!$C$87:$G$96,2,FALSE))+IF(KabelData!B5=4,VLOOKUP(KabelData!B6,Kabel!$C$97:$G$114,2,FALSE))+IF(KabelData!B5=5,VLOOKUP(KabelData!B6,Kabel!$C$115:$G$123,2,FALSE))))) -> 0.388 | E12: R | F12: =IF(F6="","",IF(KabelData!F4="CU",(IF(KabelData!F5=1,VLOOKUP(KabelData!F6,Kabel!$C$49:$G$63,2,FALSE))+IF(KabelData!F5=3,VLOOKUP(KabelData!F6,Kabel!$C$5:$G$12,2,FALSE))+IF(KabelData!F5=4,VLOOKUP(KabelData!F6,Kabel!$C$13:$G$27,2,FALSE))+IF(KabelData!F5=5,VLOOKUP(KabelData!F6,Kabel!$C$28:$G$35,2,FALSE))))+IF(KabelData!F4="AL",(IF(KabelData!F5=1,VLOOKUP(KabelData!F6,Kabel!$C$64:$G$74,2,FALSE))+IF(KabelData!F5=4,VLOOKUP(KabelData!F6,Kabel!$C$36:$G$46,2,FALSE))+IF(KabelData!F5=5,VLOOKUP(KabelData!F6,Kabel!$C$47:$G$48,2,FALSE))))+IF(KabelData!F4="Tilledning",(IF(KabelData!F5=2,VLOOKUP(KabelData!F6,Kabel!$C$83:$G$86,2,FALSE))+IF(KabelData!F5=3,VLOOKUP(KabelData!F6,Kabel!$C$87:$G$96,2,FALSE))+IF(KabelData!F5=4,VLOOKUP(KabelData!F6,Kabel!$C$97:$G$114,2,FALSE))+IF(KabelData!F5=5,VLOOKUP(KabelData!F6,Kabel!$C$115:$G$123,2,FALSE))))) -> 1.15 | I12: R | J12: =IF(J6="","",IF(KabelData!J4="CU",(IF(KabelData!J5=1,VLOOKUP(KabelData!J6,Kabel!$C$49:$G$63,2,FALSE))+IF(KabelData!J5=3,VLOOKUP(KabelData!J6,Kabel!$C$5:$G$12,2,FALSE))+IF(KabelData!J5=4,VLOOKUP(KabelData!J6,Kabel!$C$13:$G$27,2,FALSE))+IF(KabelData!J5=5,VLOOKUP(KabelData!J6,Kabel!$C$28:$G$35,2,FALSE))))+IF(KabelData!J4="AL",(IF(KabelData!J5=1,VLOOKUP(KabelData!J6,Kabel!$C$64:$G$74,2,FALSE))+IF(KabelData!J5=4,VLOOKUP(KabelData!J6,Kabel!$C$36:$G$46,2,FALSE))+IF(KabelData!J5=5,VLOOKUP(KabelData!J6,Kabel!$C$47:$G$48,2,FALSE))))+IF(KabelData!J4="Tilledning",(IF(KabelData!J5=2,VLOOKUP(KabelData!J6,Kabel!$C$83:$G$86,2,FALSE))+IF(KabelData!J5=3,VLOOKUP(KabelData!J6,Kabel!$C$87:$G$96,2,FALSE))+IF(KabelData!J5=4,VLOOKUP(KabelData!J6,Kabel!$C$97:$G$114,2,FALSE))+IF(KabelData!J5=5,VLOOKUP(KabelData!J6,Kabel!$C$115:$G$123,2,FALSE))))) -> 3.08 | M12: R | N12: =IF(N6="","",IF(KabelData!N4="CU",(IF(KabelData!N5=1,VLOOKUP(KabelData!N6,Kabel!$C$49:$G$63,2,FALSE))+IF(KabelData!N5=3,VLOOKUP(KabelData!N6,Kabel!$C$5:$G$12,2,FALSE))+IF(KabelData!N5=4,VLOOKUP(KabelData!N6,Kabel!$C$13:$G$27,2,FALSE))+IF(KabelData!N5=5,VLOOKUP(KabelData!N6,Kabel!$C$28:$G$35,2,FALSE))))+IF(KabelData!N4="AL",(IF(KabelData!N5=1,VLOOKUP(KabelData!N6,Kabel!$C$64:$G$74,2,FALSE))+IF(KabelData!N5=4,VLOOKUP(KabelData!N6,Kabel!$C$36:$G$46,2,FALSE))+IF(KabelData!N5=5,VLOOKUP(KabelData!N6,Kabel!$C$47:$G$48,2,FALSE))))+IF(KabelData!N4="Tilledning",(IF(KabelData!N5=2,VLOOKUP(KabelData!N6,Kabel!$C$83:$G$86,2,FALSE))+IF(KabelData!N5=3,VLOOKUP(KabelData!N6,Kabel!$C$87:$G$96,2,FALSE))+IF(KabelData!N5=4,VLOOKUP(KabelData!N6,Kabel!$C$97:$G$114,2,FALSE))+IF(KabelData!N5=5,VLOOKUP(KabelData!N6,Kabel!$C$115:$G$123,2,FALSE))))) -> 12.1 | Q12: R | R12: =IF(R6="","",IF(KabelData!R4="CU",(IF(KabelData!R5=1,VLOOKUP(KabelData!R6,Kabel!$C$49:$G$63,2,FALSE))+IF(KabelData!R5=3,VLOOKUP(KabelData!R6,Kabel!$C$5:$G$12,2,FALSE))+IF(KabelData!R5=4,VLOOKUP(KabelData!R6,Kabel!$C$13:$G$27,2,FALSE))+IF(KabelData!R5=5,VLOOKUP(KabelData!R6,Kabel!$C$28:$G$35,2,FALSE))))+IF(KabelData!R4="AL",(IF(KabelData!R5=1,VLOOKUP(KabelData!R6,Kabel!$C$64:$G$74,2,FALSE))+IF(KabelData!R5=4,VLOOKUP(KabelData!R6,Kabel!$C$36:$G$46,2,FALSE))+IF(KabelData!R5=5,VLOOKUP(KabelData!R6,Kabel!$C$47:$G$48,2,FALSE))))+IF(KabelData!R4="Tilledning",(IF(KabelData!R5=2,VLOOKUP(KabelData!R6,Kabel!$C$83:$G$86,2,FALSE))+IF(KabelData!R5=3,VLOOKUP(KabelData!R6,Kabel!$C$87:$G$96,2,FALSE))+IF(KabelData!R5=4,VLOOKUP(KabelData!R6,Kabel!$C$97:$G$114,2,FALSE))+IF(KabelData!R5=5,VLOOKUP(KabelData!R6,Kabel!$C$115:$G$123,2,FALSE))))) | U12: 50
A13: X | B13: =IF(B6="","",IF(KabelData!B4="CU",(IF(KabelData!B5=1,VLOOKUP(KabelData!B6,Kabel!$C$49:$G$63,3,FALSE))+IF(KabelData!B5=3,VLOOKUP(KabelData!B6,Kabel!$C$5:$G$12,3,FALSE))+IF(KabelData!B5=4,VLOOKUP(KabelData!B6,Kabel!$C$13:$G$27,3,FALSE))+IF(KabelData!B5=5,VLOOKUP(KabelData!B6,Kabel!$C$28:$G$35,3,FALSE))))+IF(KabelData!B4="AL",(IF(KabelData!B5=1,VLOOKUP(KabelData!B6,Kabel!$C$64:$G$74,3,FALSE))+IF(KabelData!B5=4,VLOOKUP(KabelData!B6,Kabel!$C$36:$G$46,3,FALSE))+IF(KabelData!B5=5,VLOOKUP(KabelData!B6,Kabel!$C$47:$G$48,3,FALSE))))+IF(KabelData!B4="Tilledning",(IF(KabelData!B5=2,VLOOKUP(KabelData!B6,Kabel!$C$83:$G$86,3,FALSE))+IF(KabelData!B5=3,VLOOKUP(KabelData!B6,Kabel!$C$87:$G$96,3,FALSE))+IF(KabelData!B5=4,VLOOKUP(KabelData!B6,Kabel!$C$97:$G$114,3,FALSE))+IF(KabelData!B5=5,VLOOKUP(KabelData!B6,Kabel!$C$115:$G$123,3,FALSE))))) -> 0.084 | E13: X | F13: =IF(F6="","",IF(KabelData!F4="CU",(IF(KabelData!F5=1,VLOOKUP(KabelData!F6,Kabel!$C$49:$G$63,3,FALSE))+IF(KabelData!F5=3,VLOOKUP(KabelData!F6,Kabel!$C$5:$G$12,3,FALSE))+IF(KabelData!F5=4,VLOOKUP(KabelData!F6,Kabel!$C$13:$G$27,3,FALSE))+IF(KabelData!F5=5,VLOOKUP(KabelData!F6,Kabel!$C$28:$G$35,3,FALSE))))+IF(KabelData!F4="AL",(IF(KabelData!F5=1,VLOOKUP(KabelData!F6,Kabel!$C$64:$G$74,3,FALSE))+IF(KabelData!F5=4,VLOOKUP(KabelData!F6,Kabel!$C$36:$G$46,3,FALSE))+IF(KabelData!F5=5,VLOOKUP(KabelData!F6,Kabel!$C$47:$G$48,3,FALSE))))+IF(KabelData!F4="Tilledning",(IF(KabelData!F5=2,VLOOKUP(KabelData!F6,Kabel!$C$83:$G$86,3,FALSE))+IF(KabelData!F5=3,VLOOKUP(KabelData!F6,Kabel!$C$87:$G$96,3,FALSE))+IF(KabelData!F5=4,VLOOKUP(KabelData!F6,Kabel!$C$97:$G$114,3,FALSE))+IF(KabelData!F5=5,VLOOKUP(KabelData!F6,Kabel!$C$115:$G$123,3,FALSE))))) -> 0.085 | I13: X | J13: =IF(J6="","",IF(KabelData!J4="CU",(IF(KabelData!J5=1,VLOOKUP(KabelData!J6,Kabel!$C$49:$G$63,3,FALSE))+IF(KabelData!J5=3,VLOOKUP(KabelData!J6,Kabel!$C$5:$G$12,3,FALSE))+IF(KabelData!J5=4,VLOOKUP(KabelData!J6,Kabel!$C$13:$G$27,3,FALSE))+IF(KabelData!J5=5,VLOOKUP(KabelData!J6,Kabel!$C$28:$G$35,3,FALSE))))+IF(KabelData!J4="AL",(IF(KabelData!J5=1,VLOOKUP(KabelData!J6,Kabel!$C$64:$G$74,3,FALSE))+IF(KabelData!J5=4,VLOOKUP(KabelData!J6,Kabel!$C$36:$G$46,3,FALSE))+IF(KabelData!J5=5,VLOOKUP(KabelData!J6,Kabel!$C$47:$G$48,3,FALSE))))+IF(KabelData!J4="Tilledning",(IF(KabelData!J5=2,VLOOKUP(KabelData!J6,Kabel!$C$83:$G$86,3,FALSE))+IF(KabelData!J5=3,VLOOKUP(KabelData!J6,Kabel!$C$87:$G$96,3,FALSE))+IF(KabelData!J5=4,VLOOKUP(KabelData!J6,Kabel!$C$97:$G$114,3,FALSE))+IF(KabelData!J5=5,VLOOKUP(KabelData!J6,Kabel!$C$115:$G$123,3,FALSE))))) -> 0.097 | M13: X | N13: =IF(N6="","",IF(KabelData!N4="CU",(IF(KabelData!N5=1,VLOOKUP(KabelData!N6,Kabel!$C$49:$G$63,3,FALSE))+IF(KabelData!N5=3,VLOOKUP(KabelData!N6,Kabel!$C$5:$G$12,3,FALSE))+IF(KabelData!N5=4,VLOOKUP(KabelData!N6,Kabel!$C$13:$G$27,3,FALSE))+IF(KabelData!N5=5,VLOOKUP(KabelData!N6,Kabel!$C$28:$G$35,3,FALSE))))+IF(KabelData!N4="AL",(IF(KabelData!N5=1,VLOOKUP(KabelData!N6,Kabel!$C$64:$G$74,3,FALSE))+IF(KabelData!N5=4,VLOOKUP(KabelData!N6,Kabel!$C$36:$G$46,3,FALSE))+IF(KabelData!N5=5,VLOOKUP(KabelData!N6,Kabel!$C$47:$G$48,3,FALSE))))+IF(KabelData!N4="Tilledning",(IF(KabelData!N5=2,VLOOKUP(KabelData!N6,Kabel!$C$83:$G$86,3,FALSE))+IF(KabelData!N5=3,VLOOKUP(KabelData!N6,Kabel!$C$87:$G$96,3,FALSE))+IF(KabelData!N5=4,VLOOKUP(KabelData!N6,Kabel!$C$97:$G$114,3,FALSE))+IF(KabelData!N5=5,VLOOKUP(KabelData!N6,Kabel!$C$115:$G$123,3,FALSE))))) -> 0.103 | Q13: X | R13: =IF(R6="","",IF(KabelData!R4="CU",(IF(KabelData!R5=1,VLOOKUP(KabelData!R6,Kabel!$C$49:$G$63,3,FALSE))+IF(KabelData!R5=3,VLOOKUP(KabelData!R6,Kabel!$C$5:$G$12,3,FALSE))+IF(KabelData!R5=4,VLOOKUP(KabelData!R6,Kabel!$C$13:$G$27,3,FALSE))+IF(KabelData!R5=5,VLOOKUP(KabelData!R6,Kabel!$C$28:$G$35,3,FALSE))))+IF(KabelData!R4="AL",(IF(KabelData!R5=1,VLOOKUP(KabelData!R6,Kabel!$C$64:$G$74,3,FALSE))+IF(KabelData!R5=4,VLOOKUP(KabelData!R6,Kabel!$C$36:$G$46,3,FALSE))+IF(KabelData!R5=5,VLOOKUP(KabelData!R6,Kabel!$C$47:$G$48,3,FALSE))))+IF(KabelData!R4="Tilledning",(IF(KabelData!R5=2,VLOOKUP(KabelData!R6,Kabel!$C$83:$G$86,3,FALSE))+IF(KabelData!R5=3,VLOOKUP(KabelData!R6,Kabel!$C$87:$G$96,3,FALSE))+IF(KabelData!R5=4,VLOOKUP(KabelData!R6,Kabel!$C$97:$G$114,3,FALSE))+IF(KabelData!R5=5,VLOOKUP(KabelData!R6,Kabel!$C$115:$G$123,3,FALSE))))) | U13: 70
A14: Z70° | B14: =IF(B6="","",IF(KabelData!B4="CU",(IF(KabelData!B5=1,VLOOKUP(KabelData!B6,Kabel!$C$49:$K$63,6,FALSE))+IF(KabelData!B5=3,VLOOKUP(KabelData!B6,Kabel!$C$5:$K$12,6,FALSE))+IF(KabelData!B5=4,VLOOKUP(KabelData!B6,Kabel!$C$13:$K$27,6,FALSE))+IF(KabelData!B5=5,VLOOKUP(KabelData!B6,Kabel!$C$28:$K$35,6,FALSE))))+IF(KabelData!B4="AL",(IF(KabelData!B5=1,VLOOKUP(KabelData!B6,Kabel!$C$64:$K$74,6,FALSE))+IF(KabelData!B5=4,VLOOKUP(KabelData!B6,Kabel!$C$36:$K$46,6,FALSE))+IF(KabelData!B5=5,VLOOKUP(KabelData!B6,Kabel!$C$47:$K$48,6,FALSE))))+IF(KabelData!B4="Tilledning",(IF(KabelData!B5=2,VLOOKUP(KabelData!B6,Kabel!$C$83:$K$86,6,FALSE))+IF(KabelData!B5=3,VLOOKUP(KabelData!B6,Kabel!$C$87:$K$96,6,FALSE))+IF(KabelData!B5=4,VLOOKUP(KabelData!B6,Kabel!$C$97:$K$114,6,FALSE))+IF(KabelData!B5=5,VLOOKUP(KabelData!B6,Kabel!$C$115:$K$123,6,FALSE))))) -> 0.58803061 | E14: Z70° | F14: =IF(F6="","",IF(KabelData!F4="CU",(IF(KabelData!F5=1,VLOOKUP(KabelData!F6,Kabel!$C$49:$K$63,6,FALSE))+IF(KabelData!F5=3,VLOOKUP(KabelData!F6,Kabel!$C$5:$K$12,6,FALSE))+IF(KabelData!F5=4,VLOOKUP(KabelData!F6,Kabel!$C$13:$K$27,6,FALSE))+IF(KabelData!F5=5,VLOOKUP(KabelData!F6,Kabel!$C$28:$K$35,6,FALSE))))+IF(KabelData!F4="AL",(IF(KabelData!F5=1,VLOOKUP(KabelData!F6,Kabel!$C$64:$K$74,6,FALSE))+IF(KabelData!F5=4,VLOOKUP(KabelData!F6,Kabel!$C$36:$K$46,6,FALSE))+IF(KabelData!F5=5,VLOOKUP(KabelData!F6,Kabel!$C$47:$K$48,6,FALSE))))+IF(KabelData!F4="Tilledning",(IF(KabelData!F5=2,VLOOKUP(KabelData!F6,Kabel!$C$83:$K$86,6,FALSE))+IF(KabelData!F5=3,VLOOKUP(KabelData!F6,Kabel!$C$87:$K$96,6,FALSE))+IF(KabelData!F5=4,VLOOKUP(KabelData!F6,Kabel!$C$97:$K$114,6,FALSE))+IF(KabelData!F5=5,VLOOKUP(KabelData!F6,Kabel!$C$115:$K$123,6,FALSE))))) -> 1.7270929 | I14: Z70° | J14: =IF(J6="","",IF(KabelData!J4="CU",(IF(KabelData!J5=1,VLOOKUP(KabelData!J6,Kabel!$C$49:$K$63,6,FALSE))+IF(KabelData!J5=3,VLOOKUP(KabelData!J6,Kabel!$C$5:$K$12,6,FALSE))+IF(KabelData!J5=4,VLOOKUP(KabelData!J6,Kabel!$C$13:$K$27,6,FALSE))+IF(KabelData!J5=5,VLOOKUP(KabelData!J6,Kabel!$C$28:$K$35,6,FALSE))))+IF(KabelData!J4="AL",(IF(KabelData!J5=1,VLOOKUP(KabelData!J6,Kabel!$C$64:$K$74,6,FALSE))+IF(KabelData!J5=4,VLOOKUP(KabelData!J6,Kabel!$C$36:$K$46,6,FALSE))+IF(KabelData!J5=5,VLOOKUP(KabelData!J6,Kabel!$C$47:$K$48,6,FALSE))))+IF(KabelData!J4="Tilledning",(IF(KabelData!J5=2,VLOOKUP(KabelData!J6,Kabel!$C$83:$K$86,6,FALSE))+IF(KabelData!J5=3,VLOOKUP(KabelData!J6,Kabel!$C$87:$K$96,6,FALSE))+IF(KabelData!J5=4,VLOOKUP(KabelData!J6,Kabel!$C$97:$K$114,6,FALSE))+IF(KabelData!J5=5,VLOOKUP(KabelData!J6,Kabel!$C$115:$K$123,6,FALSE))))) -> 4.6210182 | M14: Z70° | N14: =IF(N6="","",IF(KabelData!N4="CU",(IF(KabelData!N5=1,VLOOKUP(KabelData!N6,Kabel!$C$49:$K$63,6,FALSE))+IF(KabelData!N5=3,VLOOKUP(KabelData!N6,Kabel!$C$5:$K$12,6,FALSE))+IF(KabelData!N5=4,VLOOKUP(KabelData!N6,Kabel!$C$13:$K$27,6,FALSE))+IF(KabelData!N5=5,VLOOKUP(KabelData!N6,Kabel!$C$28:$K$35,6,FALSE))))+IF(KabelData!N4="AL",(IF(KabelData!N5=1,VLOOKUP(KabelData!N6,Kabel!$C$64:$K$74,6,FALSE))+IF(KabelData!N5=4,VLOOKUP(KabelData!N6,Kabel!$C$36:$K$46,6,FALSE))+IF(KabelData!N5=5,VLOOKUP(KabelData!N6,Kabel!$C$47:$K$48,6,FALSE))))+IF(KabelData!N4="Tilledning",(IF(KabelData!N5=2,VLOOKUP(KabelData!N6,Kabel!$C$83:$K$86,6,FALSE))+IF(KabelData!N5=3,VLOOKUP(KabelData!N6,Kabel!$C$87:$K$96,6,FALSE))+IF(KabelData!N5=4,VLOOKUP(KabelData!N6,Kabel!$C$97:$K$114,6,FALSE))+IF(KabelData!N5=5,VLOOKUP(KabelData!N6,Kabel!$C$115:$K$123,6,FALSE))))) -> 18.150292 | Q14: Z70° | R14: =IF(R6="","",IF(KabelData!R4="CU",(IF(KabelData!R5=1,VLOOKUP(KabelData!R6,Kabel!$C$49:$K$63,6,FALSE))+IF(KabelData!R5=3,VLOOKUP(KabelData!R6,Kabel!$C$5:$K$12,6,FALSE))+IF(KabelData!R5=4,VLOOKUP(KabelData!R6,Kabel!$C$13:$K$27,6,FALSE))+IF(KabelData!R5=5,VLOOKUP(KabelData!R6,Kabel!$C$28:$K$35,6,FALSE))))+IF(KabelData!R4="AL",(IF(KabelData!R5=1,VLOOKUP(KabelData!R6,Kabel!$C$64:$K$74,6,FALSE))+IF(KabelData!R5=4,VLOOKUP(KabelData!R6,Kabel!$C$36:$K$46,6,FALSE))+IF(KabelData!R5=5,VLOOKUP(KabelData!R6,Kabel!$C$47:$K$48,6,FALSE))))+IF(KabelData!R4="Tilledning",(IF(KabelData!R5=2,VLOOKUP(KabelData!R6,Kabel!$C$83:$K$86,6,FALSE))+IF(KabelData!R5=3,VLOOKUP(KabelData!R6,Kabel!$C$87:$K$96,6,FALSE))+IF(KabelData!R5=4,VLOOKUP(KabelData!R6,Kabel!$C$97:$K$114,6,FALSE))+IF(KabelData!R5=5,VLOOKUP(KabelData!R6,Kabel!$C$115:$K$123,6,FALSE))))) | U14: 95
A15: Ð 70° | B15: =IF(B6="","",IF(KabelData!B4="CU",(IF(KabelData!B5=1,VLOOKUP(KabelData!B6,Kabel!$C$49:$K$63,7,FALSE))+IF(KabelData!B5=3,VLOOKUP(KabelData!B6,Kabel!$C$5:$K$12,7,FALSE))+IF(KabelData!B5=4,VLOOKUP(KabelData!B6,Kabel!$C$13:$K$27,7,FALSE))+IF(KabelData!B5=5,VLOOKUP(KabelData!B6,Kabel!$C$28:$K$35,7,FALSE))))+IF(KabelData!B4="AL",(IF(KabelData!B5=1,VLOOKUP(KabelData!B6,Kabel!$C$64:$K$74,7,FALSE))+IF(KabelData!B5=4,VLOOKUP(KabelData!B6,Kabel!$C$36:$K$46,7,FALSE))+IF(KabelData!B5=5,VLOOKUP(KabelData!B6,Kabel!$C$47:$K$48,7,FALSE))))+IF(KabelData!B4="Tilledning",(IF(KabelData!B5=2,VLOOKUP(KabelData!B6,Kabel!$C$83:$K$86,7,FALSE))+IF(KabelData!B5=3,VLOOKUP(KabelData!B6,Kabel!$C$87:$K$96,7,FALSE))+IF(KabelData!B5=4,VLOOKUP(KabelData!B6,Kabel!$C$97:$K$114,7,FALSE))+IF(KabelData!B5=5,VLOOKUP(KabelData!B6,Kabel!$C$115:$K$123,7,FALSE))))) -> 8.2127802 | E15: Ð 70° | F15: =IF(F6="","",IF(KabelData!F4="CU",(IF(KabelData!F5=1,VLOOKUP(KabelData!F6,Kabel!$C$49:$K$63,7,FALSE))+IF(KabelData!F5=3,VLOOKUP(KabelData!F6,Kabel!$C$5:$K$12,7,FALSE))+IF(KabelData!F5=4,VLOOKUP(KabelData!F6,Kabel!$C$13:$K$27,7,FALSE))+IF(KabelData!F5=5,VLOOKUP(KabelData!F6,Kabel!$C$28:$K$35,7,FALSE))))+IF(KabelData!F4="AL",(IF(KabelData!F5=1,VLOOKUP(KabelData!F6,Kabel!$C$64:$K$74,7,FALSE))+IF(KabelData!F5=4,VLOOKUP(KabelData!F6,Kabel!$C$36:$K$46,7,FALSE))+IF(KabelData!F5=5,VLOOKUP(KabelData!F6,Kabel!$C$47:$K$48,7,FALSE))))+IF(KabelData!F4="Tilledning",(IF(KabelData!F5=2,VLOOKUP(KabelData!F6,Kabel!$C$83:$K$86,7,FALSE))+IF(KabelData!F5=3,VLOOKUP(KabelData!F6,Kabel!$C$87:$K$96,7,FALSE))+IF(KabelData!F5=4,VLOOKUP(KabelData!F6,Kabel!$C$97:$K$114,7,FALSE))+IF(KabelData!F5=5,VLOOKUP(KabelData!F6,Kabel!$C$115:$K$123,7,FALSE))))) -> 2.8209886 | I15: Ð 70° | J15: =IF(J6="","",IF(KabelData!J4="CU",(IF(KabelData!J5=1,VLOOKUP(KabelData!J6,Kabel!$C$49:$K$63,7,FALSE))+IF(KabelData!J5=3,VLOOKUP(KabelData!J6,Kabel!$C$5:$K$12,7,FALSE))+IF(KabelData!J5=4,VLOOKUP(KabelData!J6,Kabel!$C$13:$K$27,7,FALSE))+IF(KabelData!J5=5,VLOOKUP(KabelData!J6,Kabel!$C$28:$K$35,7,FALSE))))+IF(KabelData!J4="AL",(IF(KabelData!J5=1,VLOOKUP(KabelData!J6,Kabel!$C$64:$K$74,7,FALSE))+IF(KabelData!J5=4,VLOOKUP(KabelData!J6,Kabel!$C$36:$K$46,7,FALSE))+IF(KabelData!J5=5,VLOOKUP(KabelData!J6,Kabel!$C$47:$K$48,7,FALSE))))+IF(KabelData!J4="Tilledning",(IF(KabelData!J5=2,VLOOKUP(KabelData!J6,Kabel!$C$83:$K$86,7,FALSE))+IF(KabelData!J5=3,VLOOKUP(KabelData!J6,Kabel!$C$87:$K$96,7,FALSE))+IF(KabelData!J5=4,VLOOKUP(KabelData!J6,Kabel!$C$97:$K$114,7,FALSE))+IF(KabelData!J5=5,VLOOKUP(KabelData!J6,Kabel!$C$115:$K$123,7,FALSE))))) -> 1.2027866 | M15: Ð 70° | N15: =IF(N6="","",IF(KabelData!N4="CU",(IF(KabelData!N5=1,VLOOKUP(KabelData!N6,Kabel!$C$49:$K$63,7,FALSE))+IF(KabelData!N5=3,VLOOKUP(KabelData!N6,Kabel!$C$5:$K$12,7,FALSE))+IF(KabelData!N5=4,VLOOKUP(KabelData!N6,Kabel!$C$13:$K$27,7,FALSE))+IF(KabelData!N5=5,VLOOKUP(KabelData!N6,Kabel!$C$28:$K$35,7,FALSE))))+IF(KabelData!N4="AL",(IF(KabelData!N5=1,VLOOKUP(KabelData!N6,Kabel!$C$64:$K$74,7,FALSE))+IF(KabelData!N5=4,VLOOKUP(KabelData!N6,Kabel!$C$36:$K$46,7,FALSE))+IF(KabelData!N5=5,VLOOKUP(KabelData!N6,Kabel!$C$47:$K$48,7,FALSE))))+IF(KabelData!N4="Tilledning",(IF(KabelData!N5=2,VLOOKUP(KabelData!N6,Kabel!$C$83:$K$86,7,FALSE))+IF(KabelData!N5=3,VLOOKUP(KabelData!N6,Kabel!$C$87:$K$96,7,FALSE))+IF(KabelData!N5=4,VLOOKUP(KabelData!N6,Kabel!$C$97:$K$114,7,FALSE))+IF(KabelData!N5=5,VLOOKUP(KabelData!N6,Kabel!$C$115:$K$123,7,FALSE))))) -> 0.32514611 | Q15: Ð 70° | R15: =IF(R6="","",IF(KabelData!R4="CU",(IF(KabelData!R5=1,VLOOKUP(KabelData!R6,Kabel!$C$49:$K$63,7,FALSE))+IF(KabelData!R5=3,VLOOKUP(KabelData!R6,Kabel!$C$5:$K$12,7,FALSE))+IF(KabelData!R5=4,VLOOKUP(KabelData!R6,Kabel!$C$13:$K$27,7,FALSE))+IF(KabelData!R5=5,VLOOKUP(KabelData!R6,Kabel!$C$28:$K$35,7,FALSE))))+IF(KabelData!R4="AL",(IF(KabelData!R5=1,VLOOKUP(KabelData!R6,Kabel!$C$64:$K$74,7,FALSE))+IF(KabelData!R5=4,VLOOKUP(KabelData!R6,Kabel!$C$36:$K$46,7,FALSE))+IF(KabelData!R5=5,VLOOKUP(KabelData!R6,Kabel!$C$47:$K$48,7,FALSE))))+IF(KabelData!R4="Tilledning",(IF(KabelData!R5=2,VLOOKUP(KabelData!R6,Kabel!$C$83:$K$86,7,FALSE))+IF(KabelData!R5=3,VLOOKUP(KabelData!R6,Kabel!$C$87:$K$96,7,FALSE))+IF(KabelData!R5=4,VLOOKUP(KabelData!R6,Kabel!$C$97:$K$114,7,FALSE))+IF(KabelData!R5=5,VLOOKUP(KabelData!R6,Kabel!$C$115:$K$123,7,FALSE))))) | U15: 120
U16: 150
A17: Kabel 6 | E17: Kabel 7 | I17: Kabel 8 | M17: Hvis man får R og X værdi | Q17: Hvis man får R og X værdi | U17: 185
A18: Navn | R18: -W10 | U18: 240
A19: Materiale | B19: CU | F19: CU | J19: CU | N19: CU | R19: CU | U19: 300
A20: Antal ledere | M20: R 20˚ | Q20: R 20˚
A21: Kvadrat (mm²) | M21: X | Q21: X | U21: =IF(AND(B4="CU",B5=1),$U$4:$U$18,IF(AND(B4="CU",B5=3),$U$4:$U$11,IF(AND(B4="CU",B5=4),$U$4:$U$18,IF(AND(B4="CU",B5=5),$U$4:$U$11,IF(AND(B4="AL",B5=1),$U$9:$U$19,IF(AND(B4="AL",B5=4),$U$9:$U$19,IF(AND(B4="AL",B5=5),$U$9:$U$10,IF(AND(B4="Tilledning",B5=2),$U$2:$U$5,IF(AND(B4="Tilledning",B5=3),$U$2:$U$11,IF(AND(B4="Tilledning",B5=4),$U$2:$U$19,IF(AND(B4="Tilledning",B5=5),$U$2:$U$519))))))))))) -> #VALUE! | W21: =IF(AND(B4="CU",B5=1),$U$4:$U$18,IF(AND(B4="CU",B5=3),$U$4:$U$11)) -> FALSE
A22: Længde (m) | E22: m | I22: m | M22: m | Q22: m
A23: Paralle (n) | B23: 1 | E23: n | F23: 1 | I23: n | J23: 1 | M23: n | N23: 1 | Q23: n | R23: 1
A24: IB | C24: Ð- | G24: Ð- | K24: Ð- | O24: Ð- | S24: Ð-
A25: Z20° | B25: =IF(B21="","",IF(KabelData!B19="CU",(IF(KabelData!B20=1,VLOOKUP(KabelData!B21,Kabel!$C$49:$G$63,4,FALSE))+IF(KabelData!B20=3,VLOOKUP(KabelData!B21,Kabel!$C$5:$G$12,4,FALSE))+IF(KabelData!B20=4,VLOOKUP(KabelData!B21,Kabel!$C$13:$G$27,4,FALSE))+IF(KabelData!B20=5,VLOOKUP(KabelData!B21,Kabel!$C$28:$G$35,4,FALSE))))+IF(KabelData!B19="AL",(IF(KabelData!B20=1,VLOOKUP(KabelData!B21,Kabel!$C$64:$G$74,4,FALSE))+IF(KabelData!B20=4,VLOOKUP(KabelData!B21,Kabel!$C$36:$G$46,4,FALSE))+IF(KabelData!B20=5,VLOOKUP(KabelData!B21,Kabel!$C$47:$G$48,4,FALSE))))+IF(KabelData!B19="Tilledning",(IF(KabelData!B20=2,VLOOKUP(KabelData!B21,Kabel!$C$83:$G$86,4,FALSE))+IF(KabelData!B20=3,VLOOKUP(KabelData!B21,Kabel!$C$87:$G$96,4,FALSE))+IF(KabelData!B20=4,VLOOKUP(KabelData!B21,Kabel!$C$97:$G$114,4,FALSE))+IF(KabelData!B20=5,VLOOKUP(KabelData!B21,Kabel!$C$115:$G$123,4,FALSE))))) | E25: Z20° | F25: =IF(F21="","",IF(KabelData!F19="CU",(IF(KabelData!F20=1,VLOOKUP(KabelData!F21,Kabel!$C$49:$G$63,4,FALSE))+IF(KabelData!F20=3,VLOOKUP(KabelData!F21,Kabel!$C$5:$G$12,4,FALSE))+IF(KabelData!F20=4,VLOOKUP(KabelData!F21,Kabel!$C$13:$G$27,4,FALSE))+IF(KabelData!F20=5,VLOOKUP(KabelData!F21,Kabel!$C$28:$G$35,4,FALSE))))+IF(KabelData!F19="AL",(IF(KabelData!F20=1,VLOOKUP(KabelData!F21,Kabel!$C$64:$G$74,4,FALSE))+IF(KabelData!F20=4,VLOOKUP(KabelData!F21,Kabel!$C$36:$G$46,4,FALSE))+IF(KabelData!F20=5,VLOOKUP(KabelData!F21,Kabel!$C$47:$G$48,4,FALSE))))+IF(KabelData!F19="Tilledning",(IF(KabelData!F20=2,VLOOKUP(KabelData!F21,Kabel!$C$83:$G$86,4,FALSE))+IF(KabelData!F20=3,VLOOKUP(KabelData!F21,Kabel!$C$87:$G$96,4,FALSE))+IF(KabelData!F20=4,VLOOKUP(KabelData!F21,Kabel!$C$97:$G$114,4,FALSE))+IF(KabelData!F20=5,VLOOKUP(KabelData!F21,Kabel!$C$115:$G$123,4,FALSE))))) | I25: Z20° | J25: =IF(J21="","",IF(KabelData!J19="CU",(IF(KabelData!J20=1,VLOOKUP(KabelData!J21,Kabel!$C$49:$G$63,4,FALSE))+IF(KabelData!J20=3,VLOOKUP(KabelData!J21,Kabel!$C$5:$G$12,4,FALSE))+IF(KabelData!J20=4,VLOOKUP(KabelData!J21,Kabel!$C$13:$G$27,4,FALSE))+IF(KabelData!J20=5,VLOOKUP(KabelData!J21,Kabel!$C$28:$G$35,4,FALSE))))+IF(KabelData!J19="AL",(IF(KabelData!J20=1,VLOOKUP(KabelData!J21,Kabel!$C$64:$G$74,4,FALSE))+IF(KabelData!J20=4,VLOOKUP(KabelData!J21,Kabel!$C$36:$G$46,4,FALSE))+IF(KabelData!J20=5,VLOOKUP(KabelData!J21,Kabel!$C$47:$G$48,4,FALSE))))+IF(KabelData!J19="Tilledning",(IF(KabelData!J20=2,VLOOKUP(KabelData!J21,Kabel!$C$83:$G$86,4,FALSE))+IF(KabelData!J20=3,VLOOKUP(KabelData!J21,Kabel!$C$87:$G$96,4,FALSE))+IF(KabelData!J20=4,VLOOKUP(KabelData!J21,Kabel!$C$97:$G$114,4,FALSE))+IF(KabelData!J20=5,VLOOKUP(KabelData!J21,Kabel!$C$115:$G$123,4,FALSE))))) | M25: Z20° | N25: =IF(N20="","",IMABS(COMPLEX(N20,N21,"i"))) | Q25: Z20° | R25: =IF(R20="","",IMABS(COMPLEX(R20,R21,"i")))
A26: Ð 20° | B26: =IF(B21="","",IF(KabelData!B19="CU",(IF(KabelData!B20=1,VLOOKUP(KabelData!B21,Kabel!$C$49:$G$63,5,FALSE))+IF(KabelData!B20=3,VLOOKUP(KabelData!B21,Kabel!$C$5:$G$12,5,FALSE))+IF(KabelData!B20=4,VLOOKUP(KabelData!B21,Kabel!$C$13:$G$27,5,FALSE))+IF(KabelData!B20=5,VLOOKUP(KabelData!B21,Kabel!$C$28:$G$35,5,FALSE))))+IF(KabelData!B19="AL",(IF(KabelData!B20=1,VLOOKUP(KabelData!B21,Kabel!$C$64:$G$74,5,FALSE))+IF(KabelData!B20=4,VLOOKUP(KabelData!B21,Kabel!$C$36:$G$46,5,FALSE))+IF(KabelData!B20=5,VLOOKUP(KabelData!B21,Kabel!$C$47:$G$48,5,FALSE))))+IF(KabelData!B19="Tilledning",(IF(KabelData!B20=2,VLOOKUP(KabelData!B21,Kabel!$C$83:$G$86,5,FALSE))+IF(KabelData!B20=3,VLOOKUP(KabelData!B21,Kabel!$C$87:$G$96,5,FALSE))+IF(KabelData!B20=4,VLOOKUP(KabelData!B21,Kabel!$C$97:$G$114,5,FALSE))+IF(KabelData!B20=5,VLOOKUP(KabelData!B21,Kabel!$C$115:$G$123,5,FALSE))))) | E26: Ð 20° | F26: =IF(F21="","",IF(KabelData!F19="CU",(IF(KabelData!F20=1,VLOOKUP(KabelData!F21,Kabel!$C$49:$G$63,5,FALSE))+IF(KabelData!F20=3,VLOOKUP(KabelData!F21,Kabel!$C$5:$G$12,5,FALSE))+IF(KabelData!F20=4,VLOOKUP(KabelData!F21,Kabel!$C$13:$G$27,5,FALSE))+IF(KabelData!F20=5,VLOOKUP(KabelData!F21,Kabel!$C$28:$G$35,5,FALSE))))+IF(KabelData!F19="AL",(IF(KabelData!F20=1,VLOOKUP(KabelData!F21,Kabel!$C$64:$G$74,5,FALSE))+IF(KabelData!F20=4,VLOOKUP(KabelData!F21,Kabel!$C$36:$G$46,5,FALSE))+IF(KabelData!F20=5,VLOOKUP(KabelData!F21,Kabel!$C$47:$G$48,5,FALSE))))+IF(KabelData!F19="Tilledning",(IF(KabelData!F20=2,VLOOKUP(KabelData!F21,Kabel!$C$83:$G$86,5,FALSE))+IF(KabelData!F20=3,VLOOKUP(KabelData!F21,Kabel!$C$87:$G$96,5,FALSE))+IF(KabelData!F20=4,VLOOKUP(KabelData!F21,Kabel!$C$97:$G$114,5,FALSE))+IF(KabelData!F20=5,VLOOKUP(KabelData!F21,Kabel!$C$115:$G$123,5,FALSE))))) | I26: Ð 20° | J26: =IF(J21="","",IF(KabelData!J19="CU",(IF(KabelData!J20=1,VLOOKUP(KabelData!J21,Kabel!$C$49:$G$63,5,FALSE))+IF(KabelData!J20=3,VLOOKUP(KabelData!J21,Kabel!$C$5:$G$12,5,FALSE))+IF(KabelData!J20=4,VLOOKUP(KabelData!J21,Kabel!$C$13:$G$27,5,FALSE))+IF(KabelData!J20=5,VLOOKUP(KabelData!J21,Kabel!$C$28:$G$35,5,FALSE))))+IF(KabelData!J19="AL",(IF(KabelData!J20=1,VLOOKUP(KabelData!J21,Kabel!$C$64:$G$74,5,FALSE))+IF(KabelData!J20=4,VLOOKUP(KabelData!J21,Kabel!$C$36:$G$46,5,FALSE))+IF(KabelData!J20=5,VLOOKUP(KabelData!J21,Kabel!$C$47:$G$48,5,FALSE))))+IF(KabelData!J19="Tilledning",(IF(KabelData!J20=2,VLOOKUP(KabelData!J21,Kabel!$C$83:$G$86,5,FALSE))+IF(KabelData!J20=3,VLOOKUP(KabelData!J21,Kabel!$C$87:$G$96,5,FALSE))+IF(KabelData!J20=4,VLOOKUP(KabelData!J21,Kabel!$C$97:$G$114,5,FALSE))+IF(KabelData!J20=5,VLOOKUP(KabelData!J21,Kabel!$C$115:$G$123,5,FALSE))))) | M26: Ð 20° | N26: =IF(N21="","",DEGREES(ACOS((N20/N25)))) | Q26: Ð 20° | R26: =IF(R21="","",DEGREES(ACOS((R20/R25))))
A27: R | B27: =IF(B21="","",IF(KabelData!B19="CU",(IF(KabelData!B20=1,VLOOKUP(KabelData!B21,Kabel!$C$49:$G$63,2,FALSE))+IF(KabelData!B20=3,VLOOKUP(KabelData!B21,Kabel!$C$5:$G$12,2,FALSE))+IF(KabelData!B20=4,VLOOKUP(KabelData!B21,Kabel!$C$13:$G$27,2,FALSE))+IF(KabelData!B20=5,VLOOKUP(KabelData!B21,Kabel!$C$28:$G$35,2,FALSE))))+IF(KabelData!B19="AL",(IF(KabelData!B20=1,VLOOKUP(KabelData!B21,Kabel!$C$64:$G$74,2,FALSE))+IF(KabelData!B20=4,VLOOKUP(KabelData!B21,Kabel!$C$36:$G$46,2,FALSE))+IF(KabelData!B20=5,VLOOKUP(KabelData!B21,Kabel!$C$47:$G$48,2,FALSE))))+IF(KabelData!B19="Tilledning",(IF(KabelData!B20=2,VLOOKUP(KabelData!B21,Kabel!$C$83:$G$86,2,FALSE))+IF(KabelData!B20=3,VLOOKUP(KabelData!B21,Kabel!$C$87:$G$96,2,FALSE))+IF(KabelData!B20=4,VLOOKUP(KabelData!B21,Kabel!$C$97:$G$114,2,FALSE))+IF(KabelData!B20=5,VLOOKUP(KabelData!B21,Kabel!$C$115:$G$123,2,FALSE))))) | E27: R | F27: =IF(F21="","",IF(KabelData!F19="CU",(IF(KabelData!F20=1,VLOOKUP(KabelData!F21,Kabel!$C$49:$G$63,2,FALSE))+IF(KabelData!F20=3,VLOOKUP(KabelData!F21,Kabel!$C$5:$G$12,2,FALSE))+IF(KabelData!F20=4,VLOOKUP(KabelData!F21,Kabel!$C$13:$G$27,2,FALSE))+IF(KabelData!F20=5,VLOOKUP(KabelData!F21,Kabel!$C$28:$G$35,2,FALSE))))+IF(KabelData!F19="AL",(IF(KabelData!F20=1,VLOOKUP(KabelData!F21,Kabel!$C$64:$G$74,2,FALSE))+IF(KabelData!F20=4,VLOOKUP(KabelData!F21,Kabel!$C$36:$G$46,2,FALSE))+IF(KabelData!F20=5,VLOOKUP(KabelData!F21,Kabel!$C$47:$G$48,2,FALSE))))+IF(KabelData!F19="Tilledning",(IF(KabelData!F20=2,VLOOKUP(KabelData!F21,Kabel!$C$83:$G$86,2,FALSE))+IF(KabelData!F20=3,VLOOKUP(KabelData!F21,Kabel!$C$87:$G$96,2,FALSE))+IF(KabelData!F20=4,VLOOKUP(KabelData!F21,Kabel!$C$97:$G$114,2,FALSE))+IF(KabelData!F20=5,VLOOKUP(KabelData!F21,Kabel!$C$115:$G$123,2,FALSE))))) | I27: R | J27: =IF(J21="","",IF(KabelData!J19="CU",(IF(KabelData!J20=1,VLOOKUP(KabelData!J21,Kabel!$C$49:$G$63,2,FALSE))+IF(KabelData!J20=3,VLOOKUP(KabelData!J21,Kabel!$C$5:$G$12,2,FALSE))+IF(KabelData!J20=4,VLOOKUP(KabelData!J21,Kabel!$C$13:$G$27,2,FALSE))+IF(KabelData!J20=5,VLOOKUP(KabelData!J21,Kabel!$C$28:$G$35,2,FALSE))))+IF(KabelData!J19="AL",(IF(KabelData!J20=1,VLOOKUP(KabelData!J21,Kabel!$C$64:$G$74,2,FALSE))+IF(KabelData!J20=4,VLOOKUP(KabelData!J21,Kabel!$C$36:$G$46,2,FALSE))+IF(KabelData!J20=5,VLOOKUP(KabelData!J21,Kabel!$C$47:$G$48,2,FALSE))))+IF(KabelData!J19="Tilledning",(IF(KabelData!J20=2,VLOOKUP(KabelData!J21,Kabel!$C$83:$G$86,2,FALSE))+IF(KabelData!J20=3,VLOOKUP(KabelData!J21,Kabel!$C$87:$G$96,2,FALSE))+IF(KabelData!J20=4,VLOOKUP(KabelData!J21,Kabel!$C$97:$G$114,2,FALSE))+IF(KabelData!J20=5,VLOOKUP(KabelData!J21,Kabel!$C$115:$G$123,2,FALSE))))) | M27: R | Q27: R
A28: X | B28: =IF(B21="","",IF(KabelData!B19="CU",(IF(KabelData!B20=1,VLOOKUP(KabelData!B21,Kabel!$C$49:$G$63,3,FALSE))+IF(KabelData!B20=3,VLOOKUP(KabelData!B21,Kabel!$C$5:$G$12,3,FALSE))+IF(KabelData!B20=4,VLOOKUP(KabelData!B21,Kabel!$C$13:$G$27,3,FALSE))+IF(KabelData!B20=5,VLOOKUP(KabelData!B21,Kabel!$C$28:$G$35,3,FALSE))))+IF(KabelData!B19="AL",(IF(KabelData!B20=1,VLOOKUP(KabelData!B21,Kabel!$C$64:$G$74,3,FALSE))+IF(KabelData!B20=4,VLOOKUP(KabelData!B21,Kabel!$C$36:$G$46,3,FALSE))+IF(KabelData!B20=5,VLOOKUP(KabelData!B21,Kabel!$C$47:$G$48,3,FALSE))))+IF(KabelData!B19="Tilledning",(IF(KabelData!B20=2,VLOOKUP(KabelData!B21,Kabel!$C$83:$G$86,3,FALSE))+IF(KabelData!B20=3,VLOOKUP(KabelData!B21,Kabel!$C$87:$G$96,3,FALSE))+IF(KabelData!B20=4,VLOOKUP(KabelData!B21,Kabel!$C$97:$G$114,3,FALSE))+IF(KabelData!B20=5,VLOOKUP(KabelData!B21,Kabel!$C$115:$G$123,3,FALSE))))) | E28: X | F28: =IF(F21="","",IF(KabelData!F19="CU",(IF(KabelData!F20=1,VLOOKUP(KabelData!F21,Kabel!$C$49:$G$63,3,FALSE))+IF(KabelData!F20=3,VLOOKUP(KabelData!F21,Kabel!$C$5:$G$12,3,FALSE))+IF(KabelData!F20=4,VLOOKUP(KabelData!F21,Kabel!$C$13:$G$27,3,FALSE))+IF(KabelData!F20=5,VLOOKUP(KabelData!F21,Kabel!$C$28:$G$35,3,FALSE))))+IF(KabelData!F19="AL",(IF(KabelData!F20=1,VLOOKUP(KabelData!F21,Kabel!$C$64:$G$74,3,FALSE))+IF(KabelData!F20=4,VLOOKUP(KabelData!F21,Kabel!$C$36:$G$46,3,FALSE))+IF(KabelData!F20=5,VLOOKUP(KabelData!F21,Kabel!$C$47:$G$48,3,FALSE))))+IF(KabelData!F19="Tilledning",(IF(KabelData!F20=2,VLOOKUP(KabelData!F21,Kabel!$C$83:$G$86,3,FALSE))+IF(KabelData!F20=3,VLOOKUP(KabelData!F21,Kabel!$C$87:$G$96,3,FALSE))+IF(KabelData!F20=4,VLOOKUP(KabelData!F21,Kabel!$C$97:$G$114,3,FALSE))+IF(KabelData!F20=5,VLOOKUP(KabelData!F21,Kabel!$C$115:$G$123,3,FALSE))))) | I28: X | J28: =IF(J21="","",IF(KabelData!J19="CU",(IF(KabelData!J20=1,VLOOKUP(KabelData!J21,Kabel!$C$49:$G$63,3,FALSE))+IF(KabelData!J20=3,VLOOKUP(KabelData!J21,Kabel!$C$5:$G$12,3,FALSE))+IF(KabelData!J20=4,VLOOKUP(KabelData!J21,Kabel!$C$13:$G$27,3,FALSE))+IF(KabelData!J20=5,VLOOKUP(KabelData!J21,Kabel!$C$28:$G$35,3,FALSE))))+IF(KabelData!J19="AL",(IF(KabelData!J20=1,VLOOKUP(KabelData!J21,Kabel!$C$64:$G$74,3,FALSE))+IF(KabelData!J20=4,VLOOKUP(KabelData!J21,Kabel!$C$36:$G$46,3,FALSE))+IF(KabelData!J20=5,VLOOKUP(KabelData!J21,Kabel!$C$47:$G$48,3,FALSE))))+IF(KabelData!J19="Tilledning",(IF(KabelData!J20=2,VLOOKUP(KabelData!J21,Kabel!$C$83:$G$86,3,FALSE))+IF(KabelData!J20=3,VLOOKUP(KabelData!J21,Kabel!$C$87:$G$96,3,FALSE))+IF(KabelData!J20=4,VLOOKUP(KabelData!J21,Kabel!$C$97:$G$114,3,FALSE))+IF(KabelData!J20=5,VLOOKUP(KabelData!J21,Kabel!$C$115:$G$123,3,FALSE))))) | M28: X | Q28: X
A29: Z70° | B29: =IF(B21="","",IF(KabelData!B19="CU",(IF(KabelData!B20=1,VLOOKUP(KabelData!B21,Kabel!$C$49:$K$63,6,FALSE))+IF(KabelData!B20=3,VLOOKUP(KabelData!B21,Kabel!$C$5:$K$12,6,FALSE))+IF(KabelData!B20=4,VLOOKUP(KabelData!B21,Kabel!$C$13:$K$27,6,FALSE))+IF(KabelData!B20=5,VLOOKUP(KabelData!B21,Kabel!$C$28:$K$35,6,FALSE))))+IF(KabelData!B19="AL",(IF(KabelData!B20=1,VLOOKUP(KabelData!B21,Kabel!$C$64:$K$74,6,FALSE))+IF(KabelData!B20=4,VLOOKUP(KabelData!B21,Kabel!$C$36:$K$46,6,FALSE))+IF(KabelData!B20=5,VLOOKUP(KabelData!B21,Kabel!$C$47:$K$48,6,FALSE))))+IF(KabelData!B19="Tilledning",(IF(KabelData!B20=2,VLOOKUP(KabelData!B21,Kabel!$C$83:$K$86,6,FALSE))+IF(KabelData!B20=3,VLOOKUP(KabelData!B21,Kabel!$C$87:$K$96,6,FALSE))+IF(KabelData!B20=4,VLOOKUP(KabelData!B21,Kabel!$C$97:$K$114,6,FALSE))+IF(KabelData!B20=5,VLOOKUP(KabelData!B21,Kabel!$C$115:$K$123,6,FALSE))))) | E29: Z70° | F29: =IF(F21="","",IF(KabelData!F19="CU",(IF(KabelData!F20=1,VLOOKUP(KabelData!F21,Kabel!$C$49:$K$63,6,FALSE))+IF(KabelData!F20=3,VLOOKUP(KabelData!F21,Kabel!$C$5:$K$12,6,FALSE))+IF(KabelData!F20=4,VLOOKUP(KabelData!F21,Kabel!$C$13:$K$27,6,FALSE))+IF(KabelData!F20=5,VLOOKUP(KabelData!F21,Kabel!$C$28:$K$35,6,FALSE))))+IF(KabelData!F19="AL",(IF(KabelData!F20=1,VLOOKUP(KabelData!F21,Kabel!$C$64:$K$74,6,FALSE))+IF(KabelData!F20=4,VLOOKUP(KabelData!F21,Kabel!$C$36:$K$46,6,FALSE))+IF(KabelData!F20=5,VLOOKUP(KabelData!F21,Kabel!$C$47:$K$48,6,FALSE))))+IF(KabelData!F19="Tilledning",(IF(KabelData!F20=2,VLOOKUP(KabelData!F21,Kabel!$C$83:$K$86,6,FALSE))+IF(KabelData!F20=3,VLOOKUP(KabelData!F21,Kabel!$C$87:$K$96,6,FALSE))+IF(KabelData!F20=4,VLOOKUP(KabelData!F21,Kabel!$C$97:$K$114,6,FALSE))+IF(KabelData!F20=5,VLOOKUP(KabelData!F21,Kabel!$C$115:$K$123,6,FALSE))))) | I29: Z70° | J29: =IF(J21="","",IF(KabelData!J19="CU",(IF(KabelData!J20=1,VLOOKUP(KabelData!J21,Kabel!$C$49:$K$63,6,FALSE))+IF(KabelData!J20=3,VLOOKUP(KabelData!J21,Kabel!$C$5:$K$12,6,FALSE))+IF(KabelData!J20=4,VLOOKUP(KabelData!J21,Kabel!$C$13:$K$27,6,FALSE))+IF(KabelData!J20=5,VLOOKUP(KabelData!J21,Kabel!$C$28:$K$35,6,FALSE))))+IF(KabelData!J19="AL",(IF(KabelData!J20=1,VLOOKUP(KabelData!J21,Kabel!$C$64:$K$74,6,FALSE))+IF(KabelData!J20=4,VLOOKUP(KabelData!J21,Kabel!$C$36:$K$46,6,FALSE))+IF(KabelData!J20=5,VLOOKUP(KabelData!J21,Kabel!$C$47:$K$48,6,FALSE))))+IF(KabelData!J19="Tilledning",(IF(KabelData!J20=2,VLOOKUP(KabelData!J21,Kabel!$C$83:$K$86,6,FALSE))+IF(KabelData!J20=3,VLOOKUP(KabelData!J21,Kabel!$C$87:$K$96,6,FALSE))+IF(KabelData!J20=4,VLOOKUP(KabelData!J21,Kabel!$C$97:$K$114,6,FALSE))+IF(KabelData!J20=5,VLOOKUP(KabelData!J21,Kabel!$C$115:$K$123,6,FALSE))))) | M29: Z70° | N29: =IF(N20="","",IMABS(COMPLEX((1.5*N20),N21,"i"))) | Q29: Z70° | R29: =IF(R20="","",IMABS(COMPLEX((1.5*R20),R21,"i")))
A30: Ð 70° | B30: =IF(B21="","",IF(KabelData!B19="CU",(IF(KabelData!B20=1,VLOOKUP(KabelData!B21,Kabel!$C$49:$K$63,7,FALSE))+IF(KabelData!B20=3,VLOOKUP(KabelData!B21,Kabel!$C$5:$K$12,7,FALSE))+IF(KabelData!B20=4,VLOOKUP(KabelData!B21,Kabel!$C$13:$K$27,7,FALSE))+IF(KabelData!B20=5,VLOOKUP(KabelData!B21,Kabel!$C$28:$K$35,7,FALSE))))+IF(KabelData!B19="AL",(IF(KabelData!B20=1,VLOOKUP(KabelData!B21,Kabel!$C$64:$K$74,7,FALSE))+IF(KabelData!B20=4,VLOOKUP(KabelData!B21,Kabel!$C$36:$K$46,7,FALSE))+IF(KabelData!B20=5,VLOOKUP(KabelData!B21,Kabel!$C$47:$K$48,7,FALSE))))+IF(KabelData!B19="Tilledning",(IF(KabelData!B20=2,VLOOKUP(KabelData!B21,Kabel!$C$83:$K$86,7,FALSE))+IF(KabelData!B20=3,VLOOKUP(KabelData!B21,Kabel!$C$87:$K$96,7,FALSE))+IF(KabelData!B20=4,VLOOKUP(KabelData!B21,Kabel!$C$97:$K$114,7,FALSE))+IF(KabelData!B20=5,VLOOKUP(KabelData!B21,Kabel!$C$115:$K$123,7,FALSE))))) | E30: Ð 70° | F30: =IF(F21="","",IF(KabelData!F19="CU",(IF(KabelData!F20=1,VLOOKUP(KabelData!F21,Kabel!$C$49:$K$63,7,FALSE))+IF(KabelData!F20=3,VLOOKUP(KabelData!F21,Kabel!$C$5:$K$12,7,FALSE))+IF(KabelData!F20=4,VLOOKUP(KabelData!F21,Kabel!$C$13:$K$27,7,FALSE))+IF(KabelData!F20=5,VLOOKUP(KabelData!F21,Kabel!$C$28:$K$35,7,FALSE))))+IF(KabelData!F19="AL",(IF(KabelData!F20=1,VLOOKUP(KabelData!F21,Kabel!$C$64:$K$74,7,FALSE))+IF(KabelData!F20=4,VLOOKUP(KabelData!F21,Kabel!$C$36:$K$46,7,FALSE))+IF(KabelData!F20=5,VLOOKUP(KabelData!F21,Kabel!$C$47:$K$48,7,FALSE))))+IF(KabelData!F19="Tilledning",(IF(KabelData!F20=2,VLOOKUP(KabelData!F21,Kabel!$C$83:$K$86,7,FALSE))+IF(KabelData!F20=3,VLOOKUP(KabelData!F21,Kabel!$C$87:$K$96,7,FALSE))+IF(KabelData!F20=4,VLOOKUP(KabelData!F21,Kabel!$C$97:$K$114,7,FALSE))+IF(KabelData!F20=5,VLOOKUP(KabelData!F21,Kabel!$C$115:$K$123,7,FALSE))))) | I30: Ð 70° | J30: =IF(J21="","",IF(KabelData!J19="CU",(IF(KabelData!J20=1,VLOOKUP(KabelData!J21,Kabel!$C$49:$K$63,7,FALSE))+IF(KabelData!J20=3,VLOOKUP(KabelData!J21,Kabel!$C$5:$K$12,7,FALSE))+IF(KabelData!J20=4,VLOOKUP(KabelData!J21,Kabel!$C$13:$K$27,7,FALSE))+IF(KabelData!J20=5,VLOOKUP(KabelData!J21,Kabel!$C$28:$K$35,7,FALSE))))+IF(KabelData!J19="AL",(IF(KabelData!J20=1,VLOOKUP(KabelData!J21,Kabel!$C$64:$K$74,7,FALSE))+IF(KabelData!J20=4,VLOOKUP(KabelData!J21,Kabel!$C$36:$K$46,7,FALSE))+IF(KabelData!J20=5,VLOOKUP(KabelData!J21,Kabel!$C$47:$K$48,7,FALSE))))+IF(KabelData!J19="Tilledning",(IF(KabelData!J20=2,VLOOKUP(KabelData!J21,Kabel!$C$83:$K$86,7,FALSE))+IF(KabelData!J20=3,VLOOKUP(KabelData!J21,Kabel!$C$87:$K$96,7,FALSE))+IF(KabelData!J20=4,VLOOKUP(KabelData!J21,Kabel!$C$97:$K$114,7,FALSE))+IF(KabelData!J20=5,VLOOKUP(KabelData!J21,Kabel!$C$115:$K$123,7,FALSE))))) | M30: Ð 70° | N30: =IF(N21="","",DEGREES(ACOS(((1.5*N20)/N29)))) | Q30: Ð 70° | R30: =IF(R21="","",DEGREES(ACOS(((1.5*R20)/R29))))

Sheet IKmax IKmin
A1: Husk overskrift, tegning og forklaring (overskriv dette)
AO2: =Transformer!U15 -> 73.300756
AN3: Transformer | AO3: =Transformer!U28 -> 36.87 | AQ3: + Z̅ | AR3: + | AS3: * | AT3: Ð
AN4: Beregnet | AO4: =Transformer!F59 -> 72.5424 | AS4: Beregning | AT4: Beregning | AU4: Beregning | AV4: Beregning | AW4: Beregning | AX4: Beregning | AY4: Beregning | AZ4: Beregning | BA4: Beregning | BB4: Beregning | BC4: Tranformer
AO5: Kabel værdier | AS5: 20 grader | AX5: 70 grader | BC5: ZT | BE5: ZN
AO6: Z | AP6: fi | AS6: Z | AT6: fi | AU6: radianer | AV6: cos | AW6: sin | AX6: Z | AY6: fi | AZ6: radianer | BA6: cos | BB6: sin | BC6: Z | BD6: fi | BE6: Z | BF6: fi
AN7: =IF(KabelData!B3="","",KabelData!B3) -> -W1 | AO7: =Kabeludskrif!K5 -> 0.006 | AP7: =IF(KabelData!B11="","",ROUND(KabelData!B11,4)) -> 12.2157 | AQ7: =ROUND(Kabeludskrif!K52,4) -> 0.0088 | AR7: =ROUND(KabelData!B15,4) -> 8.2128 | AS7: =IF(E29="",0,IF(E29>0,E29,)) -> 0 | AT7: =IF(G29="",0,IF(G29>0,G29,)) -> 0 | AU7: =RADIANS(180+AT7) -> 3.1415927 | AV7: =AS7*COS(AU7) -> 0 | AW7: =AS7*SIN(AU7) -> 0 | AX7: =IF(V41="",0,IF(V41>0,V41,)) -> 0.0176 | AY7: =IF(N41="",0,IF(N41>0,N41,)) -> 8.2128 | AZ7: =RADIANS(180+AY7) -> 3.2849331 | BA7: =AX7*COS(AZ7) -> -0.0174195 | BB7: =AX7*SIN(AZ7) -> -0.0025141608 | BC7: =Transformer!O15 -> 0.0011 | BD7: =Transformer!U15 -> 73.300756 | BE7: =Transformer!O28 -> 0.014 | BF7: =Transformer!U28 -> 36.87
AN8: =IF(KabelData!F3="","",KabelData!F3) -> -W2 | AO8: =Kabeludskrif!K9 -> 0.0231 | AP8: =IF(KabelData!F11="","",ROUND(KabelData!F11,4)) -> 4.2272 | AQ8: =Kabeludskrif!K56 -> 0.034541859 | AR8: =KabelData!F15 -> 2.8209886 | AS8: =IF(J29="",0,IF(J29>0,J29,)) -> 0.014433757 | AT8: =IF(N29="",0,IF(N29>0,N29,)) -> 72.5424 | AU8: =RADIANS(180+AT8) -> 4.4076964 | AV8: =AS8*COS(AU8) -> -0.0043301263 | AW8: =AS8*SIN(AU8) -> -0.013768927 | AX8: =IF(V42="",0,IF(V42>0,V42,)) -> 0.069083717 | AY8: =IF(N42="",0,IF(N42>0,N42,)) -> 2.8209886 | AZ8: =RADIANS(180+AY8) -> 3.1908282 | BA8: =AX8*COS(AZ8) -> -0.069 | BB8: =AX8*SIN(AZ8) -> -0.0034 | BC8: Beregnet max | BE8: Beregnet min
AN9: =IF(KabelData!J3="","",KabelData!J3) -> -W3 | AO9: =Kabeludskrif!K13 -> 0.0616 | AP9: =IF(KabelData!J11="","",ROUND(KabelData!J11,4)) -> 1.8038 | AQ9: =Kabeludskrif!K60 -> 0.092420364 | AR9: =KabelData!J15 -> 1.2027866 | AS9: =IF(P29="",0,IF(P29>0,P29,)) -> 0.006 | AT9: =IF(T29="",0,IF(T29>0,T29,)) -> 12.2157 | AU9: =RADIANS(180+AT9) -> 3.3547968 | AV9: =AS9*COS(AU9) -> -0.0058641477 | AW9: =AS9*SIN(AU9) -> -0.0012695557 | AX9: =IF(V43="",0,IF(V43>0,V43,)) -> 0.18484073 | AY9: =IF(N43="",0,IF(N43>0,N43,)) -> 1.2027866 | AZ9: =RADIANS(180+AY9) -> 3.1625852 | BA9: =AX9*COS(AZ9) -> -0.1848 | BB9: =AX9*SIN(AZ9) -> -0.00388 | BC9: Z | BD9: fi | BE9: Z | BF9: fi
AN10: =IF(KabelData!N3="","",KabelData!N3) -> -W4 | AO10: =Kabeludskrif!K17 -> 0.2178 | AP10: =IF(KabelData!N11="","",ROUND(KabelData!N11,4)) -> 0.4877 | AQ10: =Kabeludskrif!K64 -> 0.32670526 | AR10: =KabelData!N15 -> 0.32514611 | AS10: =IF(V29="",0,IF(V29>0,V29,)) -> 0 | AT10: =IF(Z29="",0,IF(Z29>0,Z29,)) -> 0 | AU10: =RADIANS(180+AT10) -> 3.1415927 | AV10: =AS10*COS(AU10) -> 0 | AW10: =AS10*SIN(AU10) -> 0 | AX10: =IF(V44="",0,IF(V44>0,V44,)) -> 0 | AY10: =IF(N44="",0,IF(N44>0,N44,)) -> 0 | AZ10: =RADIANS(180+AY10) -> 3.1415927 | BA10: =AX10*COS(AZ10) -> 0 | BB10: =AX10*SIN(AZ10) -> 0 | BC10: =Transformer!C59 -> 0.014433757 | BD10: =Transformer!F59 -> 72.5424 | BE10: =Transformer!C73 -> 0.1848 | BF10: =Transformer!F73 -> 25.8419
AN11: =IF(KabelData!R3="","",KabelData!R3) -> -E5 | AO11: =Kabeludskrif!K21 | AP11: =IF(KabelData!R11="","",ROUND(KabelData!R11,4)) | AQ11: =Kabeludskrif!K68 | AR11: =KabelData!R15 | AS11: =IF(AD29="",0,IF(AD29>0,AD29,)) -> 0 | AT11: =IF(AH29="",0,IF(AH29>0,AH29,)) -> 0 | AU11: =RADIANS(180+AT11) -> 3.1415927 | AV11: =AS11*COS(AU11) -> 0 | AW11: =AS11*SIN(AU11) -> 0 | AX11: =IF(V45="",0,IF(V45>0,V45,)) -> 0 | AY11: =IF(N45="",0,IF(N45>0,N45,)) -> 0 | AZ11: =RADIANS(180+AY11) -> 3.1415927 | BA11: =AX11*COS(AZ11) -> 0 | BB11: =AX11*SIN(AZ11) -> 0
AN12: =IF(KabelData!B18="","",KabelData!B18) | AO12: =Kabeludskrif!K25 | AP12: =IF(KabelData!B26="","",ROUND(KabelData!B26,4)) | AQ12: =Kabeludskrif!K72 | AR12: =KabelData!B30 | AS12: =SQRT(SUM(AV7:AV11)^2+SUM(AW7:AW11)^2) -> 0.018168081 | AT12: =DEGREES(ATAN(SUM(AW7:AW11)/SUM(AV7:AV11))) -> 55.867472 | AX12: =IF(V46="",0,IF(V46>0,V46,)) -> 0 | AY12: =IF(N46="",0,IF(N46>0,N46,)) -> 0 | AZ12: =RADIANS(180+AY12) -> 3.1415927 | BA12: =AX12*COS(AZ12) -> 0 | BB12: =AX12*SIN(AZ12) -> 0
AN13: =IF(KabelData!F18="","",KabelData!F18) | AO13: =Kabeludskrif!K29 | AP13: =IF(KabelData!F26="","",ROUND(KabelData!F26,4)) | AQ13: =Kabeludskrif!K76 | AR13: =KabelData!F30 | AS13: =IF(E60="",0,E60) -> 0 | AT13: =IF(H60="",0,H60) -> 0 | AU13: =RADIANS(180+AT13) -> 3.1415927 | AV13: =AS13*COS(AU13) -> 0 | AW13: =AS13*SIN(AU13) -> 0 | AX13: =IF(V47="",0,IF(V47>0,V47,)) -> 0 | AY13: =IF(N47="",0,IF(N47>0,N47,)) -> 0 | AZ13: =RADIANS(180+AY13) -> 3.1415927 | BA13: =AX13*COS(AZ13) -> 0 | BB13: =AX13*SIN(AZ13) -> 0
AN14: =IF(KabelData!J18="","",KabelData!J18) | AO14: =Kabeludskrif!K33 | AP14: =IF(KabelData!J26="","",ROUND(KabelData!J26,4)) | AQ14: =Kabeludskrif!K80 | AR14: =KabelData!J30 | AS14: =IF(M60="",0,IF(M60>0,M60,)) -> 0.1848 | AT14: =IF(Q60="",0,IF(Q60>0,Q60,)) -> 25.8419 | AU14: =RADIANS(180+AT14) -> 3.5926189 | AV14: =AS14*COS(AU14) -> -0.16632005 | AW14: =AS14*SIN(AU14) -> -0.080552357 | AX14: =IF(V48="",0,IF(V48>0,V48,)) -> 0 | AY14: =IF(N48="",0,IF(N48>0,N48,)) -> 0 | AZ14: =RADIANS(180+AY14) -> 3.1415927 | BA14: =AX14*COS(AZ14) -> 0 | BB14: =AX14*SIN(AZ14) -> 0
AN15: =IF(KabelData!N18="","",KabelData!N18) | AO15: =Kabeludskrif!K39 | AP15: =IF(KabelData!N26="","",ROUND(KabelData!N26,4)) | AQ15: =Kabeludskrif!K86 | AR15: =KabelData!N30 | AS15: =IF(U60="",0,U60) -> 0.27139628 | AT15: =IF(Y60="",0,Y60) -> 2.0681416 | AU15: =RADIANS(180+AT15) -> 3.1776885 | AV15: =AS15*COS(AU15) -> -0.2712195 | AW15: =AS15*SIN(AU15) -> -0.0097941608 | AX15: =IF(V49="",0,IF(V49>0,V49,)) -> 0 | AY15: =IF(N49="",0,IF(N49>0,N49,)) -> 0 | AZ15: =RADIANS(180+AY15) -> 3.1415927 | BA15: =AX15*COS(AZ15) -> 0 | BB15: =AX15*SIN(AZ15) -> 0
AN16: =IF(KabelData!R18="","",KabelData!R18) -> -W10 | AO16: =Kabeludskrif!K43 | AP16: =IF(KabelData!R26="","",ROUND(KabelData!R26,4)) | AQ16: =Kabeludskrif!K90 | AR16: =KabelData!R30 | AS16: =SQRT(SUM(AV13:AV15)^2+SUM(AW13:AW15)^2) -> 0.44676991 | AT16: =DEGREES(ATAN(SUM(AW13:AW15)/SUM(AV13:AV15))) -> 11.666901 | AX16: =IF(V50="",0,IF(V50>0,V50,)) -> 0 | AY16: =IF(N50="",0,IF(N50>0,N50,)) -> 0 | AZ16: =RADIANS(180+AY16) -> 3.1415927 | BA16: =AX16*COS(AZ16) -> 0 | BB16: =AX16*SIN(AZ16) -> 0
A18: Første fordeling | H18: Beregnet
B20: IKmax3F | F20: kabelværdier er 20˚C
B22: UN
B23: √3 * | D23: ( | E23: =IF(H18="Transformer", "Z̅T",IF(H18="Beregnet","", )) | F23: =IF(H18="Transformer", "+",IF(H18="Beregnet","", )) | G23: Z̅N | J23: =IF(L23="","",$AQ$3) -> + Z̅ | L23: -W1 | O23: =IF(Q23="","",AQ3) | T23: =IF(V23="","",AQ3) | Y23: )
A26: <=>
B28: 400
B29: √3 * | D29: ( | E29: =IF($H$18="Transformer",BC7,IF(H18="Beregnet","",)) | F29: =IF(E29="","",$AT$3) | G29: =IF($H$18="Transformer",BD7,IF(H18="Beregnet","",)) | J29: =(IF($H$18="Transformer",BE7,IF($H$18="beregnet",BC10))) -> 0.014433757 | M29: =IF(J29="","",$AT$3) -> Ð | N29: =(IF($H$18="Transformer",BF7,IF($H$18="beregnet",BD10))) -> 72.5424 | P29: =(IF($L$23="","",IF($L$23=AN7,AO7,IF($L$23=AN8,AO8,IF($L$23=AN9,AO9,IF($L$23=AN10,AO10,IF($L$23=AN11,AO11,IF($L$23=AN12,AO12,IF($L$23=AN13,AO13,IF($L$23=AN14,AO14,IF($L$23=AN15,AO15,IF($L$23=AN16,AO16)))))))))))) -> 0.006 | S29: =IF(P29="","",$AT$3) -> Ð | T29: =(IF($L$23="","",IF($L$23=AN7,AP7,IF($L$23=AN8,AP8,IF($L$23=AN9,AP9,IF($L$23=AN10,AP10,IF($L$23=AN11,AP11,IF($L$23=AN12,AP12,IF($L$23=AN13,AP13,IF($L$23=AN14,AP14,IF($L$23=AN15,AP15,IF($L$23=AN16,AP16)))))))))))) -> 12.2157 | V29: =(IF($Q$23="","",IF($Q$23=AN7,AO7,IF($Q$23=AN8,AO8,IF($Q$23=AN9,AO9,IF($Q$23=AN10,AO10,IF($Q$23=AN11,AO11,IF($Q$23=AN12,AO12,IF($Q$23=AN13,AO13,IF($Q$23=AN14,AO14,IF($Q$23=AN15,AO15,IF($Q$23=AN16,AO16)))))))))))) | Y29: =IF(V29="","",$AT$3) | Z29: =(IF($Q$23="","",IF($Q$23=AN7,AP7,IF($Q$23=AN8,AP8,IF($Q$23=AN9,AP9,IF($Q$23=AN10,AP10,IF($Q$23=AN11,AP11,IF($Q$23=AN12,AP12,IF($Q$23=AN13,AP13,IF($Q$23=AN14,AP14,IF($Q$23=AN15,AP15,IF($Q$23=AN16,AP16)))))))))))) | AD29: =(IF($V$23="","",IF($V$23=AN7,AO7,IF($V$23=AN8,AO8,IF($V$23=AN9,AO9,IF($V$23=AN10,AO10,IF($V$23=AN11,AO11,IF($V$23=AN12,AO12,IF($V$23=AN13,AO13,IF($V$23=AN14,AO14,IF($V$23=AN15,AO15,IF($V$23=AN16,AO16)))))))))))) | AG29: =IF(AD29="","",$AT$3) | AH29: =(IF($V$23="","",IF($V$23=AN7,AP7,IF($V$23=AN8,AP8,IF($V$23=AN9,AP9,IF($V$23=AN10,AP10,IF($V$23=AN11,AP11,IF($V$23=AN12,AP12,IF($V$23=AN13,AP13,IF($V$23=AN14,AP14,IF($V$23=AN15,AP15,IF($V$23=AN16,AP16)))))))))))) | AK29: )
B32: = | C32: =IF(J29="","",ROUND((B28/(SQRT(3)*AS12))*10^-3,2)) -> 12.71 | F32: kA
A34: Første fordeling | H34: Beregnet
A35: Husk overskrift, tegning og forklaring (overskriv dette)
B36: IKminFN(PE) | F36: kabelværdi er 70˚ C
A37: Kabelimpedanser Z̅ er regnet på bilag
B38: n* er antal gange impedansen indgår i fejlkredsen
B40: Kabelimpedans id | I40: Z̅ | R40: n* | V40: Z̅ * n
B41: Z̅ | D41: -W1 | I41: =(IF(D41="","",IF(D41=$AN$7,$AQ$7,IF(D41=$AN$8,$AQ$8,IF(D41=$AN$9,$AQ$9,IF(D41=$AN$10,$AQ$10,IF(D41=$AN$11,$AQ$11,IF(D41=$AN$12,$AQ$12,IF(D41=$AN$13,$AQ$13,IF(D41=$AN$14,$AQ$14,IF(D41=$AN$15,$AQ$15,IF(D41=$AN$16,$AQ$16,)))))))))))) -> 0.0088 | M41: Ð | N41: =(IF(D41="","",IF(D41=$AN$7,$AR$7,IF(D41=$AN$8,$AR$8,IF(D41=$AN$9,$AR$9,IF(D41=$AN$10,$AR$10,IF(D41=$AN$11,$AR$11,IF(D41=$AN$12,$AR$12,IF(D41=$AN$13,$AR$616,IF(D41=$AN$14,$AR$14,IF(D41=$AN$15,$AR$15,IF(D41=$AN$16,$AR$16,)))))))))))) -> 8.2128 | Q41: * | R41: 2 | U41: = | V41: =IF(D41="","",IF(D41>0,R41*I41)) -> 0.0176 | Y41: Ð | Z41: =N41 -> 8.2128
B42: Z̅ | D42: -W2 | I42: =(IF(D42="","",IF(D42=$AN$7,$AQ$7,IF(D42=$AN$8,$AQ$8,IF(D42=$AN$9,$AQ$9,IF(D42=$AN$10,$AQ$10,IF(D42=$AN$11,$AQ$11,IF(D42=$AN$12,$AQ$12,IF(D42=$AN$13,$AQ$13,IF(D42=$AN$14,$AQ$14,IF(D42=$AN$15,$AQ$15,IF(D42=$AN$16,$AQ$16,)))))))))))) -> 0.034541859 | M42: Ð | N42: =(IF(D42="","",IF(D42=$AN$7,$AR$7,IF(D42=$AN$8,$AR$8,IF(D42=$AN$9,$AR$9,IF(D42=$AN$10,$AR$10,IF(D42=$AN$11,$AR$11,IF(D42=$AN$12,$AR$12,IF(D42=$AN$13,$AR$616,IF(D42=$AN$14,$AR$14,IF(D42=$AN$15,$AR$15,IF(D42=$AN$16,$AR$16,)))))))))))) -> 2.8209886 | Q42: * | R42: 2 | U42: = | V42: =IF(D42="","",IF(D42>0,R42*I42)) -> 0.069083717 | Y42: Ð | Z42: =N42 -> 2.8209886
B43: Z̅ | D43: -W3 | I43: =(IF(D43="","",IF(D43=$AN$7,$AQ$7,IF(D43=$AN$8,$AQ$8,IF(D43=$AN$9,$AQ$9,IF(D43=$AN$10,$AQ$10,IF(D43=$AN$11,$AQ$11,IF(D43=$AN$12,$AQ$12,IF(D43=$AN$13,$AQ$13,IF(D43=$AN$14,$AQ$14,IF(D43=$AN$15,$AQ$15,IF(D43=$AN$16,$AQ$16,)))))))))))) -> 0.092420364 | M43: Ð | N43: =(IF(D43="","",IF(D43=$AN$7,$AR$7,IF(D43=$AN$8,$AR$8,IF(D43=$AN$9,$AR$9,IF(D43=$AN$10,$AR$10,IF(D43=$AN$11,$AR$11,IF(D43=$AN$12,$AR$12,IF(D43=$AN$13,$AR$616,IF(D43=$AN$14,$AR$14,IF(D43=$AN$15,$AR$15,IF(D43=$AN$16,$AR$16,)))))))))))) -> 1.2027866 | Q43: * | R43: 2 | U43: = | V43: =IF(D43="","",IF(D43>0,R43*I43)) -> 0.18484073 | Y43: Ð | Z43: =N43 -> 1.2027866
B44: Z̅ | I44: =(IF(D44="","",IF(D44=$AN$7,$AQ$7,IF(D44=$AN$8,$AQ$8,IF(D44=$AN$9,$AQ$9,IF(D44=$AN$10,$AQ$10,IF(D44=$AN$11,$AQ$11,IF(D44=$AN$12,$AQ$12,IF(D44=$AN$13,$AQ$13,IF(D44=$AN$14,$AQ$14,IF(D44=$AN$15,$AQ$15,IF(D44=$AN$16,$AQ$16,)))))))))))) | M44: Ð | N44: =(IF(D44="","",IF(D44=$AN$7,$AR$7,IF(D44=$AN$8,$AR$8,IF(D44=$AN$9,$AR$9,IF(D44=$AN$10,$AR$10,IF(D44=$AN$11,$AR$11,IF(D44=$AN$12,$AR$12,IF(D44=$AN$13,$AR$616,IF(D44=$AN$14,$AR$14,IF(D44=$AN$15,$AR$15,IF(D44=$AN$16,$AR$16,)))))))))))) | Q44: * | U44: = | V44: =IF(D44="","",IF(D44>0,R44*I44)) | Y44: Ð | Z44: =N44
B45: Z̅ | I45: =(IF(D45="","",IF(D45=$AN$7,$AQ$7,IF(D45=$AN$8,$AQ$8,IF(D45=$AN$9,$AQ$9,IF(D45=$AN$10,$AQ$10,IF(D45=$AN$11,$AQ$11,IF(D45=$AN$12,$AQ$12,IF(D45=$AN$13,$AQ$13,IF(D45=$AN$14,$AQ$14,IF(D45=$AN$15,$AQ$15,IF(D45=$AN$16,$AQ$16,)))))))))))) | M45: Ð | N45: =(IF(D45="","",IF(D45=$AN$7,$AR$7,IF(D45=$AN$8,$AR$8,IF(D45=$AN$9,$AR$9,IF(D45=$AN$10,$AR$10,IF(D45=$AN$11,$AR$11,IF(D45=$AN$12,$AR$12,IF(D45=$AN$13,$AR$616,IF(D45=$AN$14,$AR$14,IF(D45=$AN$15,$AR$15,IF(D45=$AN$16,$AR$16,)))))))))))) | Q45: * | U45: = | V45: =IF(D45="","",IF(D45>0,R45*I45)) | Y45: Ð | Z45: =N45
B46: Z̅ | I46: =(IF(D46="","",IF(D46=$AN$7,$AQ$7,IF(D46=$AN$8,$AQ$8,IF(D46=$AN$9,$AQ$9,IF(D46=$AN$10,$AQ$10,IF(D46=$AN$11,$AQ$11,IF(D46=$AN$12,$AQ$12,IF(D46=$AN$13,$AQ$13,IF(D46=$AN$14,$AQ$14,IF(D46=$AN$15,$AQ$15,IF(D46=$AN$16,$AQ$16,)))))))))))) | M46: Ð | N46: =(IF(D46="","",IF(D46=$AN$7,$AR$7,IF(D46=$AN$8,$AR$8,IF(D46=$AN$9,$AR$9,IF(D46=$AN$10,$AR$10,IF(D46=$AN$11,$AR$11,IF(D46=$AN$12,$AR$12,IF(D46=$AN$13,$AR$616,IF(D46=$AN$14,$AR$14,IF(D46=$AN$15,$AR$15,IF(D46=$AN$16,$AR$16,)))))))))))) | Q46: * | U46: = | V46: =IF(D46="","",IF(D46>0,R46*I46)) | Y46: Ð | Z46: =N46
B47: Z̅ | I47: =(IF(D47="","",IF(D47=$AN$7,$AQ$7,IF(D47=$AN$8,$AQ$8,IF(D47=$AN$9,$AQ$9,IF(D47=$AN$10,$AQ$10,IF(D47=$AN$11,$AQ$11,IF(D47=$AN$12,$AQ$12,IF(D47=$AN$13,$AQ$13,IF(D47=$AN$14,$AQ$14,IF(D47=$AN$15,$AQ$15,IF(D47=$AN$16,$AQ$16,)))))))))))) | M47: Ð | N47: =(IF(D47="","",IF(D47=$AN$7,$AR$7,IF(D47=$AN$8,$AR$8,IF(D47=$AN$9,$AR$9,IF(D47=$AN$10,$AR$10,IF(D47=$AN$11,$AR$11,IF(D47=$AN$12,$AR$12,IF(D47=$AN$13,$AR$616,IF(D47=$AN$14,$AR$14,IF(D47=$AN$15,$AR$15,IF(D47=$AN$16,$AR$16,)))))))))))) | Q47: * | U47: = | V47: =IF(D47="","",IF(D47>0,R47*I47)) | Y47: Ð | Z47: =N47
B48: Z̅ | I48: =(IF(D48="","",IF(D48=$AN$7,$AQ$7,IF(D48=$AN$8,$AQ$8,IF(D48=$AN$9,$AQ$9,IF(D48=$AN$10,$AQ$10,IF(D48=$AN$11,$AQ$11,IF(D48=$AN$12,$AQ$12,IF(D48=$AN$13,$AQ$13,IF(D48=$AN$14,$AQ$14,IF(D48=$AN$15,$AQ$15,IF(D48=$AN$16,$AQ$16,)))))))))))) | M48: Ð | N48: =(IF(D48="","",IF(D48=$AN$7,$AR$7,IF(D48=$AN$8,$AR$8,IF(D48=$AN$9,$AR$9,IF(D48=$AN$10,$AR$10,IF(D48=$AN$11,$AR$11,IF(D48=$AN$12,$AR$12,IF(D48=$AN$13,$AR$616,IF(D48=$AN$14,$AR$14,IF(D48=$AN$15,$AR$15,IF(D48=$AN$16,$AR$16,)))))))))))) | Q48: * | U48: = | V48: =IF(D48="","",IF(D48>0,R48*I48)) | Y48: Ð | Z48: =N48
B49: Z̅ | I49: =(IF(D49="","",IF(D49=$AN$7,$AQ$7,IF(D49=$AN$8,$AQ$8,IF(D49=$AN$9,$AQ$9,IF(D49=$AN$10,$AQ$10,IF(D49=$AN$11,$AQ$11,IF(D49=$AN$12,$AQ$12,IF(D49=$AN$13,$AQ$13,IF(D49=$AN$14,$AQ$14,IF(D49=$AN$15,$AQ$15,IF(D49=$AN$16,$AQ$16,)))))))))))) | M49: Ð | N49: =(IF(D49="","",IF(D49=$AN$7,$AR$7,IF(D49=$AN$8,$AR$8,IF(D49=$AN$9,$AR$9,IF(D49=$AN$10,$AR$10,IF(D49=$AN$11,$AR$11,IF(D49=$AN$12,$AR$12,IF(D49=$AN$13,$AR$616,IF(D49=$AN$14,$AR$14,IF(D49=$AN$15,$AR$15,IF(D49=$AN$16,$AR$16,)))))))))))) | Q49: * | U49: = | V49: =IF(D49="","",IF(D49>0,R49*I49)) | Y49: Ð | Z49: =N49
B50: Z̅ | I50: =(IF(D50="","",IF(D50=$AN$7,$AQ$7,IF(D50=$AN$8,$AQ$8,IF(D50=$AN$9,$AQ$9,IF(D50=$AN$10,$AQ$10,IF(D50=$AN$11,$AQ$11,IF(D50=$AN$12,$AQ$12,IF(D50=$AN$13,$AQ$13,IF(D50=$AN$14,$AQ$14,IF(D50=$AN$15,$AQ$15,IF(D50=$AN$16,$AQ$16,)))))))))))) | M50: Ð | N50: =(IF(D50="","",IF(D50=$AN$7,$AR$7,IF(D50=$AN$8,$AR$8,IF(D50=$AN$9,$AR$9,IF(D50=$AN$10,$AR$10,IF(D50=$AN$11,$AR$11,IF(D50=$AN$12,$AR$12,IF(D50=$AN$13,$AR$616,IF(D50=$AN$14,$AR$14,IF(D50=$AN$15,$AR$15,IF(D50=$AN$16,$AR$16,)))))))))))) | Q50: * | U50: = | V50: =IF(D50="","",IF(D50>0,R50*I50)) | Y50: Ð | Z50: =N50
O51: Summeret ∑Z̅Kabel | U51: = | V51: =SQRT(SUM($BA$7:BA16)^2+SUM($BB$7:BB16)^2) -> 0.27139628 | Y51: Ð | Z51: =IF(V51=0,0,DEGREES(ATAN(SUM($BB$7:BB16)/SUM($BA$7:BA16)))) -> 2.0681416
B53: IKminFN(PE) | F53: = | J53: UN
J54: √3 | L54: * | M54: ( | N54: =IF(H34="Transformer", "Z̅T", IF(H34="Beregnet","",)) | P54: =IF(N54="","",AR3) | Q54: Z̅N | S54: + | T54: ∑ | U54: Z̅Kabel | X54: )
B57: <=>
B59: 400 | AF59: = | AG59: =IF(M60="","",ROUND($B$59/(SQRT(3)*$AS$16),0)) -> 517
B60: √3 | C60: * | D60: ( | E60: =IF($H$34="Transformer",$BC$7,IF($H$34="Beregnet","")) | G60: =IF($N$54="","",AT3) | H60: =IF($H$34="Transformer",$BD$7,IF($H$34="Beregnet","")) | L60: =IF($N$54="","",AR3) | M60: =(IF($H$34="Transformer",$BE$7,IF($H$34="beregnet",$BE$10,))) -> 0.1848 | P60: =IF($Q$54="","",AT3) -> Ð | Q60: =IF(M60="","",IF($H$34="Transformer",$BF$7)+IF($H$34="Beregnet",$BF$10)) -> 25.8419 | T60: =IF(U60="","",$AR$3) -> + | U60: =IF($V$51=0,"",$V$51) -> 0.27139628 | X60: =IF(U60="","",$AT$3) -> Ð | Y60: =IF($Z$51=0,"",$Z$51) -> 2.0681416
B63: 400 | AF63: = | AG63: =IF(M64="","",ROUND($B$59/(SQRT(3)*$AS$16),2)*10^-3) -> 0.51691
B64: √3 | C64: * | D64: ( | E64: =IF($H$34="Transformer",$BC$7,IF($H$34="Beregnet","")) | G64: =IF($N$54="","",AT3) | H64: =IF($H$34="Transformer",$BD$7,IF($H$34="Beregnet","")) | L64: =IF($N$54="","",AR3) | M64: =(IF($H$34="Transformer",$BE$7,IF($H$34="beregnet",$BE$10,))) -> 0.1848 | P64: =IF($Q$54="","",AT3) -> Ð | Q64: =IF(M64="","",IF($H$34="Transformer",$BF$7)+IF($H$34="Beregnet",$BF$10)) -> 25.8419 | T64: =IF(U64="","",$AR$3) -> + | U64: =IF($V$51=0,"",$V$51) -> 0.27139628 | X64: =IF(U64="","",$AT$3) -> Ð | Y64: =IF($Z$51=0,"",$Z$51) -> 2.0681416

Sheet Udregning
B1: Beregning af nettetmin (Ikmax) | F1: Beregning af nettetmax (Ikmin)
A2: Znet | B2: Znet min | C2: Cos min | D2: Rnet min | E2: Xnet min | F2: Znet max | G2: Cos max | H2: Rnet max | I2: Xnet max
B3: =Transformer!#REF! -> #REF! | C3: =Transformer!#REF! -> #REF! | D3: =B3*COS(RADIANS(C3)) -> #REF! | E3: =B3*SIN(RADIANS(C3)) -> #REF! | F3: =Transformer!#REF! -> #REF! | G3: =Transformer!#REF! -> #REF! | H3: =F3*COS(RADIANS(G3)) -> #REF! | I3: =F3*SIN(RADIANS(G3)) -> #REF!
B4: beregning af trafo | F4: Omregning af Ikmax | J4: Omregning af Ikmin
A5: Zt | B5: Zt | C5: Cos | D5: Rt | E5: Xt | F5: Znet max | G5: Cos max | H5: Rnet max | I5: Xnet max | J5: Znet max | K5: Cos max | L5: Rnet max | M5: Xnet max
B6: =Transformer!#REF! -> #REF! | C6: =Transformer!#REF! -> #REF! | D6: =Transformer!U24 -> 0 | E6: =B6*SIN(RADIANS(C6)) -> #REF! | F6: =Transformer!#REF! -> #REF! | G6: =Transformer!#REF! -> #REF! | H6: =F6*COS(RADIANS(G6)) -> #REF! | I6: =F6*SIN(RADIANS(G6)) -> #REF! | J6: =Transformer!#REF! -> #REF! | K6: =Transformer!#REF! -> #REF! | L6: =J6*COS(RADIANS(K6)) -> #REF! | M6: =J6*SIN(RADIANS(K6)) -> #REF!
A8: Kabel1 | B8: R20 | C8: X | D8: R70 | E8: X
B9: =(VLOOKUP(KabelData!B4,Kabel!$C$5:$K$74,2,))*10^-3*KabelData!B7/KabelData!B8 -> #N/A | C9: =(VLOOKUP(KabelData!B4,Kabel!$C$5:$K$74,3,))*10^-3*KabelData!B7/KabelData!B8 -> #N/A | D9: =(VLOOKUP(KabelData!B4,Kabel!$C$5:$K$74,8,))*10^-3*KabelData!B7/KabelData!B8 -> #N/A | E9: =(VLOOKUP(KabelData!B4,Kabel!$C$5:$K$74,9,))*10^-3*KabelData!B7/KabelData!B8 -> #N/A
H10: =(VLOOKUP(KabelData!B4,Kabel!$C$5:$K$46,5,)) -> #N/A
A11: Kabel2 | H11: =(VLOOKUP(KabelData!B4,Kabel!$C$5:$K$46,7,)) -> #N/A
B12: =(VLOOKUP(KabelData!$F$4,Kabel!$C$5:$K$74,2,))*10^-3*KabelData!$F$7/KabelData!$F$8 -> #N/A | C12: =(VLOOKUP(KabelData!$F$4,Kabel!$C$5:$K$74,3,))*10^-3*KabelData!$F$7/KabelData!$F$8 -> #N/A | D12: =(VLOOKUP(KabelData!$F$4,Kabel!$C$5:$K$74,8,))*10^-3*KabelData!$F$7/KabelData!$F$8 -> #N/A | E12: =(VLOOKUP(KabelData!$F$4,Kabel!$C$5:$K$74,9,))*10^-3*KabelData!$F$7/KabelData!$F$8 -> #N/A
A14: Kabel3
B15: =(VLOOKUP(KabelData!$J$4,Kabel!$C$5:$K$74,2,))*10^-3*KabelData!$J$7/KabelData!$J$8 -> #N/A | C15: =(VLOOKUP(KabelData!$J$4,Kabel!$C$5:$K$74,3,))*10^-3*KabelData!$J$7/KabelData!$J$8 -> #N/A | D15: =(VLOOKUP(KabelData!$J$4,Kabel!$C$5:$K$74,8,))*10^-3*KabelData!$J$7/KabelData!$J$8 -> #N/A | E15: =(VLOOKUP(KabelData!$J$4,Kabel!$C$5:$K$74,9,))*10^-3*KabelData!$J$7/KabelData!$J$8 -> #N/A
A17: Kabel4
B18: =(VLOOKUP(KabelData!$N$4,Kabel!$C$5:$K$74,2,))*10^-3*KabelData!$N$7/KabelData!$N$8 -> #N/A | C18: =(VLOOKUP(KabelData!$N$4,Kabel!$C$5:$K$74,3,))*10^-3*KabelData!$N$7/KabelData!$N$8 -> #N/A | D18: =(VLOOKUP(KabelData!$N$4,Kabel!$C$5:$K$74,8,))*10^-3*KabelData!$N$7/KabelData!$N$8 -> #N/A | E18: =(VLOOKUP(KabelData!$N$4,Kabel!$C$5:$K$74,9,))*10^-3*KabelData!$N$7/KabelData!$N$8 -> #N/A
A19: modstande kabler- trafo- net | G19: Modstande kabler og trafo | M19: Modstande kun kabler | S19: modstande kabler- Ikmax - Ikmin
B20: R20 | C20: X | D20: R70 | E20: X | H20: R20 | I20: X | J20: R70 | K20: X | N20: R20 | O20: X | P20: R70 | Q20: X | T20: R20 | U20: X | V20: R70 | W20: X
A21: Samlt | B21: =$D$3+$D$6+$B$9+$B$12+$B$15+$B$18+$B$26+$B$29+$B$32+$B$35+$B$38+$B$41 -> #REF! | C21: =$E$3+$E$6+$C$9+$C$12+$C$15+$C$18+$C$26+$C$29+$C$32+$C$35+$C$38+$C$41 -> #REF! | D21: =$H$3+$D$6+$D$9+$D$12+$D$15+$D$18+$D$26+$D$29+$D$32+$D$35+$D$38+$D$41 -> #REF! | E21: =$I$3+$E$6+$E$9+$E$12+$E$15+$E$18+$E$26+$E$29+$E$32+$E$35+$E$38+$E$41 -> #REF! | G21: Samlt | H21: =$D$6+$B$9+$B$12+$B$15+$B$18+$B$26+$B$29+$B$32+$B$35+$B$38+$B$41 -> #N/A | I21: =$E$6+$C$9+$C$12+$C$15+$C$18+$C$26+$C$29+$C$32+$C$35+$C$38+$C$41 -> #REF! | J21: =$D$6+$D$9+$D$12+$D$15+$D$18+$D$26+$D$29+$D$32+$D$35+$D$38+$D$41 -> #N/A | K21: =$E$6+$E$9+$E$12+$E$15+$E$18+$E$26+$E$29+$E$32+$E$35+$E$38+$E$41 -> #REF! | M21: Samlt | N21: =$D$9+$B$12+$B$15+$B$18+$B$26+$B$29+$B$32+$B$35+$B$38+$B$41 -> #N/A | O21: =$E$9+$C$12+$C$15+$C$18+$C$26+$C$29+$C$32+$C$35+$C$38+$C$41 -> #N/A | P21: =$D$9+$D$12+$D$15+$D$18+$D$26+$D$29+$D$32+$D$35+$D$38+$D$41 -> #N/A | Q21: =$E$9+$E$12+$E$15+$E$18+$E$26+$E$29+$E$32+$E$35+$E$38+$E$41 -> #N/A | S21: Samlt | T21: =$H$6+$B$9+$B$12+$B$15+$B$18+$B$26+$B$29+$B$32+$B$35+$B$38+$B$41 -> #REF! | U21: =$I$6+$C$9+$C$12+$C$15+$C$18+$C$26+$C$29+$C$32+$C$35+$C$38+$C$41 -> #REF! | V21: =$L$6+$D$9+$D$12+$D$15+$D$18+$D$26+$D$29+$D$32+$D$35+$D$38+$D$41 -> #REF! | W21: =$M$6+$E$9+$E$12+$E$15+$E$18+$E$26+$E$29+$E$32+$E$35+$E$38+$E$41 -> #REF!
B22: Z20 | C22: Cos | D22: Z70 | E22: Cos | H22: Z20 | I22: Cos | J22: Z70 | K22: Cos | N22: Z20 | O22: Cos | P22: Z70 | Q22: Cos | T22: Z20 | U22: Cos | V22: Z70 | W22: Cos
B23: =SQRT($B$21^2+$C$21^2) -> #REF! | C23: =DEGREES(ACOS($B$21/$B$23)) -> #REF! | D23: =SQRT($D$21^2+$E$21^2) -> #REF! | E23: =DEGREES(ACOS($D$21/$D$23)) -> #REF! | H23: =SQRT($H$21^2+$I$21^2) -> #N/A | I23: =DEGREES(ACOS($H$21/$H$23)) -> #N/A | J23: =SQRT($J$21^2+$K$21^2) -> #N/A | K23: =DEGREES(ACOS($J$21/$J$23)) -> #N/A | N23: =SQRT($N$21^2+$O$21^2) -> #N/A | O23: =DEGREES(ACOS($N$21/$N$23)) -> #N/A | P23: =SQRT($P$21^2+$Q$21^2) -> #N/A | Q23: =DEGREES(ACOS($P$21/$P$23)) -> #N/A | T23: =SQRT($T$21^2+$U$21^2) -> #REF! | U23: =DEGREES(ACOS($T$21/$T$23)) -> #REF! | V23: =SQRT($V$21^2+$W$21^2) -> #REF! | W23: =DEGREES(ACOS($V$21/$V$23)) -> #REF!
A25: Kabel5
B26: =(VLOOKUP(KabelData!$R$4,Kabel!$C$5:$K$74,2,))*10^-3*KabelData!$R$7/KabelData!$R$8 -> #N/A | C26: =(VLOOKUP(KabelData!$R$4,Kabel!$C$5:$K$74,3,))*10^-3*KabelData!$R$7/KabelData!$R$8 -> #N/A | D26: =(VLOOKUP(KabelData!$R$4,Kabel!$C$5:$K$74,8,))*10^-3*KabelData!$R$7/KabelData!$R$8 -> #N/A | E26: =(VLOOKUP(KabelData!$R$4,Kabel!$C$5:$K$74,9,))*10^-3*KabelData!$R$7/KabelData!$R$8 -> #N/A
A28: Kabel6
B29: =(VLOOKUP(KabelData!$B$19,Kabel!$C$5:$K$74,2,))*10^-3*KabelData!$B$22/KabelData!$B$23 -> #N/A | C29: =(VLOOKUP(KabelData!$B$19,Kabel!$C$5:$K$74,3,))*10^-3*KabelData!$B$22/KabelData!$B$23 -> #N/A | D29: =(VLOOKUP(KabelData!$B$19,Kabel!$C$5:$K$74,8,))*10^-3*KabelData!$B$22/KabelData!$B$23 -> #N/A | E29: =(VLOOKUP(KabelData!$B$19,Kabel!$C$5:$K$74,9,))*10^-3*KabelData!$B$22/KabelData!$B$23 -> #N/A
A31: Kabel7
B32: =(VLOOKUP(KabelData!$F$19,Kabel!$C$5:$K$74,2,))*10^-3*KabelData!$F$22/KabelData!$F$23 -> #N/A | C32: =(VLOOKUP(KabelData!$F$19,Kabel!$C$5:$K$74,3,))*10^-3*KabelData!$F$22/KabelData!$F$23 -> #N/A | D32: =(VLOOKUP(KabelData!$F$19,Kabel!$C$5:$K$74,8,))*10^-3*KabelData!$F$22/KabelData!$F$23 -> #N/A | E32: =(VLOOKUP(KabelData!$F$19,Kabel!$C$5:$K$74,9,))*10^-3*KabelData!$F$22/KabelData!$F$23 -> #N/A
A34: Kabel8
B35: =(VLOOKUP(KabelData!$J$19,Kabel!$C$5:$K$74,2,))*10^-3*KabelData!$J$22/KabelData!$J$23 -> #N/A | C35: =(VLOOKUP(KabelData!$J$19,Kabel!$C$5:$K$74,3,))*10^-3*KabelData!$J$22/KabelData!$J$23 -> #N/A | D35: =(VLOOKUP(KabelData!$J$19,Kabel!$C$5:$K$74,8,))*10^-3*KabelData!$J$22/KabelData!$J$23 -> #N/A | E35: =(VLOOKUP(KabelData!$J$19,Kabel!$C$5:$K$74,9,))*10^-3*KabelData!$J$22/KabelData!$J$23 -> #N/A
A37: Kabel9
B38: =(VLOOKUP(KabelData!$N$19,'Kabel gummi'!C5:K53,2,))*10^-3*KabelData!$N$22/KabelData!$N$23 -> #N/A | C38: =(VLOOKUP(KabelData!$N$19,'Kabel gummi'!C5:K53,3,))*10^-3*KabelData!$N$22/KabelData!$N$23 -> #N/A | D38: =(VLOOKUP(KabelData!$N$19,'Kabel gummi'!C5:K53,8,))*10^-3*KabelData!$N$22/KabelData!$N$23 -> #N/A | E38: =(VLOOKUP(KabelData!$N$19,'Kabel gummi'!C5:K53,9,))*10^-3*KabelData!$N$22/KabelData!$N$23 -> #N/A
A40: Kabel10
B41: =(VLOOKUP(KabelData!$R$19,'Kabel gummi'!C5:K53,2,))*10^-3*KabelData!$R$22/KabelData!$R$23 -> #N/A | C41: =(VLOOKUP(KabelData!$R$19,'Kabel gummi'!C5:K53,3,))*10^-3*KabelData!$R$22/KabelData!$R$23 -> #N/A | D41: =(VLOOKUP(KabelData!$R$19,'Kabel gummi'!C5:K53,8,))*10^-3*KabelData!$R$22/KabelData!$R$23 -> #N/A | E41: =(VLOOKUP(KabelData!$R$19,'Kabel gummi'!C5:K53,9,))*10^-3*KabelData!$R$22/KabelData!$R$23 -> #N/A

Sheet Kabel
A1: Kabel værdier tabel nr.13 0g tabel 17 | N1: G | O1: AL | P1: 1
N2: X | O2: CU | P2: 2
D3: Kabel værdi 20 grader | H3: Kabel værdi 70 grader | O3: Tilledning | P3: 3
A4: Type | B4: Leder | C4: Oversigt | D4: R | E4: X | F4: Z 20 | G4: Cos fi 20 | H4: Z 70 | I4: Cos fi 70 | J4: R | K4: X | P4: 4
A5: Kobber | B5: 3-leder | C5: 1.5 | D5: 12.1 | E5: 0.103 | F5: =IMABS(COMPLEX(D5,E5,"i")) -> 12.100438 | G5: =DEGREES(ACOS((D5/F5))) -> 0.48771262 | H5: =IMABS(COMPLEX(J5,K5,"i")) -> 18.150292 | I5: =DEGREES(ACOS((J5/H5))) -> 0.32514611 | J5: 18.15 | K5: 0.103 | P5: 5
B6: 3-leder | C6: 2.5 | D6: 7.41 | E6: 0.095 | F6: =IMABS(COMPLEX(D6,E6,"i")) -> 7.4106089 | G6: =DEGREES(ACOS((D6/F6))) -> 0.73452103 | H6: =IMABS(COMPLEX(J6,K6,"i")) -> 11.115406 | I6: =DEGREES(ACOS((J6/H6))) -> 0.48969559 | J6: 11.115 | K6: 0.095
B7: 3-leder | C7: 4 | D7: 4.61 | E7: 0.089 | F7: =IMABS(COMPLEX(D7,E7,"i")) -> 4.610859 | G7: =DEGREES(ACOS((D7/F7))) -> 1.1060067 | H7: =IMABS(COMPLEX(J7,K7,"i")) -> 6.9155727 | I7: =DEGREES(ACOS((J7/H7))) -> 0.7373887 | J7: 6.915 | K7: 0.089
B8: 3-leder | C8: 6 | D8: 3.08 | E8: 0.087 | F8: =IMABS(COMPLEX(D8,E8,"i")) -> 3.0812285 | G8: =DEGREES(ACOS((D8/F8))) -> 1.6179895 | H8: =IMABS(COMPLEX(J8,K8,"i")) -> 4.6208191 | I8: =DEGREES(ACOS((J8/H8))) -> 1.078819 | J8: 4.62 | K8: 0.087
B9: 3-leder | C9: 10 | D9: 1.83 | E9: 0.082 | F9: =IMABS(COMPLEX(D9,E9,"i")) -> 1.8318362 | G9: =DEGREES(ACOS((D9/F9))) -> 2.5656357 | H9: =IMABS(COMPLEX(J9,K9,"i")) -> 2.7462245 | I9: =DEGREES(ACOS((J9/H9))) -> 1.7110591 | J9: 2.745 | K9: 0.082
B10: 3-leder | C10: 16 | D10: 1.15 | E10: 0.078 | F10: =IMABS(COMPLEX(D10,E10,"i")) -> 1.1526422 | G10: =DEGREES(ACOS((D10/F10))) -> 3.8802057 | H10: =IMABS(COMPLEX(J10,K10,"i")) -> 1.7267626 | I10: =DEGREES(ACOS((J10/H10))) -> 2.5890021 | J10: 1.725 | K10: 0.078
B11: 3-leder | C11: 25 | D11: 0.727 | E11: 0.079 | F11: =IMABS(COMPLEX(D11,E11,"i")) -> 0.7312797 | G11: =DEGREES(ACOS((D11/F11))) -> 6.2017546 | H11: =IMABS(COMPLEX(J11,K11,"i")) -> 1.0933578 | I11: =DEGREES(ACOS((J11/H11))) -> 4.1434875 | J11: 1.0905 | K11: 0.079
B12: 3-leder | C12: 35 | D12: 0.525 | E12: 0.74 | F12: =IMABS(COMPLEX(D12,E12,"i")) -> 0.90731747 | G12: =DEGREES(ACOS((D12/F12))) -> 54.645844 | H12: =IMABS(COMPLEX(J12,K12,"i")) -> 0.79096918 | I12: =DEGREES(ACOS((J12/H12))) -> 5.3682209 | J12: 0.7875 | K12: 0.074
B13: 4-leder | C13: 1.5 | D13: 12.1 | E13: 0.11 | F13: =IMABS(COMPLEX(D13,E13,"i")) -> 12.1005 | G13: =DEGREES(ACOS((D13/F13))) -> 0.52085637 | H13: =IMABS(COMPLEX(J13,K13,"i")) -> 18.150333 | I13: =DEGREES(ACOS((J13/H13))) -> 0.3472429 | J13: 18.15 | K13: 0.11
B14: 4-leder | C14: 2.5 | D14: 7.41 | E14: 0.102 | F14: =IMABS(COMPLEX(D14,E14,"i")) -> 7.410702 | G14: =DEGREES(ACOS((D14/F14))) -> 0.78863704 | H14: =IMABS(COMPLEX(J14,K14,"i")) -> 11.115468 | I14: =DEGREES(ACOS((J14/H14))) -> 0.52577647 | J14: 11.115 | K14: 0.102
B15: 4-leder | C15: 4 | D15: 4.61 | E15: 0.096 | F15: =IMABS(COMPLEX(D15,E15,"i")) -> 4.6109995 | G15: =DEGREES(ACOS((D15/F15))) -> 1.1929718 | H15: =IMABS(COMPLEX(J15,K15,"i")) -> 6.9156663 | I15: =DEGREES(ACOS((J15/H15))) -> 0.79537838 | J15: 6.915 | K15: 0.096
B16: 4-leder | C16: 6 | D16: 3.08 | E16: 0.094 | F16: =IMABS(COMPLEX(D16,E16,"i")) -> 3.0814341 | G16: =DEGREES(ACOS((D16/F16))) -> 1.7480948 | H16: =IMABS(COMPLEX(J16,K16,"i")) -> 4.6209562 | I16: =DEGREES(ACOS((J16/H16))) -> 1.1655975 | J16: 4.62 | K16: 0.094
B17: 4-leder | C17: 10 | D17: 1.83 | E17: 0.089 | F17: =IMABS(COMPLEX(D17,E17,"i")) -> 1.8321629 | G17: =DEGREES(ACOS((D17/F17))) -> 2.7843222 | H17: =IMABS(COMPLEX(J17,K17,"i")) -> 2.7464424 | I17: =DEGREES(ACOS((J17/H17))) -> 1.8570268 | J17: 2.745 | K17: 0.089
... B35: 5-leder | C35: 35 | D35: 0.525 | E35: 0.085 | F35: =IMABS(COMPLEX(D35,E35,"i")) -> 0.53183644 | G35: =DEGREES(ACOS((D35/F35))) -> 9.1966559 | H35: =IMABS(COMPLEX(J35,K35,"i")) -> 0.79207402 | I35: =DEGREES(ACOS((J35/H35))) -> 6.1604565 | J35: 0.7875 | K35: 0.085
A36: Aluminium | B36: 4-leder | C36: 16 | D36: 1.91 | E36: 0.069 | F36: =IMABS(COMPLEX(D36,E36,"i")) -> 1.9112459 | G36: =DEGREES(ACOS((D36/F36))) -> 2.0689478 | H36: =IMABS(COMPLEX(J36,K36,"i")) -> 2.8658308 | I36: =DEGREES(ACOS((J36/H36))) -> 1.3796317 | J36: 2.865 | K36: 0.069
B37: 4-leder | C37: 25 | D37: 1.2 | E37: 0.084 | F37: =IMABS(COMPLEX(D37,E37,"i")) -> 1.2029364 | G37: =DEGREES(ACOS((D37/F37))) -> 4.0041729 | H37: =IMABS(COMPLEX(J37,K37,"i")) -> 1.8019589 | I37: =DEGREES(ACOS((J37/H37))) -> 2.6718646 | J37: 1.8 | K37: 0.084
B38: 4-leder | C38: 35 | D38: 0.868 | E38: 0.082 | F38: =IMABS(COMPLEX(D38,E38,"i")) -> 0.87186467 | G38: =DEGREES(ACOS((D38/F38))) -> 5.3967185 | H38: =IMABS(COMPLEX(J38,K38,"i")) -> 1.3045796 | I38: =DEGREES(ACOS((J38/H38))) -> 3.6037303 | J38: 1.302 | K38: 0.082
B39: 4-leder | C39: 50 | D39: 0.641 | E39: 0.081 | F39: =IMABS(COMPLEX(D39,E39,"i")) -> 0.64609752 | G39: =DEGREES(ACOS((D39/F39))) -> 7.202012 | H39: =IMABS(COMPLEX(J39,K39,"i")) -> 0.96490582 | I39: =DEGREES(ACOS((J39/H39))) -> 4.8154194 | J39: 0.9615 | K39: 0.081
B40: 4-leder | C40: 70 | D40: 0.444 | E40: 0.08 | F40: =IMABS(COMPLEX(D40,E40,"i")) -> 0.45114964 | G40: =DEGREES(ACOS((D40/F40))) -> 10.213973 | H40: =IMABS(COMPLEX(J40,K40,"i")) -> 0.6707876 | I40: =DEGREES(ACOS((J40/H40))) -> 6.849558 | J40: 0.666 | K40: 0.08
B41: 4-leder | C41: 95 | D41: 0.321 | E41: 0.078 | F41: =IMABS(COMPLEX(D41,E41,"i")) -> 0.33034073 | G41: =DEGREES(ACOS((D41/F41))) -> 13.657643 | H41: =IMABS(COMPLEX(J41,K41,"i")) -> 0.48777684 | I41: =DEGREES(ACOS((J41/H41))) -> 9.2016253 | J41: 0.4815 | K41: 0.078
B42: 4-leder | C42: 120 | D42: 0.254 | E42: 0.077 | F42: =IMABS(COMPLEX(D42,E42,"i")) -> 0.26541477 | G42: =DEGREES(ACOS((D42/F42))) -> 16.864659 | H42: =IMABS(COMPLEX(J42,K42,"i")) -> 0.38870297 | I42: =DEGREES(ACOS((J42/H42))) -> 11.425565 | J42: 0.381 | K42: 0.077
B43: 4-leder | C43: 150 | D43: 0.207 | E43: 0.078 | F43: =IMABS(COMPLEX(D43,E43,"i")) -> 0.22120805 | G43: =DEGREES(ACOS((D43/F43))) -> 20.646991 | H43: =IMABS(COMPLEX(J43,K43,"i")) -> 0.32014723 | I43: =DEGREES(ACOS((J43/H43))) -> 14.101352 | J43: 0.3105 | K43: 0.078
B44: 4-leder | C44: 185 | D44: 0.166 | E44: 0.078 | F44: =IMABS(COMPLEX(D44,E44,"i")) -> 0.1834121 | G44: =DEGREES(ACOS((D44/F44))) -> 25.16787 | H44: =IMABS(COMPLEX(J44,K44,"i")) -> 0.26093103 | I44: =DEGREES(ACOS((J44/H44))) -> 17.393322 | J44: 0.249 | K44: 0.078
B45: 4-leder | C45: 240 | D45: 0.127 | E45: 0.077 | F45: =IMABS(COMPLEX(D45,E45,"i")) -> 0.14851936 | G45: =DEGREES(ACOS((D45/F45))) -> 31.2284 | H45: =IMABS(COMPLEX(J45,K45,"i")) -> 0.20547323 | I45: =DEGREES(ACOS((J45/H45))) -> 22.008533 | J45: 0.1905 | K45: 0.077
B46: 4-leder | C46: 300 | D46: 0.103 | E46: 0.077 | F46: =IMABS(COMPLEX(D46,E46,"i")) -> 0.12860016 | G46: =DEGREES(ACOS((D46/F46))) -> 36.780791 | H46: =IMABS(COMPLEX(J46,K46,"i")) -> 0.17262459 | I46: =DEGREES(ACOS((J46/H46))) -> 26.490834 | J46: 0.1545 | K46: 0.077
B47: 5-leder | C47: 16 | D47: 1.91 | E47: 0.072 | F47: =IMABS(COMPLEX(D47,E47,"i")) -> 1.9113566 | G47: =DEGREES(ACOS((D47/F47))) -> 2.1588187 | H47: =IMABS(COMPLEX(J47,K47,"i")) -> 2.8659046 | I47: =DEGREES(ACOS((J47/H47))) -> 1.4395909 | J47: 2.865 | K47: 0.072
B48: 5-leder | C48: 25 | D48: 1.2 | E48: 0.087 | F48: =IMABS(COMPLEX(D48,E48,"i")) -> 1.2031496 | G48: =DEGREES(ACOS((D48/F48))) -> 4.1466888 | H48: =IMABS(COMPLEX(J48,K48,"i")) -> 1.8021013 | I48: =DEGREES(ACOS((J48/H48))) -> 2.7671426 | J48: 1.8 | K48: 0.087
A49: Værdier er taget fra 4 ledet kabel. | C49: 1.5 | D49: 12.1 | E49: 0.11 | F49: =IMABS(COMPLEX(D49,E49,"i")) -> 12.1005 | G49: =DEGREES(ACOS((D49/F49))) -> 0.52085637 | H49: =IMABS(COMPLEX(J49,K49,"i")) -> 18.150333 | I49: =DEGREES(ACOS((J49/H49))) -> 0.3472429 | J49: 18.15 | K49: 0.11
C50: 2.5 | D50: 7.41 | E50: 0.102 | F50: =IMABS(COMPLEX(D50,E50,"i")) -> 7.410702 | G50: =DEGREES(ACOS((D50/F50))) -> 0.78863704 | H50: =IMABS(COMPLEX(J50,K50,"i")) -> 11.115468 | I50: =DEGREES(ACOS((J50/H50))) -> 0.52577647 | J50: 11.115 | K50: 0.102
C51: 4 | D51: 4.61 | E51: 0.096 | F51: =IMABS(COMPLEX(D51,E51,"i")) -> 4.6109995 | G51: =DEGREES(ACOS((D51/F51))) -> 1.1929718 | H51: =IMABS(COMPLEX(J51,K51,"i")) -> 6.9156663 | I51: =DEGREES(ACOS((J51/H51))) -> 0.79537838 | J51: 6.915 | K51: 0.096
C52: 6 | D52: 3.08 | E52: 0.094 | F52: =IMABS(COMPLEX(D52,E52,"i")) -> 3.0814341 | G52: =DEGREES(ACOS((D52/F52))) -> 1.7480948 | H52: =IMABS(COMPLEX(J52,K52,"i")) -> 4.6209562 | I52: =DEGREES(ACOS((J52/H52))) -> 1.1655975 | J52: 4.62 | K52: 0.094
C53: 10 | D53: 1.83 | E53: 0.089 | F53: =IMABS(COMPLEX(D53,E53,"i")) -> 1.8321629 | G53: =DEGREES(ACOS((D53/F53))) -> 2.7843222 | H53: =IMABS(COMPLEX(J53,K53,"i")) -> 2.7464424 | I53: =DEGREES(ACOS((J53/H53))) -> 1.8570268 | J53: 2.745 | K53: 0.089
C54: 16 | D54: 1.15 | E54: 0.085 | F54: =IMABS(COMPLEX(D54,E54,"i")) -> 1.153137 | G54: =DEGREES(ACOS((D54/F54))) -> 4.2272187 | H54: =IMABS(COMPLEX(J54,K54,"i")) -> 1.7270929 | I54: =DEGREES(ACOS((J54/H54))) -> 2.8209886 | J54: 1.725 | K54: 0.085
C55: 25 | D55: 0.727 | E55: 0.086 | F55: =IMABS(COMPLEX(D55,E55,"i")) -> 0.73206899 | G55: =DEGREES(ACOS((D55/F55))) -> 6.7464154 | H55: =IMABS(COMPLEX(J55,K55,"i")) -> 1.0938858 | I55: =DEGREES(ACOS((J55/H55))) -> 4.5091791 | J55: 1.0905 | K55: 0.086
C56: 35 | D56: 0.525 | E56: 0.082 | F56: =IMABS(COMPLEX(D56,E56,"i")) -> 0.53136522 | G56: =DEGREES(ACOS((D56/F56))) -> 8.8773299 | H56: =IMABS(COMPLEX(J56,K56,"i")) -> 0.7917577 | I56: =DEGREES(ACOS((J56/H56))) -> 5.9446138 | J56: 0.7875 | K56: 0.082
C57: 50 | D57: 0.388 | E57: 0.084 | F57: =IMABS(COMPLEX(D57,E57,"i")) -> 0.39698866 | G57: =DEGREES(ACOS((D57/F57))) -> 12.215719 | H57: =IMABS(COMPLEX(J57,K57,"i")) -> 0.58803061 | I57: =DEGREES(ACOS((J57/H57))) -> 8.2127802 | J57: 0.582 | K57: 0.084
C58: 70 | D58: 0.269 | E58: 0.081 | F58: =IMABS(COMPLEX(D58,E58,"i")) -> 0.2809306 | G58: =DEGREES(ACOS((D58/F58))) -> 16.757849 | H58: =IMABS(COMPLEX(J58,K58,"i")) -> 0.41154981 | I58: =DEGREES(ACOS((J58/H58))) -> 11.350887 | J58: 0.4035 | K58: 0.081
C59: 95 | D59: 0.194 | E59: 0.082 | F59: =IMABS(COMPLEX(D59,E59,"i")) -> 0.21061814 | G59: =DEGREES(ACOS((D59/F59))) -> 22.912828 | H59: =IMABS(COMPLEX(J59,K59,"i")) -> 0.3023326 | I59: =DEGREES(ACOS((J59/H59))) -> 15.737143 | J59: 0.291 | K59: 0.082
C60: 120 | D60: 0.155 | E60: 0.082 | F60: =IMABS(COMPLEX(D60,E60,"i")) -> 0.17535393 | G60: =DEGREES(ACOS((D60/F60))) -> 27.880284 | H60: =IMABS(COMPLEX(J60,K60,"i")) -> 0.24653651 | I60: =DEGREES(ACOS((J60/H60))) -> 19.427143 | J60: 0.2325 | K60: 0.082
C61: 150 | D61: 0.126 | E61: 0.084 | F61: =IMABS(COMPLEX(D61,E61,"i")) -> 0.15143315 | G61: =DEGREES(ACOS((D61/F61))) -> 33.690068 | H61: =IMABS(COMPLEX(J61,K61,"i")) -> 0.20682601 | I61: =DEGREES(ACOS((J61/H61))) -> 23.962489 | J61: 0.189 | K61: 0.084
... C74: 300 | D74: 0.103 | E74: 0.077 | F74: =IMABS(COMPLEX(D74,E74,"i")) -> 0.12860016 | G74: =DEGREES(ACOS((D74/F74))) -> 36.780791 | H74: =IMABS(COMPLEX(J74,K74,"i")) -> 0.17262459 | I74: =DEGREES(ACOS((J74/H74))) -> 26.490834 | J74: 0.1545 | K74: 0.077
A75: Værdierne i denne tabel er opgivet for følgende kabel typer
A77: NOIKLX, PVIKX, NOIKX, NOIKX FLEX - OG ALU NOIK AL-M, NOIK AL-S NOBH AL-S
A79: TILLEDNINGER Kabel værdier tabel nr.13 0g tabel 17
D81: Kabel værdi 20 grader | H81: Kabel værdi 70 grader
A82: Type | B82: Leder | C82: Oversigt | D82: R | E82: X | F82: Z 20 | G82: Cos fi 20 | H82: Z 70 | I82: Cos fi 70 | J82: R | K82: X
A83: Kobber | B83: 2-leder | C83: 0.75 | D83: 26 | E83: 0.111 | F83: =IMABS(COMPLEX(D83,E83,"i")) -> 26.000237 | G83: =DEGREES(ACOS((D83/F83))) -> 0.24460742 | H83: =IMABS(COMPLEX(J83,K83,"i")) -> 39.000158 | I83: =DEGREES(ACOS((J83/H83))) -> 0.16307216 | J83: 39 | K83: 0.111
B84: 2-leder | C84: 1 | D84: 19.5 | E84: 0.105 | F84: =IMABS(COMPLEX(D84,E84,"i")) -> 19.500283 | G84: =DEGREES(ACOS((D84/F84))) -> 0.30851275 | H84: =IMABS(COMPLEX(J84,K84,"i")) -> 29.250188 | I84: =DEGREES(ACOS((J84/H84))) -> 0.20567627 | J84: 29.25 | K84: 0.105
B85: 2-leder | C85: 1.5 | D85: 13.3 | E85: 0.107 | F85: =IMABS(COMPLEX(D85,E85,"i")) -> 13.30043 | G85: =DEGREES(ACOS((D85/F85))) -> 0.46094106 | H85: =IMABS(COMPLEX(J85,K85,"i")) -> 19.950287 | I85: =DEGREES(ACOS((J85/H85))) -> 0.30729773 | J85: 19.95 | K85: 0.107
B86: 2-leder | C86: 2.5 | D86: 7.98 | E86: 0.103 | F86: =IMABS(COMPLEX(D86,E86,"i")) -> 7.9806647 | G86: =DEGREES(ACOS((D86/F86))) -> 0.73949093 | H86: =IMABS(COMPLEX(J86,K86,"i")) -> 11.970443 | I86: =DEGREES(ACOS((J86/H86))) -> 0.49300916 | J86: 11.97 | K86: 0.103
B87: 3-leder | C87: 0.75 | D87: 26 | E87: 0.111 | F87: =IMABS(COMPLEX(D87,E87,"i")) -> 26.000237 | G87: =DEGREES(ACOS((D87/F87))) -> 0.24460742 | H87: =IMABS(COMPLEX(J87,K87,"i")) -> 39.000158 | I87: =DEGREES(ACOS((J87/H87))) -> 0.16307216 | J87: 39 | K87: 0.111
B88: 3-leder | C88: 1 | D88: 19.5 | E88: 0.105 | F88: =IMABS(COMPLEX(D88,E88,"i")) -> 19.500283 | G88: =DEGREES(ACOS((D88/F88))) -> 0.30851275 | H88: =IMABS(COMPLEX(J88,K88,"i")) -> 29.250188 | I88: =DEGREES(ACOS((J88/H88))) -> 0.20567627 | J88: 29.25 | K88: 0.105
B89: 3-leder | C89: 1.5 | D89: 13.3 | E89: 0.107 | F89: =IMABS(COMPLEX(D89,E89,"i")) -> 13.30043 | G89: =DEGREES(ACOS((D89/F89))) -> 0.46094106 | H89: =IMABS(COMPLEX(J89,K89,"i")) -> 19.950287 | I89: =DEGREES(ACOS((J89/H89))) -> 0.30729773 | J89: 19.95 | K89: 0.107
B90: 3-leder | C90: 2.5 | D90: 7.98 | E90: 0.103 | F90: =IMABS(COMPLEX(D90,E90,"i")) -> 7.9806647 | G90: =DEGREES(ACOS((D90/F90))) -> 0.73949093 | H90: =IMABS(COMPLEX(J90,K90,"i")) -> 11.970443 | I90: =DEGREES(ACOS((J90/H90))) -> 0.49300916 | J90: 11.97 | K90: 0.103
B91: 3-leder | C91: 4 | D91: 4.95 | E91: 0.1 | F91: =IMABS(COMPLEX(D91,E91,"i")) -> 4.95101 | G91: =DEGREES(ACOS((D91/F91))) -> 1.1573331 | H91: =IMABS(COMPLEX(J91,K91,"i")) -> 7.4256734 | I91: =DEGREES(ACOS((J91/H91))) -> 0.77161368 | J91: 7.425 | K91: 0.1
B92: 3-leder | C92: 6 | D92: 3.3 | E92: 0.099 | F92: =IMABS(COMPLEX(D92,E92,"i")) -> 3.3014847 | G92: =DEGREES(ACOS((D92/F92))) -> 1.718358 | H92: =IMABS(COMPLEX(J92,K92,"i")) -> 4.9509899 | I92: =DEGREES(ACOS((J92/H92))) -> 1.1457628 | J92: 4.95 | K92: 0.099
B93: 3-leder | C93: 10 | D93: 1.95 | E93: 0.093 | F93: =IMABS(COMPLEX(D93,E93,"i")) -> 1.9522164 | G93: =DEGREES(ACOS((D93/F93))) -> 2.730499 | H93: =IMABS(COMPLEX(J93,K93,"i")) -> 2.866509 | I93: =DEGREES(ACOS((J93/H93))) -> 1.8592102 | J93: 2.865 | K93: 0.093
B94: 3-leder | C94: 16 | D94: 1.21 | E94: 0.09 | F94: =IMABS(COMPLEX(D94,E94,"i")) -> 1.2133425 | G94: =DEGREES(ACOS((D94/F94))) -> 4.2538364 | H94: =IMABS(COMPLEX(J94,K94,"i")) -> 1.81723 | I94: =DEGREES(ACOS((J94/H94))) -> 2.8387878 | J94: 1.815 | K94: 0.09
B95: 3-leder | C95: 25 | D95: 0.7803 | E95: 0.086 | F95: =IMABS(COMPLEX(D95,E95,"i")) -> 0.7850249 | G95: =DEGREES(ACOS((D95/F95))) -> 6.2894141 | H95: =IMABS(COMPLEX(J95,K95,"i")) -> 1.1736551 | I95: =DEGREES(ACOS((J95/H95))) -> 4.2021351 | J95: 1.1705 | K95: 0.086
... B123: 5-leder | C123: 25 | D123: 0.7803 | E123: 0.107 | F123: =IMABS(COMPLEX(D123,E123,"i")) -> 0.78760211 | G123: =DEGREES(ACOS((D123/F123))) -> 7.8080864 | H123: =IMABS(COMPLEX(J123,K123,"i")) -> 1.1753805 | I123: =DEGREES(ACOS((J123/H123))) -> 5.2231154 | J123: 1.1705 | K123: 0.107

Sheet IKmax_min

Sheet Kabeludskrif
A1: Impedansværdier 20 grader
A2: Kabel type | C2: Formel | F2: Z̅ | G2: * | H2: l | K2: Z̅kabel20˚ [Ω] | N2: Sumeret Z
F3: n | H3: 1000
A4: Navn | C4: Z 20° | E4: n | F4: ϕ 20° | H4: Længden m | K4: Z20° | M4: ϕ 20° | N4: Σ Z̅ | P4: ϕ 20°
A5: Z̅ | D5: =KabelData!B10 -> 0.39698866 | E5: Ð | F5: =KabelData!B11 -> 12.215719 | H5: =IF(KabelData!B7="","",KabelData!B7) -> 15 | J5: = | K5: =IF(D5="","",ROUND((D5*10^-3*H5)/E7,4)) -> 0.006 | L5: Ð | M5: =F5 -> 12.215719 | N5: =K5 -> 0.006 | O5: Ð | P5: =M5 -> 12.215719
B6: =IF(KabelData!$B$3="","",KabelData!$B$3) -> -W1 | G6: *
E7: =IF(KabelData!$B$8="",1,KabelData!$B$8) -> 1 | H7: =IF(H5="","",IF(H5>0,1000)) -> 1000
A9: Z̅ | D9: =KabelData!F10 -> 1.153137 | E9: Ð | F9: =KabelData!F11 -> 4.2272187 | H9: =IF(KabelData!F7="","",KabelData!F7) -> 20 | J9: = | K9: =IF(D9="","",ROUND((D9*10^-3*H9)/E11,4)) -> 0.0231 | L9: Ð | M9: =F9 -> 4.2272187 | N9: =SQRT(SUM(#REF!)^2+SUM(#REF!)^2) -> #REF! | O9: Ð | P9: =DEGREES(ATAN(SUM(#REF!)/SUM(#REF!))) -> #REF!
B10: =IF(KabelData!$F$3="","",KabelData!$F$3) -> -W2 | G10: *
E11: =IF(KabelData!$F$8="",1,KabelData!$F$8) -> 1 | H11: =IF(H9="","",IF(H9>0,1000)) -> 1000
A13: Z̅ | D13: =KabelData!J10 -> 3.0815271 | E13: Ð | F13: =KabelData!J11 -> 1.8038488 | H13: =IF(KabelData!J7="","",KabelData!J7) -> 20 | J13: = | K13: =IF(D13="","",ROUND((D13*10^-3*H13)/E15,4)) -> 0.0616 | L13: Ð | M13: =F13 -> 1.8038488 | N13: =SQRT(SUM(#REF!)^2+SUM(#REF!)^2) -> #REF! | O13: Ð | P13: =DEGREES(ATAN(SUM(#REF!)/SUM(#REF!))) -> #REF!
B14: =IF(KabelData!$J$3="","",KabelData!$J$3) -> -W3 | G14: *
E15: =IF(KabelData!$J$8="",1,KabelData!$J$8) -> 1 | H15: =IF(H13="","",IF(H13>0,1000)) -> 1000
A17: Z̅ | D17: =KabelData!N10 -> 12.100438 | E17: Ð | F17: =KabelData!N11 -> 0.48771262 | H17: =IF(KabelData!N7="","",KabelData!N7) -> 18 | J17: = | K17: =IF(D17="","",ROUND((D17*10^-3*H17)/E19,4)) -> 0.2178 | L17: Ð | M17: =F17 -> 0.48771262 | N17: =SQRT(SUM(#REF!)^2+SUM(#REF!)^2) -> #REF! | O17: Ð | P17: =DEGREES(ATAN(SUM(#REF!)/SUM(#REF!))) -> #REF!
B18: =IF(KabelData!$N$3="","",KabelData!$N$3) -> -W4 | G18: *
E19: =IF(KabelData!$N$8="",1,KabelData!$N$8) -> 1 | H19: =IF(H17="","",IF(H17>0,1000)) -> 1000
A21: Z̅ | D21: =KabelData!R10 | E21: Ð | F21: =KabelData!R11 | H21: =IF(KabelData!R7="","",KabelData!R7) | J21: = | K21: =IF(D21="","",ROUND((D21*10^-3*H21)/E23,4)) | L21: Ð | M21: =F21 | N21: =SQRT(SUM(#REF!)^2+SUM(#REF!)^2) -> #REF! | O21: Ð | P21: =DEGREES(ATAN(SUM(#REF!)/SUM(#REF!))) -> #REF!
B22: =IF(KabelData!$R$3="","",KabelData!$R$3) -> -E5 | G22: *
E23: =IF(KabelData!$R$8="",1,KabelData!$R$8) -> 1 | H23: =IF(H21="","",IF(H21>0,1000))
A25: Z̅ | D25: =KabelData!B25 | E25: Ð | F25: =KabelData!B26 | H25: =IF(KabelData!B22="","",KabelData!B22) | J25: = | K25: =IF(D25="","",ROUND((D25*10^-3*H25)/E27,4)) | L25: Ð | M25: =F25 | N25: =SQRT(SUM(#REF!)^2+SUM(#REF!)^2) -> #REF! | O25: Ð | P25: =DEGREES(ATAN(SUM(#REF!)/SUM(#REF!))) -> #REF!
B26: =IF(KabelData!$B$18="","",KabelData!$B$18) | G26: *
E27: =IF(KabelData!$B$23="",1,KabelData!$B$23) -> 1 | H27: =IF(H25="","",IF(H25>0,1000))
A29: Z̅ | D29: =KabelData!F25 | E29: Ð | F29: =KabelData!F26 | H29: =IF(KabelData!F22="","",KabelData!F22) | J29: = | K29: =IF(D29="","",ROUND((D29*10^-3*H29)/E31,4)) | L29: Ð | M29: =F29 | N29: =SQRT(SUM(#REF!)^2+SUM(#REF!)^2) -> #REF! | O29: Ð | P29: =DEGREES(ATAN(SUM(#REF!)/SUM(#REF!))) -> #REF!
B30: =IF(KabelData!$F$18="","",KabelData!$F$18) | G30: *
E31: =IF(KabelData!$F$23="",1,KabelData!$F$23) -> 1 | H31: =IF(H29="","",IF(H29>0,1000))
A33: Z̅ | D33: =KabelData!J25 | E33: Ð | F33: =KabelData!J26 | H33: =IF(KabelData!J22="","",KabelData!J22) | J33: = | K33: =IF(D33="","",ROUND((D33*10^-3*H33)/E35,4)) | L33: Ð | M33: =F33 | N33: =SQRT(SUM(#REF!)^2+SUM(#REF!)^2) -> #REF! | O33: Ð | P33: =DEGREES(ATAN(SUM(#REF!)/SUM(#REF!))) -> #REF!
B34: =IF(KabelData!$J$18="","",KabelData!$J$18) | G34: *
E35: =IF(KabelData!$J$23="",1,KabelData!$J$23) -> 1 | H35: =IF(H33="","",IF(H33>0,1000))
A37: Med R og X værdier Formel | E37: R+JX | G37: * | H37: l
E38: n | H38: 1000
A39: Z̅ | D39: =IF(U39=0,"",U39) | E39: + | F39: =IF(V39=0,"",V39) | H39: =IF(KabelData!N22="","",KabelData!N22) | J39: = | K39: =IF(W39="","",ROUND((W39*10^-3*H39)/E41,4)) | L39: Ð | M39: =X39 | N39: =SQRT(SUM(#REF!)^2+SUM(#REF!)^2) -> #REF! | O39: Ð | P39: =DEGREES(ATAN(SUM(#REF!)/SUM(#REF!))) -> #REF! | U39: =KabelData!N20 -> 0 | V39: =KabelData!N21 -> 0 | W39: =KabelData!N25 | X39: =KabelData!N26
B40: =IF(KabelData!$N$18="","",KabelData!$N$18) | G40: *
E41: =IF(KabelData!$N$23="",1,KabelData!$N$23) -> 1 | H41: =IF(H39="","",IF(H39>0,1000))
A43: Z̅ | D43: =IF(U43=0,"",U43) | E43: + | F43: =IF(V43=0,"",V43) | H43: =IF(KabelData!R22="","",KabelData!R22) | J43: = | K43: =IF(W43="","",ROUND((W43*10^-3*H43)/E45,4)) | L43: Ð | M43: =X43 | N43: =SQRT(SUM(#REF!)^2+SUM(#REF!)^2) -> #REF! | O43: Ð | P43: =DEGREES(ATAN(SUM(#REF!)/SUM(#REF!))) -> #REF! | U43: =KabelData!R20 -> 0 | V43: =KabelData!R21 -> 0 | W43: =KabelData!R25 | X43: =KabelData!R26
B44: =IF(KabelData!$R$18="","",KabelData!$R$18) -> -W10 | G44: *
E45: =IF(KabelData!$R$23="",1,KabelData!$R$23) -> 1 | H45: =IF(H43="","",IF(H43>0,1000))
A48: Impedansværdier 70 grader
A49: Kabel type | C49: Formel | F49: Z̅ | G49: * | H49: l | J49: = | K49: Z̅kabel70˚ [Ω] | N49: Sumeret Z
F50: n | H50: 1000
A51: Navn | C51: Z 70° | E51: n | F51: ϕ 70° | H51: Længden | K51: Z 70° | M51: ϕ 70° | N51: Σ Z̅ | P51: ϕ 70°
A52: Z̅ | D52: =KabelData!B14 -> 0.58803061 | E52: Ð | F52: =KabelData!B15 -> 8.2127802 | G52: * | H52: =H5 -> 15 | J52: = | K52: =IF(D52="","",(D52*10^-3*H52)/E54) -> 0.0088204592 | L52: Ð | M52: =F52 -> 8.2127802 | N52: =K52 -> 0.0088204592 | O52: Ð | P52: =M52 -> 8.2127802
B53: =IF(KabelData!$B$3="","",KabelData!$B$3) -> -W1
E54: =IF(KabelData!$B$8="",1,KabelData!$B$8) -> 1 | H54: =IF(H52="","",IF(H52>0,1000)) -> 1000
A56: Z̅ | D56: =KabelData!F14 -> 1.7270929 | E56: Ð | F56: =KabelData!F15 -> 2.8209886 | G56: * | H56: =H9 -> 20 | J56: = | K56: =IF(D56="","",(D56*10^-3*H56)/E58) -> 0.034541859 | L56: Ð | M56: =F56 -> 2.8209886 | N56: =SQRT(SUM(#REF!)^2+SUM(#REF!)^2) -> #REF! | O56: Ð | P56: =DEGREES(ATAN(SUM(#REF!)/SUM(#REF!))) -> #REF!
B57: =IF(KabelData!$F$3="","",KabelData!$F$3) -> -W2
E58: =IF(KabelData!$F$8="",1,KabelData!$F$8) -> 1 | H58: =IF(H56="","",IF(H56>0,1000)) -> 1000
A60: Z̅ | D60: =KabelData!J14 -> 4.6210182 | E60: Ð | F60: =KabelData!J15 -> 1.2027866 | G60: * | H60: =H13 -> 20 | J60: = | K60: =IF(D60="","",(D60*10^-3*H60)/E62) -> 0.092420364 | L60: Ð | M60: =F60 -> 1.2027866 | N60: =SQRT(SUM(#REF!)^2+SUM(#REF!)^2) -> #REF! | O60: Ð | P60: =DEGREES(ATAN(SUM(#REF!)/SUM(#REF!))) -> #REF!
B61: =IF(KabelData!$J$3="","",KabelData!$J$3) -> -W3
E62: =IF(KabelData!$J$8="",1,KabelData!$J$8) -> 1 | H62: =IF(H60="","",IF(H60>0,1000)) -> 1000
A64: Z̅ | D64: =KabelData!N14 -> 18.150292 | E64: Ð | F64: =KabelData!N15 -> 0.32514611 | G64: * | H64: =H17 -> 18 | J64: = | K64: =IF(D64="","",(D64*10^-3*H64)/E66) -> 0.32670526 | L64: Ð | M64: =F64 -> 0.32514611 | N64: =SQRT(SUM(#REF!)^2+SUM(#REF!)^2) -> #REF! | O64: Ð | P64: =DEGREES(ATAN(SUM(#REF!)/SUM(#REF!))) -> #REF!
B65: =IF(KabelData!$N$3="","",KabelData!$N$3) -> -W4
E66: =IF(KabelData!$N$8="",1,KabelData!$N$8) -> 1 | H66: =IF(H64="","",IF(H64>0,1000)) -> 1000
A68: Z̅ | D68: =KabelData!R14 | E68: Ð | F68: =KabelData!R15 | G68: * | H68: =H21 | J68: = | K68: =IF(D68="","",(D68*10^-3*H68)/E70) | L68: Ð | M68: =F68 | N68: =SQRT(SUM(#REF!)^2+SUM(#REF!)^2) -> #REF! | O68: Ð | P68: =DEGREES(ATAN(SUM(#REF!)/SUM(#REF!))) -> #REF!
B69: =IF(KabelData!$R$3="","",KabelData!$R$3) -> -E5
E70: =IF(KabelData!$R$8="",1,KabelData!$R$8) -> 1 | H70: =IF(H68="","",IF(H68>0,1000))
A72: Z̅ | D72: =KabelData!B29 | E72: Ð | F72: =KabelData!B30 | G72: * | H72: =H25 | J72: = | K72: =IF(D72="","",(D72*10^-3*H72)/E74) | L72: Ð | M72: =F72 | N72: =SQRT(SUM(#REF!)^2+SUM(#REF!)^2) -> #REF! | O72: Ð | P72: =DEGREES(ATAN(SUM(#REF!)/SUM(#REF!))) -> #REF!
B73: =IF(KabelData!$B$18="","",KabelData!$B$18)
E74: =IF(KabelData!$B$23="",1,KabelData!$B$23) -> 1 | H74: =IF(H72="","",IF(H72>0,1000))
A76: Z̅ | D76: =KabelData!F29 | E76: Ð | F76: =KabelData!F30 | H76: =H29 | J76: = | K76: =IF(D76="","",(D76*10^-3*H76)/E78) | L76: Ð | M76: =F76 | N76: =SQRT(SUM(#REF!)^2+SUM(#REF!)^2) -> #REF! | O76: Ð | P76: =DEGREES(ATAN(SUM(#REF!)/SUM(#REF!))) -> #REF!
B77: =IF(KabelData!$F$18="","",KabelData!$F$18) | G77: *
E78: =IF(KabelData!$F$23="",1,KabelData!$F$23) -> 1 | H78: =IF(H76="","",IF(H76>0,1000))
A80: Z̅ | D80: =KabelData!J29 | E80: Ð | F80: =KabelData!J30 | H80: =H33 | J80: = | K80: =IF(D80="","",(D80*10^-3*H80)/E82) | L80: Ð | M80: =F80 | N80: =SQRT(SUM(#REF!)^2+SUM(#REF!)^2) -> #REF! | O80: Ð | P80: =DEGREES(ATAN(SUM(#REF!)/SUM(#REF!))) -> #REF!
B81: =IF(KabelData!$J$18="","",KabelData!$J$18) | G81: *
E82: =IF(KabelData!$J$23="",1,KabelData!$J$23) -> 1 | H82: =IF(H80="","",IF(H80>0,1000))
A84: Med R og X værdier Formel | E84: 1,5*R+JX | G84: * | H84: l
E85: n | H85: 1000
A86: Z̅ | D86: =IF(U39=0,"",U39) | E86: + | F86: =IF(V86=0,"",V86) | H86: =H39 | J86: = | K86: =IF(W86="","",(W86*10^-3*H86)/E88) | L86: Ð | M86: =X86 | N86: =SQRT(SUM(#REF!)^2+SUM(#REF!)^2) -> #REF! | O86: Ð | P86: =DEGREES(ATAN(SUM(#REF!)/SUM(#REF!))) -> #REF! | U86: =U39*1.5 -> 0 | V86: =V39 -> 0 | W86: =KabelData!N29 | X86: =KabelData!N30
B87: =IF(KabelData!$N$18="","",KabelData!$N$18) | G87: *
E88: =IF(KabelData!$N$23="",1,KabelData!$N$23) -> 1 | H88: =IF(H86="","",IF(H86>0,1000))
A90: Z̅ | D90: =IF(U43=0,"",U43) | E90: + | F90: =IF(V90=0,"",V90) | H90: =H43 | J90: = | K90: =IF(W90="","",(W90*10^-3*H90)/E92) | L90: Ð | M90: =X90 | N90: =SQRT(SUM(#REF!)^2+SUM(#REF!)^2) -> #REF! | O90: Ð | P90: =DEGREES(ATAN(SUM(#REF!)/SUM(#REF!))) -> #REF! | U90: =U43*1.5 -> 0 | V90: =V43 -> 0 | W90: =KabelData!R29 | X90: =KabelData!R30
B91: =IF(KabelData!$R$18="","",KabelData!$R$18) -> -W10 | G91: *
E92: =IF(KabelData!$R$23="",1,KabelData!$R$23) -> 1 | H92: =IF(H90="","",IF(H90>0,1000))

Sheet udregning 2
A1: betegnelse | B1: kabet | C1: meter | D1: n | E1: 20- pr.km | F1: z 20 | G1: fi 20 | H1: 70- pr.km | I1: z 70 | J1: fi 70 | K1: killometer
A2: bugger difineret | C2: 0 | D2: 0 | E2: 0 | F2: 0 | G2: 0 | H2: 0 | I2: 0 | J2: 0 | K2: 1000
A3: =Transformer!#REF! -> #REF! | F3: =Transformer!#REF! -> #REF! | G3: =Transformer!#REF! -> #REF! | K3: 1000
A4: =Transformer!#REF! -> #REF! | I4: =Transformer!#REF! -> #REF! | J4: =Transformer!#REF! -> #REF! | K4: 1000
A5: =Transformer!#REF! -> #REF! | F5: =Transformer!#REF! -> #REF! | G5: =Transformer!#REF! -> #REF! | K5: 1000
A6: =Transformer!#REF! -> #REF! | I6: =Transformer!#REF! -> #REF! | J6: =Transformer!#REF! -> #REF! | K6: 1000
A7: =Transformer!#REF! -> #REF! | F7: =Transformer!#REF! -> #REF! | G7: =Transformer!#REF! -> #REF! | H7: 0 | I7: =Transformer!#REF! -> #REF! | J7: =Transformer!#REF! -> #REF! | K7: 1000
A8: =KabelData!$B$3 -> -W1 | B8: =KabelData!$B$4 -> CU | C8: =KabelData!$B$7 -> 15 | D8: =KabelData!$B$8 -> 1 | E8: =(VLOOKUP(KabelData!$B$4,Kabel!$C$5:$K$74,4,)) -> #N/A | F8: =KabelData!$B$10 -> 0.39698866 | G8: =KabelData!$B$11 -> 12.215719 | H8: =(VLOOKUP(KabelData!$B$4,Kabel!$C$5:$K$74,6,)) -> #N/A | I8: =KabelData!$B$14 -> 0.58803061 | J8: =KabelData!$B$15 -> 8.2127802 | K8: 1000
A9: =KabelData!$F$3 -> -W2 | B9: =KabelData!$F$4 -> CU | C9: =KabelData!$F$7 -> 20 | D9: =KabelData!$F$8 -> 1 | E9: =(VLOOKUP(KabelData!$F$4,Kabel!$C$5:$K$74,4,)) -> #N/A | F9: =KabelData!$F$10 -> 1.153137 | G9: =KabelData!$F$11 -> 4.2272187 | H9: =(VLOOKUP(KabelData!$F$4,Kabel!$C$5:$K$74,6,)) -> #N/A | I9: =KabelData!$F$14 -> 1.7270929 | J9: =KabelData!$F$15 -> 2.8209886 | K9: 1000
A10: =KabelData!$J$3 -> -W3 | B10: =KabelData!$J$4 -> CU | C10: =KabelData!$J$7 -> 20 | D10: =KabelData!$J$8 -> 1 | E10: =(VLOOKUP(KabelData!$J$4,Kabel!$C$5:$K$74,4,)) -> #N/A | F10: =KabelData!$J$10 -> 3.0815271 | G10: =KabelData!$J$11 -> 1.8038488 | H10: =(VLOOKUP(KabelData!$J$4,Kabel!$C$5:$K$74,6,)) -> #N/A | I10: =KabelData!$J$14 -> 4.6210182 | J10: =KabelData!$J$15 -> 1.2027866 | K10: 1000
A11: =KabelData!$N$3 -> -W4 | B11: =KabelData!$N$4 -> CU | C11: =KabelData!$N$7 -> 18 | D11: =KabelData!$N$8 -> 1 | E11: =(VLOOKUP(KabelData!$N$4,Kabel!$C$5:$K$74,4,)) -> #N/A | F11: =KabelData!$N$10 -> 12.100438 | G11: =KabelData!$N$11 -> 0.48771262 | H11: =(VLOOKUP(KabelData!$N$4,Kabel!$C$5:$K$74,6,)) -> #N/A | I11: =KabelData!$N$14 -> 18.150292 | J11: =KabelData!$N$15 -> 0.32514611 | K11: 1000
A12: =KabelData!$R$3 -> -E5 | B12: =KabelData!$R$4 -> CU | C12: =KabelData!$R$7 -> 0 | D12: =KabelData!$R$8 -> 1 | E12: =(VLOOKUP(KabelData!$R$4,Kabel!$C$5:$K$74,4,)) -> #N/A | F12: =KabelData!$R$10 | G12: =KabelData!$R$11 | H12: =(VLOOKUP(KabelData!$R$4,Kabel!$C$5:$K$74,6,)) -> #N/A | I12: =KabelData!$R$14 | J12: =KabelData!$R$15 | K12: 1000
A13: =KabelData!$B$18 -> 0 | B13: =KabelData!$B$19 -> CU | C13: =KabelData!$B$22 -> 0 | D13: =KabelData!$B$23 -> 1 | E13: =(VLOOKUP(KabelData!$B$19,Kabel!$C$5:$K$74,4,)) -> #N/A | F13: =KabelData!$B$25 | G13: =KabelData!$B$26 | H13: =(VLOOKUP(KabelData!$B$19,Kabel!$C$5:$K$74,6,)) -> #N/A | I13: =KabelData!$B$29 | J13: =KabelData!$B$30 | K13: 1000
A14: =KabelData!$F$18 -> 0 | B14: =KabelData!$F$19 -> CU | C14: =KabelData!$F$22 -> 0 | D14: =KabelData!$F$23 -> 1 | E14: =(VLOOKUP(KabelData!$F$19,Kabel!$C$5:$K$74,4,)) -> #N/A | F14: =KabelData!$F$25 | G14: =KabelData!$F$26 | H14: =(VLOOKUP(KabelData!$F$19,Kabel!$C$5:$K$74,6,)) -> #N/A | I14: =KabelData!$F$29 | J14: =KabelData!$F$30 | K14: 1000
A15: =KabelData!$J$18 -> 0 | B15: =KabelData!$J$19 -> CU | C15: =KabelData!$J$22 -> 0 | D15: =KabelData!$J$23 -> 1 | E15: =(VLOOKUP(KabelData!$J$19,Kabel!$C$5:$K$74,4,)) -> #N/A | F15: =KabelData!$J$25 | G15: =KabelData!$J$26 | H15: =(VLOOKUP(KabelData!$J$19,Kabel!$C$5:$K$74,6,)) -> #N/A | I15: =KabelData!$J$29 | J15: =KabelData!$J$30 | K15: 1000
A16: =KabelData!$N$18 -> 0 | B16: =KabelData!$N$19 -> CU | C16: =KabelData!$N$22 -> 0 | D16: =KabelData!$N$23 -> 1 | E16: =(VLOOKUP(KabelData!N19,'Kabel gummi'!$C$5:$K$54,4,)) -> #N/A | F16: =KabelData!$N$25 | G16: =KabelData!$N$26 | H16: =(VLOOKUP(KabelData!$N$19,'Kabel gummi'!C5:K53,6,)) -> #N/A | I16: =KabelData!$N$29 | J16: =KabelData!$N$30 | K16: 1000
A17: =KabelData!$R$18 -> -W10 | B17: =KabelData!$R$19 -> CU | C17: =KabelData!$R$22 -> 0 | D17: =KabelData!$R$23 -> 1 | E17: =(VLOOKUP(KabelData!$R$19,'Kabel gummi'!C5:K53,4,)) -> #N/A | F17: =KabelData!$R$25 | G17: =KabelData!$R$26 | H17: =(VLOOKUP(KabelData!$R$19,'Kabel gummi'!C5:K53,6,)) -> #N/A | I17: =KabelData!$R$29 | J17: =KabelData!$R$30 | K17: 1000
A18: =Transformer!#REF! -> #REF! | F18: =Transformer!#REF! -> #REF! | G18: =Transformer!#REF! -> #REF! | I18: =Transformer!#REF! -> #REF! | J18: =Transformer!#REF! -> #REF! | K18: 1000
A19: =Transformer!#REF! -> #REF! | F19: =Transformer!#REF! -> #REF! | G19: =Transformer!#REF! -> #REF! | I19: =Transformer!#REF! -> #REF! | J19: =Transformer!#REF! -> #REF! | K19: 1000
A20: =Transformer!#REF! -> #REF! | F20: =Transformer!#REF! -> #REF! | G20: =Transformer!#REF! -> #REF! | I20: =Transformer!#REF! -> #REF! | J20: =Transformer!#REF! -> #REF! | K20: 1000
A21: =Transformer!#REF! -> #REF! | F21: =Transformer!#REF! -> #REF! | G21: =Transformer!#REF! -> #REF! | I21: =Transformer!#REF! -> #REF! | J21: =Transformer!#REF! -> #REF! | K21: 1000

Sheet Kabel gummi
A1: TILLEDNINGER Kabel værdier tabel nr.13 0g tabel 17
D3: Kabel værdi 20 grader | H3: Kabel værdi 70 grader
A4: Type | B4: Leder | C4: Oversigt | D4: R | E4: X | F4: Z 20 | G4: Cos fi 20 | H4: Z 70 | I4: Cos fi 70 | J4: R | K4: X
A5: CU | B5: 2-leder | C5: CU2x0,75 | D5: 26 | E5: 0.111 | F5: =IMABS(COMPLEX(D5,E5,"i")) -> 26.000237 | G5: =DEGREES(ACOS((D5/F5))) -> 0.24460742 | H5: =IMABS(COMPLEX(J5,K5,"i")) -> 39.000158 | I5: =DEGREES(ACOS((J5/H5))) -> 0.16307216 | J5: 39 | K5: 0.111
A6: CU | B6: 2-leder | C6: CU 2x1 | D6: 19.5 | E6: 0.105 | F6: =IMABS(COMPLEX(D6,E6,"i")) -> 19.500283 | G6: =DEGREES(ACOS((D6/F6))) -> 0.30851275 | H6: =IMABS(COMPLEX(J6,K6,"i")) -> 29.250188 | I6: =DEGREES(ACOS((J6/H6))) -> 0.20567627 | J6: 29.25 | K6: 0.105
A7: CU | B7: 2-leder | C7: CU 2x1,5 | D7: 13.3 | E7: 0.107 | F7: =IMABS(COMPLEX(D7,E7,"i")) -> 13.30043 | G7: =DEGREES(ACOS((D7/F7))) -> 0.46094106 | H7: =IMABS(COMPLEX(J7,K7,"i")) -> 19.950287 | I7: =DEGREES(ACOS((J7/H7))) -> 0.30729773 | J7: 19.95 | K7: 0.107
A8: CU | B8: 2-leder | C8: CU 2x2,5 | D8: 7.98 | E8: 0.103 | F8: =IMABS(COMPLEX(D8,E8,"i")) -> 7.9806647 | G8: =DEGREES(ACOS((D8/F8))) -> 0.73949093 | H8: =IMABS(COMPLEX(J8,K8,"i")) -> 11.970443 | I8: =DEGREES(ACOS((J8/H8))) -> 0.49300916 | J8: 11.97 | K8: 0.103
A9: CU | B9: 3-leder | C9: CU3x0,75 | D9: 26 | E9: 0.111 | F9: =IMABS(COMPLEX(D9,E9,"i")) -> 26.000237 | G9: =DEGREES(ACOS((D9/F9))) -> 0.24460742 | H9: =IMABS(COMPLEX(J9,K9,"i")) -> 39.000158 | I9: =DEGREES(ACOS((J9/H9))) -> 0.16307216 | J9: 39 | K9: 0.111
A10: CU | B10: 3-leder | C10: CU 3x1 | D10: 19.5 | E10: 0.105 | F10: =IMABS(COMPLEX(D10,E10,"i")) -> 19.500283 | G10: =DEGREES(ACOS((D10/F10))) -> 0.30851275 | H10: =IMABS(COMPLEX(J10,K10,"i")) -> 29.250188 | I10: =DEGREES(ACOS((J10/H10))) -> 0.20567627 | J10: 29.25 | K10: 0.105
A11: CU | B11: 3-leder | C11: CU 3x1,5 | D11: 13.3 | E11: 0.107 | F11: =IMABS(COMPLEX(D11,E11,"i")) -> 13.30043 | G11: =DEGREES(ACOS((D11/F11))) -> 0.46094106 | H11: =IMABS(COMPLEX(J11,K11,"i")) -> 19.950287 | I11: =DEGREES(ACOS((J11/H11))) -> 0.30729773 | J11: 19.95 | K11: 0.107
A12: CU | B12: 3-leder | C12: CU 3x2,5 | D12: 7.98 | E12: 0.103 | F12: =IMABS(COMPLEX(D12,E12,"i")) -> 7.9806647 | G12: =DEGREES(ACOS((D12/F12))) -> 0.73949093 | H12: =IMABS(COMPLEX(J12,K12,"i")) -> 11.970443 | I12: =DEGREES(ACOS((J12/H12))) -> 0.49300916 | J12: 11.97 | K12: 0.103
A13: CU | B13: 3-leder | C13: CU 3x4 | D13: 4.95 | E13: 0.1 | F13: =IMABS(COMPLEX(D13,E13,"i")) -> 4.95101 | G13: =DEGREES(ACOS((D13/F13))) -> 1.1573331 | H13: =IMABS(COMPLEX(J13,K13,"i")) -> 7.4256734 | I13: =DEGREES(ACOS((J13/H13))) -> 0.77161368 | J13: 7.425 | K13: 0.1
A14: CU | B14: 3-leder | C14: CU 3x6 | D14: 3.3 | E14: 0.099 | F14: =IMABS(COMPLEX(D14,E14,"i")) -> 3.3014847 | G14: =DEGREES(ACOS((D14/F14))) -> 1.718358 | H14: =IMABS(COMPLEX(J14,K14,"i")) -> 4.9509899 | I14: =DEGREES(ACOS((J14/H14))) -> 1.1457628 | J14: 4.95 | K14: 0.099
A15: CU | B15: 3-leder | C15: CU 3x10 | D15: 1.95 | E15: 0.093 | F15: =IMABS(COMPLEX(D15,E15,"i")) -> 1.9522164 | G15: =DEGREES(ACOS((D15/F15))) -> 2.730499 | H15: =IMABS(COMPLEX(J15,K15,"i")) -> 2.866509 | I15: =DEGREES(ACOS((J15/H15))) -> 1.8592102 | J15: 2.865 | K15: 0.093
A16: CU | B16: 3-leder | C16: CU 3x16 | D16: 1.21 | E16: 0.09 | F16: =IMABS(COMPLEX(D16,E16,"i")) -> 1.2133425 | G16: =DEGREES(ACOS((D16/F16))) -> 4.2538364 | H16: =IMABS(COMPLEX(J16,K16,"i")) -> 1.81723 | I16: =DEGREES(ACOS((J16/H16))) -> 2.8387878 | J16: 1.815 | K16: 0.09
... A45: AL | B45: 5-leder | C45: CU 5x25 | D45: 0.7803 | E45: 0.107 | F45: =IMABS(COMPLEX(D45,E45,"i")) -> 0.78760211 | G45: =DEGREES(ACOS((D45/F45))) -> 7.8080864 | H45: =IMABS(COMPLEX(J45,K45,"i")) -> 1.1753805 | I45: =DEGREES(ACOS((J45/H45))) -> 5.2231154 | J45: 1.1705 | K45: 0.107
C46: Disp | F46: =IMABS(COMPLEX(D46,E46,"i")) -> 0 | G46: =DEGREES(ACOS((D46/F46))) -> #DIV/0! | H46: =IMABS(COMPLEX(J46,K46,"i")) -> 0 | I46: =DEGREES(ACOS((J46/H46))) -> #DIV/0!
C47: Disp | F47: =IMABS(COMPLEX(D47,E47,"i")) -> 0 | G47: =DEGREES(ACOS((D47/F47))) -> #DIV/0! | H47: =IMABS(COMPLEX(J47,K47,"i")) -> 0 | I47: =DEGREES(ACOS((J47/H47))) -> #DIV/0!
C48: Disp | F48: =IMABS(COMPLEX(D48,E48,"i")) -> 0 | G48: =DEGREES(ACOS((D48/F48))) -> #DIV/0! | H48: =IMABS(COMPLEX(J48,K48,"i")) -> 0 | I48: =DEGREES(ACOS((J48/H48))) -> #DIV/0!
C49: Disp | F49: =IMABS(COMPLEX(D49,E49,"i")) -> 0 | G49: =DEGREES(ACOS((D49/F49))) -> #DIV/0! | H49: =IMABS(COMPLEX(J49,K49,"i")) -> 0 | I49: =DEGREES(ACOS((J49/H49))) -> #DIV/0!
C50: Disp | F50: =IMABS(COMPLEX(D50,E50,"i")) -> 0 | G50: =DEGREES(ACOS((D50/F50))) -> #DIV/0! | H50: =IMABS(COMPLEX(J50,K50,"i")) -> 0 | I50: =DEGREES(ACOS((J50/H50))) -> #DIV/0!
C51: Disp | F51: =IMABS(COMPLEX(D51,E51,"i")) -> 0 | G51: =DEGREES(ACOS((D51/F51))) -> #DIV/0! | H51: =IMABS(COMPLEX(J51,K51,"i")) -> 0 | I51: =DEGREES(ACOS((J51/H51))) -> #DIV/0!
C52: Disp | F52: =IMABS(COMPLEX(D52,E52,"i")) -> 0 | G52: =DEGREES(ACOS((D52/F52))) -> #DIV/0! | H52: =IMABS(COMPLEX(J52,K52,"i")) -> 0 | I52: =DEGREES(ACOS((J52/H52))) -> #DIV/0!
C53: Disp | F53: =IMABS(COMPLEX(D53,E53,"i")) -> 0 | G53: =DEGREES(ACOS((D53/F53))) -> #DIV/0! | H53: =IMABS(COMPLEX(J53,K53,"i")) -> 0 | I53: =DEGREES(ACOS((J53/H53))) -> #DIV/0!
A55: Værdierne i denne tabel er opgivet for følgende kabel typer
A57: NOPKA, H05VV-F, H05RR-F, H05RN-F,

Sheet Spændingsfald
X2: Z | Y2: Ð | Z2: mm² | AA2: IB | AB2: Ð | AC2: z | AD2: fi | AE2: radianer | AF2: cos | AG2: sin | AL2: radianer | AM2: cos | AN2: sin
W3: =IF(KabelData!B3="","",KabelData!B3) -> -W1 | X3: =Kabeludskrif!K5 -> 0.006 | Y3: =Kabeludskrif!M5 -> 12.215719 | Z3: =IF(KabelData!B6="","",IF(KabelData!B6>0,KabelData!B6)) -> 50 | AA3: =IF(KabelData!B9="","",IF(KabelData!B9>0,KabelData!B9)) -> 121 | AB3: =IF(KabelData!D9="","",IF(KabelData!D9>0,KabelData!D9)) -> 90 | AC3: =IF(J21="","",J21*N21) -> 0.726 | AD3: =IF(L21="","",P21-L21) -> -77.784281 | AE3: =IF(AD3="","",RADIANS(180+AD3)) -> 1.7840008 | AF3: =IF(AE3="","",AC3*COS(AE3)) -> -0.15361648 | AG3: =IF(AE3="","",AC3*SIN(AE3)) -> 0.70956182 | AH3: =IF(AC3="","",SQRT(SUM(AF3)^2+SUM(AG3)^2)) -> 0.726 | AJ3: 230 | AK3: 0 | AL3: =RADIANS(180+AK3) -> 3.1415927 | AM3: =AJ3*COS(AL3) -> -230 | AN3: =AJ3*SIN(AL3) -> 2.8178414e-14 | AO3: =-1*(SQRT(SUM(AF3+AM3)^2+SUM(AG3+AN3)^2)-230) -> -0.15471026
W4: =IF(KabelData!F3="","",KabelData!F3) -> -W2 | X4: =Kabeludskrif!K9 -> 0.0231 | Y4: =Kabeludskrif!M9 -> 4.2272187 | Z4: =IF(KabelData!F6="","",IF(KabelData!F6>0,KabelData!F6)) -> 16 | AA4: =IF(KabelData!F9="","",IF(KabelData!F9>0,KabelData!F9)) -> 50 | AB4: =IF(KabelData!H9="","",IF(KabelData!H9>0,KabelData!H9)) -> 90 | AC4: =IF(J22="","",J22*N22) -> 1.155 | AD4: =IF(L22="","",P22-L22) -> -85.772781 | AE4: =IF(AD4="","",RADIANS(180+AD4)) -> 1.6445752 | AF4: =IF(AE4="","",AC4*COS(AE4)) -> -0.085137324 | AG4: =IF(AE4="","",AC4*SIN(AE4)) -> 1.1518579 | AH4: =IF(AC4="","",SQRT(SUM(AF4)^2+SUM(AG4)^2)) -> 1.155 | AJ4: 230 | AK4: 0 | AL4: =RADIANS(180+AK4) -> 3.1415927 | AM4: =AJ4*COS(AL4) -> -230 | AN4: =AJ4*SIN(AL4) -> 2.8178414e-14 | AO4: =-1*(SQRT(SUM(AF4+AM4)^2+SUM(AG4+AN4)^2)-230) -> -0.088020535 | AP4: =-1*(SQRT(SUM(AG4+AN4)^2+SUM(AJ4+AO4)^2)-230) -> 0.085135152
W5: =IF(KabelData!J3="","",KabelData!J3) -> -W3 | X5: =Kabeludskrif!K13 -> 0.0616 | Y5: =Kabeludskrif!M13 -> 1.8038488 | Z5: =IF(KabelData!J6="","",IF(KabelData!J6>0,KabelData!J6)) -> 6 | AA5: =IF(KabelData!J9="","",IF(KabelData!J9>0,KabelData!J9)) -> 26 | AB5: =IF(KabelData!L9="","",IF(KabelData!L9>0,KabelData!L9)) -> 90 | AC5: =IF(J23="","",J23*N23) -> 1.6016 | AD5: =IF(L23="","",P23-L23) -> -88.196151 | AE5: =IF(AD5="","",RADIANS(180+AD5)) -> 1.6022794 | AF5: =IF(AE5="","",AC5*COS(AE5)) -> -0.050415004 | AG5: =IF(AE5="","",AC5*SIN(AE5)) -> 1.6008063 | AH5: =IF(AC5="","",SQRT(SUM(AF5)^2+SUM(AG5)^2)) -> 1.6016 | AJ5: 230 | AK5: 0 | AL5: =RADIANS(180+AK5) -> 3.1415927 | AM5: =AJ5*COS(AL5) -> -230 | AN5: =AJ5*SIN(AL5) -> 2.8178414e-14 | AO5: =-1*(SQRT(SUM(AF5+AM5)^2+SUM(AG5+AN5)^2)-230) -> -0.055984544 | AP5: =-1*(SQRT(SUM(AG5+AN5)^2+SUM(AJ5+AO5)^2)-230) -> 0.050412427
W6: =IF(KabelData!N3="","",KabelData!N3) -> -W4 | X6: =Kabeludskrif!K17 -> 0.2178 | Y6: =Kabeludskrif!M17 -> 0.48771262 | Z6: =IF(KabelData!N6="","",IF(KabelData!N6>0,KabelData!N6)) -> 1.5 | AA6: =IF(KabelData!N9="","",IF(KabelData!N9>0,KabelData!N9)) -> 10 | AB6: =IF(KabelData!P9="","",IF(KabelData!P9>0,KabelData!P9)) -> 90 | AC6: =IF(J24="","",J24*N24) -> 2.178 | AD6: =IF(L24="","",P24-L24) -> -89.512287 | AE6: =IF(AD6="","",RADIANS(180+AD6)) -> 1.5793085 | AF6: =IF(AE6="","",AC6*COS(AE6)) -> -0.018539328 | AG6: =IF(AE6="","",AC6*SIN(AE6)) -> 2.1779211 | AH6: =IF(AC6="","",SQRT(SUM(AF6)^2+SUM(AG6)^2)) -> 2.178 | AJ6: 230 | AK6: 0 | AL6: =RADIANS(180+AK6) -> 3.1415927 | AM6: =AJ6*COS(AL6) -> -230 | AN6: =AJ6*SIN(AL6) -> 2.8178414e-14 | AO6: =-1*(SQRT(SUM(AF6+AM6)^2+SUM(AG6+AN6)^2)-230) -> -0.028849875 | AP6: =-1*(SQRT(SUM(AG6+AN6)^2+SUM(AJ6+AO6)^2)-230) -> 0.018537204
W7: =IF(KabelData!R3="","",KabelData!R3) -> -E5 | X7: =Kabeludskrif!K21 | Y7: =Kabeludskrif!M21 | Z7: =IF(KabelData!R6="","",IF(KabelData!R6>0,KabelData!R6)) | AA7: =IF(KabelData!R9="","",IF(KabelData!R9>0,KabelData!R9)) | AB7: =IF(KabelData!T9="","",IF(KabelData!T9>0,KabelData!T9)) | AC7: =IF(J25="","",J25*N25) | AD7: =IF(L25="","",P25-L25) | AE7: =IF(AD7="","",RADIANS(180+AD7)) | AF7: =IF(AE7="","",AC7*COS(AE7)) | AG7: =IF(AE7="","",AC7*SIN(AE7)) | AH7: =IF(AC7="","",SQRT(SUM(AF7)^2+SUM(AG7)^2)) | AJ7: 230 | AK7: 0 | AL7: =RADIANS(180+AK7) -> 3.1415927 | AM7: =AJ7*COS(AL7) -> -230 | AN7: =AJ7*SIN(AL7) -> 2.8178414e-14 | AO7: =-1*(SQRT(SUM(AF7+AM7)^2+SUM(AG7+AN7)^2)-230) -> #VALUE! | AP7: =-1*(SQRT(SUM(AG7+AN7)^2+SUM(AJ7+AO7)^2)-230) -> #VALUE!
W8: =IF(KabelData!B18="","",KabelData!B18) | X8: =Kabeludskrif!K25 | Y8: =Kabeludskrif!M25 | Z8: =IF(KabelData!B21="","",IF(KabelData!B21>0,KabelData!B21)) | AA8: =IF(KabelData!B24="","",IF(KabelData!B24>0,KabelData!B24)) | AB8: =IF(KabelData!D24="","",IF(KabelData!D24>0,KabelData!D24)) | AC8: =IF(J26="","",J26*N26) | AD8: =IF(L26="","",P26-L26) | AE8: =IF(AD8="","",RADIANS(180+AD8)) | AF8: =IF(AE8="","",AC8*COS(AE8)) | AG8: =IF(AE8="","",AC8*SIN(AE8)) | AH8: =IF(AC8="","",SQRT(SUM(AF8)^2+SUM(AG8)^2)) | AJ8: 230 | AK8: 0 | AL8: =RADIANS(180+AK8) -> 3.1415927 | AM8: =AJ8*COS(AL8) -> -230 | AN8: =AJ8*SIN(AL8) -> 2.8178414e-14 | AO8: =-1*(SQRT(SUM(AF8+AM8)^2+SUM(AG8+AN8)^2)-230) -> #VALUE! | AP8: =-1*(SQRT(SUM(AG8+AN8)^2+SUM(AJ8+AO8)^2)-230) -> #VALUE!
W9: =IF(KabelData!F18="","",KabelData!F18) | X9: =Kabeludskrif!K29 | Y9: =Kabeludskrif!M29 | Z9: =IF(KabelData!F21="","",IF(KabelData!F21>0,KabelData!F21)) | AA9: =IF(KabelData!F24="","",IF(KabelData!F24>0,KabelData!F24)) | AB9: =IF(KabelData!H24="","",IF(KabelData!H24>0,KabelData!H24)) | AC9: =IF(J27="","",J27*N27) | AD9: =IF(L27="","",P27-L27) | AE9: =IF(AD9="","",RADIANS(180+AD9)) | AF9: =IF(AE9="","",AC9*COS(AE9)) | AG9: =IF(AE9="","",AC9*SIN(AE9)) | AH9: =IF(AC9="","",SQRT(SUM(AF9)^2+SUM(AG9)^2)) | AJ9: 230 | AK9: 0 | AL9: =RADIANS(180+AK9) -> 3.1415927 | AM9: =AJ9*COS(AL9) -> -230 | AN9: =AJ9*SIN(AL9) -> 2.8178414e-14 | AO9: =-1*(SQRT(SUM(AF9+AM9)^2+SUM(AG9+AN9)^2)-230) -> #VALUE! | AP9: =-1*(SQRT(SUM(AG9+AN9)^2+SUM(AJ9+AO9)^2)-230) -> #VALUE!
W10: =IF(KabelData!J18="","",KabelData!J18) | X10: =Kabeludskrif!K33 | Y10: =Kabeludskrif!M33 | Z10: =IF(KabelData!J21="","",IF(KabelData!J21>0,KabelData!J21)) | AA10: =IF(KabelData!J24="","",IF(KabelData!J24>0,KabelData!J24)) | AB10: =IF(KabelData!L24="","",IF(KabelData!L24>0,KabelData!L24)) | AC10: =IF(J28="","",J28*N28) | AD10: =IF(L28="","",P28-L28) | AE10: =IF(AD10="","",RADIANS(180+AD10)) | AF10: =IF(AE10="","",AC10*COS(AE10)) | AG10: =IF(AE10="","",AC10*SIN(AE10)) | AH10: =IF(AC10="","",SQRT(SUM(AF10)^2+SUM(AG10)^2)) | AJ10: 230 | AK10: 0 | AL10: =RADIANS(180+AK10) -> 3.1415927 | AM10: =AJ10*COS(AL10) -> -230 | AN10: =AJ10*SIN(AL10) -> 2.8178414e-14 | AO10: =-1*(SQRT(SUM(AF10+AM10)^2+SUM(AG10+AN10)^2)-230) -> #VALUE! | AP10: =-1*(SQRT(SUM(AG10+AN10)^2+SUM(AJ10+AO10)^2)-230) -> #VALUE!
W11: =IF(KabelData!N18="","",KabelData!N18) | X11: =Kabeludskrif!K39 | Y11: =Kabeludskrif!M39 | Z11: =IF(KabelData!N21="","",IF(KabelData!N21>0,KabelData!N21)) | AA11: =IF(KabelData!N24="","",IF(KabelData!N24>0,KabelData!N24)) | AB11: =IF(KabelData!P24="","",IF(KabelData!P24>0,KabelData!P24)) | AC11: =IF(J29="","",J29*N29) | AD11: =IF(L29="","",P29-L29) | AE11: =IF(AD11="","",RADIANS(180+AD11)) | AF11: =IF(AE11="","",AC11*COS(AE11)) | AG11: =IF(AE11="","",AC11*SIN(AE11)) | AH11: =IF(AC11="","",SQRT(SUM(AF11)^2+SUM(AG11)^2)) | AJ11: 230 | AK11: 0 | AL11: =RADIANS(180+AK11) -> 3.1415927 | AM11: =AJ11*COS(AL11) -> -230 | AN11: =AJ11*SIN(AL11) -> 2.8178414e-14 | AO11: =-1*(SQRT(SUM(AF11+AM11)^2+SUM(AG11+AN11)^2)-230) -> #VALUE! | AP11: =-1*(SQRT(SUM(AG11+AN11)^2+SUM(AJ11+AO11)^2)-230) -> #VALUE!
W12: =IF(KabelData!R18="","",KabelData!R18) -> -W10 | X12: =Kabeludskrif!K43 | Y12: =Kabeludskrif!M43 | Z12: =IF(KabelData!R21="","",IF(KabelData!R21>0,KabelData!R21)) | AA12: =IF(KabelData!R24="","",IF(KabelData!R24>0,KabelData!R24)) | AB12: =IF(KabelData!T24="","",IF(KabelData!T24>0,KabelData!T24)) | AC12: =IF(J30="","",J30*N30) | AD12: =IF(L30="","",P30-L30) | AE12: =IF(AD12="","",RADIANS(180+AD12)) | AF12: =IF(AE12="","",AC12*COS(AE12)) | AG12: =IF(AE12="","",AC12*SIN(AE12)) | AH12: =IF(AC12="","",SQRT(SUM(AF12)^2+SUM(AG12)^2)) | AI12: =SQRT(SUM(AF3:AF12)^2+SUM(AG3:AG12)^2) -> 5.6485347 | AJ12: 230 | AK12: 0 | AL12: =RADIANS(180+AK12) -> 3.1415927 | AM12: =AJ12*COS(AL12) -> -230 | AN12: =AJ12*SIN(AL12) -> 2.8178414e-14 | AO12: =-1*(SQRT(SUM(AF12+AM12)^2+SUM(AG12+AN12)^2)-230) -> #VALUE! | AP12: =-1*(SQRT(SUM(AG12+AN12)^2+SUM(AJ12+AO12)^2)-230) -> #VALUE!
W13: Y / D | AA13: =(2/3)*J35 -> 33.333333 | AB13: =L35 -> 90 | AC13: =IF(J35="","",2/3*J35*N35) -> 0.77 | AD13: =IF(L35="","",P35-L35) -> -85.772781 | AE13: =IF(AD13="","",RADIANS(180+AD13)) -> 1.6445752 | AF13: =IF(AE13="","",AC13*COS(AE13)) -> -0.056758216 | AG13: =IF(AE13="","",AC13*SIN(AE13)) -> 0.76790527 | AH13: =IF(AC13="","",SQRT(SUM(AF13)^2+SUM(AG13)^2)) -> 0.77 | AI13: =SQRT(SUM(AF3:AF13)^2+SUM(AG3:AG13)^2) -> 6.4184088
W14: Dahlander | Z14: Radianer | AA14: cos | AB14: sin | AC14: Ny z | AD14: ny vinkel
W15: Høj | X15: =L39 -> 0.006 | Y15: =N39 -> 12.215719 | Z15: =IF(Y15="","",RADIANS(180+Y15)) -> 3.3547972 | AA15: =IF(Z15="","",X15*COS(Z15)) -> -0.0058641473 | AB15: =IF(Z15="","",X15*SIN(Z15)) -> -0.0012695577 | AC15: =IF(X15="","",SQRT(SUM(AA15:AA16)^2+SUM(AB15:AB16)^2)) -> 0.01751164 | AD15: =DEGREES(ATAN(SUM(AB15:AB16)/SUM(AA15:AA16))) -> 6.9564853
W16: Lav | X16: =P39/2 -> 0.01155 | Y16: =R39 -> 4.2272187 | Z16: =IF(Y16="","",RADIANS(180+Y16)) -> 3.2153715 | AA16: =IF(Z16="","",X16*COS(Z16)) -> -0.011518579 | AB16: =IF(Z16="","",X16*SIN(Z16)) -> -0.00085137324 | AC16: =E39*AC15 -> 2.1189084 | AD16: =V39 -> -18.920599 | AE16: =IF(AD16="","",RADIANS(180+AD16)) -> 2.8113659 | AF16: =IF(AE16="","",AC16*COS(AE16)) -> -2.0044213 | AG16: =IF(AE16="","",AC16*SIN(AE16)) -> 0.687072 | AH16: =IF(AC16="","",SQRT(SUM(AF16)^2+SUM(AG16)^2)) -> 2.1189084 | AI16: =SQRT((AF16+SUM(AF3:AF12))^2+(AG16+SUM(AG3:AG12))^2) -> 6.7364415
A17: Kabel id | D17: UF -| U̅F - ( I̅B * Z̅kabel ) | | Q17: = | R17: ΔU̅
A20: Navn | J20: I̅B | M20: * | N20: Z̅kabel | R20: ΔU̅(1),(2)….
A21: -W1 | H21: (1) | J21: =IF(A21="","",VLOOKUP(A21,$W$3:$AB$12,5,)) -> 121 | K21: Ð | L21: =IF(A21="","",VLOOKUP(A21,$W$3:$AB$12,6,)) -> 90 | M21: * | N21: =IF(A21="","",VLOOKUP(A21,$W$3:$AB$12,2,)) -> 0.006 | O21: Ð | P21: =IF(A21="","",VLOOKUP(A21,$W$3:$AB$12,3,)) -> 12.215719 | Q21: = | R21: =IF(J21="","",J21*N21) -> 0.726 | S21: Ð | T21: =IF(L21="","",P21-L21) -> -77.784281
A22: -W2 | H22: (2) | J22: =IF(A22="","",VLOOKUP(A22,$W$3:$AB$12,5,)) -> 50 | K22: Ð | L22: =IF(A22="","",VLOOKUP(A22,$W$3:$AB$12,6,)) -> 90 | M22: * | N22: =IF(A22="","",VLOOKUP(A22,$W$3:$AB$12,2,)) -> 0.0231 | O22: Ð | P22: =IF(A22="","",VLOOKUP(A22,$W$3:$AB$12,3,)) -> 4.2272187 | Q22: = | R22: =IF(J22="","",J22*N22) -> 1.155 | S22: Ð | T22: =IF(L22="","",P22-L22) -> -85.772781
A23: -W3 | H23: (3) | J23: =IF(A23="","",VLOOKUP(A23,$W$3:$AB$12,5,)) -> 26 | K23: Ð | L23: =IF(A23="","",VLOOKUP(A23,$W$3:$AB$12,6,)) -> 90 | M23: * | N23: =IF(A23="","",VLOOKUP(A23,$W$3:$AB$12,2,)) -> 0.0616 | O23: Ð | P23: =IF(A23="","",VLOOKUP(A23,$W$3:$AB$12,3,)) -> 1.8038488 | Q23: = | R23: =IF(J23="","",J23*N23) -> 1.6016 | S23: Ð | T23: =IF(L23="","",P23-L23) -> -88.196151
A24: -W4 | H24: (4) | J24: =IF(A24="","",VLOOKUP(A24,$W$3:$AB$12,5,)) -> 10 | K24: Ð | L24: =IF(A24="","",VLOOKUP(A24,$W$3:$AB$12,6,)) -> 90 | M24: * | N24: =IF(A24="","",VLOOKUP(A24,$W$3:$AB$12,2,)) -> 0.2178 | O24: Ð | P24: =IF(A24="","",VLOOKUP(A24,$W$3:$AB$12,3,)) -> 0.48771262 | Q24: = | R24: =IF(J24="","",J24*N24) -> 2.178 | S24: Ð | T24: =IF(L24="","",P24-L24) -> -89.512287
H25: (5) | J25: =IF(A25="","",VLOOKUP(A25,$W$3:$AB$12,5,)) | K25: Ð | L25: =IF(A25="","",VLOOKUP(A25,$W$3:$AB$12,6,)) | M25: * | N25: =IF(A25="","",VLOOKUP(A25,$W$3:$AB$12,2,)) | O25: Ð | P25: =IF(A25="","",VLOOKUP(A25,$W$3:$AB$12,3,)) | Q25: = | R25: =IF(J25="","",J25*N25) | S25: Ð | T25: =IF(L25="","",P25-L25)
H26: (6) | J26: =IF(A26="","",VLOOKUP(A26,$W$3:$AB$12,5,)) | K26: Ð | L26: =IF(A26="","",VLOOKUP(A26,$W$3:$AB$12,6,)) | M26: * | N26: =IF(A26="","",VLOOKUP(A26,$W$3:$AB$12,2,)) | O26: Ð | P26: =IF(A26="","",VLOOKUP(A26,$W$3:$AB$12,3,)) | Q26: = | R26: =IF(J26="","",J26*N26) | S26: Ð | T26: =IF(L26="","",P26-L26)
H27: (7) | J27: =IF(A27="","",VLOOKUP(A27,$W$3:$AB$12,5,)) | K27: Ð | L27: =IF(A27="","",VLOOKUP(A27,$W$3:$AB$12,6,)) | M27: * | N27: =IF(A27="","",VLOOKUP(A27,$W$3:$AB$12,2,)) | O27: Ð | P27: =IF(A27="","",VLOOKUP(A27,$W$3:$AB$12,3,)) | Q27: = | R27: =IF(J27="","",J27*N27) | S27: Ð | T27: =IF(L27="","",P27-L27)
H28: (8) | J28: =IF(A28="","",VLOOKUP(A28,$W$3:$AB$12,5,)) | K28: Ð | L28: =IF(A28="","",VLOOKUP(A28,$W$3:$AB$12,6,)) | M28: * | N28: =IF(A28="","",VLOOKUP(A28,$W$3:$AB$12,2,)) | O28: Ð | P28: =IF(A28="","",VLOOKUP(A28,$W$3:$AB$12,3,)) | Q28: = | R28: =IF(J28="","",J28*N28) | S28: Ð | T28: =IF(L28="","",P28-L28)
H29: (9) | J29: =IF(A29="","",VLOOKUP(A29,$W$3:$AB$12,5,)) | K29: Ð | L29: =IF(A29="","",VLOOKUP(A29,$W$3:$AB$12,6,)) | M29: * | N29: =IF(A29="","",VLOOKUP(A29,$W$3:$AB$12,2,)) | O29: Ð | P29: =IF(A29="","",VLOOKUP(A29,$W$3:$AB$12,3,)) | Q29: = | R29: =IF(J29="","",J29*N29) | S29: Ð | T29: =IF(L29="","",P29-L29)
H30: (10) | J30: =IF(A30="","",VLOOKUP(A30,$W$3:$AB$12,5,)) | K30: Ð | L30: =IF(A30="","",VLOOKUP(A30,$W$3:$AB$12,6,)) | M30: * | N30: =IF(A30="","",VLOOKUP(A30,$W$3:$AB$12,2,)) | O30: Ð | P30: =IF(A30="","",VLOOKUP(A30,$W$3:$AB$12,3,)) | Q30: = | R30: =IF(J30="","",J30*N30) | S30: Ð | T30: =IF(L30="","",P30-L30)
A31: ∑∆U = UF -|U̅F - (∆U̅(1)+∆U̅(2)+∆U̅(3)+osv.)| | O31: ƩΔU | Q31: = | R31: =AI12 -> 5.6485347
O32: ƩΔU% | Q32: = | R32: =R31/230 -> 0.024558846
A33: Stjerne trekant | E33: UF | G33: = | H33: U̅F | I33: - | J33: 2 | K33: * | L33: I̅B | M33: * | N33: Z̅kabel | O33: = | R33: ΔU̅
J34: 3
A35: -W2 | D35: 230 | E35: Ð | F35: 0 | G35: - | H35: 2 | I35: * | J35: =IF(A35="","",VLOOKUP(A35,$W$3:$AB$12,5,)) -> 50 | K35: Ð | L35: =IF(A35="","",VLOOKUP(A35,$W$3:$AB$12,6,)) -> 90 | M35: * | N35: =IF(A35="","",VLOOKUP(A35,$W$3:$AB$12,2,)) -> 0.0231 | O35: Ð | P35: =IF(A35="","",VLOOKUP(A35,$W$3:$AB$12,3,)) -> 4.2272187 | Q35: = | R35: =IF(J35="","",(2/3)*J35*N35) -> 0.77 | S35: Ð | T35: =IF(L35="","",P35-L35) -> -85.772781
H36: 3
A37: Dahlandermotor | E37: UF | G37: = | H37: U̅F | I37: - | J37: I̅B | K37: *( | L37: Z̅høj | M37: + | N37: Z̅lav | O37: )= | T37: ΔU̅
N38: 2
A39: -W1 | D39: Høj | E39: =IF(A39="","",VLOOKUP(A39,$W$3:$AB$12,5,)) -> 121 | H39: Ð | I39: =IF(A39="","",VLOOKUP(A39,$W$3:$AB$12,6,)) -> 90 | K39: *( | L39: =IF(A39="","",VLOOKUP(A39,$W$3:$AB$12,2,)) -> 0.006 | M39: Ð | N39: =IF(A39="","",VLOOKUP(A39,$W$3:$AB$12,3,)) -> 12.215719 | O39: + | P39: =IF(A40="","",VLOOKUP(A40,$W$3:$AB$12,2,)) -> 0.0231 | Q39: Ð | R39: =IF(A40="","",VLOOKUP(A40,$W$3:$AB$12,3,)) -> 4.2272187 | S39: ) = | T39: 7.4448261 | U39: Ð | V39: -18.920599
A40: -W2 | D40: Lav | P40: 2

Sheet Belast
A1: Belastningstabel | H1: Tavle | K1: -A2
AB8: L1 | AE8: L2 | AH8: L3 | AK8: Startstrøm
R9: Startstrøm
A11: Navn | E11: L1 | H11: L2 | J11: L3 | M11: Cos | O11: Vinkel | R11: Gange | T11: Strøm | V11: Cos | X11: Vinkel | AA11: 400 | AB11: Iw | AC11: Iwl | AD11: komp | AE11: Iw | AF11: Iwl | AG11: komp | AH11: Iw | AI11: Iwl | AJ11: komp | AK11: Iw | AL11: Iwl | AM11: komp
A12: -W09.1 | E12: 6 | M12: 0.95 | O12: =DEGREES(ACOS(M12))*-1 -> -18.194872 | R12: 4 | T12: =E12*R12 -> 24 | V12: 0.95 | X12: =DEGREES(ACOS(V12))*-1 -> -18.194872 | AA12: 230 | AB12: =E12*M12 -> 5.7 | AC12: =E12*SIN(RADIANS((-1*O12))) -> 1.8734994 | AD12: =IMABS(COMPLEX(AB12,AC12,"i")) -> 6 | AE12: =H12*M12 -> 0 | AF12: =H12*SIN(RADIANS((-1*O12))) -> 0 | AG12: =IMABS(COMPLEX(AE12,AF12,"i")) -> 0 | AH12: =J12*M12 -> 0 | AI12: =J12*SIN(RADIANS((-1*O12))) -> 0 | AJ12: =IMABS(COMPLEX(AH12,AI12,"i")) -> 0 | AK12: =T12*V12 -> 22.8 | AL12: =T12*SIN(RADIANS((-1*X12))) -> 7.4939976 | AM12: =IMABS(COMPLEX(AK12,AL12,"i")) -> 24
A13: -W09.2 | H13: 8 | M13: 0.95 | O13: =DEGREES(ACOS(M13))*-1 -> -18.194872 | R13: 6 | T13: =E13*R13 -> 0 | X13: =DEGREES(ACOS(V13))*-1 -> -90 | AB13: =E13*M13 -> 0 | AC13: =E13*SIN(RADIANS((-1*O13))) -> 0 | AD13: =IMABS(COMPLEX(AB13,AC13,"i")) -> 0 | AE13: =H13*M13 -> 7.6 | AF13: =H13*SIN(RADIANS((-1*O13))) -> 2.4979992 | AG13: =IMABS(COMPLEX(AE13,AF13,"i")) -> 8 | AH13: =J13*M13 -> 0 | AI13: =J13*SIN(RADIANS((-1*O13))) -> 0 | AJ13: =IMABS(COMPLEX(AH13,AI13,"i")) -> 0 | AK13: =T13*V13 -> 0 | AL13: =T13*SIN(RADIANS((-1*X13))) -> 0 | AM13: =IMABS(COMPLEX(AK13,AL13,"i")) -> 0
A14: -W09.3 | E14: 6 | M14: 0.95 | O14: =DEGREES(ACOS(M14))*-1 -> -18.194872 | R14: 4 | T14: =E14*R14 -> 24 | X14: =DEGREES(ACOS(V14))*-1 -> -90 | AA14: √3 * | AB14: =E14*M14 -> 5.7 | AC14: =E14*SIN(RADIANS((-1*O14))) -> 1.8734994 | AD14: =IMABS(COMPLEX(AB14,AC14,"i")) -> 6 | AE14: =H14*M14 -> 0 | AF14: =H14*SIN(RADIANS((-1*O14))) -> 0 | AG14: =IMABS(COMPLEX(AE14,AF14,"i")) -> 0 | AH14: =J14*M14 -> 0 | AI14: =J14*SIN(RADIANS((-1*O14))) -> 0 | AJ14: =IMABS(COMPLEX(AH14,AI14,"i")) -> 0 | AK14: =T14*V14 -> 0 | AL14: =T14*SIN(RADIANS((-1*X14))) -> 24 | AM14: =IMABS(COMPLEX(AK14,AL14,"i")) -> 24
A15: -W09.4 | E15: 22 | H15: 22 | J15: 22 | M15: 0.9 | O15: =DEGREES(ACOS(M15))*-1 -> -25.841933 | R15: 6 | T15: =E15*R15 -> 132 | X15: =DEGREES(ACOS(V15))*-1 -> -90 | AA15: 1 X | AB15: =E15*M15 -> 19.8 | AC15: =E15*SIN(RADIANS((-1*O15))) -> 9.5895777 | AD15: =IMABS(COMPLEX(AB15,AC15,"i")) -> 22 | AE15: =H15*M15 -> 19.8 | AF15: =H15*SIN(RADIANS((-1*O15))) -> 9.5895777 | AG15: =IMABS(COMPLEX(AE15,AF15,"i")) -> 22 | AH15: =J15*M15 -> 19.8 | AI15: =J15*SIN(RADIANS((-1*O15))) -> 9.5895777 | AJ15: =IMABS(COMPLEX(AH15,AI15,"i")) -> 22 | AK15: =T15*V15 -> 0 | AL15: =T15*SIN(RADIANS((-1*X15))) -> 132 | AM15: =IMABS(COMPLEX(AK15,AL15,"i")) -> 132
A16: -W09.5 | J16: 8 | M16: 0.9 | O16: =DEGREES(ACOS(M16))*-1 -> -25.841933 | R16: 4 | T16: =J16*R16 -> 32 | X16: =DEGREES(ACOS(V16))*-1 -> -90 | AA16: 3 X | AB16: =E16*M16 -> 0 | AC16: =E16*SIN(RADIANS((-1*O16))) -> 0 | AD16: =IMABS(COMPLEX(AB16,AC16,"i")) -> 0 | AE16: =H16*M16 -> 0 | AF16: =H16*SIN(RADIANS((-1*O16))) -> 0 | AG16: =IMABS(COMPLEX(AE16,AF16,"i")) -> 0 | AH16: =J16*M16 -> 7.2 | AI16: =J16*SIN(RADIANS((-1*O16))) -> 3.4871192 | AJ16: =IMABS(COMPLEX(AH16,AI16,"i")) -> 8 | AK16: =T16*V16 -> 0 | AL16: =T16*SIN(RADIANS((-1*X16))) -> 32 | AM16: =IMABS(COMPLEX(AK16,AL16,"i")) -> 32
A17: -W09.6 | J17: 11 | M17: 0.9 | O17: =DEGREES(ACOS(M17))*-1 -> -25.841933 | R17: 5 | T17: =J17*R17 -> 55 | X17: =DEGREES(ACOS(V17))*-1 -> -90 | AA17: P | AB17: =E17*M17 -> 0 | AC17: =E17*SIN(RADIANS((-1*O17))) -> 0 | AD17: =IMABS(COMPLEX(AB17,AC17,"i")) -> 0 | AE17: =H17*M17 -> 0 | AF17: =H17*SIN(RADIANS((-1*O17))) -> 0 | AG17: =IMABS(COMPLEX(AE17,AF17,"i")) -> 0 | AH17: =J17*M17 -> 9.9 | AI17: =J17*SIN(RADIANS((-1*O17))) -> 4.7947888 | AJ17: =IMABS(COMPLEX(AH17,AI17,"i")) -> 11 | AK17: =T17*V17 -> 0 | AL17: =T17*SIN(RADIANS((-1*X17))) -> 55 | AM17: =IMABS(COMPLEX(AK17,AL17,"i")) -> 55
A18: -W09.7 | J18: 6 | M18: 0.95 | O18: =DEGREES(ACOS(M18))*-1 -> -18.194872 | R18: 4 | T18: =J18*R18 -> 24 | X18: =DEGREES(ACOS(V18))*-1 -> -90 | AA18: S | AB18: =E18*M18 -> 0 | AC18: =E18*SIN(RADIANS((-1*O18))) -> 0 | AD18: =IMABS(COMPLEX(AB18,AC18,"i")) -> 0 | AE18: =H18*M18 -> 0 | AF18: =H18*SIN(RADIANS((-1*O18))) -> 0 | AG18: =IMABS(COMPLEX(AE18,AF18,"i")) -> 0 | AH18: =J18*M18 -> 5.7 | AI18: =J18*SIN(RADIANS((-1*O18))) -> 1.8734994 | AJ18: =IMABS(COMPLEX(AH18,AI18,"i")) -> 6 | AK18: =T18*V18 -> 0 | AL18: =T18*SIN(RADIANS((-1*X18))) -> 24 | AM18: =IMABS(COMPLEX(AK18,AL18,"i")) -> 24
A19: -W09.8 | E19: 5 | M19: 0.95 | O19: =DEGREES(ACOS(M19))*-1 -> -18.194872 | R19: 4 | T19: =H19*R19 -> 0 | X19: =DEGREES(ACOS(V19))*-1 -> -90 | AB19: =E19*M19 -> 4.75 | AC19: =E19*SIN(RADIANS((-1*O19))) -> 1.5612495 | AD19: =IMABS(COMPLEX(AB19,AC19,"i")) -> 5 | AE19: =H19*M19 -> 0 | AF19: =H19*SIN(RADIANS((-1*O19))) -> 0 | AG19: =IMABS(COMPLEX(AE19,AF19,"i")) -> 0 | AH19: =J19*M19 -> 0 | AI19: =J19*SIN(RADIANS((-1*O19))) -> 0 | AJ19: =IMABS(COMPLEX(AH19,AI19,"i")) -> 0 | AK19: =T19*V19 -> 0 | AL19: =T19*SIN(RADIANS((-1*X19))) -> 0 | AM19: =IMABS(COMPLEX(AK19,AL19,"i")) -> 0
A20: -W09.9 | H20: 15 | J20: 15 | M20: 0.8 | O20: =DEGREES(ACOS(M20))*-1 -> -36.869898 | R20: 7 | T20: =H20*R20 -> 105 | X20: =DEGREES(ACOS(V20))*-1 -> -90 | AA20: =IF(AND(A65=$AA$17,H65=$AA$16),C70/(SQRT(3)*D71*E71))+IF(AND(A65=$AA$18,H65=$AA$16),C70/(SQRT(3)*D71)) -> 0 | AB20: =E20*M20 -> 0 | AC20: =E20*SIN(RADIANS((-1*O20))) -> 0 | AD20: =IMABS(COMPLEX(AB20,AC20,"i")) -> 0 | AE20: =H20*M20 -> 12 | AF20: =H20*SIN(RADIANS((-1*O20))) -> 9 | AG20: =IMABS(COMPLEX(AE20,AF20,"i")) -> 15 | AH20: =J20*M20 -> 12 | AI20: =J20*SIN(RADIANS((-1*O20))) -> 9 | AJ20: =IMABS(COMPLEX(AH20,AI20,"i")) -> 15 | AK20: =T20*V20 -> 0 | AL20: =T20*SIN(RADIANS((-1*X20))) -> 105 | AM20: =IMABS(COMPLEX(AK20,AL20,"i")) -> 105
A21: -W09.10 | E21: 15 | H21: 15 | J21: 15 | M21: 0.85 | O21: =DEGREES(ACOS(M21))*-1 -> -31.788331 | R21: 6 | T21: =E21*R21 -> 90 | X21: =DEGREES(ACOS(V21))*-1 -> -90 | AB21: =E21*M21 -> 12.75 | AC21: =E21*SIN(RADIANS((-1*O21))) -> 7.9017403 | AD21: =IMABS(COMPLEX(AB21,AC21,"i")) -> 15 | AE21: =H21*M21 -> 12.75 | AF21: =H21*SIN(RADIANS((-1*O21))) -> 7.9017403 | AG21: =IMABS(COMPLEX(AE21,AF21,"i")) -> 15 | AH21: =J21*M21 -> 12.75 | AI21: =J21*SIN(RADIANS((-1*O21))) -> 7.9017403 | AJ21: =IMABS(COMPLEX(AH21,AI21,"i")) -> 15 | AK21: =T21*V21 -> 0 | AL21: =T21*SIN(RADIANS((-1*X21))) -> 90 | AM21: =IMABS(COMPLEX(AK21,AL21,"i")) -> 90
A22: -W09.11 | E22: 15 | H22: 15 | J22: 15 | M22: 0.85 | O22: =DEGREES(ACOS(M22))*-1 -> -31.788331 | R22: 6 | T22: =E22*R22 -> 90 | X22: =DEGREES(ACOS(V22))*-1 -> -90 | AB22: =E22*M22 -> 12.75 | AC22: =E22*SIN(RADIANS((-1*O22))) -> 7.9017403 | AD22: =IMABS(COMPLEX(AB22,AC22,"i")) -> 15 | AE22: =H22*M22 -> 12.75 | AF22: =H22*SIN(RADIANS((-1*O22))) -> 7.9017403 | AG22: =IMABS(COMPLEX(AE22,AF22,"i")) -> 15 | AH22: =J22*M22 -> 12.75 | AI22: =J22*SIN(RADIANS((-1*O22))) -> 7.9017403 | AJ22: =IMABS(COMPLEX(AH22,AI22,"i")) -> 15 | AK22: =T22*V22 -> 0 | AL22: =T22*SIN(RADIANS((-1*X22))) -> 90 | AM22: =IMABS(COMPLEX(AK22,AL22,"i")) -> 90
A23: -W09.12 | E23: 23 | H23: 23 | J23: 23 | M23: 0.8 | O23: =DEGREES(ACOS(M23))*-1 -> -36.869898 | T23: =E23*R23 -> 0 | X23: =DEGREES(ACOS(V23))*-1 -> -90 | AB23: =E23*M23 -> 18.4 | AC23: =E23*SIN(RADIANS((-1*O23))) -> 13.8 | AD23: =IMABS(COMPLEX(AB23,AC23,"i")) -> 23 | AE23: =H23*M23 -> 18.4 | AF23: =H23*SIN(RADIANS((-1*O23))) -> 13.8 | AG23: =IMABS(COMPLEX(AE23,AF23,"i")) -> 23 | AH23: =J23*M23 -> 18.4 | AI23: =J23*SIN(RADIANS((-1*O23))) -> 13.8 | AJ23: =IMABS(COMPLEX(AH23,AI23,"i")) -> 23 | AK23: =T23*V23 -> 0 | AL23: =T23*SIN(RADIANS((-1*X23))) -> 0 | AM23: =IMABS(COMPLEX(AK23,AL23,"i")) -> 0
A24: -W09.13 | E24: 18 | H24: 18 | M24: 0.7 | O24: =DEGREES(ACOS(M24))*-1 -> -45.572996 | R24: 10 | T24: =E24*R24 -> 180 | X24: =DEGREES(ACOS(V24))*-1 -> -90 | AB24: =E24*M24 -> 12.6 | AC24: =E24*SIN(RADIANS((-1*O24))) -> 12.854571 | AD24: =IMABS(COMPLEX(AB24,AC24,"i")) -> 18 | AE24: =H24*M24 -> 12.6 | AF24: =H24*SIN(RADIANS((-1*O24))) -> 12.854571 | AG24: =IMABS(COMPLEX(AE24,AF24,"i")) -> 18 | AH24: =J24*M24 -> 0 | AI24: =J24*SIN(RADIANS((-1*O24))) -> 0 | AJ24: =IMABS(COMPLEX(AH24,AI24,"i")) -> 0 | AK24: =T24*V24 -> 0 | AL24: =T24*SIN(RADIANS((-1*X24))) -> 180 | AM24: =IMABS(COMPLEX(AK24,AL24,"i")) -> 180
A25: -W09.14_20 | E25: 15 | H25: 10 | J25: 10 | M25: 1 | O25: =DEGREES(ACOS(M25))*-1 -> 0 | T25: =E25*R25 -> 0 | X25: =DEGREES(ACOS(V25))*-1 -> -90 | AB25: =E25*M25 -> 15 | AC25: =E25*SIN(RADIANS((-1*O25))) -> 0 | AD25: =IMABS(COMPLEX(AB25,AC25,"i")) -> 15 | AE25: =H25*M25 -> 10 | AF25: =H25*SIN(RADIANS((-1*O25))) -> 0 | AG25: =IMABS(COMPLEX(AE25,AF25,"i")) -> 10 | AH25: =J25*M25 -> 10 | AI25: =J25*SIN(RADIANS((-1*O25))) -> 0 | AJ25: =IMABS(COMPLEX(AH25,AI25,"i")) -> 10 | AK25: =T25*V25 -> 0 | AL25: =T25*SIN(RADIANS((-1*X25))) -> 0 | AM25: =IMABS(COMPLEX(AK25,AL25,"i")) -> 0
A26: -W09.21_22 | E26: 16 | H26: 16 | J26: 16 | M26: 0.85 | O26: =DEGREES(ACOS(M26))*-1 -> -31.788331 | T26: =E26*R26 -> 0 | X26: =DEGREES(ACOS(V26))*-1 -> -90 | AB26: =E26*M26 -> 13.6 | AC26: =E26*SIN(RADIANS((-1*O26))) -> 8.428523 | AD26: =IMABS(COMPLEX(AB26,AC26,"i")) -> 16 | AE26: =H26*M26 -> 13.6 | AF26: =H26*SIN(RADIANS((-1*O26))) -> 8.428523 | AG26: =IMABS(COMPLEX(AE26,AF26,"i")) -> 16 | AH26: =J26*M26 -> 13.6 | AI26: =J26*SIN(RADIANS((-1*O26))) -> 8.428523 | AJ26: =IMABS(COMPLEX(AH26,AI26,"i")) -> 16 | AK26: =T26*V26 -> 0 | AL26: =T26*SIN(RADIANS((-1*X26))) -> 0 | AM26: =IMABS(COMPLEX(AK26,AL26,"i")) -> 0
A27: -W09.23_25 | E27: 10 | H27: 10 | J27: 10 | M27: 1 | O27: =DEGREES(ACOS(M27))*-1 -> 0 | T27: =E27*R27 -> 0 | X27: =DEGREES(ACOS(V27))*-1 -> -90 | AB27: =E27*M27 -> 10 | AC27: =E27*SIN(RADIANS((-1*O27))) -> 0 | AD27: =IMABS(COMPLEX(AB27,AC27,"i")) -> 10 | AE27: =H27*M27 -> 10 | AF27: =H27*SIN(RADIANS((-1*O27))) -> 0 | AG27: =IMABS(COMPLEX(AE27,AF27,"i")) -> 10 | AH27: =J27*M27 -> 10 | AI27: =J27*SIN(RADIANS((-1*O27))) -> 0 | AJ27: =IMABS(COMPLEX(AH27,AI27,"i")) -> 10 | AK27: =T27*V27 -> 0 | AL27: =T27*SIN(RADIANS((-1*X27))) -> 0 | AM27: =IMABS(COMPLEX(AK27,AL27,"i")) -> 0
O28: =DEGREES(ACOS(M28))*-1 -> -90 | T28: =E28*R28 -> 0 | X28: =DEGREES(ACOS(V28))*-1 -> -90 | AB28: =E28*M28 -> 0 | AC28: =E28*SIN(RADIANS((-1*O28))) -> 0 | AD28: =IMABS(COMPLEX(AB28,AC28,"i")) -> 0 | AE28: =H28*M28 -> 0 | AF28: =H28*SIN(RADIANS((-1*O28))) -> 0 | AG28: =IMABS(COMPLEX(AE28,AF28,"i")) -> 0 | AH28: =J28*M28 -> 0 | AI28: =J28*SIN(RADIANS((-1*O28))) -> 0 | AJ28: =IMABS(COMPLEX(AH28,AI28,"i")) -> 0 | AK28: =T28*V28 -> 0 | AL28: =T28*SIN(RADIANS((-1*X28))) -> 0 | AM28: =IMABS(COMPLEX(AK28,AL28,"i")) -> 0
O29: =DEGREES(ACOS(M29))*-1 -> -90 | T29: =E29*R29 -> 0 | X29: =DEGREES(ACOS(V29))*-1 -> -90 | AB29: =SUM(AB12:AB28) -> 131.05 | AC29: =SUM(AC12:AC28) -> 65.784401 | AD29: =IMABS(COMPLEX(AB29,AC29,"i")) -> 146.63455 | AE29: =SUM(AE12:AE28) -> 129.5 | AF29: =SUM(AF12:AF28) -> 71.974152 | AG29: =IMABS(COMPLEX(AE29,AF29,"i")) -> 148.15711 | AH29: =SUM(AH12:AH28) -> 132.1 | AI29: =SUM(AI12:AI28) -> 66.776989 | AJ29: =IMABS(COMPLEX(AH29,AI29,"i")) -> 148.01884 | AK29: =SUM(AK12:AK28) -> 22.8 | AL29: =SUM(AL12:AL28) -> 739.494 | AM29: =IMABS(COMPLEX(AK29,AL29,"i")) -> 739.8454
O30: =DEGREES(ACOS(M30))*-1 -> -90 | T30: =E30*R30 -> 0 | X30: =DEGREES(ACOS(V30))*-1 -> -90
A31: ∑IB | E31: =IF(AD29=0,"",AD29) -> 146.63455 | H31: =IF(AG29=0,"",AG29) -> 148.15711 | J31: =IF(AJ29=0,"",AJ29) -> 148.01884 | R31: ∑IB | T31: =IF(AM29=0,"",AM29) -> 739.8454
C32: =K1 -> -A2 | S32: =K1 -> -A2
A34: Vinkel | R34: Vinkel | T34: =IF(AK29=0,"",DEGREES(ACOS(AK29/AM29))*-1) -> -88.234022
A35: Cos | R35: Cos | T35: =IF(T34="","",COS(RADIANS(T34))) -> 0.030817249
A36: Samtidhedsfaktor [sf] | H36: 0.5
A37: Udvidelsesfaktor [uf] | H37: 1
A38: Strømme efter sf og uf ∑IBkor = ∑IB * sf * uf
E39: L1 | H39: L2 | J39: L3
A40: ∑IBkor | E40: =K49 -> 73 | H40: =K53 -> 74 | J40: =K57 -> 74
C41: -A2
A43: Vinkel | E43: =(IF(AB29=0,"",DEGREES(ACOS(AB29/AD29))*-1)) -> -26.655708 | H43: =(IF(AE29=0,"",DEGREES(ACOS(AE29/AG29))*-1)) -> -29.064647 | J43: =IF(AH29=0,"",DEGREES(ACOS(AH29/AJ29))*-1) -> -26.816749
A44: cos | E44: =IF(E43="","",COS(RADIANS(E43))) -> 0.89371846 | H44: =IF(H43="","",COS(RADIANS(H43))) -> 0.87407214 | J44: =IF(J43="","",COS(RADIANS(J43))) -> 0.89245398
A46: ∑IB | D46: L1 | F46: SF | H46: UF | K46: Amp. | N46: Vinkel
C47: =C32 -> -A2
A49: =E31 -> 146.63455 | F49: =$H$36 -> 0.5 | H49: =$H$37 -> 1 | I49: = | K49: =IF(A49="","",ROUND(A49*F49*H49,0)) -> 73 | N49: =E43 -> -26.655708
A50: ∑IB | D50: L2 | F50: SF | H50: UF | K50: Amp. | N50: Vinkel
C51: =C32 -> -A2
A53: =H31 -> 148.15711 | F53: =$H$36 -> 0.5 | H53: =$H$37 -> 1 | I53: = | K53: =IF(A53="","",ROUND(A53*F53*H53,0)) -> 74 | N53: =H43 -> -29.064647
A54: ∑IB | D54: L3 | F54: SF | H54: UF | K54: Amp. | N54: Vinkel
C55: =C32 -> -A2
A57: =J31 -> 148.01884 | F57: =$H$36 -> 0.5 | H57: =$H$37 -> 1 | I57: = | K57: =IF(A57="","",ROUND(A57*F57*H57,0)) -> 74 | N57: =J43 -> -26.816749
A62: Effektberegner for W=P og VA=S
A65: P | F65: U= | H65: 1 X | J65: 400 | M65: Skjul denne linie
A67: I = | C67: =A65 -> P
C68: =IF(H65=$AA$16,$AA$14,IF(H65=$AA$15,"")) | D68: U | E68: =IF(A65="P","* cosϕ",IF(A65="S","",)) -> * cosϕ
A70: I = | C70: 6000 | H70: = | I70: =IF(AND(A65=$AA$17,H65=$AA$16),C70/(SQRT(3)*D71*E71))+IF(AND(A65=$AA$18,H65=$AA$16),C70/(SQRT(3)*D71))+IF(AND(A65=$AA$17,H65=$AA$15),C70/(D71*E71))+IF(AND(A65=$AA$18,H65=$AA$15),C70/D71) -> 15
C71: =IF($H$65=$AA$16,$AA$14,IF($H$65=$AA$15,"",)) | D71: =J65 -> 400 | E71: 1
A75: S | F75: U= | H75: 3 X | J75: 400 | M75: Skjul denne linie
A77: I = | C77: =A75 -> S
C78: =IF(H75=$AA$16,$AA$14,IF(H75=$AA$15,"")) -> √3 * | D78: U | E78: =IF(A75="P","* cosϕ",IF(A75="S","",))
A80: I = | H80: = | I80: =IF(AND(A75=$AA$17,H75=$AA$16),C80/(SQRT(3)*D81*E81))+IF(AND(A75=$AA$18,H75=$AA$16),C80/(SQRT(3)*D81))+IF(AND(A75=$AA$17,H75=$AA$15),C80/(D81*E81))+IF(AND(A75=$AA$18,H75=$AA$15),C80/D81) -> 0
C81: =IF(H75=$AA$16,$AA$14,IF(H75=$AA$15,"",)) -> √3 * | D81: =J75 -> 400
A85: S | F85: U= | H85: 3 X | J85: 400 | M85: Skjul denne linie
A87: I = | C87: =A85 -> S
C88: =IF(H85=$AA$16,$AA$14,IF(H85=$AA$15,"",)) -> √3 * | D88: U | E88: =IF(A85="P","* cosϕ",IF(A85="S","",))
A90: I = | H90: = | I90: =IF(AND(A85=$AA$17,H85=$AA$16),C90/(SQRT(3)*D91*E91))+IF(AND(A85=$AA$18,H85=$AA$16),C90/(SQRT(3)*D91))+IF(AND(A85=$AA$17,H85=$AA$15),C90/(D91*E91))+IF(AND(A85=$AA$18,H85=$AA$15),C90/D91) -> 0
C91: =IF(H85=$AA$16,$AA$14,IF(H85=$AA$15,"",)) -> √3 * | D91: =J85 -> 400
A95: S | F95: U= | H95: 3 X | J95: 400 | M95: Skjul denne linie
A97: I = | C97: =A95 -> S
C98: =IF(H95=$AA$16,$AA$14,IF(H95=$AA$15,"",)) -> √3 * | D98: U | E98: =IF(A95="P","* cosϕ",IF(A95="S","",))
A100: I = | H100: = | I100: =IF(AND(A95=$AA$17,H95=$AA$16),C100/(SQRT(3)*D101*E101))+IF(AND(A95=$AA$18,H95=$AA$16),C100/(SQRT(3)*D101))+IF(AND(A95=$AA$17,H95=$AA$15),C100/(D101*E101))+IF(AND(A95=$AA$18,H95=$AA$15),C100/D101) -> 0
C101: =IF(H95=$AA$16,$AA$14,IF(H95=$AA$15,"",)) -> √3 * | D101: =J95 -> 400
A105: S | F105: U= | H105: 3 X | J105: 400 | M105: Skjul denne linie
A107: I = | C107: =A105 -> S
C108: =IF(H105=$AA$16,$AA$14,IF(H105=$AA$15,"",)) -> √3 * | D108: U | E108: =IF(A105="P","* cosϕ",IF(A105="S","",))
A110: I = | H110: = | I110: =IF(AND(A105=$AA$17,H105=$AA$16),C110/(SQRT(3)*D111*E111))+IF(AND(A105=$AA$18,H105=$AA$16),C110/(SQRT(3)*D111))+IF(AND(A105=$AA$17,H105=$AA$15),C110/(D111*E111))+IF(AND(A105=$AA$18,H105=$AA$15),C110/D111) -> 0
C111: =IF(H105=$AA$16,$AA$14,IF(H105=$AA$15,"",)) -> √3 * | D111: =J105 -> 400

Sheet Belast Symmetrisk
A1: Belastningstabel | H1: Tavle | K1: -A2
N9: Startstrøm
A11: Navn | E11: L1,L2 og L3 | H11: Cos | K11: Vinkel | N11: Gange | P11: Strøm | R11: Cos | T11: Vinkel | AC11: 400 | AD11: Iw | AE11: Iwl | AF11: komp | AG11: Iw | AH11: Iwl | AI11: komp
A12: -M23.1 | E12: 45 | H12: 0.65 | K12: =DEGREES(ACOS(H12))*-1 -> -49.458398 | P12: =E12*N12 -> 0 | T12: =DEGREES(ACOS(R12))*-1 -> -90 | AC12: 230 | AD12: =E12*H12 -> 29.25 | AE12: =E12*SIN(RADIANS((-1*K12))) -> 34.197039 | AF12: =IMABS(COMPLEX(AD12,AE12,"i")) -> 45 | AG12: =P12*R12 -> 0 | AH12: =P12*SIN(RADIANS((-1*T12))) -> 0 | AI12: =IMABS(COMPLEX(AG12,AH12,"i")) -> 0
A13: -M23.2 | E13: 22 | H13: 0.85 | K13: =DEGREES(ACOS(H13))*-1 -> -31.788331 | P13: =E13*N13 -> 0 | T13: =DEGREES(ACOS(R13))*-1 -> -90 | AD13: =E13*H13 -> 18.7 | AE13: =E13*SIN(RADIANS((-1*K13))) -> 11.589219 | AF13: =IMABS(COMPLEX(AD13,AE13,"i")) -> 22 | AG13: =P13*R13 -> 0 | AH13: =P13*SIN(RADIANS((-1*T13))) -> 0 | AI13: =IMABS(COMPLEX(AG13,AH13,"i")) -> 0
A14: -M23.3 | E14: 50 | H14: 0.85 | K14: =DEGREES(ACOS(H14))*-1 -> -31.788331 | P14: =E14*N14 -> 0 | T14: =DEGREES(ACOS(R14))*-1 -> -90 | AC14: √3 * | AD14: =E14*H14 -> 42.5 | AE14: =E14*SIN(RADIANS((-1*K14))) -> 26.339134 | AF14: =IMABS(COMPLEX(AD14,AE14,"i")) -> 50 | AG14: =P14*R14 -> 0 | AH14: =P14*SIN(RADIANS((-1*T14))) -> 0 | AI14: =IMABS(COMPLEX(AG14,AH14,"i")) -> 0
A15: -M23.4 | K15: =DEGREES(ACOS(H15))*-1 -> -90 | P15: =E15*N15 -> 0 | T15: =DEGREES(ACOS(R15))*-1 -> -90 | AC15: 1 X | AD15: =E15*H15 -> 0 | AE15: =E15*SIN(RADIANS((-1*K15))) -> 0 | AF15: =IMABS(COMPLEX(AD15,AE15,"i")) -> 0 | AG15: =P15*R15 -> 0 | AH15: =P15*SIN(RADIANS((-1*T15))) -> 0 | AI15: =IMABS(COMPLEX(AG15,AH15,"i")) -> 0
A16: -M23.5 | K16: =DEGREES(ACOS(H16))*-1 -> -90 | P16: =E16*N16 -> 0 | T16: =DEGREES(ACOS(R16))*-1 -> -90 | AC16: 3 X | AD16: =E16*H16 -> 0 | AE16: =E16*SIN(RADIANS((-1*K16))) -> 0 | AF16: =IMABS(COMPLEX(AD16,AE16,"i")) -> 0 | AG16: =P16*R16 -> 0 | AH16: =P16*SIN(RADIANS((-1*T16))) -> 0 | AI16: =IMABS(COMPLEX(AG16,AH16,"i")) -> 0
A17: -X23.6 | K17: =DEGREES(ACOS(H17))*-1 -> -90 | P17: =E17*N17 -> 0 | T17: =DEGREES(ACOS(R17))*-1 -> -90 | AC17: P | AD17: =E17*H17 -> 0 | AE17: =E17*SIN(RADIANS((-1*K17))) -> 0 | AF17: =IMABS(COMPLEX(AD17,AE17,"i")) -> 0 | AG17: =P17*R17 -> 0 | AH17: =P17*SIN(RADIANS((-1*T17))) -> 0 | AI17: =IMABS(COMPLEX(AG17,AH17,"i")) -> 0
K18: =DEGREES(ACOS(H18))*-1 -> -90 | P18: =E18*N18 -> 0 | T18: =DEGREES(ACOS(R18))*-1 -> -90 | AC18: S | AD18: =E18*H18 -> 0 | AE18: =E18*SIN(RADIANS((-1*K18))) -> 0 | AF18: =IMABS(COMPLEX(AD18,AE18,"i")) -> 0 | AG18: =P18*R18 -> 0 | AH18: =P18*SIN(RADIANS((-1*T18))) -> 0 | AI18: =IMABS(COMPLEX(AG18,AH18,"i")) -> 0
K19: =DEGREES(ACOS(H19))*-1 -> -90 | P19: =E19*N19 -> 0 | T19: =DEGREES(ACOS(R19))*-1 -> -90 | AD19: =E19*H19 -> 0 | AE19: =E19*SIN(RADIANS((-1*K19))) -> 0 | AF19: =IMABS(COMPLEX(AD19,AE19,"i")) -> 0 | AG19: =P19*R19 -> 0 | AH19: =P19*SIN(RADIANS((-1*T19))) -> 0 | AI19: =IMABS(COMPLEX(AG19,AH19,"i")) -> 0
K20: =DEGREES(ACOS(H20))*-1 -> -90 | P20: =E20*N20 -> 0 | T20: =DEGREES(ACOS(R20))*-1 -> -90 | AC20: =IF(AND(A65=$AC$17,H65=$AC$16),C70/(SQRT(3)*D71*E71))+IF(AND(A65=$AC$18,H65=$AC$16),C70/(SQRT(3)*D71)) -> 44.988909 | AD20: =E20*H20 -> 0 | AE20: =E20*SIN(RADIANS((-1*K20))) -> 0 | AF20: =IMABS(COMPLEX(AD20,AE20,"i")) -> 0 | AG20: =P20*R20 -> 0 | AH20: =P20*SIN(RADIANS((-1*T20))) -> 0 | AI20: =IMABS(COMPLEX(AG20,AH20,"i")) -> 0
K21: =DEGREES(ACOS(H21))*-1 -> -90 | P21: =E21*N21 -> 0 | T21: =DEGREES(ACOS(R21))*-1 -> -90 | AD21: =E21*H21 -> 0 | AE21: =E21*SIN(RADIANS((-1*K21))) -> 0 | AF21: =IMABS(COMPLEX(AD21,AE21,"i")) -> 0 | AG21: =P21*R21 -> 0 | AH21: =P21*SIN(RADIANS((-1*T21))) -> 0 | AI21: =IMABS(COMPLEX(AG21,AH21,"i")) -> 0
K22: =DEGREES(ACOS(H22))*-1 -> -90 | P22: =E22*N22 -> 0 | T22: =DEGREES(ACOS(R22))*-1 -> -90 | AD22: =E22*H22 -> 0 | AE22: =E22*SIN(RADIANS((-1*K22))) -> 0 | AF22: =IMABS(COMPLEX(AD22,AE22,"i")) -> 0 | AG22: =P22*R22 -> 0 | AH22: =P22*SIN(RADIANS((-1*T22))) -> 0 | AI22: =IMABS(COMPLEX(AG22,AH22,"i")) -> 0
K23: =DEGREES(ACOS(H23))*-1 -> -90 | P23: =E23*N23 -> 0 | T23: =DEGREES(ACOS(R23))*-1 -> -90 | AD23: =E23*H23 -> 0 | AE23: =E23*SIN(RADIANS((-1*K23))) -> 0 | AF23: =IMABS(COMPLEX(AD23,AE23,"i")) -> 0 | AG23: =P23*R23 -> 0 | AH23: =P23*SIN(RADIANS((-1*T23))) -> 0 | AI23: =IMABS(COMPLEX(AG23,AH23,"i")) -> 0
K24: =DEGREES(ACOS(H24))*-1 -> -90 | P24: =E24*N24 -> 0 | T24: =DEGREES(ACOS(R24))*-1 -> -90 | AD24: =E24*H24 -> 0 | AE24: =E24*SIN(RADIANS((-1*K24))) -> 0 | AF24: =IMABS(COMPLEX(AD24,AE24,"i")) -> 0 | AG24: =P24*R24 -> 0 | AH24: =P24*SIN(RADIANS((-1*T24))) -> 0 | AI24: =IMABS(COMPLEX(AG24,AH24,"i")) -> 0
K25: =DEGREES(ACOS(H25))*-1 -> -90 | P25: =E25*N25 -> 0 | T25: =DEGREES(ACOS(R25))*-1 -> -90 | AD25: =E25*H25 -> 0 | AE25: =E25*SIN(RADIANS((-1*K25))) -> 0 | AF25: =IMABS(COMPLEX(AD25,AE25,"i")) -> 0 | AG25: =P25*R25 -> 0 | AH25: =P25*SIN(RADIANS((-1*T25))) -> 0 | AI25: =IMABS(COMPLEX(AG25,AH25,"i")) -> 0
K26: =DEGREES(ACOS(H26))*-1 -> -90 | P26: =E26*N26 -> 0 | T26: =DEGREES(ACOS(R26))*-1 -> -90 | AD26: =E26*H26 -> 0 | AE26: =E26*SIN(RADIANS((-1*K26))) -> 0 | AF26: =IMABS(COMPLEX(AD26,AE26,"i")) -> 0 | AG26: =P26*R26 -> 0 | AH26: =P26*SIN(RADIANS((-1*T26))) -> 0 | AI26: =IMABS(COMPLEX(AG26,AH26,"i")) -> 0
K27: =DEGREES(ACOS(H27))*-1 -> -90 | P27: =E27*N27 -> 0 | T27: =DEGREES(ACOS(R27))*-1 -> -90 | AD27: =E27*H27 -> 0 | AE27: =E27*SIN(RADIANS((-1*K27))) -> 0 | AF27: =IMABS(COMPLEX(AD27,AE27,"i")) -> 0 | AG27: =P27*R27 -> 0 | AH27: =P27*SIN(RADIANS((-1*T27))) -> 0 | AI27: =IMABS(COMPLEX(AG27,AH27,"i")) -> 0
K28: =DEGREES(ACOS(H28))*-1 -> -90 | P28: =E28*N28 -> 0 | T28: =DEGREES(ACOS(R28))*-1 -> -90 | AD28: =E28*H28 -> 0 | AE28: =E28*SIN(RADIANS((-1*K28))) -> 0 | AF28: =IMABS(COMPLEX(AD28,AE28,"i")) -> 0 | AG28: =P28*R28 -> 0 | AH28: =P28*SIN(RADIANS((-1*T28))) -> 0 | AI28: =IMABS(COMPLEX(AG28,AH28,"i")) -> 0
K29: =DEGREES(ACOS(H29))*-1 -> -90 | P29: =E29*N29 -> 0 | T29: =DEGREES(ACOS(R29))*-1 -> -90 | AD29: =SUM(AD12:AD28) -> 90.45 | AE29: =SUM(AE12:AE28) -> 72.125393 | AF29: =IMABS(COMPLEX(AD29,AE29,"i")) -> 115.6861 | AG29: =SUM(AG12:AG28) -> 0 | AH29: =SUM(AH12:AH28) -> 0 | AI29: =IMABS(COMPLEX(AG29,AH29,"i")) -> 0
K30: =DEGREES(ACOS(H30))*-1 -> -90 | P30: =E30*N30 -> 0 | T30: =DEGREES(ACOS(R30))*-1 -> -90
A31: ∑IB | E31: =IF(AF29=0,"",AF29) -> 115.6861 | N31: ∑IB | P31: =IF(AI29=0,"",AI29)
C32: =K1 -> -A2 | O32: =K1 -> -A2
N34: Vinkel | P34: =IF(AG29=0,"",DEGREES(ACOS(AG29/AI29))*-1)
N35: Cos | P35: =IF(P34="","",COS(RADIANS(P34)))
A36: Samtidhedsfaktor [sf] | H36: 1
A37: Udvidelsesfaktor [uf] | H37: 1
A38: Strømme efter sf og uf ∑IBkor = ∑IB * sf * uf
E39: L1, L2 og L3
A40: ∑IBkor | E40: =K49 -> 116
C41: -A2
A43: Vinkel | E43: =(IF(AD29=0,"",DEGREES(ACOS(AD29/AF29))*-1)) -> -38.569076
A44: cos | E44: =IF(E43="","",COS(RADIANS(E43))) -> 0.78185708
A46: ∑IB | D46: L1 | F46: SF | H46: UF | K46: Amp. | N46: Vinkel
C47: =C32 -> -A2
A49: =E31 -> 115.6861 | F49: =$H$36 -> 1 | H49: =$H$37 -> 1 | I49: = | K49: =IF(A49="","",ROUND(A49*F49*H49,0)) -> 116 | N49: =E43 -> -38.569076
A50: ∑IB | D50: L2 | F50: SF | H50: UF | K50: Amp. | N50: Vinkel
C51: =C32 -> -A2
A53: =#REF! -> #REF! | F53: =$H$36 -> 1 | H53: =$H$37 -> 1 | I53: = | K53: =IF(A53="","",ROUND(A53*F53*H53,0)) -> #REF! | N53: =H43 -> 0
A54: ∑IB | D54: L3 | F54: SF | H54: UF | K54: Amp. | N54: Vinkel
C55: =C32 -> -A2
A57: =#REF! -> #REF! | F57: =$H$36 -> 1 | H57: =$H$37 -> 1 | I57: = | K57: =IF(A57="","",ROUND(A57*F57*H57,0)) -> #REF! | N57: =J43 -> 0
A62: Effektberegner for W=P og VA=S
A65: P | F65: U= | H65: 3 X | J65: 400 | M65: Skjul denne linie
A67: I = | C67: =A65 -> P
C68: =IF(H65=$AC$16,$AC$14,IF(H65=$AC$15,"")) -> √3 * | D68: U | E68: =IF(A65="P","* cosϕ",IF(A65="S","",)) -> * cosϕ
A70: I = | C70: 20260 | H70: = | I70: =IF(AND(A65=$AC$17,H65=$AC$16),C70/(SQRT(3)*D71*E71))+IF(AND(A65=$AC$18,H65=$AC$16),C70/(SQRT(3)*D71))+IF(AND(A65=$AC$17,H65=$AC$15),C70/(D71*E71))+IF(AND(A65=$AC$18,H65=$AC$15),C70/D71) -> 44.988909
C71: =IF($H$65=$AC$16,$AC$14,IF($H$65=$AC$15,"",)) -> √3 * | D71: =J65 -> 400 | E71: 0.65
A75: S | F75: U= | H75: 3 X | J75: 400 | M75: Skjul denne linie
A77: I = | C77: =A75 -> S
C78: =IF(H75=$AC$16,$AC$14,IF(H75=$AC$15,"")) -> √3 * | D78: U | E78: =IF(A75="P","* cosϕ",IF(A75="S","",))
A80: I = | C80: 72500 | H80: = | I80: =IF(AND(A75=$AC$17,H75=$AC$16),C80/(SQRT(3)*D81*E81))+IF(AND(A75=$AC$18,H75=$AC$16),C80/(SQRT(3)*D81))+IF(AND(A75=$AC$17,H75=$AC$15),C80/(D81*E81))+IF(AND(A75=$AC$18,H75=$AC$15),C80/D81) -> 104.64474
C81: =IF(H75=$AC$16,$AC$14,IF(H75=$AC$15,"",)) -> √3 * | D81: =J75 -> 400
A85: S | F85: U= | H85: 3 X | J85: 400 | M85: Skjul denne linie
A87: I = | C87: =A85 -> S
C88: =IF(H85=$AC$16,$AC$14,IF(H85=$AC$15,"",)) -> √3 * | D88: U | E88: =IF(A85="P","* cosϕ",IF(A85="S","",))
A90: I = | H90: = | I90: =IF(AND(A85=$AC$17,H85=$AC$16),C90/(SQRT(3)*D91*E91))+IF(AND(A85=$AC$18,H85=$AC$16),C90/(SQRT(3)*D91))+IF(AND(A85=$AC$17,H85=$AC$15),C90/(D91*E91))+IF(AND(A85=$AC$18,H85=$AC$15),C90/D91) -> 0
C91: =IF(H85=$AC$16,$AC$14,IF(H85=$AC$15,"",)) -> √3 * | D91: =J85 -> 400
A95: S | F95: U= | H95: 3 X | J95: 400 | M95: Skjul denne linie
A97: I = | C97: =A95 -> S
C98: =IF(H95=$AC$16,$AC$14,IF(H95=$AC$15,"",)) -> √3 * | D98: U | E98: =IF(A95="P","* cosϕ",IF(A95="S","",))
A100: I = | H100: = | I100: =IF(AND(A95=$AC$17,H95=$AC$16),C100/(SQRT(3)*D101*E101))+IF(AND(A95=$AC$18,H95=$AC$16),C100/(SQRT(3)*D101))+IF(AND(A95=$AC$17,H95=$AC$15),C100/(D101*E101))+IF(AND(A95=$AC$18,H95=$AC$15),C100/D101) -> 0
C101: =IF(H95=$AC$16,$AC$14,IF(H95=$AC$15,"",)) -> √3 * | D101: =J95 -> 400
A105: S | F105: U= | H105: 3 X | J105: 400 | M105: Skjul denne linie
A107: I = | C107: =A105 -> S
C108: =IF(H105=$AC$16,$AC$14,IF(H105=$AC$15,"",)) -> √3 * | D108: U | E108: =IF(A105="P","* cosϕ",IF(A105="S","",))
A110: I = | H110: = | I110: =IF(AND(A105=$AC$17,H105=$AC$16),C110/(SQRT(3)*D111*E111))+IF(AND(A105=$AC$18,H105=$AC$16),C110/(SQRT(3)*D111))+IF(AND(A105=$AC$17,H105=$AC$15),C110/(D111*E111))+IF(AND(A105=$AC$18,H105=$AC$15),C110/D111) -> 0
C111: =IF(H105=$AC$16,$AC$14,IF(H105=$AC$15,"",)) -> √3 * | D111: =J105 -> 400

Sheet Belast 3strøm 
A1: Belastningstabel | H1: Tavle | K1: -A10
AA9: L1 | AD9: L2 | AG9: L3
A10: Navn | G10: L1 | I10: L2 | L10: L3 | N10: Cos | P10: Vinkel | R10: 3 harmonisk | T10: §523.5 | AA10: Iw | AB10: Iwl | AC10: komp | AD10: Iw | AE10: Iwl | AF10: komp | AG10: Iw | AH10: Iwl | AI10: komp
A11: -A11 | P11: =DEGREES(ACOS(N11))*-1 -> -90 | T11: Hvis nullederen fører strøm uden tilsvarende reduktion af strømmen i faselederne, skal der tages hensyn til nullederen, når strømkredsens strømværdi skal fastlægges. Sådanne strømme kan skyldes forekomsten af højere harmoniske strømme i trefasede strømkredse. Hvis indholdet af harmoniske er større end 10%, må nullederen ikke være mindre end faselederne. De termiske virkninger pga. harmoniske strømme og den tilhørende korrektionsfaktor for højere harmoniske strømme er angivet i Bilag C | Z11: 400 | AA11: =G11*N11 -> 0 | AB11: =G11*SIN(RADIANS((-1*P11))) -> 0 | AC11: =IMABS(COMPLEX(AA11,AB11,"i")) -> 0 | AD11: =I11*N11 -> 0 | AE11: =I11*SIN(RADIANS((-1*P11))) -> 0 | AF11: =IMABS(COMPLEX(AD11,AE11,"i")) -> 0 | AG11: =L11*N11 -> 0 | AH11: =L11*SIN(RADIANS((-1*P11))) -> 0 | AI11: =IMABS(COMPLEX(AG11,AH11,"i")) -> 0
A12: -A12 | P12: =DEGREES(ACOS(N12))*-1 -> -90 | Z12: 230 | AA12: =G12*N12 -> 0 | AB12: =G12*SIN(RADIANS((-1*P12))) -> 0 | AC12: =IMABS(COMPLEX(AA12,AB12,"i")) -> 0 | AD12: =I12*N12 -> 0 | AE12: =I12*SIN(RADIANS((-1*P12))) -> 0 | AF12: =IMABS(COMPLEX(AD12,AE12,"i")) -> 0 | AG12: =L12*N12 -> 0 | AH12: =L12*SIN(RADIANS((-1*P12))) -> 0 | AI12: =IMABS(COMPLEX(AG12,AH12,"i")) -> 0
A13: -A13 | P13: =DEGREES(ACOS(N13))*-1 -> -90 | AA13: =G13*N13 -> 0 | AB13: =G13*SIN(RADIANS((-1*P13))) -> 0 | AC13: =IMABS(COMPLEX(AA13,AB13,"i")) -> 0 | AD13: =I13*N13 -> 0 | AE13: =I13*SIN(RADIANS((-1*P13))) -> 0 | AF13: =IMABS(COMPLEX(AD13,AE13,"i")) -> 0 | AG13: =L13*N13 -> 0 | AH13: =L13*SIN(RADIANS((-1*P13))) -> 0 | AI13: =IMABS(COMPLEX(AG13,AH13,"i")) -> 0
A14: -A14 | P14: =DEGREES(ACOS(N14))*-1 -> -90 | Z14: √3 * | AA14: =G14*N14 -> 0 | AB14: =G14*SIN(RADIANS((-1*P14))) -> 0 | AC14: =IMABS(COMPLEX(AA14,AB14,"i")) -> 0 | AD14: =I14*N14 -> 0 | AE14: =I14*SIN(RADIANS((-1*P14))) -> 0 | AF14: =IMABS(COMPLEX(AD14,AE14,"i")) -> 0 | AG14: =L14*N14 -> 0 | AH14: =L14*SIN(RADIANS((-1*P14))) -> 0 | AI14: =IMABS(COMPLEX(AG14,AH14,"i")) -> 0
A15: -A15 | P15: =DEGREES(ACOS(N15))*-1 -> -90 | Z15: 1 X | AA15: =G15*N15 -> 0 | AB15: =G15*SIN(RADIANS((-1*P15))) -> 0 | AC15: =IMABS(COMPLEX(AA15,AB15,"i")) -> 0 | AD15: =I15*N15 -> 0 | AE15: =I15*SIN(RADIANS((-1*P15))) -> 0 | AF15: =IMABS(COMPLEX(AD15,AE15,"i")) -> 0 | AG15: =L15*N15 -> 0 | AH15: =L15*SIN(RADIANS((-1*P15))) -> 0 | AI15: =IMABS(COMPLEX(AG15,AH15,"i")) -> 0
A16: -A16 | P16: =DEGREES(ACOS(N16))*-1 -> -90 | Z16: 3 X | AA16: =G16*N16 -> 0 | AB16: =G16*SIN(RADIANS((-1*P16))) -> 0 | AC16: =IMABS(COMPLEX(AA16,AB16,"i")) -> 0 | AD16: =I16*N16 -> 0 | AE16: =I16*SIN(RADIANS((-1*P16))) -> 0 | AF16: =IMABS(COMPLEX(AD16,AE16,"i")) -> 0 | AG16: =L16*N16 -> 0 | AH16: =L16*SIN(RADIANS((-1*P16))) -> 0 | AI16: =IMABS(COMPLEX(AG16,AH16,"i")) -> 0
P17: =DEGREES(ACOS(N17))*-1 -> -90 | Z17: P | AA17: =G17*N17 -> 0 | AB17: =G17*SIN(RADIANS((-1*P17))) -> 0 | AC17: =IMABS(COMPLEX(AA17,AB17,"i")) -> 0 | AD17: =I17*N17 -> 0 | AE17: =I17*SIN(RADIANS((-1*P17))) -> 0 | AF17: =IMABS(COMPLEX(AD17,AE17,"i")) -> 0 | AG17: =L17*N17 -> 0 | AH17: =L17*SIN(RADIANS((-1*P17))) -> 0 | AI17: =IMABS(COMPLEX(AG17,AH17,"i")) -> 0
P18: =DEGREES(ACOS(N18))*-1 -> -90 | Z18: S | AA18: =G18*N18 -> 0 | AB18: =G18*SIN(RADIANS((-1*P18))) -> 0 | AC18: =IMABS(COMPLEX(AA18,AB18,"i")) -> 0 | AD18: =I18*N18 -> 0 | AE18: =I18*SIN(RADIANS((-1*P18))) -> 0 | AF18: =IMABS(COMPLEX(AD18,AE18,"i")) -> 0 | AG18: =L18*N18 -> 0 | AH18: =L18*SIN(RADIANS((-1*P18))) -> 0 | AI18: =IMABS(COMPLEX(AG18,AH18,"i")) -> 0
P19: =DEGREES(ACOS(N19))*-1 -> -90 | AA19: =G19*N19 -> 0 | AB19: =G19*SIN(RADIANS((-1*P19))) -> 0 | AC19: =IMABS(COMPLEX(AA19,AB19,"i")) -> 0 | AD19: =I19*N19 -> 0 | AE19: =I19*SIN(RADIANS((-1*P19))) -> 0 | AF19: =IMABS(COMPLEX(AD19,AE19,"i")) -> 0 | AG19: =L19*N19 -> 0 | AH19: =L19*SIN(RADIANS((-1*P19))) -> 0 | AI19: =IMABS(COMPLEX(AG19,AH19,"i")) -> 0
P20: =DEGREES(ACOS(N20))*-1 -> -90 | Z20: §523.5 | AA20: =G20*N20 -> 0 | AB20: =G20*SIN(RADIANS((-1*P20))) -> 0 | AC20: =IMABS(COMPLEX(AA20,AB20,"i")) -> 0 | AD20: =I20*N20 -> 0 | AE20: =I20*SIN(RADIANS((-1*P20))) -> 0 | AF20: =IMABS(COMPLEX(AD20,AE20,"i")) -> 0 | AG20: =L20*N20 -> 0 | AH20: =L20*SIN(RADIANS((-1*P20))) -> 0 | AI20: =IMABS(COMPLEX(AG20,AH20,"i")) -> 0
P21: =DEGREES(ACOS(N21))*-1 -> -90 | AA21: =G21*N21 -> 0 | AB21: =G21*SIN(RADIANS((-1*P21))) -> 0 | AC21: =IMABS(COMPLEX(AA21,AB21,"i")) -> 0 | AD21: =I21*N21 -> 0 | AE21: =I21*SIN(RADIANS((-1*P21))) -> 0 | AF21: =IMABS(COMPLEX(AD21,AE21,"i")) -> 0 | AG21: =L21*N21 -> 0 | AH21: =L21*SIN(RADIANS((-1*P21))) -> 0 | AI21: =IMABS(COMPLEX(AG21,AH21,"i")) -> 0
P22: =DEGREES(ACOS(N22))*-1 -> -90 | AA22: =G22*N22 -> 0 | AB22: =G22*SIN(RADIANS((-1*P22))) -> 0 | AC22: =IMABS(COMPLEX(AA22,AB22,"i")) -> 0 | AD22: =I22*N22 -> 0 | AE22: =I22*SIN(RADIANS((-1*P22))) -> 0 | AF22: =IMABS(COMPLEX(AD22,AE22,"i")) -> 0 | AG22: =L22*N22 -> 0 | AH22: =L22*SIN(RADIANS((-1*P22))) -> 0 | AI22: =IMABS(COMPLEX(AG22,AH22,"i")) -> 0
P23: =DEGREES(ACOS(N23))*-1 -> -90 | AA23: =G23*N23 -> 0 | AB23: =G23*SIN(RADIANS((-1*P23))) -> 0 | AC23: =IMABS(COMPLEX(AA23,AB23,"i")) -> 0 | AD23: =I23*N23 -> 0 | AE23: =I23*SIN(RADIANS((-1*P23))) -> 0 | AF23: =IMABS(COMPLEX(AD23,AE23,"i")) -> 0 | AG23: =L23*N23 -> 0 | AH23: =L23*SIN(RADIANS((-1*P23))) -> 0 | AI23: =IMABS(COMPLEX(AG23,AH23,"i")) -> 0
P24: =DEGREES(ACOS(N24))*-1 -> -90 | AA24: =G24*N24 -> 0 | AB24: =G24*SIN(RADIANS((-1*P24))) -> 0 | AC24: =IMABS(COMPLEX(AA24,AB24,"i")) -> 0 | AD24: =I24*N24 -> 0 | AE24: =I24*SIN(RADIANS((-1*P24))) -> 0 | AF24: =IMABS(COMPLEX(AD24,AE24,"i")) -> 0 | AG24: =L24*N24 -> 0 | AH24: =L24*SIN(RADIANS((-1*P24))) -> 0 | AI24: =IMABS(COMPLEX(AG24,AH24,"i")) -> 0
P25: =DEGREES(ACOS(N25))*-1 -> -90 | AA25: =G25*N25 -> 0 | AB25: =G25*SIN(RADIANS((-1*P25))) -> 0 | AC25: =IMABS(COMPLEX(AA25,AB25,"i")) -> 0 | AD25: =I25*N25 -> 0 | AE25: =I25*SIN(RADIANS((-1*P25))) -> 0 | AF25: =IMABS(COMPLEX(AD25,AE25,"i")) -> 0 | AG25: =L25*N25 -> 0 | AH25: =L25*SIN(RADIANS((-1*P25))) -> 0 | AI25: =IMABS(COMPLEX(AG25,AH25,"i")) -> 0
P26: =DEGREES(ACOS(N26))*-1 -> -90 | AA26: =G26*N26 -> 0 | AB26: =G26*SIN(RADIANS((-1*P26))) -> 0 | AC26: =IMABS(COMPLEX(AA26,AB26,"i")) -> 0 | AD26: =I26*N26 -> 0 | AE26: =I26*SIN(RADIANS((-1*P26))) -> 0 | AF26: =IMABS(COMPLEX(AD26,AE26,"i")) -> 0 | AG26: =L26*N26 -> 0 | AH26: =L26*SIN(RADIANS((-1*P26))) -> 0 | AI26: =IMABS(COMPLEX(AG26,AH26,"i")) -> 0
P27: =DEGREES(ACOS(N27))*-1 -> -90 | AA27: =G27*N27 -> 0 | AB27: =G27*SIN(RADIANS((-1*P27))) -> 0 | AC27: =IMABS(COMPLEX(AA27,AB27,"i")) -> 0 | AD27: =I27*N27 -> 0 | AE27: =I27*SIN(RADIANS((-1*P27))) -> 0 | AF27: =IMABS(COMPLEX(AD27,AE27,"i")) -> 0 | AG27: =L27*N27 -> 0 | AH27: =L27*SIN(RADIANS((-1*P27))) -> 0 | AI27: =IMABS(COMPLEX(AG27,AH27,"i")) -> 0
P28: =DEGREES(ACOS(N28))*-1 -> -90 | AA28: =SUM(AA11:AA27) -> 0 | AB28: =SUM(AB11:AB27) -> 0 | AC28: =IMABS(COMPLEX(AA28,AB28,"i")) -> 0 | AD28: =SUM(AD11:AD27) -> 0 | AE28: =SUM(AE11:AE27) -> 0 | AF28: =IMABS(COMPLEX(AD28,AE28,"i")) -> 0 | AG28: =SUM(AG11:AG27) -> 0 | AH28: =SUM(AH11:AH27) -> 0 | AI28: =IMABS(COMPLEX(AG28,AH28,"i")) -> 0
P29: =DEGREES(ACOS(N29))*-1 -> -90
A30: ∑IB | G30: =AC28 -> 0 | I30: =AF28 -> 0 | L30: =AI28 -> 0 | R30: =SUM(R11:R29) -> 0
C31: =K1 -> -A10
Z33: Hvis nullederen fører strøm uden tilsvarende reduktion af strømmen i faselederne, skal der tages hensyn til nullederen, når strømkredsens strømværdi skal fastlægges. Sådanne strømme kan skyldes forekomsten af højere harmoniske strømme i trefasede strømkredse. Hvis indholdet af harmoniske er større end 10%, må nullederen ikke være mindre end faselederne. De termiske virkninger pga. harmoniske strømme og den tilhørende korrektionsfaktor for højere harmoniske strømme er angivet i Bilag C
A35: Samtidhedsfaktor [sf] | G35: 1
A36: Udvidelsesfaktor [uf] | G36: 1
A37: Strømme efter sf og uf ∑IBkor = ∑IB * sf * uf
A38: ∑IB | G38: L1 | I38: L2 | L38: L3
C39: =K1 -> -A10 | G39: =I46 -> 0 | I39: =I50 -> 0 | L39: =I54 -> 0
A41: Vinkel | G41: =(IF(AA28=0,"",DEGREES(ACOS(AA28/AC28))*-1)) | I41: =(IF(AD28=0,"",DEGREES(ACOS(AD28/AF28))*-1)) | L41: =(IF(AG28=0,"",DEGREES(ACOS(AG28/AI28))*-1))
A42: cos | G42: =IF(G41="","",COS(RADIANS(G41))) | I42: =IF(I41="","",COS(RADIANS(I41))) | L42: =IF(L41="","",COS(RADIANS(L41)))
A43: ∑IB | D43: L1 | F43: SF | H43: UF | I43: Amp. | M43: Vinkel
C44: =K1 -> -A10
A46: =G30 -> 0 | F46: =G35 -> 1 | H46: =G36 -> 1 | I46: =A46*F46*H46 -> 0 | M46: =G41
A47: ∑IB | D47: L2 | F47: SF | H47: UF | I47: Amp. | M47: Vinkel
C48: =K1 -> -A10
A50: =I30 -> 0 | F50: =G35 -> 1 | H50: =G36 -> 1 | I50: =A50*F50*H50 -> 0 | M50: =I41
A51: ∑IB | D51: L3 | F51: SF | H51: UF | I51: Amp. | M51: Vinkel
C52: =K1 -> -A10
A54: =L30 -> 0 | F54: =G35 -> 1 | H54: =G36 -> 1 | I54: =A54*F54*H54 -> 0 | M54: =L41
A57: IB 3harm * 100 | E57: =
A58: 3 * IB
A59: Procent fordeling harmoniskstrøm | L59: Hvis 3 harmoniske strømme er 0% til 15% faktor 1. 15% til 33% faktor 0,86 på faselederen
B60: L1 | E60: L2 | H60: L3
B61: =IF(R30=0,"",$R$30/(3*I46)) | E61: =IF(R30=0,"",$R$30/(3*I50)) | H61: =IF(R30=0,"",$R$30/(3*I54))
A63: Effektberegner for W=P og VA=S
A66: P | H66: U= | I66: 3 X | K66: 400 | M66: Skjul denne linie
A68: I = | C68: =A66 -> P
C69: =IF(I66=$Z$16,$Z$14,IF(I66=$Z$15,"",)) -> √3 * | D69: U | E69: =IF(A66="P","* cosϕ",IF(A66="S","",)) -> * cosϕ
A71: I = | C71: 12500 | H71: = | I71: =IF(AND(A66=$Z$17,I66=$Z$16),C71/(SQRT(3)*D72*F72))+IF(AND(A66=$Z$18,I66=$Z$16),C71/(SQRT(3)*D72))+IF(AND(A66=$Z$17,I66=$Z$15),C71/(D72*F72))+IF(AND(A66=$Z$18,I66=$Z$15),C71/D72) -> 25.774566
C72: =IF($I$66=$Z$16,$Z$14,IF($I$66=$Z$15,"",)) -> √3 * | D72: =K66 -> 400 | F72: 0.7
A76: P | H76: U= | I76: 3 X | K76: 400 | M76: Skjul denne linie
A78: I = | C78: =A76 -> P
C79: =IF(I76=$Z$16,$Z$14,IF(I76=$Z$15,"",)) -> √3 * | D79: U | E79: =IF(A76="P","* cosϕ",IF(A76="S","",)) -> * cosϕ
A81: I = | C81: 6200 | H81: = | I81: =IF(AND(A76=$Z$17,I76=$Z$16),C81/(SQRT(3)*D82*F82))+IF(AND(A76=$Z$18,I76=$Z$16),C81/(SQRT(3)*D82))+IF(AND(A76=$Z$17,I76=$Z$15),C81/(D82*F82))+IF(AND(A76=$Z$18,I76=$Z$15),C81/D82) -> 8.9489292
C82: =IF($I$76=$Z$16,$Z$14,IF($I$76=$Z$15,"",)) -> √3 * | D82: =K76 -> 400 | F82: 1
A86: P | H86: U= | I86: 3 X | K86: 400 | M86: Skjul denne linie
A88: I = | C88: =A86 -> P
C89: =IF(I86=$Z$16,$Z$14,IF(I86=$Z$15,"",)) -> √3 * | D89: U | E89: =IF(A86="P","* cosϕ",IF(A86="S","",)) -> * cosϕ
A91: I = | C91: 6200 | H91: = | I91: =IF(AND(A86=$Z$17,I86=$Z$16),C91/(SQRT(3)*D92*F92))+IF(AND(A86=$Z$18,I86=$Z$16),C91/(SQRT(3)*D92))+IF(AND(A86=$Z$17,I86=$Z$15),C91/(D92*F92))+IF(AND(A86=$Z$18,I86=$Z$15),C91/D92) -> 8.9489292
C92: =IF(I86=$Z$16,$Z$14,IF(I86=$Z$15,"",)) -> √3 * | D92: =K86 -> 400 | F92: 1
A96: P | H96: U= | I96: 3 X | K96: 400 | M96: Skjul denne linie
A98: I = | C98: =A96 -> P
C99: =IF(I96=$Z$16,$Z$14,IF(I96=$Z$15,"",)) -> √3 * | D99: U | E99: =IF(A96="P","* cosϕ",IF(A96="S","",)) -> * cosϕ
A101: I = | C101: 6200 | H101: = | I101: =IF(AND(A96=$Z$17,I96=$Z$16),C101/(SQRT(3)*D102*F102))+IF(AND(A96=$Z$18,I96=$Z$16),C101/(SQRT(3)*D102))+IF(AND(A96=$Z$17,I96=$Z$15),C101/(D102*F102))+IF(AND(A96=$Z$18,I96=$Z$15),C101/D102) -> 8.9489292
C102: =IF(I96=$Z$16,$Z$14,IF(I96=$Z$15,"",)) -> √3 * | D102: =K96 -> 400 | F102: 1
A106: P | H106: U= | I106: 3 X | K106: 400 | M106: Skjul denne linie
A108: I = | C108: =A106 -> P
C109: =IF(I106=$Z$16,$Z$14,IF(I106=$Z$15,"",)) -> √3 * | D109: U | E109: =IF(A106="P","* cosϕ",IF(A106="S","",)) -> * cosϕ
A111: I = | C111: 6200 | H111: = | I111: =IF(AND(A106=$Z$17,I106=$Z$16),C111/(SQRT(3)*D112*F112))+IF(AND(A106=$Z$18,I106=$Z$16),C111/(SQRT(3)*D112))+IF(AND(A106=$Z$17,I106=$Z$15),C111/(D112*F112))+IF(AND(A106=$Z$18,I106=$Z$15),C111/D112) -> 8.9489292
C112: =IF(I106=$Z$16,$Z$14,IF(I106=$Z$15,"",)) -> √3 * | D112: =K106 -> 400 | F112: 1

Sheet Belast 3strøm  Symmetrisk
A1: Belastningstabel | G1: Tavle | J1: -A10
A3: Navn | G3: L1 | I3: Cos | K3: Vinkel | M3: 3 harmonisk | X3: Iw | Y3: Iwl | Z3: komp
A4: -A11 | G4: 36 | I4: 0.85 | K4: =DEGREES(ACOS(I4))*-1 -> -31.788331 | W4: 400 | X4: =G4*I4 -> 30.6 | Y4: =G4*SIN(RADIANS((-1*K4))) -> 18.964177 | Z4: =IMABS(COMPLEX(X4,Y4,"i")) -> 36
A5: -A12 | G5: 48 | I5: 0.82 | K5: =DEGREES(ACOS(I5))*-1 -> -34.915206 | W5: 230 | X5: =G5*I5 -> 39.36 | Y5: =G5*SIN(RADIANS((-1*K5))) -> 27.473449 | Z5: =IMABS(COMPLEX(X5,Y5,"i")) -> 48
A6: -A13 | G6: 15.5 | I6: 0.88 | K6: =DEGREES(ACOS(I6))*-1 -> -28.357637 | X6: =G6*I6 -> 13.64 | Y6: =G6*SIN(RADIANS((-1*K6))) -> 7.3620921 | Z6: =IMABS(COMPLEX(X6,Y6,"i")) -> 15.5
A7: -A14 | G7: 8.5 | I7: 0.85 | K7: =DEGREES(ACOS(I7))*-1 -> -31.788331 | W7: √3 * | X7: =G7*I7 -> 7.225 | Y7: =G7*SIN(RADIANS((-1*K7))) -> 4.4776528 | Z7: =IMABS(COMPLEX(X7,Y7,"i")) -> 8.5
A8: -A15 | G8: 25.99 | I8: 1 | K8: =DEGREES(ACOS(I8))*-1 -> 0 | W8: 1 X | X8: =G8*I8 -> 25.99 | Y8: =G8*SIN(RADIANS((-1*K8))) -> 0 | Z8: =IMABS(COMPLEX(X8,Y8,"i")) -> 25.99
A9: -A16 | G9: 93 | I9: 0.38 | K9: =DEGREES(ACOS(I9))*-1 -> -67.666317 | W9: 3 X | X9: =G9*I9 -> 35.34 | Y9: =G9*SIN(RADIANS((-1*K9))) -> 86.023743 | Z9: =IMABS(COMPLEX(X9,Y9,"i")) -> 93
G10: 10.87 | I10: 0.9 | K10: =DEGREES(ACOS(I10))*-1 -> -25.841933 | W10: P | X10: =G10*I10 -> 9.783 | Y10: =G10*SIN(RADIANS((-1*K10))) -> 4.7381232 | Z10: =IMABS(COMPLEX(X10,Y10,"i")) -> 10.87
G11: 34.37 | I11: 0.84 | K11: =DEGREES(ACOS(I11))*-1 -> -32.85988 | W11: S | X11: =G11*I11 -> 28.8708 | Y11: =G11*SIN(RADIANS((-1*K11))) -> 18.648695 | Z11: =IMABS(COMPLEX(X11,Y11,"i")) -> 34.37
G12: 67.14 | I12: 0.86 | K12: =DEGREES(ACOS(I12))*-1 -> -30.683417 | X12: =G12*I12 -> 57.7404 | Y12: =G12*SIN(RADIANS((-1*K12))) -> 34.261141 | Z12: =IMABS(COMPLEX(X12,Y12,"i")) -> 67.14
K13: =DEGREES(ACOS(I13))*-1 -> -90 | W13: §523.5 | X13: =G13*I13 -> 0 | Y13: =G13*SIN(RADIANS((-1*K13))) -> 0 | Z13: =IMABS(COMPLEX(X13,Y13,"i")) -> 0
K14: =DEGREES(ACOS(I14))*-1 -> -90 | X14: =G14*I14 -> 0 | Y14: =G14*SIN(RADIANS((-1*K14))) -> 0 | Z14: =IMABS(COMPLEX(X14,Y14,"i")) -> 0
K15: =DEGREES(ACOS(I15))*-1 -> -90 | X15: =G15*I15 -> 0 | Y15: =G15*SIN(RADIANS((-1*K15))) -> 0 | Z15: =IMABS(COMPLEX(X15,Y15,"i")) -> 0
K16: =DEGREES(ACOS(I16))*-1 -> -90 | X16: =G16*I16 -> 0 | Y16: =G16*SIN(RADIANS((-1*K16))) -> 0 | Z16: =IMABS(COMPLEX(X16,Y16,"i")) -> 0
K17: =DEGREES(ACOS(I17))*-1 -> -90 | X17: =G17*I17 -> 0 | Y17: =G17*SIN(RADIANS((-1*K17))) -> 0 | Z17: =IMABS(COMPLEX(X17,Y17,"i")) -> 0
K18: =DEGREES(ACOS(I18))*-1 -> -90 | X18: =G18*I18 -> 0 | Y18: =G18*SIN(RADIANS((-1*K18))) -> 0 | Z18: =IMABS(COMPLEX(X18,Y18,"i")) -> 0
K19: =DEGREES(ACOS(I19))*-1 -> -90 | X19: =G19*I19 -> 0 | Y19: =G19*SIN(RADIANS((-1*K19))) -> 0 | Z19: =IMABS(COMPLEX(X19,Y19,"i")) -> 0
K20: =DEGREES(ACOS(I20))*-1 -> -90 | X20: =G20*I20 -> 0 | Y20: =G20*SIN(RADIANS((-1*K20))) -> 0 | Z20: =IMABS(COMPLEX(X20,Y20,"i")) -> 0
K21: =DEGREES(ACOS(I21))*-1 -> -90 | X21: =SUM(X4:X20) -> 248.5492 | Y21: =SUM(Y4:Y20) -> 201.94907 | Z21: =IMABS(COMPLEX(X21,Y21,"i")) -> 320.25011
K22: =DEGREES(ACOS(I22))*-1 -> -90
A23: ∑IB | G23: =Z21 -> 320.25011 | M23: =SUM(M4:M22) -> 0
C24: =J1 -> -A10
A26: Samtidhedsfaktor [sf] | G26: 1 | AB26: Hvis nullederen fører strøm uden tilsvarende reduktion af strømmen i faselederne, skal der tages hensyn til nullederen, når strømkredsens strømværdi skal fastlægges. Sådanne strømme kan skyldes forekomsten af højere harmoniske strømme i trefasede strømkredse. Hvis indholdet af harmoniske er større end 10%, må nullederen ikke være mindre end faselederne. De termiske virkninger pga. harmoniske strømme og den tilhørende korrektionsfaktor for højere harmoniske strømme er angivet i Bilag C
A27: Udvidelsesfaktor [uf] | G27: 1
A28: Strømme efter sf og uf ∑IBkor = ∑IB * sf * uf
A29: ∑IB | G29: L1, L2 og L3
C30: =J1 -> -A10 | G30: =I37 -> 320.25011
A32: Vinkel | G32: =(IF(X21=0,"",DEGREES(ACOS(X21/Z21))*-1)) -> -39.094254
A33: cos | G33: =IF(G32="","",COS(RADIANS(G32))) -> 0.77610965
A34: ∑IB | F34: SF | H34: UF | I34: Amp. | M34: Vinkel
C35: =J1 -> -A10
A37: =G23 -> 320.25011 | F37: =G26 -> 1 | H37: =G27 -> 1 | I37: =A37*F37*H37 -> 320.25011 | M37: =G32 -> -39.094254
A40: IB 3harm * 100 | E40: = | F40: =M23 -> 0 | H40: * 100 | J40: = | K40: =IF(M23=0,"",$M$23/(3*I37)) | L40: Hvis 3 harmoniske strømme er 0% til 15% faktor 1. 15% til 33% faktor 0,86 på faselederen
A41: 3 * IB | F41: 3 | G41: * | H41: =G30 -> 320.25011
A45: Effektberegner for W=P og VA=S
A47: P | H47: U= | I47: 3 X | K47: 230 | M47: Skjul denne linie
A49: I = | C49: =A47 -> P
C50: =IF(I47=$W$9,$W$7,IF(I47=$W$8,"",)) -> √3 * | D50: U | E50: =IF(A47="P","* cosϕ",IF(A47="S","",)) -> * cosϕ
A52: I = | C52: 6200 | H52: = | I52: =IF(AND(A47=$W$10,I47=$W$9),C52/(SQRT(3)*D53*F53))+IF(AND(A47=$W$11,I47=$W$9),C52/(SQRT(3)*D53))+IF(AND(A47=$W$10,I47=$W$8),C52/(D53*F53))+IF(AND(A47=$W$11,I47=$W$8),C52/D53) -> 15.563355
C53: =IF($I$47=$W$9,$W$7,IF($I$47=$W$8,"",)) -> √3 * | D53: =K47 -> 230 | F53: 1
A57: P | H57: U= | I57: 3 X | K57: 400 | M57: Skjul denne linie
A59: I = | C59: =A57 -> P
C60: =IF(I57=$W$9,$W$7,IF(I57=$W$8,"",)) -> √3 * | D60: U | E60: =IF(A57="P","* cosϕ",IF(A57="S","",)) -> * cosϕ
A62: I = | C62: 6200 | H62: = | I62: =IF(AND(A57=$W$10,I57=$W$9),C62/(SQRT(3)*D63*F63))+IF(AND(A57=$W$11,I57=$W$9),C62/(SQRT(3)*D63))+IF(AND(A57=$W$10,I57=$W$8),C62/(D63*F63))+IF(AND(A57=$W$11,I57=$W$8),C62/D63) -> 8.9489292
C63: =IF($I$57=$W$9,$W$7,IF($I$57=$W$8,"",)) -> √3 * | D63: =K57 -> 400 | F63: 1
A67: P | H67: U= | I67: 3 X | K67: 400 | M67: Skjul denne linie
A69: I = | C69: =A67 -> P
C70: =IF(I67=$W$9,$W$7,IF(I67=$W$8,"",)) -> √3 * | D70: U | E70: =IF(A67="P","* cosϕ",IF(A67="S","",)) -> * cosϕ
A72: I = | C72: 6200 | H72: = | I72: =IF(AND(A67=$W$10,I67=$W$9),C72/(SQRT(3)*D73*F73))+IF(AND(A67=$W$11,I67=$W$9),C72/(SQRT(3)*D73))+IF(AND(A67=$W$10,I67=$W$8),C72/(D73*F73))+IF(AND(A67=$W$11,I67=$W$8),C72/D73) -> 8.9489292
C73: =IF($I$67=$W$9,$W$7,IF($I$67=$W$8,"",)) -> √3 * | D73: =K67 -> 400 | F73: 1
A77: P | H77: U= | I77: 3 X | K77: 400 | M77: Skjul denne linie
A79: I = | C79: =A77 -> P
C80: =IF(I77=$W$9,$W$7,IF(I77=$W$8,"",)) -> √3 * | D80: U | E80: =IF(A77="P","* cosϕ",IF(A77="S","",)) -> * cosϕ
A82: I = | C82: 6200 | H82: = | I82: =IF(AND(A77=$W$10,I77=$W$9),C82/(SQRT(3)*D83*F83))+IF(AND(A77=$W$11,I77=$W$9),C82/(SQRT(3)*D83))+IF(AND(A77=$W$10,I77=$W$8),C82/(D83*F83))+IF(AND(A77=$W$11,I77=$W$8),C82/D83) -> 8.9489292
C83: =IF($I$77=$W$9,$W$7,IF($I$77=$W$8,"",)) -> √3 * | D83: =K77 -> 400 | F83: 1
A87: P | H87: U= | I87: 3 X | K87: 400 | M87: Skjul denne linie
A89: I = | C89: =A87 -> P
C90: =IF(I87=$W$9,$W$7,IF(I87=$W$8,"",)) -> √3 * | D90: U | E90: =IF(A87="P","* cosϕ",IF(A87="S","",)) -> * cosϕ
A92: I = | C92: 6200 | H92: = | I92: =IF(AND(A87=$W$10,I87=$W$9),C92/(SQRT(3)*D93*F93))+IF(AND(A87=$W$11,I87=$W$9),C92/(SQRT(3)*D93))+IF(AND(A87=$W$10,I87=$W$8),C92/(D93*F93))+IF(AND(A87=$W$11,I87=$W$8),C92/D93) -> 8.9489292
C93: =IF($I$87=$W$9,$W$7,IF($I$87=$W$8,"",)) -> √3 * | D93: =K87 -> 400 | F93: 1

Sheet Fasekomp.
A1: Fasekompensering | AV1: =P39 -> 0
A2: Beregning af ny strøm pga. dårlig cosϕ | AV2: 2.5 | AW2: 2GCA280554A0030 | AX2: 1
A3: Gammel strøm før fasekompensering | AV3: 5.5 | AW3: 2GCA280555A0030 | AX3: 1.5
A4: I̅B | B4: = | C4: 50 | F4: Ð | G4: -45.573 | L4: ó | N4: =C4 -> 50 | Q4: cosφ | S4: =COS(G4*PI()/180) -> 0.69999995 | AV4: 6.7 | AW4: 2GCA280553A0030 | AX4: 2
AV5: 10 | AW5: 2GCA280556A0030 | AX5: 2.5
A6: Hvis der er oplyst en ny Ibmax skal der findes en ny cosϕ | V6: IBmax | X6: = | Y6: 210 | AB6: A | AV6: 12.5 | AW6: 2GCA280557A0030 | AX6: 3
AV7: 15 | AW7: 2GCA280558A0030 | AX7: 3.5
A8: cosϕny | D8: = | E8: IB gl | G8: * | H8: cosϕgl | L8: = | N8: =C4 -> 50 | P8: * | Q8: =S4 -> 0.69999995 | T8: = | U8: =ROUNDUP(N8*Q8/N9,2) -> 0.17 | AV8: 16.6 | AW8: 2GCA280559A0030 | AX8: 4
E9: IB ny | N9: =Y6 -> 210 | AJ9: Radianer | AN9: cos | AR9: sin | AV9: 20 | AW9: 2GCA280960A0030 | AX9: 4.5
AJ10: =RADIANS(180+G23) -> 2.6905996 | AN10: =L17*COS(AJ10) -> -35.100573 | AR10: =C23*SIN(AJ10) -> 16.998522 | AV10: 25 | AW10: 2GCA280774A0030 | AX10: 5
A11: Ny cosφ | E11: 0.9 | H11: ó | J11: Ð | K11: =ROUND(-DEGREES(ACOS(E11)),2) -> -25.84 | AJ11: =RADIANS(180+O23) -> 2.3461938 | AN11: =K23*COS(AJ11) -> -34.999998 | AR11: =K23*SIN(AJ11) -> 35.707145 | AV11: 30 | AW11: 2GCA280961A0030 | AX11: 5.5
AV12: 35 | AW12: 2GCA280730A0030 | AX12: 6
A13: Ny strøm efter fasekompensering | AV13: 40 | AW13: 2GCA280776A0030 | AX13: 6.5
A14: I̅idel | C14: = | D14: IB | E14: * | F14: cosϕ gl | AV14: 45 | AW14: 2GCA280777A0030 | AX14: 7
F15: cosϕ ny | AV15: 50 | AW15: 2GCA280729A0030 | AX15: 7.5
AV16: 60 | AW16: 2GCA280982A0030 | AX16: 8
C17: = | D17: =C4 -> 50 | G17: * | H17: =S4 -> 0.69999995 | K17: = | L17: =ROUNDUP(C4*(S4/E11),0) -> 39 | O17: Ð | P17: =K11 -> -25.84 | AV17: 70 | AW17: 2GCA280780A0030 | AX17: 8.5
H18: =E11 -> 0.9 | AV18: 80 | AW18: 2GCA280781A0030 | AX18: 9
AV19: 100 | AW19: 2GCA280731A0030 | AX19: 9.5
A20: Beregning af kondensatorstrømmen | AV20: 120 | AW20: 2GCA281094A0030 | AX20: 10
A21: IC | B21: = | C21: I̅idel | E21: - | F21: I̅B | AV21: FR 09 §28 må kobles direkte op til 25kVAR | AX21: 10.5
AJ22: Radianer | AN22: cos | AR22: sin | AV22: FR 09 §29 skal der bruges auto indkobling over 25kVAR | AX22: 11
B23: = | C23: =L17 -> 39 | F23: Ð | G23: =P17 -> -25.84 | J23: - | K23: =C4 -> 50 | N23: Ð | O23: =G4 -> -45.573 | R23: = | S23: =ROUNDUP((SQRT((AN10-AN11)^2+(AR10-AR11)^2)),1) -> 18.8 | AJ23: =RADIANS(180+M50) -> 2.3461938 | AN23: =J50*COS(AJ23) -> -34.999998 | AR23: =J50*SIN(AJ23) -> 35.707145 | AV23: ABB`s type nr. | AX23: 11.5
AJ24: =RADIANS(180+U50) -> 4.712389 | AN24: =Q50*COS(AJ24) -> -4.37378e-15 | AR24: =Q50*SIN(AJ24) -> -23.8 | AX24: 12
A25: Beregning på hvor stor en kapacitiv belastning, der skal indsættes | AV25: Størelsen af fasekompenserings celler ABB´s | AX25: 12.5
AV26: Hvis værdien ikke findes som AAB´s | AX26: 13
A27: Antal kVAR der skal bruges | AX27: 13.5
A28: QC | B28: = | C28: √3 * UN * IC | AX28: 14
C29: 1000 | AX29: 14.5
AX30: 15
B31: = | C31: √3 | D31: * | E31: 400 | G31: * | H31: =S23 -> 18.8 | K31: = | L31: =ROUNDUP((SQRT(3)*400*S23)/1000,1) -> 13.1 | O31: kVAR | AX31: 15.5
C32: 1000 | AX32: 16
AX33: 16.5
A34: =IF(L31<25,AV21,IF(L31>25,AV22,)) -> FR 09 §28 må kobles direkte op til 25kVAR | AX34: 17
AX35: 17.5
A36: Beregning af antal celler | AX36: 18
U37: Antal celler | Z37: =IF(Z38="","",AV23) -> ABB`s type nr. | AX37: 18.5
A38: Størelsen af fasekompenserings celler ABB´s | P38: 5.5 | R38: kVAR | U38: =ROUNDUP((L31/P38),0) -> 3 | W38: stk. | Z38: =IF(A38=AV25,VLOOKUP(P38,AV2:AW20,2),IF(A38=AV26,"",)) -> 2GCA280555A0030 | AX38: 19
AX39: 19.5
A40: Størelsen af anlæg (antal celler x størelsen ) | Q40: =P38 -> 5.5 | S40: * | T40: =U38 -> 3 | V40: = | W40: =P38*U38 -> 16.5 | Z40: kVAR | AX40: 20
AX41: 20.5
A42: Beregning af ny IB cosφ | AX42: 21
AX43: 21.5
A44: Den nye kondensatorstrøm | AX44: 22
A45: IC ny | C45: = | D45: 1000 * QC | H45: = | J45: 1000 | L45: * | M45: =W40 -> 16.5 | O45: = | P45: =ROUND((1000*W40)/(SQRT(3)*400),1) -> 23.8 | S45: A | AX45: 22.5
D46: √3 * UN | K46: √3 | L46: * | M46: 400 | AX46: 23
A47: IC ny | C47: regner man med en vinkel på 90˚ | AX47: 23.5
AX48: 24
A49: Ny belastningsstrøm | AX49: 24.5
A50: I̅reel | D50: = | E50: I̅B | F50: + | G50: I̅Cny | I50: = | J50: =C4 -> 50 | L50: Ð | M50: =G4 -> -45.573 | P50: + | Q50: =P45 -> 23.8 | T50: Ð | U50: 90 | W50: = | X50: =ROUNDUP(SQRT(SUM(AN23+AN24)^2+SUM(AR23+AR24)^2),1) -> 37 | AA50: Ð | AB50: =DEGREES(ATAN(SUM(AR23+AR24)/SUM(AN23+AN24))) -> -18.788518 | AX50: 25
AX51: 25.5
A52: ó | C52: =ROUNDUP(X50,0) -> 37 | E52: A | F52: cosφ | H52: =COS(AB50*PI()/180) -> 0.94671382 | AX52: 26
AX53: 26.5
AX54: 27
AX55: 27.5
AX56: 28
AX57: 28.5
AX58: 29
AX59: 29.5
AX60: 30
AX61: 30.5
