Workbook

Sheet Belastningsskema
C2: Un | D2: 400 | E2: Uf | F2: 230 | H2: Vælg 3H | I2: Procent
A4: Navn | B4: Antal faser | C4: Valg af faser | D4: Valg S,P,Q,I | E4: S,P,Q,I | F4: Strøm-styrke (A) | G4: Cos(phi) | H4: Induktiv/kapacativ | I4: 3 H strøm pr. Fase | J4: L1 | K4: L2 | L4: L3 | M4: N | N4: L1 imag | O4: L2 imag | P4: L3 imag | Q4: S imag
B5: =IF(C5="","",VLOOKUP(C5,Dataark!$B$9:$C$15,2,FALSE)) | D5: I | F5: =IF(OR(D5="",C5="",G5="",E5=""),"",IF($D5="P",IF($B5=1,$E5/($F$2*G5),IF(B5=2,$E5/(D$2*G5),IF($B5=3,E5/(D$2*G5*SQRT(3))))),IF($D5="S",IF($B5=1,$E5/$F$2,IF($B5=2,$E5/$D$2,IF($B5=3,$E5/($D$2*SQRT(3))))),IF($D5="Q",IF($B5=1,$E5/($F$2*SIN(ACOS($G5))),IF($B5=2,$E5/($D$2*SIN(ACOS($G5))),IF($B5=3,$E5/($D$2*SIN(ACOS($G5))*SQRT(3))))),IF($D5="I",$E5,""))))) | H5: Induktiv | J5: =IF($N5=0,"",ROUND(IMABS($N5),2)&"<"&ROUND(DEGREES(IMARGUMENT($N5)),2)) | K5: =IF($O5=0,"",ROUND(IMABS($O5),2)&"<"&ROUND(DEGREES(IMARGUMENT($O5)),2)) | L5: =IF($P5=0,"",ROUND(IMABS($P5),2)&"<"&ROUND(DEGREES(IMARGUMENT($P5)),2)) | M5: =IF(I5="","",IF($I$2=Dataark!$B$21,IF(B5=1,((I5*F5)/100),IF(B5=2,((I5*F5)/100)*2,IF(B5=3,((I5*F5)/100)*3,))),IF($I$2=Dataark!$B$22,IF(B5=1,I5,IF(B5=2,I5*2,IF(B5=3,I5*3)))))) | N5: =IF($D5="",0,IF(OR($C5=Dataark!$B$9,$C5=Dataark!$B$15),IF($H5=Dataark!$B$19,IMPRODUCT(COMPLEX($F5*$G5,$F5*(SIN(ACOS($G5))),"j"),Dataark!$E$5),IF($H5=Dataark!$B$18,IMPRODUCT(COMPLEX($F5*$G5,-$F5*(SIN(ACOS($G5))),"j"),Dataark!$E$5),"")),IF($C5=Dataark!$B$12,IF($H5=Dataark!$B$19,IMPRODUCT(COMPLEX($F5*$G5,$F5*(SIN(ACOS($G5))),"j"),Dataark!$E$4),IF($H5=Dataark!$B$18,IMPRODUCT(COMPLEX($F5*$G5,-$F5*(SIN(ACOS($G5))),"j"),Dataark!$E$4),"")),IF($C5=Dataark!$B$14,IF($H5=Dataark!$B$19,IMPRODUCT(COMPLEX($F5*$G5,$F5*(SIN(ACOS($G5))),"j"),Dataark!$E$3),IF($H5=Dataark!$B$18,IMPRODUCT(COMPLEX($F5*$G5,-$F5*(SIN(ACOS($G5))),"j"),Dataark!$E$3),)),)))) -> 0 | O5: =IF($D5="",0,IF(OR($C5=Dataark!$B$10,$C5=Dataark!$B$15),IF($H5=Dataark!$B$19,IMPRODUCT(COMPLEX($F5*$G5,$F5*(SIN(ACOS($G5))),"j"),Dataark!$F$4),IF($H5=Dataark!$B$18,IMPRODUCT(COMPLEX($F5*$G5,-$F5*(SIN(ACOS($G5))),"j"),Dataark!$F$4),"")),IF($C5=Dataark!$B$12,IF($H5=Dataark!$B$19,IMPRODUCT(COMPLEX($F5*$G5,$F5*(SIN(ACOS($G5))),"j"),Dataark!$F$5),IF($H5=Dataark!$B$18,IMPRODUCT(COMPLEX($F5*$G5,-$F5*(SIN(ACOS($G5))),"j"),Dataark!$F$5),"")),IF($C5=Dataark!$B$13,IF($H5=Dataark!$B$19,IMPRODUCT(COMPLEX($F5*$G5,$F5*(SIN(ACOS($G5))),"j"),Dataark!$F$3),IF($H5=Dataark!$B$18,IMPRODUCT(COMPLEX($F5*$G5,-$F5*(SIN(ACOS($G5))),"j"),Dataark!$F$3),)),)))) -> 0 | P5: =IF($D5="",0,IF(OR($C5=Dataark!$B$11,$C5=Dataark!$B$15),IF($H5=Dataark!$B$19,IMPRODUCT(COMPLEX($F5*$G5,$F5*(SIN(ACOS($G5))),"j"),Dataark!$G$3),IF($H5=Dataark!$B$18,IMPRODUCT(COMPLEX($F5*$G5,-$F5*(SIN(ACOS($G5))),"j"),Dataark!$G$3),"")),IF($C5=Dataark!$B$13,IF($H5=Dataark!$B$19,IMPRODUCT(COMPLEX($F5*$G5,$F5*(SIN(ACOS($G5))),"j"),Dataark!$G$4),IF($H5=Dataark!$B$18,IMPRODUCT(COMPLEX($F5*$G5,-$F5*(SIN(ACOS($G5))),"j"),Dataark!$G$4),"")),IF($C5=Dataark!$B$14,IF($H5=Dataark!$B$19,IMPRODUCT(COMPLEX($F5*$G5,$F5*(SIN(ACOS($G5))),"j"),Dataark!$G$5),IF($H5=Dataark!$B$18,IMPRODUCT(COMPLEX($F5*$G5,-$F5*(SIN(ACOS($G5))),"j"),Dataark!$G$5),)),)))) -> 0 | Q5: =IF(D5="S",COMPLEX(E5*G5,E5*SIN(ACOS(G5)),"j"),0) -> 0
B6: =IF(C6="","",VLOOKUP(C6,Dataark!$B$9:$C$15,2,FALSE)) | D6: I | F6: =IF(OR(D6="",C6="",G6="",E6=""),"",IF($D6="P",IF($B6=1,$E6/($F$2*G6),IF(B6=2,$E6/(D$2*G6),IF($B6=3,E6/(D$2*G6*SQRT(3))))),IF($D6="S",IF($B6=1,$E6/$F$2,IF($B6=2,$E6/$D$2,IF($B6=3,$E6/($D$2*SQRT(3))))),IF($D6="Q",IF($B6=1,$E6/($F$2*SIN(ACOS($G6))),IF($B6=2,$E6/($D$2*SIN(ACOS($G6))),IF($B6=3,$E6/($D$2*SIN(ACOS($G6))*SQRT(3))))),IF($D6="I",$E6,""))))) | H6: Induktiv | J6: =IF($N6=0,"",ROUND(IMABS($N6),2)&"<"&ROUND(DEGREES(IMARGUMENT($N6)),2)) | K6: =IF($O6=0,"",ROUND(IMABS($O6),2)&"<"&ROUND(DEGREES(IMARGUMENT($O6)),2)) | L6: =IF($P6=0,"",ROUND(IMABS($P6),2)&"<"&ROUND(DEGREES(IMARGUMENT($P6)),2)) | M6: =IF(I6="","",IF($I$2=Dataark!$B$21,IF(B6=1,((I6*F6)/100),IF(B6=2,((I6*F6)/100)*2,IF(B6=3,((I6*F6)/100)*3,))),IF($I$2=Dataark!$B$22,IF(B6=1,I6,IF(B6=2,I6*2,IF(B6=3,I6*3)))))) | N6: =IF($D6="",0,IF(OR($C6=Dataark!$B$9,$C6=Dataark!$B$15),IF($H6=Dataark!$B$19,IMPRODUCT(COMPLEX($F6*$G6,$F6*(SIN(ACOS($G6))),"j"),Dataark!$E$5),IF($H6=Dataark!$B$18,IMPRODUCT(COMPLEX($F6*$G6,-$F6*(SIN(ACOS($G6))),"j"),Dataark!$E$5),"")),IF($C6=Dataark!$B$12,IF($H6=Dataark!$B$19,IMPRODUCT(COMPLEX($F6*$G6,$F6*(SIN(ACOS($G6))),"j"),Dataark!$E$4),IF($H6=Dataark!$B$18,IMPRODUCT(COMPLEX($F6*$G6,-$F6*(SIN(ACOS($G6))),"j"),Dataark!$E$4),"")),IF($C6=Dataark!$B$14,IF($H6=Dataark!$B$19,IMPRODUCT(COMPLEX($F6*$G6,$F6*(SIN(ACOS($G6))),"j"),Dataark!$E$3),IF($H6=Dataark!$B$18,IMPRODUCT(COMPLEX($F6*$G6,-$F6*(SIN(ACOS($G6))),"j"),Dataark!$E$3),)),)))) -> 0 | O6: =IF($D6="",0,IF(OR($C6=Dataark!$B$10,$C6=Dataark!$B$15),IF($H6=Dataark!$B$19,IMPRODUCT(COMPLEX($F6*$G6,$F6*(SIN(ACOS($G6))),"j"),Dataark!$F$4),IF($H6=Dataark!$B$18,IMPRODUCT(COMPLEX($F6*$G6,-$F6*(SIN(ACOS($G6))),"j"),Dataark!$F$4),"")),IF($C6=Dataark!$B$12,IF($H6=Dataark!$B$19,IMPRODUCT(COMPLEX($F6*$G6,$F6*(SIN(ACOS($G6))),"j"),Dataark!$F$5),IF($H6=Dataark!$B$18,IMPRODUCT(COMPLEX($F6*$G6,-$F6*(SIN(ACOS($G6))),"j"),Dataark!$F$5),"")),IF($C6=Dataark!$B$13,IF($H6=Dataark!$B$19,IMPRODUCT(COMPLEX($F6*$G6,$F6*(SIN(ACOS($G6))),"j"),Dataark!$F$3),IF($H6=Dataark!$B$18,IMPRODUCT(COMPLEX($F6*$G6,-$F6*(SIN(ACOS($G6))),"j"),Dataark!$F$3),)),)))) -> 0 | P6: =IF($D6="",0,IF(OR($C6=Dataark!$B$11,$C6=Dataark!$B$15),IF($H6=Dataark!$B$19,IMPRODUCT(COMPLEX($F6*$G6,$F6*(SIN(ACOS($G6))),"j"),Dataark!$G$3),IF($H6=Dataark!$B$18,IMPRODUCT(COMPLEX($F6*$G6,-$F6*(SIN(ACOS($G6))),"j"),Dataark!$G$3),"")),IF($C6=Dataark!$B$13,IF($H6=Dataark!$B$19,IMPRODUCT(COMPLEX($F6*$G6,$F6*(SIN(ACOS($G6))),"j"),Dataark!$G$4),IF($H6=Dataark!$B$18,IMPRODUCT(COMPLEX($F6*$G6,-$F6*(SIN(ACOS($G6))),"j"),Dataark!$G$4),"")),IF($C6=Dataark!$B$14,IF($H6=Dataark!$B$19,IMPRODUCT(COMPLEX($F6*$G6,$F6*(SIN(ACOS($G6))),"j"),Dataark!$G$5),IF($H6=Dataark!$B$18,IMPRODUCT(COMPLEX($F6*$G6,-$F6*(SIN(ACOS($G6))),"j"),Dataark!$G$5),)),)))) -> 0 | Q6: =IF(D6="S",COMPLEX(E6*G6,E6*SIN(ACOS(G6)),"j"),0) -> 0
B7: =IF(C7="","",VLOOKUP(C7,Dataark!$B$9:$C$15,2,FALSE)) | D7: I | F7: =IF(OR(D7="",C7="",G7="",E7=""),"",IF($D7="P",IF($B7=1,$E7/($F$2*G7),IF(B7=2,$E7/(D$2*G7),IF($B7=3,E7/(D$2*G7*SQRT(3))))),IF($D7="S",IF($B7=1,$E7/$F$2,IF($B7=2,$E7/$D$2,IF($B7=3,$E7/($D$2*SQRT(3))))),IF($D7="Q",IF($B7=1,$E7/($F$2*SIN(ACOS($G7))),IF($B7=2,$E7/($D$2*SIN(ACOS($G7))),IF($B7=3,$E7/($D$2*SIN(ACOS($G7))*SQRT(3))))),IF($D7="I",$E7,""))))) | H7: Induktiv | J7: =IF($N7=0,"",ROUND(IMABS($N7),2)&"<"&ROUND(DEGREES(IMARGUMENT($N7)),2)) | K7: =IF($O7=0,"",ROUND(IMABS($O7),2)&"<"&ROUND(DEGREES(IMARGUMENT($O7)),2)) | L7: =IF($P7=0,"",ROUND(IMABS($P7),2)&"<"&ROUND(DEGREES(IMARGUMENT($P7)),2)) | M7: =IF(I7="","",IF($I$2=Dataark!$B$21,IF(B7=1,((I7*F7)/100),IF(B7=2,((I7*F7)/100)*2,IF(B7=3,((I7*F7)/100)*3,))),IF($I$2=Dataark!$B$22,IF(B7=1,I7,IF(B7=2,I7*2,IF(B7=3,I7*3)))))) | N7: =IF($D7="",0,IF(OR($C7=Dataark!$B$9,$C7=Dataark!$B$15),IF($H7=Dataark!$B$19,IMPRODUCT(COMPLEX($F7*$G7,$F7*(SIN(ACOS($G7))),"j"),Dataark!$E$5),IF($H7=Dataark!$B$18,IMPRODUCT(COMPLEX($F7*$G7,-$F7*(SIN(ACOS($G7))),"j"),Dataark!$E$5),"")),IF($C7=Dataark!$B$12,IF($H7=Dataark!$B$19,IMPRODUCT(COMPLEX($F7*$G7,$F7*(SIN(ACOS($G7))),"j"),Dataark!$E$4),IF($H7=Dataark!$B$18,IMPRODUCT(COMPLEX($F7*$G7,-$F7*(SIN(ACOS($G7))),"j"),Dataark!$E$4),"")),IF($C7=Dataark!$B$14,IF($H7=Dataark!$B$19,IMPRODUCT(COMPLEX($F7*$G7,$F7*(SIN(ACOS($G7))),"j"),Dataark!$E$3),IF($H7=Dataark!$B$18,IMPRODUCT(COMPLEX($F7*$G7,-$F7*(SIN(ACOS($G7))),"j"),Dataark!$E$3),)),)))) -> 0 | O7: =IF($D7="",0,IF(OR($C7=Dataark!$B$10,$C7=Dataark!$B$15),IF($H7=Dataark!$B$19,IMPRODUCT(COMPLEX($F7*$G7,$F7*(SIN(ACOS($G7))),"j"),Dataark!$F$4),IF($H7=Dataark!$B$18,IMPRODUCT(COMPLEX($F7*$G7,-$F7*(SIN(ACOS($G7))),"j"),Dataark!$F$4),"")),IF($C7=Dataark!$B$12,IF($H7=Dataark!$B$19,IMPRODUCT(COMPLEX($F7*$G7,$F7*(SIN(ACOS($G7))),"j"),Dataark!$F$5),IF($H7=Dataark!$B$18,IMPRODUCT(COMPLEX($F7*$G7,-$F7*(SIN(ACOS($G7))),"j"),Dataark!$F$5),"")),IF($C7=Dataark!$B$13,IF($H7=Dataark!$B$19,IMPRODUCT(COMPLEX($F7*$G7,$F7*(SIN(ACOS($G7))),"j"),Dataark!$F$3),IF($H7=Dataark!$B$18,IMPRODUCT(COMPLEX($F7*$G7,-$F7*(SIN(ACOS($G7))),"j"),Dataark!$F$3),)),)))) -> 0 | P7: =IF($D7="",0,IF(OR($C7=Dataark!$B$11,$C7=Dataark!$B$15),IF($H7=Dataark!$B$19,IMPRODUCT(COMPLEX($F7*$G7,$F7*(SIN(ACOS($G7))),"j"),Dataark!$G$3),IF($H7=Dataark!$B$18,IMPRODUCT(COMPLEX($F7*$G7,-$F7*(SIN(ACOS($G7))),"j"),Dataark!$G$3),"")),IF($C7=Dataark!$B$13,IF($H7=Dataark!$B$19,IMPRODUCT(COMPLEX($F7*$G7,$F7*(SIN(ACOS($G7))),"j"),Dataark!$G$4),IF($H7=Dataark!$B$18,IMPRODUCT(COMPLEX($F7*$G7,-$F7*(SIN(ACOS($G7))),"j"),Dataark!$G$4),"")),IF($C7=Dataark!$B$14,IF($H7=Dataark!$B$19,IMPRODUCT(COMPLEX($F7*$G7,$F7*(SIN(ACOS($G7))),"j"),Dataark!$G$5),IF($H7=Dataark!$B$18,IMPRODUCT(COMPLEX($F7*$G7,-$F7*(SIN(ACOS($G7))),"j"),Dataark!$G$5),)),)))) -> 0 | Q7: =IF(D7="S",COMPLEX(E7*G7,E7*SIN(ACOS(G7)),"j"),0) -> 0
B8: =IF(C8="","",VLOOKUP(C8,Dataark!$B$9:$C$15,2,FALSE)) | D8: I | F8: =IF(OR(D8="",C8="",G8="",E8=""),"",IF($D8="P",IF($B8=1,$E8/($F$2*G8),IF(B8=2,$E8/(D$2*G8),IF($B8=3,E8/(D$2*G8*SQRT(3))))),IF($D8="S",IF($B8=1,$E8/$F$2,IF($B8=2,$E8/$D$2,IF($B8=3,$E8/($D$2*SQRT(3))))),IF($D8="Q",IF($B8=1,$E8/($F$2*SIN(ACOS($G8))),IF($B8=2,$E8/($D$2*SIN(ACOS($G8))),IF($B8=3,$E8/($D$2*SIN(ACOS($G8))*SQRT(3))))),IF($D8="I",$E8,""))))) | H8: Induktiv | J8: =IF($N8=0,"",ROUND(IMABS($N8),2)&"<"&ROUND(DEGREES(IMARGUMENT($N8)),2)) | K8: =IF($O8=0,"",ROUND(IMABS($O8),2)&"<"&ROUND(DEGREES(IMARGUMENT($O8)),2)) | L8: =IF($P8=0,"",ROUND(IMABS($P8),2)&"<"&ROUND(DEGREES(IMARGUMENT($P8)),2)) | M8: =IF(I8="","",IF($I$2=Dataark!$B$21,IF(B8=1,((I8*F8)/100),IF(B8=2,((I8*F8)/100)*2,IF(B8=3,((I8*F8)/100)*3,))),IF($I$2=Dataark!$B$22,IF(B8=1,I8,IF(B8=2,I8*2,IF(B8=3,I8*3)))))) | N8: =IF($D8="",0,IF(OR($C8=Dataark!$B$9,$C8=Dataark!$B$15),IF($H8=Dataark!$B$19,IMPRODUCT(COMPLEX($F8*$G8,$F8*(SIN(ACOS($G8))),"j"),Dataark!$E$5),IF($H8=Dataark!$B$18,IMPRODUCT(COMPLEX($F8*$G8,-$F8*(SIN(ACOS($G8))),"j"),Dataark!$E$5),"")),IF($C8=Dataark!$B$12,IF($H8=Dataark!$B$19,IMPRODUCT(COMPLEX($F8*$G8,$F8*(SIN(ACOS($G8))),"j"),Dataark!$E$4),IF($H8=Dataark!$B$18,IMPRODUCT(COMPLEX($F8*$G8,-$F8*(SIN(ACOS($G8))),"j"),Dataark!$E$4),"")),IF($C8=Dataark!$B$14,IF($H8=Dataark!$B$19,IMPRODUCT(COMPLEX($F8*$G8,$F8*(SIN(ACOS($G8))),"j"),Dataark!$E$3),IF($H8=Dataark!$B$18,IMPRODUCT(COMPLEX($F8*$G8,-$F8*(SIN(ACOS($G8))),"j"),Dataark!$E$3),)),)))) -> 0 | O8: =IF($D8="",0,IF(OR($C8=Dataark!$B$10,$C8=Dataark!$B$15),IF($H8=Dataark!$B$19,IMPRODUCT(COMPLEX($F8*$G8,$F8*(SIN(ACOS($G8))),"j"),Dataark!$F$4),IF($H8=Dataark!$B$18,IMPRODUCT(COMPLEX($F8*$G8,-$F8*(SIN(ACOS($G8))),"j"),Dataark!$F$4),"")),IF($C8=Dataark!$B$12,IF($H8=Dataark!$B$19,IMPRODUCT(COMPLEX($F8*$G8,$F8*(SIN(ACOS($G8))),"j"),Dataark!$F$5),IF($H8=Dataark!$B$18,IMPRODUCT(COMPLEX($F8*$G8,-$F8*(SIN(ACOS($G8))),"j"),Dataark!$F$5),"")),IF($C8=Dataark!$B$13,IF($H8=Dataark!$B$19,IMPRODUCT(COMPLEX($F8*$G8,$F8*(SIN(ACOS($G8))),"j"),Dataark!$F$3),IF($H8=Dataark!$B$18,IMPRODUCT(COMPLEX($F8*$G8,-$F8*(SIN(ACOS($G8))),"j"),Dataark!$F$3),)),)))) -> 0 | P8: =IF($D8="",0,IF(OR($C8=Dataark!$B$11,$C8=Dataark!$B$15),IF($H8=Dataark!$B$19,IMPRODUCT(COMPLEX($F8*$G8,$F8*(SIN(ACOS($G8))),"j"),Dataark!$G$3),IF($H8=Dataark!$B$18,IMPRODUCT(COMPLEX($F8*$G8,-$F8*(SIN(ACOS($G8))),"j"),Dataark!$G$3),"")),IF($C8=Dataark!$B$13,IF($H8=Dataark!$B$19,IMPRODUCT(COMPLEX($F8*$G8,$F8*(SIN(ACOS($G8))),"j"),Dataark!$G$4),IF($H8=Dataark!$B$18,IMPRODUCT(COMPLEX($F8*$G8,-$F8*(SIN(ACOS($G8))),"j"),Dataark!$G$4),"")),IF($C8=Dataark!$B$14,IF($H8=Dataark!$B$19,IMPRODUCT(COMPLEX($F8*$G8,$F8*(SIN(ACOS($G8))),"j"),Dataark!$G$5),IF($H8=Dataark!$B$18,IMPRODUCT(COMPLEX($F8*$G8,-$F8*(SIN(ACOS($G8))),"j"),Dataark!$G$5),)),)))) -> 0 | Q8: =IF(D8="S",COMPLEX(E8*G8,E8*SIN(ACOS(G8)),"j"),0) -> 0
B9: =IF(C9="","",VLOOKUP(C9,Dataark!$B$9:$C$15,2,FALSE)) | D9: I | F9: =IF(OR(D9="",C9="",G9="",E9=""),"",IF($D9="P",IF($B9=1,$E9/($F$2*G9),IF(B9=2,$E9/(D$2*G9),IF($B9=3,E9/(D$2*G9*SQRT(3))))),IF($D9="S",IF($B9=1,$E9/$F$2,IF($B9=2,$E9/$D$2,IF($B9=3,$E9/($D$2*SQRT(3))))),IF($D9="Q",IF($B9=1,$E9/($F$2*SIN(ACOS($G9))),IF($B9=2,$E9/($D$2*SIN(ACOS($G9))),IF($B9=3,$E9/($D$2*SIN(ACOS($G9))*SQRT(3))))),IF($D9="I",$E9,""))))) | H9: Induktiv | J9: =IF($N9=0,"",ROUND(IMABS($N9),2)&"<"&ROUND(DEGREES(IMARGUMENT($N9)),2)) | K9: =IF($O9=0,"",ROUND(IMABS($O9),2)&"<"&ROUND(DEGREES(IMARGUMENT($O9)),2)) | L9: =IF($P9=0,"",ROUND(IMABS($P9),2)&"<"&ROUND(DEGREES(IMARGUMENT($P9)),2)) | M9: =IF(I9="","",IF($I$2=Dataark!$B$21,IF(B9=1,((I9*F9)/100),IF(B9=2,((I9*F9)/100)*2,IF(B9=3,((I9*F9)/100)*3,))),IF($I$2=Dataark!$B$22,IF(B9=1,I9,IF(B9=2,I9*2,IF(B9=3,I9*3)))))) | N9: =IF($D9="",0,IF(OR($C9=Dataark!$B$9,$C9=Dataark!$B$15),IF($H9=Dataark!$B$19,IMPRODUCT(COMPLEX($F9*$G9,$F9*(SIN(ACOS($G9))),"j"),Dataark!$E$5),IF($H9=Dataark!$B$18,IMPRODUCT(COMPLEX($F9*$G9,-$F9*(SIN(ACOS($G9))),"j"),Dataark!$E$5),"")),IF($C9=Dataark!$B$12,IF($H9=Dataark!$B$19,IMPRODUCT(COMPLEX($F9*$G9,$F9*(SIN(ACOS($G9))),"j"),Dataark!$E$4),IF($H9=Dataark!$B$18,IMPRODUCT(COMPLEX($F9*$G9,-$F9*(SIN(ACOS($G9))),"j"),Dataark!$E$4),"")),IF($C9=Dataark!$B$14,IF($H9=Dataark!$B$19,IMPRODUCT(COMPLEX($F9*$G9,$F9*(SIN(ACOS($G9))),"j"),Dataark!$E$3),IF($H9=Dataark!$B$18,IMPRODUCT(COMPLEX($F9*$G9,-$F9*(SIN(ACOS($G9))),"j"),Dataark!$E$3),)),)))) -> 0 | O9: =IF($D9="",0,IF(OR($C9=Dataark!$B$10,$C9=Dataark!$B$15),IF($H9=Dataark!$B$19,IMPRODUCT(COMPLEX($F9*$G9,$F9*(SIN(ACOS($G9))),"j"),Dataark!$F$4),IF($H9=Dataark!$B$18,IMPRODUCT(COMPLEX($F9*$G9,-$F9*(SIN(ACOS($G9))),"j"),Dataark!$F$4),"")),IF($C9=Dataark!$B$12,IF($H9=Dataark!$B$19,IMPRODUCT(COMPLEX($F9*$G9,$F9*(SIN(ACOS($G9))),"j"),Dataark!$F$5),IF($H9=Dataark!$B$18,IMPRODUCT(COMPLEX($F9*$G9,-$F9*(SIN(ACOS($G9))),"j"),Dataark!$F$5),"")),IF($C9=Dataark!$B$13,IF($H9=Dataark!$B$19,IMPRODUCT(COMPLEX($F9*$G9,$F9*(SIN(ACOS($G9))),"j"),Dataark!$F$3),IF($H9=Dataark!$B$18,IMPRODUCT(COMPLEX($F9*$G9,-$F9*(SIN(ACOS($G9))),"j"),Dataark!$F$3),)),)))) -> 0 | P9: =IF($D9="",0,IF(OR($C9=Dataark!$B$11,$C9=Dataark!$B$15),IF($H9=Dataark!$B$19,IMPRODUCT(COMPLEX($F9*$G9,$F9*(SIN(ACOS($G9))),"j"),Dataark!$G$3),IF($H9=Dataark!$B$18,IMPRODUCT(COMPLEX($F9*$G9,-$F9*(SIN(ACOS($G9))),"j"),Dataark!$G$3),"")),IF($C9=Dataark!$B$13,IF($H9=Dataark!$B$19,IMPRODUCT(COMPLEX($F9*$G9,$F9*(SIN(ACOS($G9))),"j"),Dataark!$G$4),IF($H9=Dataark!$B$18,IMPRODUCT(COMPLEX($F9*$G9,-$F9*(SIN(ACOS($G9))),"j"),Dataark!$G$4),"")),IF($C9=Dataark!$B$14,IF($H9=Dataark!$B$19,IMPRODUCT(COMPLEX($F9*$G9,$F9*(SIN(ACOS($G9))),"j"),Dataark!$G$5),IF($H9=Dataark!$B$18,IMPRODUCT(COMPLEX($F9*$G9,-$F9*(SIN(ACOS($G9))),"j"),Dataark!$G$5),)),)))) -> 0 | Q9: =IF(D9="S",COMPLEX(E9*G9,E9*SIN(ACOS(G9)),"j"),0) -> 0
B10: =IF(C10="","",VLOOKUP(C10,Dataark!$B$9:$C$15,2,FALSE)) | F10: =IF(OR(D10="",C10="",G10="",E10=""),"",IF($D10="P",IF($B10=1,$E10/($F$2*G10),IF(B10=2,$E10/(D$2*G10),IF($B10=3,E10/(D$2*G10*SQRT(3))))),IF($D10="S",IF($B10=1,$E10/$F$2,IF($B10=2,$E10/$D$2,IF($B10=3,$E10/($D$2*SQRT(3))))),IF($D10="Q",IF($B10=1,$E10/($F$2*SIN(ACOS($G10))),IF($B10=2,$E10/($D$2*SIN(ACOS($G10))),IF($B10=3,$E10/($D$2*SIN(ACOS($G10))*SQRT(3))))),IF($D10="I",$E10,""))))) | J10: =IF($N10=0,"",ROUND(IMABS($N10),2)&"<"&ROUND(DEGREES(IMARGUMENT($N10)),2)) | K10: =IF($O10=0,"",ROUND(IMABS($O10),2)&"<"&ROUND(DEGREES(IMARGUMENT($O10)),2)) | L10: =IF($P10=0,"",ROUND(IMABS($P10),2)&"<"&ROUND(DEGREES(IMARGUMENT($P10)),2)) | M10: =IF(I10="","",IF($I$2=Dataark!$B$21,IF(B10=1,((I10*F10)/100),IF(B10=2,((I10*F10)/100)*2,IF(B10=3,((I10*F10)/100)*3,))),IF($I$2=Dataark!$B$22,IF(B10=1,I10,IF(B10=2,I10*2,IF(B10=3,I10*3)))))) | N10: =IF($D10="",0,IF(OR($C10=Dataark!$B$9,$C10=Dataark!$B$15),IF($H10=Dataark!$B$19,IMPRODUCT(COMPLEX($F10*$G10,$F10*(SIN(ACOS($G10))),"j"),Dataark!$E$5),IF($H10=Dataark!$B$18,IMPRODUCT(COMPLEX($F10*$G10,-$F10*(SIN(ACOS($G10))),"j"),Dataark!$E$5),"")),IF($C10=Dataark!$B$12,IF($H10=Dataark!$B$19,IMPRODUCT(COMPLEX($F10*$G10,$F10*(SIN(ACOS($G10))),"j"),Dataark!$E$4),IF($H10=Dataark!$B$18,IMPRODUCT(COMPLEX($F10*$G10,-$F10*(SIN(ACOS($G10))),"j"),Dataark!$E$4),"")),IF($C10=Dataark!$B$14,IF($H10=Dataark!$B$19,IMPRODUCT(COMPLEX($F10*$G10,$F10*(SIN(ACOS($G10))),"j"),Dataark!$E$3),IF($H10=Dataark!$B$18,IMPRODUCT(COMPLEX($F10*$G10,-$F10*(SIN(ACOS($G10))),"j"),Dataark!$E$3),)),)))) -> 0 | O10: =IF($D10="",0,IF(OR($C10=Dataark!$B$10,$C10=Dataark!$B$15),IF($H10=Dataark!$B$19,IMPRODUCT(COMPLEX($F10*$G10,$F10*(SIN(ACOS($G10))),"j"),Dataark!$F$4),IF($H10=Dataark!$B$18,IMPRODUCT(COMPLEX($F10*$G10,-$F10*(SIN(ACOS($G10))),"j"),Dataark!$F$4),"")),IF($C10=Dataark!$B$12,IF($H10=Dataark!$B$19,IMPRODUCT(COMPLEX($F10*$G10,$F10*(SIN(ACOS($G10))),"j"),Dataark!$F$5),IF($H10=Dataark!$B$18,IMPRODUCT(COMPLEX($F10*$G10,-$F10*(SIN(ACOS($G10))),"j"),Dataark!$F$5),"")),IF($C10=Dataark!$B$13,IF($H10=Dataark!$B$19,IMPRODUCT(COMPLEX($F10*$G10,$F10*(SIN(ACOS($G10))),"j"),Dataark!$F$3),IF($H10=Dataark!$B$18,IMPRODUCT(COMPLEX($F10*$G10,-$F10*(SIN(ACOS($G10))),"j"),Dataark!$F$3),)),)))) -> 0 | P10: =IF($D10="",0,IF(OR($C10=Dataark!$B$11,$C10=Dataark!$B$15),IF($H10=Dataark!$B$19,IMPRODUCT(COMPLEX($F10*$G10,$F10*(SIN(ACOS($G10))),"j"),Dataark!$G$3),IF($H10=Dataark!$B$18,IMPRODUCT(COMPLEX($F10*$G10,-$F10*(SIN(ACOS($G10))),"j"),Dataark!$G$3),"")),IF($C10=Dataark!$B$13,IF($H10=Dataark!$B$19,IMPRODUCT(COMPLEX($F10*$G10,$F10*(SIN(ACOS($G10))),"j"),Dataark!$G$4),IF($H10=Dataark!$B$18,IMPRODUCT(COMPLEX($F10*$G10,-$F10*(SIN(ACOS($G10))),"j"),Dataark!$G$4),"")),IF($C10=Dataark!$B$14,IF($H10=Dataark!$B$19,IMPRODUCT(COMPLEX($F10*$G10,$F10*(SIN(ACOS($G10))),"j"),Dataark!$G$5),IF($H10=Dataark!$B$18,IMPRODUCT(COMPLEX($F10*$G10,-$F10*(SIN(ACOS($G10))),"j"),Dataark!$G$5),)),)))) -> 0 | Q10: =IF(D10="S",COMPLEX(E10*G10,E10*SIN(ACOS(G10)),"j"),0) -> 0
B11: =IF(C11="","",VLOOKUP(C11,Dataark!$B$9:$C$15,2,FALSE)) | F11: =IF(OR(D11="",C11="",G11="",E11=""),"",IF($D11="P",IF($B11=1,$E11/($F$2*G11),IF(B11=2,$E11/(D$2*G11),IF($B11=3,E11/(D$2*G11*SQRT(3))))),IF($D11="S",IF($B11=1,$E11/$F$2,IF($B11=2,$E11/$D$2,IF($B11=3,$E11/($D$2*SQRT(3))))),IF($D11="Q",IF($B11=1,$E11/($F$2*SIN(ACOS($G11))),IF($B11=2,$E11/($D$2*SIN(ACOS($G11))),IF($B11=3,$E11/($D$2*SIN(ACOS($G11))*SQRT(3))))),IF($D11="I",$E11,""))))) | J11: =IF($N11=0,"",ROUND(IMABS($N11),2)&"<"&ROUND(DEGREES(IMARGUMENT($N11)),2)) | K11: =IF($O11=0,"",ROUND(IMABS($O11),2)&"<"&ROUND(DEGREES(IMARGUMENT($O11)),2)) | L11: =IF($P11=0,"",ROUND(IMABS($P11),2)&"<"&ROUND(DEGREES(IMARGUMENT($P11)),2)) | M11: =IF(I11="","",IF($I$2=Dataark!$B$21,IF(B11=1,((I11*F11)/100),IF(B11=2,((I11*F11)/100)*2,IF(B11=3,((I11*F11)/100)*3,))),IF($I$2=Dataark!$B$22,IF(B11=1,I11,IF(B11=2,I11*2,IF(B11=3,I11*3)))))) | N11: =IF($D11="",0,IF(OR($C11=Dataark!$B$9,$C11=Dataark!$B$15),IF($H11=Dataark!$B$19,IMPRODUCT(COMPLEX($F11*$G11,$F11*(SIN(ACOS($G11))),"j"),Dataark!$E$5),IF($H11=Dataark!$B$18,IMPRODUCT(COMPLEX($F11*$G11,-$F11*(SIN(ACOS($G11))),"j"),Dataark!$E$5),"")),IF($C11=Dataark!$B$12,IF($H11=Dataark!$B$19,IMPRODUCT(COMPLEX($F11*$G11,$F11*(SIN(ACOS($G11))),"j"),Dataark!$E$4),IF($H11=Dataark!$B$18,IMPRODUCT(COMPLEX($F11*$G11,-$F11*(SIN(ACOS($G11))),"j"),Dataark!$E$4),"")),IF($C11=Dataark!$B$14,IF($H11=Dataark!$B$19,IMPRODUCT(COMPLEX($F11*$G11,$F11*(SIN(ACOS($G11))),"j"),Dataark!$E$3),IF($H11=Dataark!$B$18,IMPRODUCT(COMPLEX($F11*$G11,-$F11*(SIN(ACOS($G11))),"j"),Dataark!$E$3),)),)))) -> 0 | O11: =IF($D11="",0,IF(OR($C11=Dataark!$B$10,$C11=Dataark!$B$15),IF($H11=Dataark!$B$19,IMPRODUCT(COMPLEX($F11*$G11,$F11*(SIN(ACOS($G11))),"j"),Dataark!$F$4),IF($H11=Dataark!$B$18,IMPRODUCT(COMPLEX($F11*$G11,-$F11*(SIN(ACOS($G11))),"j"),Dataark!$F$4),"")),IF($C11=Dataark!$B$12,IF($H11=Dataark!$B$19,IMPRODUCT(COMPLEX($F11*$G11,$F11*(SIN(ACOS($G11))),"j"),Dataark!$F$5),IF($H11=Dataark!$B$18,IMPRODUCT(COMPLEX($F11*$G11,-$F11*(SIN(ACOS($G11))),"j"),Dataark!$F$5),"")),IF($C11=Dataark!$B$13,IF($H11=Dataark!$B$19,IMPRODUCT(COMPLEX($F11*$G11,$F11*(SIN(ACOS($G11))),"j"),Dataark!$F$3),IF($H11=Dataark!$B$18,IMPRODUCT(COMPLEX($F11*$G11,-$F11*(SIN(ACOS($G11))),"j"),Dataark!$F$3),)),)))) -> 0 | P11: =IF($D11="",0,IF(OR($C11=Dataark!$B$11,$C11=Dataark!$B$15),IF($H11=Dataark!$B$19,IMPRODUCT(COMPLEX($F11*$G11,$F11*(SIN(ACOS($G11))),"j"),Dataark!$G$3),IF($H11=Dataark!$B$18,IMPRODUCT(COMPLEX($F11*$G11,-$F11*(SIN(ACOS($G11))),"j"),Dataark!$G$3),"")),IF($C11=Dataark!$B$13,IF($H11=Dataark!$B$19,IMPRODUCT(COMPLEX($F11*$G11,$F11*(SIN(ACOS($G11))),"j"),Dataark!$G$4),IF($H11=Dataark!$B$18,IMPRODUCT(COMPLEX($F11*$G11,-$F11*(SIN(ACOS($G11))),"j"),Dataark!$G$4),"")),IF($C11=Dataark!$B$14,IF($H11=Dataark!$B$19,IMPRODUCT(COMPLEX($F11*$G11,$F11*(SIN(ACOS($G11))),"j"),Dataark!$G$5),IF($H11=Dataark!$B$18,IMPRODUCT(COMPLEX($F11*$G11,-$F11*(SIN(ACOS($G11))),"j"),Dataark!$G$5),)),)))) -> 0 | Q11: =IF(D11="S",COMPLEX(E11*G11,E11*SIN(ACOS(G11)),"j"),0) -> 0
B12: =IF(C12="","",VLOOKUP(C12,Dataark!$B$9:$C$15,2,FALSE)) | F12: =IF(OR(D12="",C12="",G12="",E12=""),"",IF($D12="P",IF($B12=1,$E12/($F$2*G12),IF(B12=2,$E12/(D$2*G12),IF($B12=3,E12/(D$2*G12*SQRT(3))))),IF($D12="S",IF($B12=1,$E12/$F$2,IF($B12=2,$E12/$D$2,IF($B12=3,$E12/($D$2*SQRT(3))))),IF($D12="Q",IF($B12=1,$E12/($F$2*SIN(ACOS($G12))),IF($B12=2,$E12/($D$2*SIN(ACOS($G12))),IF($B12=3,$E12/($D$2*SIN(ACOS($G12))*SQRT(3))))),IF($D12="I",$E12,""))))) | J12: =IF($N12=0,"",ROUND(IMABS($N12),2)&"<"&ROUND(DEGREES(IMARGUMENT($N12)),2)) | K12: =IF($O12=0,"",ROUND(IMABS($O12),2)&"<"&ROUND(DEGREES(IMARGUMENT($O12)),2)) | L12: =IF($P12=0,"",ROUND(IMABS($P12),2)&"<"&ROUND(DEGREES(IMARGUMENT($P12)),2)) | M12: =IF(I12="","",IF($I$2=Dataark!$B$21,IF(B12=1,((I12*F12)/100),IF(B12=2,((I12*F12)/100)*2,IF(B12=3,((I12*F12)/100)*3,))),IF($I$2=Dataark!$B$22,IF(B12=1,I12,IF(B12=2,I12*2,IF(B12=3,I12*3)))))) | N12: =IF($D12="",0,IF(OR($C12=Dataark!$B$9,$C12=Dataark!$B$15),IF($H12=Dataark!$B$19,IMPRODUCT(COMPLEX($F12*$G12,$F12*(SIN(ACOS($G12))),"j"),Dataark!$E$5),IF($H12=Dataark!$B$18,IMPRODUCT(COMPLEX($F12*$G12,-$F12*(SIN(ACOS($G12))),"j"),Dataark!$E$5),"")),IF($C12=Dataark!$B$12,IF($H12=Dataark!$B$19,IMPRODUCT(COMPLEX($F12*$G12,$F12*(SIN(ACOS($G12))),"j"),Dataark!$E$4),IF($H12=Dataark!$B$18,IMPRODUCT(COMPLEX($F12*$G12,-$F12*(SIN(ACOS($G12))),"j"),Dataark!$E$4),"")),IF($C12=Dataark!$B$14,IF($H12=Dataark!$B$19,IMPRODUCT(COMPLEX($F12*$G12,$F12*(SIN(ACOS($G12))),"j"),Dataark!$E$3),IF($H12=Dataark!$B$18,IMPRODUCT(COMPLEX($F12*$G12,-$F12*(SIN(ACOS($G12))),"j"),Dataark!$E$3),)),)))) -> 0 | O12: =IF($D12="",0,IF(OR($C12=Dataark!$B$10,$C12=Dataark!$B$15),IF($H12=Dataark!$B$19,IMPRODUCT(COMPLEX($F12*$G12,$F12*(SIN(ACOS($G12))),"j"),Dataark!$F$4),IF($H12=Dataark!$B$18,IMPRODUCT(COMPLEX($F12*$G12,-$F12*(SIN(ACOS($G12))),"j"),Dataark!$F$4),"")),IF($C12=Dataark!$B$12,IF($H12=Dataark!$B$19,IMPRODUCT(COMPLEX($F12*$G12,$F12*(SIN(ACOS($G12))),"j"),Dataark!$F$5),IF($H12=Dataark!$B$18,IMPRODUCT(COMPLEX($F12*$G12,-$F12*(SIN(ACOS($G12))),"j"),Dataark!$F$5),"")),IF($C12=Dataark!$B$13,IF($H12=Dataark!$B$19,IMPRODUCT(COMPLEX($F12*$G12,$F12*(SIN(ACOS($G12))),"j"),Dataark!$F$3),IF($H12=Dataark!$B$18,IMPRODUCT(COMPLEX($F12*$G12,-$F12*(SIN(ACOS($G12))),"j"),Dataark!$F$3),)),)))) -> 0 | P12: =IF($D12="",0,IF(OR($C12=Dataark!$B$11,$C12=Dataark!$B$15),IF($H12=Dataark!$B$19,IMPRODUCT(COMPLEX($F12*$G12,$F12*(SIN(ACOS($G12))),"j"),Dataark!$G$3),IF($H12=Dataark!$B$18,IMPRODUCT(COMPLEX($F12*$G12,-$F12*(SIN(ACOS($G12))),"j"),Dataark!$G$3),"")),IF($C12=Dataark!$B$13,IF($H12=Dataark!$B$19,IMPRODUCT(COMPLEX($F12*$G12,$F12*(SIN(ACOS($G12))),"j"),Dataark!$G$4),IF($H12=Dataark!$B$18,IMPRODUCT(COMPLEX($F12*$G12,-$F12*(SIN(ACOS($G12))),"j"),Dataark!$G$4),"")),IF($C12=Dataark!$B$14,IF($H12=Dataark!$B$19,IMPRODUCT(COMPLEX($F12*$G12,$F12*(SIN(ACOS($G12))),"j"),Dataark!$G$5),IF($H12=Dataark!$B$18,IMPRODUCT(COMPLEX($F12*$G12,-$F12*(SIN(ACOS($G12))),"j"),Dataark!$G$5),)),)))) -> 0 | Q12: =IF(D12="S",COMPLEX(E12*G12,E12*SIN(ACOS(G12)),"j"),0) -> 0
B13: =IF(C13="","",VLOOKUP(C13,Dataark!$B$9:$C$15,2,FALSE)) | F13: =IF(OR(D13="",C13="",G13="",E13=""),"",IF($D13="P",IF($B13=1,$E13/($F$2*G13),IF(B13=2,$E13/(D$2*G13),IF($B13=3,E13/(D$2*G13*SQRT(3))))),IF($D13="S",IF($B13=1,$E13/$F$2,IF($B13=2,$E13/$D$2,IF($B13=3,$E13/($D$2*SQRT(3))))),IF($D13="Q",IF($B13=1,$E13/($F$2*SIN(ACOS($G13))),IF($B13=2,$E13/($D$2*SIN(ACOS($G13))),IF($B13=3,$E13/($D$2*SIN(ACOS($G13))*SQRT(3))))),IF($D13="I",$E13,""))))) | J13: =IF($N13=0,"",ROUND(IMABS($N13),2)&"<"&ROUND(DEGREES(IMARGUMENT($N13)),2)) | K13: =IF($O13=0,"",ROUND(IMABS($O13),2)&"<"&ROUND(DEGREES(IMARGUMENT($O13)),2)) | L13: =IF($P13=0,"",ROUND(IMABS($P13),2)&"<"&ROUND(DEGREES(IMARGUMENT($P13)),2)) | M13: =IF(I13="","",IF($I$2=Dataark!$B$21,IF(B13=1,((I13*F13)/100),IF(B13=2,((I13*F13)/100)*2,IF(B13=3,((I13*F13)/100)*3,))),IF($I$2=Dataark!$B$22,IF(B13=1,I13,IF(B13=2,I13*2,IF(B13=3,I13*3)))))) | N13: =IF($D13="",0,IF(OR($C13=Dataark!$B$9,$C13=Dataark!$B$15),IF($H13=Dataark!$B$19,IMPRODUCT(COMPLEX($F13*$G13,$F13*(SIN(ACOS($G13))),"j"),Dataark!$E$5),IF($H13=Dataark!$B$18,IMPRODUCT(COMPLEX($F13*$G13,-$F13*(SIN(ACOS($G13))),"j"),Dataark!$E$5),"")),IF($C13=Dataark!$B$12,IF($H13=Dataark!$B$19,IMPRODUCT(COMPLEX($F13*$G13,$F13*(SIN(ACOS($G13))),"j"),Dataark!$E$4),IF($H13=Dataark!$B$18,IMPRODUCT(COMPLEX($F13*$G13,-$F13*(SIN(ACOS($G13))),"j"),Dataark!$E$4),"")),IF($C13=Dataark!$B$14,IF($H13=Dataark!$B$19,IMPRODUCT(COMPLEX($F13*$G13,$F13*(SIN(ACOS($G13))),"j"),Dataark!$E$3),IF($H13=Dataark!$B$18,IMPRODUCT(COMPLEX($F13*$G13,-$F13*(SIN(ACOS($G13))),"j"),Dataark!$E$3),)),)))) -> 0 | O13: =IF($D13="",0,IF(OR($C13=Dataark!$B$10,$C13=Dataark!$B$15),IF($H13=Dataark!$B$19,IMPRODUCT(COMPLEX($F13*$G13,$F13*(SIN(ACOS($G13))),"j"),Dataark!$F$4),IF($H13=Dataark!$B$18,IMPRODUCT(COMPLEX($F13*$G13,-$F13*(SIN(ACOS($G13))),"j"),Dataark!$F$4),"")),IF($C13=Dataark!$B$12,IF($H13=Dataark!$B$19,IMPRODUCT(COMPLEX($F13*$G13,$F13*(SIN(ACOS($G13))),"j"),Dataark!$F$5),IF($H13=Dataark!$B$18,IMPRODUCT(COMPLEX($F13*$G13,-$F13*(SIN(ACOS($G13))),"j"),Dataark!$F$5),"")),IF($C13=Dataark!$B$13,IF($H13=Dataark!$B$19,IMPRODUCT(COMPLEX($F13*$G13,$F13*(SIN(ACOS($G13))),"j"),Dataark!$F$3),IF($H13=Dataark!$B$18,IMPRODUCT(COMPLEX($F13*$G13,-$F13*(SIN(ACOS($G13))),"j"),Dataark!$F$3),)),)))) -> 0 | P13: =IF($D13="",0,IF(OR($C13=Dataark!$B$11,$C13=Dataark!$B$15),IF($H13=Dataark!$B$19,IMPRODUCT(COMPLEX($F13*$G13,$F13*(SIN(ACOS($G13))),"j"),Dataark!$G$3),IF($H13=Dataark!$B$18,IMPRODUCT(COMPLEX($F13*$G13,-$F13*(SIN(ACOS($G13))),"j"),Dataark!$G$3),"")),IF($C13=Dataark!$B$13,IF($H13=Dataark!$B$19,IMPRODUCT(COMPLEX($F13*$G13,$F13*(SIN(ACOS($G13))),"j"),Dataark!$G$4),IF($H13=Dataark!$B$18,IMPRODUCT(COMPLEX($F13*$G13,-$F13*(SIN(ACOS($G13))),"j"),Dataark!$G$4),"")),IF($C13=Dataark!$B$14,IF($H13=Dataark!$B$19,IMPRODUCT(COMPLEX($F13*$G13,$F13*(SIN(ACOS($G13))),"j"),Dataark!$G$5),IF($H13=Dataark!$B$18,IMPRODUCT(COMPLEX($F13*$G13,-$F13*(SIN(ACOS($G13))),"j"),Dataark!$G$5),)),)))) -> 0 | Q13: =IF(D13="S",COMPLEX(E13*G13,E13*SIN(ACOS(G13)),"j"),0) -> 0
B14: =IF(C14="","",VLOOKUP(C14,Dataark!$B$9:$C$15,2,FALSE)) | F14: =IF(OR(D14="",C14="",G14="",E14=""),"",IF($D14="P",IF($B14=1,$E14/($F$2*G14),IF(B14=2,$E14/(D$2*G14),IF($B14=3,E14/(D$2*G14*SQRT(3))))),IF($D14="S",IF($B14=1,$E14/$F$2,IF($B14=2,$E14/$D$2,IF($B14=3,$E14/($D$2*SQRT(3))))),IF($D14="Q",IF($B14=1,$E14/($F$2*SIN(ACOS($G14))),IF($B14=2,$E14/($D$2*SIN(ACOS($G14))),IF($B14=3,$E14/($D$2*SIN(ACOS($G14))*SQRT(3))))),IF($D14="I",$E14,""))))) | J14: =IF($N14=0,"",ROUND(IMABS($N14),2)&"<"&ROUND(DEGREES(IMARGUMENT($N14)),2)) | K14: =IF($O14=0,"",ROUND(IMABS($O14),2)&"<"&ROUND(DEGREES(IMARGUMENT($O14)),2)) | L14: =IF($P14=0,"",ROUND(IMABS($P14),2)&"<"&ROUND(DEGREES(IMARGUMENT($P14)),2)) | M14: =IF(I14="","",IF($I$2=Dataark!$B$21,IF(B14=1,((I14*F14)/100),IF(B14=2,((I14*F14)/100)*2,IF(B14=3,((I14*F14)/100)*3,))),IF($I$2=Dataark!$B$22,IF(B14=1,I14,IF(B14=2,I14*2,IF(B14=3,I14*3)))))) | N14: =IF($D14="",0,IF(OR($C14=Dataark!$B$9,$C14=Dataark!$B$15),IF($H14=Dataark!$B$19,IMPRODUCT(COMPLEX($F14*$G14,$F14*(SIN(ACOS($G14))),"j"),Dataark!$E$5),IF($H14=Dataark!$B$18,IMPRODUCT(COMPLEX($F14*$G14,-$F14*(SIN(ACOS($G14))),"j"),Dataark!$E$5),"")),IF($C14=Dataark!$B$12,IF($H14=Dataark!$B$19,IMPRODUCT(COMPLEX($F14*$G14,$F14*(SIN(ACOS($G14))),"j"),Dataark!$E$4),IF($H14=Dataark!$B$18,IMPRODUCT(COMPLEX($F14*$G14,-$F14*(SIN(ACOS($G14))),"j"),Dataark!$E$4),"")),IF($C14=Dataark!$B$14,IF($H14=Dataark!$B$19,IMPRODUCT(COMPLEX($F14*$G14,$F14*(SIN(ACOS($G14))),"j"),Dataark!$E$3),IF($H14=Dataark!$B$18,IMPRODUCT(COMPLEX($F14*$G14,-$F14*(SIN(ACOS($G14))),"j"),Dataark!$E$3),)),)))) -> 0 | O14: =IF($D14="",0,IF(OR($C14=Dataark!$B$10,$C14=Dataark!$B$15),IF($H14=Dataark!$B$19,IMPRODUCT(COMPLEX($F14*$G14,$F14*(SIN(ACOS($G14))),"j"),Dataark!$F$4),IF($H14=Dataark!$B$18,IMPRODUCT(COMPLEX($F14*$G14,-$F14*(SIN(ACOS($G14))),"j"),Dataark!$F$4),"")),IF($C14=Dataark!$B$12,IF($H14=Dataark!$B$19,IMPRODUCT(COMPLEX($F14*$G14,$F14*(SIN(ACOS($G14))),"j"),Dataark!$F$5),IF($H14=Dataark!$B$18,IMPRODUCT(COMPLEX($F14*$G14,-$F14*(SIN(ACOS($G14))),"j"),Dataark!$F$5),"")),IF($C14=Dataark!$B$13,IF($H14=Dataark!$B$19,IMPRODUCT(COMPLEX($F14*$G14,$F14*(SIN(ACOS($G14))),"j"),Dataark!$F$3),IF($H14=Dataark!$B$18,IMPRODUCT(COMPLEX($F14*$G14,-$F14*(SIN(ACOS($G14))),"j"),Dataark!$F$3),)),)))) -> 0 | P14: =IF($D14="",0,IF(OR($C14=Dataark!$B$11,$C14=Dataark!$B$15),IF($H14=Dataark!$B$19,IMPRODUCT(COMPLEX($F14*$G14,$F14*(SIN(ACOS($G14))),"j"),Dataark!$G$3),IF($H14=Dataark!$B$18,IMPRODUCT(COMPLEX($F14*$G14,-$F14*(SIN(ACOS($G14))),"j"),Dataark!$G$3),"")),IF($C14=Dataark!$B$13,IF($H14=Dataark!$B$19,IMPRODUCT(COMPLEX($F14*$G14,$F14*(SIN(ACOS($G14))),"j"),Dataark!$G$4),IF($H14=Dataark!$B$18,IMPRODUCT(COMPLEX($F14*$G14,-$F14*(SIN(ACOS($G14))),"j"),Dataark!$G$4),"")),IF($C14=Dataark!$B$14,IF($H14=Dataark!$B$19,IMPRODUCT(COMPLEX($F14*$G14,$F14*(SIN(ACOS($G14))),"j"),Dataark!$G$5),IF($H14=Dataark!$B$18,IMPRODUCT(COMPLEX($F14*$G14,-$F14*(SIN(ACOS($G14))),"j"),Dataark!$G$5),)),)))) -> 0 | Q14: =IF(D14="S",COMPLEX(E14*G14,E14*SIN(ACOS(G14)),"j"),0) -> 0
B15: =IF(C15="","",VLOOKUP(C15,Dataark!$B$9:$C$15,2,FALSE)) | F15: =IF(OR(D15="",C15="",G15="",E15=""),"",IF($D15="P",IF($B15=1,$E15/($F$2*G15),IF(B15=2,$E15/(D$2*G15),IF($B15=3,E15/(D$2*G15*SQRT(3))))),IF($D15="S",IF($B15=1,$E15/$F$2,IF($B15=2,$E15/$D$2,IF($B15=3,$E15/($D$2*SQRT(3))))),IF($D15="Q",IF($B15=1,$E15/($F$2*SIN(ACOS($G15))),IF($B15=2,$E15/($D$2*SIN(ACOS($G15))),IF($B15=3,$E15/($D$2*SIN(ACOS($G15))*SQRT(3))))),IF($D15="I",$E15,""))))) | J15: =IF($N15=0,"",ROUND(IMABS($N15),2)&"<"&ROUND(DEGREES(IMARGUMENT($N15)),2)) | K15: =IF($O15=0,"",ROUND(IMABS($O15),2)&"<"&ROUND(DEGREES(IMARGUMENT($O15)),2)) | L15: =IF($P15=0,"",ROUND(IMABS($P15),2)&"<"&ROUND(DEGREES(IMARGUMENT($P15)),2)) | M15: =IF(I15="","",IF($I$2=Dataark!$B$21,IF(B15=1,((I15*F15)/100),IF(B15=2,((I15*F15)/100)*2,IF(B15=3,((I15*F15)/100)*3,))),IF($I$2=Dataark!$B$22,IF(B15=1,I15,IF(B15=2,I15*2,IF(B15=3,I15*3)))))) | N15: =IF($D15="",0,IF(OR($C15=Dataark!$B$9,$C15=Dataark!$B$15),IF($H15=Dataark!$B$19,IMPRODUCT(COMPLEX($F15*$G15,$F15*(SIN(ACOS($G15))),"j"),Dataark!$E$5),IF($H15=Dataark!$B$18,IMPRODUCT(COMPLEX($F15*$G15,-$F15*(SIN(ACOS($G15))),"j"),Dataark!$E$5),"")),IF($C15=Dataark!$B$12,IF($H15=Dataark!$B$19,IMPRODUCT(COMPLEX($F15*$G15,$F15*(SIN(ACOS($G15))),"j"),Dataark!$E$4),IF($H15=Dataark!$B$18,IMPRODUCT(COMPLEX($F15*$G15,-$F15*(SIN(ACOS($G15))),"j"),Dataark!$E$4),"")),IF($C15=Dataark!$B$14,IF($H15=Dataark!$B$19,IMPRODUCT(COMPLEX($F15*$G15,$F15*(SIN(ACOS($G15))),"j"),Dataark!$E$3),IF($H15=Dataark!$B$18,IMPRODUCT(COMPLEX($F15*$G15,-$F15*(SIN(ACOS($G15))),"j"),Dataark!$E$3),)),)))) -> 0 | O15: =IF($D15="",0,IF(OR($C15=Dataark!$B$10,$C15=Dataark!$B$15),IF($H15=Dataark!$B$19,IMPRODUCT(COMPLEX($F15*$G15,$F15*(SIN(ACOS($G15))),"j"),Dataark!$F$4),IF($H15=Dataark!$B$18,IMPRODUCT(COMPLEX($F15*$G15,-$F15*(SIN(ACOS($G15))),"j"),Dataark!$F$4),"")),IF($C15=Dataark!$B$12,IF($H15=Dataark!$B$19,IMPRODUCT(COMPLEX($F15*$G15,$F15*(SIN(ACOS($G15))),"j"),Dataark!$F$5),IF($H15=Dataark!$B$18,IMPRODUCT(COMPLEX($F15*$G15,-$F15*(SIN(ACOS($G15))),"j"),Dataark!$F$5),"")),IF($C15=Dataark!$B$13,IF($H15=Dataark!$B$19,IMPRODUCT(COMPLEX($F15*$G15,$F15*(SIN(ACOS($G15))),"j"),Dataark!$F$3),IF($H15=Dataark!$B$18,IMPRODUCT(COMPLEX($F15*$G15,-$F15*(SIN(ACOS($G15))),"j"),Dataark!$F$3),)),)))) -> 0 | P15: =IF($D15="",0,IF(OR($C15=Dataark!$B$11,$C15=Dataark!$B$15),IF($H15=Dataark!$B$19,IMPRODUCT(COMPLEX($F15*$G15,$F15*(SIN(ACOS($G15))),"j"),Dataark!$G$3),IF($H15=Dataark!$B$18,IMPRODUCT(COMPLEX($F15*$G15,-$F15*(SIN(ACOS($G15))),"j"),Dataark!$G$3),"")),IF($C15=Dataark!$B$13,IF($H15=Dataark!$B$19,IMPRODUCT(COMPLEX($F15*$G15,$F15*(SIN(ACOS($G15))),"j"),Dataark!$G$4),IF($H15=Dataark!$B$18,IMPRODUCT(COMPLEX($F15*$G15,-$F15*(SIN(ACOS($G15))),"j"),Dataark!$G$4),"")),IF($C15=Dataark!$B$14,IF($H15=Dataark!$B$19,IMPRODUCT(COMPLEX($F15*$G15,$F15*(SIN(ACOS($G15))),"j"),Dataark!$G$5),IF($H15=Dataark!$B$18,IMPRODUCT(COMPLEX($F15*$G15,-$F15*(SIN(ACOS($G15))),"j"),Dataark!$G$5),)),)))) -> 0 | Q15: =IF(D15="S",COMPLEX(E15*G15,E15*SIN(ACOS(G15)),"j"),0) -> 0
B16: =IF(C16="","",VLOOKUP(C16,Dataark!$B$9:$C$15,2,FALSE)) | F16: =IF(OR(D16="",C16="",G16="",E16=""),"",IF($D16="P",IF($B16=1,$E16/($F$2*G16),IF(B16=2,$E16/(D$2*G16),IF($B16=3,E16/(D$2*G16*SQRT(3))))),IF($D16="S",IF($B16=1,$E16/$F$2,IF($B16=2,$E16/$D$2,IF($B16=3,$E16/($D$2*SQRT(3))))),IF($D16="Q",IF($B16=1,$E16/($F$2*SIN(ACOS($G16))),IF($B16=2,$E16/($D$2*SIN(ACOS($G16))),IF($B16=3,$E16/($D$2*SIN(ACOS($G16))*SQRT(3))))),IF($D16="I",$E16,""))))) | J16: =IF($N16=0,"",ROUND(IMABS($N16),2)&"<"&ROUND(DEGREES(IMARGUMENT($N16)),2)) | K16: =IF($O16=0,"",ROUND(IMABS($O16),2)&"<"&ROUND(DEGREES(IMARGUMENT($O16)),2)) | L16: =IF($P16=0,"",ROUND(IMABS($P16),2)&"<"&ROUND(DEGREES(IMARGUMENT($P16)),2)) | M16: =IF(I16="","",IF($I$2=Dataark!$B$21,IF(B16=1,((I16*F16)/100),IF(B16=2,((I16*F16)/100)*2,IF(B16=3,((I16*F16)/100)*3,))),IF($I$2=Dataark!$B$22,IF(B16=1,I16,IF(B16=2,I16*2,IF(B16=3,I16*3)))))) | N16: =IF($D16="",0,IF(OR($C16=Dataark!$B$9,$C16=Dataark!$B$15),IF($H16=Dataark!$B$19,IMPRODUCT(COMPLEX($F16*$G16,$F16*(SIN(ACOS($G16))),"j"),Dataark!$E$5),IF($H16=Dataark!$B$18,IMPRODUCT(COMPLEX($F16*$G16,-$F16*(SIN(ACOS($G16))),"j"),Dataark!$E$5),"")),IF($C16=Dataark!$B$12,IF($H16=Dataark!$B$19,IMPRODUCT(COMPLEX($F16*$G16,$F16*(SIN(ACOS($G16))),"j"),Dataark!$E$4),IF($H16=Dataark!$B$18,IMPRODUCT(COMPLEX($F16*$G16,-$F16*(SIN(ACOS($G16))),"j"),Dataark!$E$4),"")),IF($C16=Dataark!$B$14,IF($H16=Dataark!$B$19,IMPRODUCT(COMPLEX($F16*$G16,$F16*(SIN(ACOS($G16))),"j"),Dataark!$E$3),IF($H16=Dataark!$B$18,IMPRODUCT(COMPLEX($F16*$G16,-$F16*(SIN(ACOS($G16))),"j"),Dataark!$E$3),)),)))) -> 0 | O16: =IF($D16="",0,IF(OR($C16=Dataark!$B$10,$C16=Dataark!$B$15),IF($H16=Dataark!$B$19,IMPRODUCT(COMPLEX($F16*$G16,$F16*(SIN(ACOS($G16))),"j"),Dataark!$F$4),IF($H16=Dataark!$B$18,IMPRODUCT(COMPLEX($F16*$G16,-$F16*(SIN(ACOS($G16))),"j"),Dataark!$F$4),"")),IF($C16=Dataark!$B$12,IF($H16=Dataark!$B$19,IMPRODUCT(COMPLEX($F16*$G16,$F16*(SIN(ACOS($G16))),"j"),Dataark!$F$5),IF($H16=Dataark!$B$18,IMPRODUCT(COMPLEX($F16*$G16,-$F16*(SIN(ACOS($G16))),"j"),Dataark!$F$5),"")),IF($C16=Dataark!$B$13,IF($H16=Dataark!$B$19,IMPRODUCT(COMPLEX($F16*$G16,$F16*(SIN(ACOS($G16))),"j"),Dataark!$F$3),IF($H16=Dataark!$B$18,IMPRODUCT(COMPLEX($F16*$G16,-$F16*(SIN(ACOS($G16))),"j"),Dataark!$F$3),)),)))) -> 0 | P16: =IF($D16="",0,IF(OR($C16=Dataark!$B$11,$C16=Dataark!$B$15),IF($H16=Dataark!$B$19,IMPRODUCT(COMPLEX($F16*$G16,$F16*(SIN(ACOS($G16))),"j"),Dataark!$G$3),IF($H16=Dataark!$B$18,IMPRODUCT(COMPLEX($F16*$G16,-$F16*(SIN(ACOS($G16))),"j"),Dataark!$G$3),"")),IF($C16=Dataark!$B$13,IF($H16=Dataark!$B$19,IMPRODUCT(COMPLEX($F16*$G16,$F16*(SIN(ACOS($G16))),"j"),Dataark!$G$4),IF($H16=Dataark!$B$18,IMPRODUCT(COMPLEX($F16*$G16,-$F16*(SIN(ACOS($G16))),"j"),Dataark!$G$4),"")),IF($C16=Dataark!$B$14,IF($H16=Dataark!$B$19,IMPRODUCT(COMPLEX($F16*$G16,$F16*(SIN(ACOS($G16))),"j"),Dataark!$G$5),IF($H16=Dataark!$B$18,IMPRODUCT(COMPLEX($F16*$G16,-$F16*(SIN(ACOS($G16))),"j"),Dataark!$G$5),)),)))) -> 0 | Q16: =IF(D16="S",COMPLEX(E16*G16,E16*SIN(ACOS(G16)),"j"),0) -> 0
B17: =IF(C17="","",VLOOKUP(C17,Dataark!$B$9:$C$15,2,FALSE)) | F17: =IF(OR(D17="",C17="",G17="",E17=""),"",IF($D17="P",IF($B17=1,$E17/($F$2*G17),IF(B17=2,$E17/(D$2*G17),IF($B17=3,E17/(D$2*G17*SQRT(3))))),IF($D17="S",IF($B17=1,$E17/$F$2,IF($B17=2,$E17/$D$2,IF($B17=3,$E17/($D$2*SQRT(3))))),IF($D17="Q",IF($B17=1,$E17/($F$2*SIN(ACOS($G17))),IF($B17=2,$E17/($D$2*SIN(ACOS($G17))),IF($B17=3,$E17/($D$2*SIN(ACOS($G17))*SQRT(3))))),IF($D17="I",$E17,""))))) | J17: =IF($N17=0,"",ROUND(IMABS($N17),2)&"<"&ROUND(DEGREES(IMARGUMENT($N17)),2)) | K17: =IF($O17=0,"",ROUND(IMABS($O17),2)&"<"&ROUND(DEGREES(IMARGUMENT($O17)),2)) | L17: =IF($P17=0,"",ROUND(IMABS($P17),2)&"<"&ROUND(DEGREES(IMARGUMENT($P17)),2)) | M17: =IF(I17="","",IF($I$2=Dataark!$B$21,IF(B17=1,((I17*F17)/100),IF(B17=2,((I17*F17)/100)*2,IF(B17=3,((I17*F17)/100)*3,))),IF($I$2=Dataark!$B$22,IF(B17=1,I17,IF(B17=2,I17*2,IF(B17=3,I17*3)))))) | N17: =IF($D17="",0,IF(OR($C17=Dataark!$B$9,$C17=Dataark!$B$15),IF($H17=Dataark!$B$19,IMPRODUCT(COMPLEX($F17*$G17,$F17*(SIN(ACOS($G17))),"j"),Dataark!$E$5),IF($H17=Dataark!$B$18,IMPRODUCT(COMPLEX($F17*$G17,-$F17*(SIN(ACOS($G17))),"j"),Dataark!$E$5),"")),IF($C17=Dataark!$B$12,IF($H17=Dataark!$B$19,IMPRODUCT(COMPLEX($F17*$G17,$F17*(SIN(ACOS($G17))),"j"),Dataark!$E$4),IF($H17=Dataark!$B$18,IMPRODUCT(COMPLEX($F17*$G17,-$F17*(SIN(ACOS($G17))),"j"),Dataark!$E$4),"")),IF($C17=Dataark!$B$14,IF($H17=Dataark!$B$19,IMPRODUCT(COMPLEX($F17*$G17,$F17*(SIN(ACOS($G17))),"j"),Dataark!$E$3),IF($H17=Dataark!$B$18,IMPRODUCT(COMPLEX($F17*$G17,-$F17*(SIN(ACOS($G17))),"j"),Dataark!$E$3),)),)))) -> 0 | O17: =IF($D17="",0,IF(OR($C17=Dataark!$B$10,$C17=Dataark!$B$15),IF($H17=Dataark!$B$19,IMPRODUCT(COMPLEX($F17*$G17,$F17*(SIN(ACOS($G17))),"j"),Dataark!$F$4),IF($H17=Dataark!$B$18,IMPRODUCT(COMPLEX($F17*$G17,-$F17*(SIN(ACOS($G17))),"j"),Dataark!$F$4),"")),IF($C17=Dataark!$B$12,IF($H17=Dataark!$B$19,IMPRODUCT(COMPLEX($F17*$G17,$F17*(SIN(ACOS($G17))),"j"),Dataark!$F$5),IF($H17=Dataark!$B$18,IMPRODUCT(COMPLEX($F17*$G17,-$F17*(SIN(ACOS($G17))),"j"),Dataark!$F$5),"")),IF($C17=Dataark!$B$13,IF($H17=Dataark!$B$19,IMPRODUCT(COMPLEX($F17*$G17,$F17*(SIN(ACOS($G17))),"j"),Dataark!$F$3),IF($H17=Dataark!$B$18,IMPRODUCT(COMPLEX($F17*$G17,-$F17*(SIN(ACOS($G17))),"j"),Dataark!$F$3),)),)))) -> 0 | P17: =IF($D17="",0,IF(OR($C17=Dataark!$B$11,$C17=Dataark!$B$15),IF($H17=Dataark!$B$19,IMPRODUCT(COMPLEX($F17*$G17,$F17*(SIN(ACOS($G17))),"j"),Dataark!$G$3),IF($H17=Dataark!$B$18,IMPRODUCT(COMPLEX($F17*$G17,-$F17*(SIN(ACOS($G17))),"j"),Dataark!$G$3),"")),IF($C17=Dataark!$B$13,IF($H17=Dataark!$B$19,IMPRODUCT(COMPLEX($F17*$G17,$F17*(SIN(ACOS($G17))),"j"),Dataark!$G$4),IF($H17=Dataark!$B$18,IMPRODUCT(COMPLEX($F17*$G17,-$F17*(SIN(ACOS($G17))),"j"),Dataark!$G$4),"")),IF($C17=Dataark!$B$14,IF($H17=Dataark!$B$19,IMPRODUCT(COMPLEX($F17*$G17,$F17*(SIN(ACOS($G17))),"j"),Dataark!$G$5),IF($H17=Dataark!$B$18,IMPRODUCT(COMPLEX($F17*$G17,-$F17*(SIN(ACOS($G17))),"j"),Dataark!$G$5),)),)))) -> 0 | Q17: =IF(D17="S",COMPLEX(E17*G17,E17*SIN(ACOS(G17)),"j"),0) -> 0
B18: =IF(C18="","",VLOOKUP(C18,Dataark!$B$9:$C$15,2,FALSE)) | F18: =IF(OR(D18="",C18="",G18="",E18=""),"",IF($D18="P",IF($B18=1,$E18/($F$2*G18),IF(B18=2,$E18/(D$2*G18),IF($B18=3,E18/(D$2*G18*SQRT(3))))),IF($D18="S",IF($B18=1,$E18/$F$2,IF($B18=2,$E18/$D$2,IF($B18=3,$E18/($D$2*SQRT(3))))),IF($D18="Q",IF($B18=1,$E18/($F$2*SIN(ACOS($G18))),IF($B18=2,$E18/($D$2*SIN(ACOS($G18))),IF($B18=3,$E18/($D$2*SIN(ACOS($G18))*SQRT(3))))),IF($D18="I",$E18,""))))) | J18: =IF($N18=0,"",ROUND(IMABS($N18),2)&"<"&ROUND(DEGREES(IMARGUMENT($N18)),2)) | K18: =IF($O18=0,"",ROUND(IMABS($O18),2)&"<"&ROUND(DEGREES(IMARGUMENT($O18)),2)) | L18: =IF($P18=0,"",ROUND(IMABS($P18),2)&"<"&ROUND(DEGREES(IMARGUMENT($P18)),2)) | M18: =IF(I18="","",IF($I$2=Dataark!$B$21,IF(B18=1,((I18*F18)/100),IF(B18=2,((I18*F18)/100)*2,IF(B18=3,((I18*F18)/100)*3,))),IF($I$2=Dataark!$B$22,IF(B18=1,I18,IF(B18=2,I18*2,IF(B18=3,I18*3)))))) | N18: =IF($D18="",0,IF(OR($C18=Dataark!$B$9,$C18=Dataark!$B$15),IF($H18=Dataark!$B$19,IMPRODUCT(COMPLEX($F18*$G18,$F18*(SIN(ACOS($G18))),"j"),Dataark!$E$5),IF($H18=Dataark!$B$18,IMPRODUCT(COMPLEX($F18*$G18,-$F18*(SIN(ACOS($G18))),"j"),Dataark!$E$5),"")),IF($C18=Dataark!$B$12,IF($H18=Dataark!$B$19,IMPRODUCT(COMPLEX($F18*$G18,$F18*(SIN(ACOS($G18))),"j"),Dataark!$E$4),IF($H18=Dataark!$B$18,IMPRODUCT(COMPLEX($F18*$G18,-$F18*(SIN(ACOS($G18))),"j"),Dataark!$E$4),"")),IF($C18=Dataark!$B$14,IF($H18=Dataark!$B$19,IMPRODUCT(COMPLEX($F18*$G18,$F18*(SIN(ACOS($G18))),"j"),Dataark!$E$3),IF($H18=Dataark!$B$18,IMPRODUCT(COMPLEX($F18*$G18,-$F18*(SIN(ACOS($G18))),"j"),Dataark!$E$3),)),)))) -> 0 | O18: =IF($D18="",0,IF(OR($C18=Dataark!$B$10,$C18=Dataark!$B$15),IF($H18=Dataark!$B$19,IMPRODUCT(COMPLEX($F18*$G18,$F18*(SIN(ACOS($G18))),"j"),Dataark!$F$4),IF($H18=Dataark!$B$18,IMPRODUCT(COMPLEX($F18*$G18,-$F18*(SIN(ACOS($G18))),"j"),Dataark!$F$4),"")),IF($C18=Dataark!$B$12,IF($H18=Dataark!$B$19,IMPRODUCT(COMPLEX($F18*$G18,$F18*(SIN(ACOS($G18))),"j"),Dataark!$F$5),IF($H18=Dataark!$B$18,IMPRODUCT(COMPLEX($F18*$G18,-$F18*(SIN(ACOS($G18))),"j"),Dataark!$F$5),"")),IF($C18=Dataark!$B$13,IF($H18=Dataark!$B$19,IMPRODUCT(COMPLEX($F18*$G18,$F18*(SIN(ACOS($G18))),"j"),Dataark!$F$3),IF($H18=Dataark!$B$18,IMPRODUCT(COMPLEX($F18*$G18,-$F18*(SIN(ACOS($G18))),"j"),Dataark!$F$3),)),)))) -> 0 | P18: =IF($D18="",0,IF(OR($C18=Dataark!$B$11,$C18=Dataark!$B$15),IF($H18=Dataark!$B$19,IMPRODUCT(COMPLEX($F18*$G18,$F18*(SIN(ACOS($G18))),"j"),Dataark!$G$3),IF($H18=Dataark!$B$18,IMPRODUCT(COMPLEX($F18*$G18,-$F18*(SIN(ACOS($G18))),"j"),Dataark!$G$3),"")),IF($C18=Dataark!$B$13,IF($H18=Dataark!$B$19,IMPRODUCT(COMPLEX($F18*$G18,$F18*(SIN(ACOS($G18))),"j"),Dataark!$G$4),IF($H18=Dataark!$B$18,IMPRODUCT(COMPLEX($F18*$G18,-$F18*(SIN(ACOS($G18))),"j"),Dataark!$G$4),"")),IF($C18=Dataark!$B$14,IF($H18=Dataark!$B$19,IMPRODUCT(COMPLEX($F18*$G18,$F18*(SIN(ACOS($G18))),"j"),Dataark!$G$5),IF($H18=Dataark!$B$18,IMPRODUCT(COMPLEX($F18*$G18,-$F18*(SIN(ACOS($G18))),"j"),Dataark!$G$5),)),)))) -> 0 | Q18: =IF(D18="S",COMPLEX(E18*G18,E18*SIN(ACOS(G18)),"j"),0) -> 0
B19: =IF(C19="","",VLOOKUP(C19,Dataark!$B$9:$C$15,2,FALSE)) | F19: =IF(OR(D19="",C19="",G19="",E19=""),"",IF($D19="P",IF($B19=1,$E19/($F$2*G19),IF(B19=2,$E19/(D$2*G19),IF($B19=3,E19/(D$2*G19*SQRT(3))))),IF($D19="S",IF($B19=1,$E19/$F$2,IF($B19=2,$E19/$D$2,IF($B19=3,$E19/($D$2*SQRT(3))))),IF($D19="Q",IF($B19=1,$E19/($F$2*SIN(ACOS($G19))),IF($B19=2,$E19/($D$2*SIN(ACOS($G19))),IF($B19=3,$E19/($D$2*SIN(ACOS($G19))*SQRT(3))))),IF($D19="I",$E19,""))))) | J19: =IF($N19=0,"",ROUND(IMABS($N19),2)&"<"&ROUND(DEGREES(IMARGUMENT($N19)),2)) | K19: =IF($O19=0,"",ROUND(IMABS($O19),2)&"<"&ROUND(DEGREES(IMARGUMENT($O19)),2)) | L19: =IF($P19=0,"",ROUND(IMABS($P19),2)&"<"&ROUND(DEGREES(IMARGUMENT($P19)),2)) | M19: =IF(I19="","",IF($I$2=Dataark!$B$21,IF(B19=1,((I19*F19)/100),IF(B19=2,((I19*F19)/100)*2,IF(B19=3,((I19*F19)/100)*3,))),IF($I$2=Dataark!$B$22,IF(B19=1,I19,IF(B19=2,I19*2,IF(B19=3,I19*3)))))) | N19: =IF($D19="",0,IF(OR($C19=Dataark!$B$9,$C19=Dataark!$B$15),IF($H19=Dataark!$B$19,IMPRODUCT(COMPLEX($F19*$G19,$F19*(SIN(ACOS($G19))),"j"),Dataark!$E$5),IF($H19=Dataark!$B$18,IMPRODUCT(COMPLEX($F19*$G19,-$F19*(SIN(ACOS($G19))),"j"),Dataark!$E$5),"")),IF($C19=Dataark!$B$12,IF($H19=Dataark!$B$19,IMPRODUCT(COMPLEX($F19*$G19,$F19*(SIN(ACOS($G19))),"j"),Dataark!$E$4),IF($H19=Dataark!$B$18,IMPRODUCT(COMPLEX($F19*$G19,-$F19*(SIN(ACOS($G19))),"j"),Dataark!$E$4),"")),IF($C19=Dataark!$B$14,IF($H19=Dataark!$B$19,IMPRODUCT(COMPLEX($F19*$G19,$F19*(SIN(ACOS($G19))),"j"),Dataark!$E$3),IF($H19=Dataark!$B$18,IMPRODUCT(COMPLEX($F19*$G19,-$F19*(SIN(ACOS($G19))),"j"),Dataark!$E$3),)),)))) -> 0 | O19: =IF($D19="",0,IF(OR($C19=Dataark!$B$10,$C19=Dataark!$B$15),IF($H19=Dataark!$B$19,IMPRODUCT(COMPLEX($F19*$G19,$F19*(SIN(ACOS($G19))),"j"),Dataark!$F$4),IF($H19=Dataark!$B$18,IMPRODUCT(COMPLEX($F19*$G19,-$F19*(SIN(ACOS($G19))),"j"),Dataark!$F$4),"")),IF($C19=Dataark!$B$12,IF($H19=Dataark!$B$19,IMPRODUCT(COMPLEX($F19*$G19,$F19*(SIN(ACOS($G19))),"j"),Dataark!$F$5),IF($H19=Dataark!$B$18,IMPRODUCT(COMPLEX($F19*$G19,-$F19*(SIN(ACOS($G19))),"j"),Dataark!$F$5),"")),IF($C19=Dataark!$B$13,IF($H19=Dataark!$B$19,IMPRODUCT(COMPLEX($F19*$G19,$F19*(SIN(ACOS($G19))),"j"),Dataark!$F$3),IF($H19=Dataark!$B$18,IMPRODUCT(COMPLEX($F19*$G19,-$F19*(SIN(ACOS($G19))),"j"),Dataark!$F$3),)),)))) -> 0 | P19: =IF($D19="",0,IF(OR($C19=Dataark!$B$11,$C19=Dataark!$B$15),IF($H19=Dataark!$B$19,IMPRODUCT(COMPLEX($F19*$G19,$F19*(SIN(ACOS($G19))),"j"),Dataark!$G$3),IF($H19=Dataark!$B$18,IMPRODUCT(COMPLEX($F19*$G19,-$F19*(SIN(ACOS($G19))),"j"),Dataark!$G$3),"")),IF($C19=Dataark!$B$13,IF($H19=Dataark!$B$19,IMPRODUCT(COMPLEX($F19*$G19,$F19*(SIN(ACOS($G19))),"j"),Dataark!$G$4),IF($H19=Dataark!$B$18,IMPRODUCT(COMPLEX($F19*$G19,-$F19*(SIN(ACOS($G19))),"j"),Dataark!$G$4),"")),IF($C19=Dataark!$B$14,IF($H19=Dataark!$B$19,IMPRODUCT(COMPLEX($F19*$G19,$F19*(SIN(ACOS($G19))),"j"),Dataark!$G$5),IF($H19=Dataark!$B$18,IMPRODUCT(COMPLEX($F19*$G19,-$F19*(SIN(ACOS($G19))),"j"),Dataark!$G$5),)),)))) -> 0 | Q19: =IF(D19="S",COMPLEX(E19*G19,E19*SIN(ACOS(G19)),"j"),0) -> 0
B20: =IF(C20="","",VLOOKUP(C20,Dataark!$B$9:$C$15,2,FALSE)) | F20: =IF(OR(D20="",C20="",G20="",E20=""),"",IF($D20="P",IF($B20=1,$E20/($F$2*G20),IF(B20=2,$E20/(D$2*G20),IF($B20=3,E20/(D$2*G20*SQRT(3))))),IF($D20="S",IF($B20=1,$E20/$F$2,IF($B20=2,$E20/$D$2,IF($B20=3,$E20/($D$2*SQRT(3))))),IF($D20="Q",IF($B20=1,$E20/($F$2*SIN(ACOS($G20))),IF($B20=2,$E20/($D$2*SIN(ACOS($G20))),IF($B20=3,$E20/($D$2*SIN(ACOS($G20))*SQRT(3))))),IF($D20="I",$E20,""))))) | J20: =IF($N20=0,"",ROUND(IMABS($N20),2)&"<"&ROUND(DEGREES(IMARGUMENT($N20)),2)) | K20: =IF($O20=0,"",ROUND(IMABS($O20),2)&"<"&ROUND(DEGREES(IMARGUMENT($O20)),2)) | L20: =IF($P20=0,"",ROUND(IMABS($P20),2)&"<"&ROUND(DEGREES(IMARGUMENT($P20)),2)) | M20: =IF(I20="","",IF($I$2=Dataark!$B$21,IF(B20=1,((I20*F20)/100),IF(B20=2,((I20*F20)/100)*2,IF(B20=3,((I20*F20)/100)*3,))),IF($I$2=Dataark!$B$22,IF(B20=1,I20,IF(B20=2,I20*2,IF(B20=3,I20*3)))))) | N20: =IF($D20="",0,IF(OR($C20=Dataark!$B$9,$C20=Dataark!$B$15),IF($H20=Dataark!$B$19,IMPRODUCT(COMPLEX($F20*$G20,$F20*(SIN(ACOS($G20))),"j"),Dataark!$E$5),IF($H20=Dataark!$B$18,IMPRODUCT(COMPLEX($F20*$G20,-$F20*(SIN(ACOS($G20))),"j"),Dataark!$E$5),"")),IF($C20=Dataark!$B$12,IF($H20=Dataark!$B$19,IMPRODUCT(COMPLEX($F20*$G20,$F20*(SIN(ACOS($G20))),"j"),Dataark!$E$4),IF($H20=Dataark!$B$18,IMPRODUCT(COMPLEX($F20*$G20,-$F20*(SIN(ACOS($G20))),"j"),Dataark!$E$4),"")),IF($C20=Dataark!$B$14,IF($H20=Dataark!$B$19,IMPRODUCT(COMPLEX($F20*$G20,$F20*(SIN(ACOS($G20))),"j"),Dataark!$E$3),IF($H20=Dataark!$B$18,IMPRODUCT(COMPLEX($F20*$G20,-$F20*(SIN(ACOS($G20))),"j"),Dataark!$E$3),)),)))) -> 0 | O20: =IF($D20="",0,IF(OR($C20=Dataark!$B$10,$C20=Dataark!$B$15),IF($H20=Dataark!$B$19,IMPRODUCT(COMPLEX($F20*$G20,$F20*(SIN(ACOS($G20))),"j"),Dataark!$F$4),IF($H20=Dataark!$B$18,IMPRODUCT(COMPLEX($F20*$G20,-$F20*(SIN(ACOS($G20))),"j"),Dataark!$F$4),"")),IF($C20=Dataark!$B$12,IF($H20=Dataark!$B$19,IMPRODUCT(COMPLEX($F20*$G20,$F20*(SIN(ACOS($G20))),"j"),Dataark!$F$5),IF($H20=Dataark!$B$18,IMPRODUCT(COMPLEX($F20*$G20,-$F20*(SIN(ACOS($G20))),"j"),Dataark!$F$5),"")),IF($C20=Dataark!$B$13,IF($H20=Dataark!$B$19,IMPRODUCT(COMPLEX($F20*$G20,$F20*(SIN(ACOS($G20))),"j"),Dataark!$F$3),IF($H20=Dataark!$B$18,IMPRODUCT(COMPLEX($F20*$G20,-$F20*(SIN(ACOS($G20))),"j"),Dataark!$F$3),)),)))) -> 0 | P20: =IF($D20="",0,IF(OR($C20=Dataark!$B$11,$C20=Dataark!$B$15),IF($H20=Dataark!$B$19,IMPRODUCT(COMPLEX($F20*$G20,$F20*(SIN(ACOS($G20))),"j"),Dataark!$G$3),IF($H20=Dataark!$B$18,IMPRODUCT(COMPLEX($F20*$G20,-$F20*(SIN(ACOS($G20))),"j"),Dataark!$G$3),"")),IF($C20=Dataark!$B$13,IF($H20=Dataark!$B$19,IMPRODUCT(COMPLEX($F20*$G20,$F20*(SIN(ACOS($G20))),"j"),Dataark!$G$4),IF($H20=Dataark!$B$18,IMPRODUCT(COMPLEX($F20*$G20,-$F20*(SIN(ACOS($G20))),"j"),Dataark!$G$4),"")),IF($C20=Dataark!$B$14,IF($H20=Dataark!$B$19,IMPRODUCT(COMPLEX($F20*$G20,$F20*(SIN(ACOS($G20))),"j"),Dataark!$G$5),IF($H20=Dataark!$B$18,IMPRODUCT(COMPLEX($F20*$G20,-$F20*(SIN(ACOS($G20))),"j"),Dataark!$G$5),)),)))) -> 0 | Q20: =IF(D20="S",COMPLEX(E20*G20,E20*SIN(ACOS(G20)),"j"),0) -> 0
B21: =IF(C21="","",VLOOKUP(C21,Dataark!$B$9:$C$15,2,FALSE)) | F21: =IF(OR(D21="",C21="",G21="",E21=""),"",IF($D21="P",IF($B21=1,$E21/($F$2*G21),IF(B21=2,$E21/(D$2*G21),IF($B21=3,E21/(D$2*G21*SQRT(3))))),IF($D21="S",IF($B21=1,$E21/$F$2,IF($B21=2,$E21/$D$2,IF($B21=3,$E21/($D$2*SQRT(3))))),IF($D21="Q",IF($B21=1,$E21/($F$2*SIN(ACOS($G21))),IF($B21=2,$E21/($D$2*SIN(ACOS($G21))),IF($B21=3,$E21/($D$2*SIN(ACOS($G21))*SQRT(3))))),IF($D21="I",$E21,""))))) | J21: =IF($N21=0,"",ROUND(IMABS($N21),2)&"<"&ROUND(DEGREES(IMARGUMENT($N21)),2)) | K21: =IF($O21=0,"",ROUND(IMABS($O21),2)&"<"&ROUND(DEGREES(IMARGUMENT($O21)),2)) | L21: =IF($P21=0,"",ROUND(IMABS($P21),2)&"<"&ROUND(DEGREES(IMARGUMENT($P21)),2)) | M21: =IF(I21="","",IF($I$2=Dataark!$B$21,IF(B21=1,((I21*F21)/100),IF(B21=2,((I21*F21)/100)*2,IF(B21=3,((I21*F21)/100)*3,))),IF($I$2=Dataark!$B$22,IF(B21=1,I21,IF(B21=2,I21*2,IF(B21=3,I21*3)))))) | N21: =IF($D21="",0,IF(OR($C21=Dataark!$B$9,$C21=Dataark!$B$15),IF($H21=Dataark!$B$19,IMPRODUCT(COMPLEX($F21*$G21,$F21*(SIN(ACOS($G21))),"j"),Dataark!$E$5),IF($H21=Dataark!$B$18,IMPRODUCT(COMPLEX($F21*$G21,-$F21*(SIN(ACOS($G21))),"j"),Dataark!$E$5),"")),IF($C21=Dataark!$B$12,IF($H21=Dataark!$B$19,IMPRODUCT(COMPLEX($F21*$G21,$F21*(SIN(ACOS($G21))),"j"),Dataark!$E$4),IF($H21=Dataark!$B$18,IMPRODUCT(COMPLEX($F21*$G21,-$F21*(SIN(ACOS($G21))),"j"),Dataark!$E$4),"")),IF($C21=Dataark!$B$14,IF($H21=Dataark!$B$19,IMPRODUCT(COMPLEX($F21*$G21,$F21*(SIN(ACOS($G21))),"j"),Dataark!$E$3),IF($H21=Dataark!$B$18,IMPRODUCT(COMPLEX($F21*$G21,-$F21*(SIN(ACOS($G21))),"j"),Dataark!$E$3),)),)))) -> 0 | O21: =IF($D21="",0,IF(OR($C21=Dataark!$B$10,$C21=Dataark!$B$15),IF($H21=Dataark!$B$19,IMPRODUCT(COMPLEX($F21*$G21,$F21*(SIN(ACOS($G21))),"j"),Dataark!$F$4),IF($H21=Dataark!$B$18,IMPRODUCT(COMPLEX($F21*$G21,-$F21*(SIN(ACOS($G21))),"j"),Dataark!$F$4),"")),IF($C21=Dataark!$B$12,IF($H21=Dataark!$B$19,IMPRODUCT(COMPLEX($F21*$G21,$F21*(SIN(ACOS($G21))),"j"),Dataark!$F$5),IF($H21=Dataark!$B$18,IMPRODUCT(COMPLEX($F21*$G21,-$F21*(SIN(ACOS($G21))),"j"),Dataark!$F$5),"")),IF($C21=Dataark!$B$13,IF($H21=Dataark!$B$19,IMPRODUCT(COMPLEX($F21*$G21,$F21*(SIN(ACOS($G21))),"j"),Dataark!$F$3),IF($H21=Dataark!$B$18,IMPRODUCT(COMPLEX($F21*$G21,-$F21*(SIN(ACOS($G21))),"j"),Dataark!$F$3),)),)))) -> 0 | P21: =IF($D21="",0,IF(OR($C21=Dataark!$B$11,$C21=Dataark!$B$15),IF($H21=Dataark!$B$19,IMPRODUCT(COMPLEX($F21*$G21,$F21*(SIN(ACOS($G21))),"j"),Dataark!$G$3),IF($H21=Dataark!$B$18,IMPRODUCT(COMPLEX($F21*$G21,-$F21*(SIN(ACOS($G21))),"j"),Dataark!$G$3),"")),IF($C21=Dataark!$B$13,IF($H21=Dataark!$B$19,IMPRODUCT(COMPLEX($F21*$G21,$F21*(SIN(ACOS($G21))),"j"),Dataark!$G$4),IF($H21=Dataark!$B$18,IMPRODUCT(COMPLEX($F21*$G21,-$F21*(SIN(ACOS($G21))),"j"),Dataark!$G$4),"")),IF($C21=Dataark!$B$14,IF($H21=Dataark!$B$19,IMPRODUCT(COMPLEX($F21*$G21,$F21*(SIN(ACOS($G21))),"j"),Dataark!$G$5),IF($H21=Dataark!$B$18,IMPRODUCT(COMPLEX($F21*$G21,-$F21*(SIN(ACOS($G21))),"j"),Dataark!$G$5),)),)))) -> 0 | Q21: =IF(D21="S",COMPLEX(E21*G21,E21*SIN(ACOS(G21)),"j"),0) -> 0
... B33: =IF(C33="","",VLOOKUP(C33,Dataark!$B$9:$C$15,2,FALSE)) | F33: =IF(OR(D33="",C33="",G33="",E33=""),"",IF($D33="P",IF($B33=1,$E33/($F$2*G33),IF(B33=2,$E33/(D$2*G33),IF($B33=3,E33/(D$2*G33*SQRT(3))))),IF($D33="S",IF($B33=1,$E33/$F$2,IF($B33=2,$E33/$D$2,IF($B33=3,$E33/($D$2*SQRT(3))))),IF($D33="Q",IF($B33=1,$E33/($F$2*SIN(ACOS($G33))),IF($B33=2,$E33/($D$2*SIN(ACOS($G33))),IF($B33=3,$E33/($D$2*SIN(ACOS($G33))*SQRT(3))))),IF($D33="I",$E33,""))))) | J33: =IF($N33=0,"",ROUND(IMABS($N33),2)&"<"&ROUND(DEGREES(IMARGUMENT($N33)),2)) | K33: =IF($O33=0,"",ROUND(IMABS($O33),2)&"<"&ROUND(DEGREES(IMARGUMENT($O33)),2)) | L33: =IF($P33=0,"",ROUND(IMABS($P33),2)&"<"&ROUND(DEGREES(IMARGUMENT($P33)),2)) | M33: =IF(I33="","",IF($I$2=Dataark!$B$21,IF(B33=1,((I33*F33)/100),IF(B33=2,((I33*F33)/100)*2,IF(B33=3,((I33*F33)/100)*3,))),IF($I$2=Dataark!$B$22,IF(B33=1,I33,IF(B33=2,I33*2,IF(B33=3,I33*3)))))) | N33: =IF($D33="",0,IF(OR($C33=Dataark!$B$9,$C33=Dataark!$B$15),IF($H33=Dataark!$B$19,IMPRODUCT(COMPLEX($F33*$G33,$F33*(SIN(ACOS($G33))),"j"),Dataark!$E$5),IF($H33=Dataark!$B$18,IMPRODUCT(COMPLEX($F33*$G33,-$F33*(SIN(ACOS($G33))),"j"),Dataark!$E$5),"")),IF($C33=Dataark!$B$12,IF($H33=Dataark!$B$19,IMPRODUCT(COMPLEX($F33*$G33,$F33*(SIN(ACOS($G33))),"j"),Dataark!$E$4),IF($H33=Dataark!$B$18,IMPRODUCT(COMPLEX($F33*$G33,-$F33*(SIN(ACOS($G33))),"j"),Dataark!$E$4),"")),IF($C33=Dataark!$B$14,IF($H33=Dataark!$B$19,IMPRODUCT(COMPLEX($F33*$G33,$F33*(SIN(ACOS($G33))),"j"),Dataark!$E$3),IF($H33=Dataark!$B$18,IMPRODUCT(COMPLEX($F33*$G33,-$F33*(SIN(ACOS($G33))),"j"),Dataark!$E$3),)),)))) -> 0 | O33: =IF($D33="",0,IF(OR($C33=Dataark!$B$10,$C33=Dataark!$B$15),IF($H33=Dataark!$B$19,IMPRODUCT(COMPLEX($F33*$G33,$F33*(SIN(ACOS($G33))),"j"),Dataark!$F$4),IF($H33=Dataark!$B$18,IMPRODUCT(COMPLEX($F33*$G33,-$F33*(SIN(ACOS($G33))),"j"),Dataark!$F$4),"")),IF($C33=Dataark!$B$12,IF($H33=Dataark!$B$19,IMPRODUCT(COMPLEX($F33*$G33,$F33*(SIN(ACOS($G33))),"j"),Dataark!$F$5),IF($H33=Dataark!$B$18,IMPRODUCT(COMPLEX($F33*$G33,-$F33*(SIN(ACOS($G33))),"j"),Dataark!$F$5),"")),IF($C33=Dataark!$B$13,IF($H33=Dataark!$B$19,IMPRODUCT(COMPLEX($F33*$G33,$F33*(SIN(ACOS($G33))),"j"),Dataark!$F$3),IF($H33=Dataark!$B$18,IMPRODUCT(COMPLEX($F33*$G33,-$F33*(SIN(ACOS($G33))),"j"),Dataark!$F$3),)),)))) -> 0 | P33: =IF($D33="",0,IF(OR($C33=Dataark!$B$11,$C33=Dataark!$B$15),IF($H33=Dataark!$B$19,IMPRODUCT(COMPLEX($F33*$G33,$F33*(SIN(ACOS($G33))),"j"),Dataark!$G$3),IF($H33=Dataark!$B$18,IMPRODUCT(COMPLEX($F33*$G33,-$F33*(SIN(ACOS($G33))),"j"),Dataark!$G$3),"")),IF($C33=Dataark!$B$13,IF($H33=Dataark!$B$19,IMPRODUCT(COMPLEX($F33*$G33,$F33*(SIN(ACOS($G33))),"j"),Dataark!$G$4),IF($H33=Dataark!$B$18,IMPRODUCT(COMPLEX($F33*$G33,-$F33*(SIN(ACOS($G33))),"j"),Dataark!$G$4),"")),IF($C33=Dataark!$B$14,IF($H33=Dataark!$B$19,IMPRODUCT(COMPLEX($F33*$G33,$F33*(SIN(ACOS($G33))),"j"),Dataark!$G$5),IF($H33=Dataark!$B$18,IMPRODUCT(COMPLEX($F33*$G33,-$F33*(SIN(ACOS($G33))),"j"),Dataark!$G$5),)),)))) -> 0 | Q33: =IF(D33="S",COMPLEX(E33*G33,E33*SIN(ACOS(G33)),"j"),0) -> 0
B34: Total | E34: =IF($Q34="0","",ROUND(IMABS($Q34),-1)*10^-3&"<"&ROUND(DEGREES(IMARGUMENT($Q34)),2)) | F34: A | J34: =IF($N34="0","",ROUND(IMABS($N34),2)&" < "&ROUND(DEGREES(IMARGUMENT($N34)),2)) | K34: =IF($O34="0","",ROUND(IMABS($O34),2)&" < "&ROUND(DEGREES(IMARGUMENT($O34)),2)) | L34: =IF($P34="0","",ROUND(IMABS($P34),2)&" < "&ROUND(DEGREES(IMARGUMENT($P34)),2)) | M34: =IF(SUM(M5:M33)=0,"",SUM(M5:M33)) | N34: =IMSUM(N5:N33) -> 0 | O34: =IMSUM(O5:O33) -> 0 | P34: =IMSUM(P5:P33) -> 0 | Q34: =IMSUM(Q5:Q33) -> 0
B35: SF | C35: 1
B36: Total inkl Sf | J36: =IF($N36="0","",ROUND(IMABS($N36),2)&" < "&ROUND(DEGREES(IMARGUMENT($N36)),2)) | K36: =IF($O36="0","",ROUND(IMABS($O36),2)&" < "&ROUND(DEGREES(IMARGUMENT($O36)),2)) | L36: =IF($P36="0","",ROUND(IMABS($P36),2)&" < "&ROUND(DEGREES(IMARGUMENT($P36)),2)) | M36: =IF(M34="","",M34*C35) | N36: =IMPRODUCT(N34,C35) -> 0 | O36: =IMPRODUCT(O34,C35) -> 0 | P36: =IMPRODUCT(P34,C35) -> 0
C38: 3 H strøm pr. faser i % | F38: =IF(M34="","",(M36*100)/ROUND(IMABS(N36),2)/3) | I38: Cos Phi | J38: =IF(N36="0","",COS(IMARGUMENT($N36))) | K38: =IF(O36="0","",COS(IMARGUMENT(IMPRODUCT(O36,Dataark!$F$8)))) | L38: =IF(P36="0","",COS(IMARGUMENT(IMPRODUCT(P36,Dataark!$F$9))))
I39: < Phi | J39: =IF(N36="0","",DEGREES(IMARGUMENT($N36))) | K39: =IF(O36="0","",DEGREES(IMARGUMENT(IMPRODUCT(O36,Dataark!$F$8)))) | L39: =IF(P36="0","",DEGREES(IMARGUMENT(IMPRODUCT(P36,Dataark!$F$9))))

Sheet MA
E7: IB | F7: 338 | H7: N0 | I7: = | J7: =((F7/F8)-F9)/F10 -> 11.125 | K7: → | L7: =ROUNDUP(J7,0) -> 12 | M7: steps
E8: IN | F8: 400
E9: Step start | F9: 0.4
E10: Step size | F10: 0.04
H14: I1 | I14: = | J14: =((L7*F10)+F9)*F8 -> 352 | K14: A
D17: I strøm + - 20% / 10%
D18: I 2 eller 3 = | E18: 50
D19: .-20% = | E19: =E18*0.8 -> 40
D20: .+20% = | E20: =E18*1.2 -> 60
D21: .-10% = | E21: =E20*0.9 -> 54
D22: .+10% = | E22: =E20*1.1 -> 66

Sheet Dataark
E2: L1 | F2: L2 | G2: L3
B3: P | D3: L3 | E3: =COMPLEX(0.866025,-0.5,"j") -> 0,866025-0,5j | F3: =COMPLEX(0,-1,"j") -> -j | G3: =COMPLEX(-0.5,0.866025,"j") -> -0,5+0,866025j
B4: S | D4: L2 | E4: =COMPLEX(0.866025,0.5,"j") -> 0,866025+0,5j | F4: =COMPLEX(-0.5,-0.866025,"j") -> -0,5-0,866025j | G4: =COMPLEX(0,1,"j") -> j
B5: Q | D5: L1 | E5: =COMPLEX(1,0,"j") -> 1 | F5: =COMPLEX(-0.866025,-0.5,"j") -> -0,866025-0,5j | G5: =COMPLEX(-0.866025,0.5,"j") -> -0,866025+0,5j
B6: I
E8: Plus 120 grader | F8: =COMPLEX(-0.5,0.866025,"j") -> -0,5+0,866025j
B9: L1 + N | C9: 1 | E9: Minus 120 grader | F9: =COMPLEX(-0.5,-0.866025,"j") -> -0,5-0,866025j
B10: L2 + N | C10: 1
B11: L3 + N | C11: 1
B12: L1 + L2 | C12: 2
B13: L2 + L3 | C13: 2
B14: L1 + L3 | C14: 2
B15: L1 + L2 + L3 | C15: 3
B18: Induktiv
B19: Kapacativ
B21: Procent
B22: Ampere

Sheet Ark2
B3: I | C3: u | D3: r | E3: P
