Workbook

Sheet Tavle +A11
C2: Eftersiddende tavle | H2: 11
P3: sf | Q3: 1 | S3: uf | T3: 1
N4: Selv skriv tavlenavn
C5: UL-L | D5: 400 | E5: [V] | F5: 3. harmoniske strømme | I5: 0 | J5: [A]
N6: Tavle +A11
F7: Værdi | H7: IB [A] | I7: cos ϕ | J7: Tilsluttet | K7: Ðj i Grader | L7: Ind./Kap. | N7: Belastning | P7: IL1 [A] | S7: IL2 [A] | V7: IL3 [A] | Y7: IN [A]
C8: Belastning 1 | F8: 0 | G8: =VLOOKUP(E51,B44:D46,3) -> [kW] | H8: =VLOOKUP(E51,M50:U53,J51+2) -> 0 | I8: 1 | K8: =IF(L51=1,-DEGREES(ACOS(I8)),DEGREES(ACOS(I8))) -> 0 | N8: =C8 -> Belastning 1 | O8: =HLOOKUP($J$51,$AA$49:$AG$54,3) -> 0 | P8: Ð | Q8: =HLOOKUP($J$51,$AJ$49:$AP$54,3) -> 0 | R8: =HLOOKUP($J$51,$AA$49:$AG$54,4) -> 0 | S8: Ð | T8: =HLOOKUP($J$51,$AJ$49:$AP$54,4) -> -120 | U8: =HLOOKUP($J$51,$AA$49:$AG$54,5) -> 0 | V8: Ð | W8: =HLOOKUP($J$51,$AJ$49:$AP$54,5) -> 120 | X8: =HLOOKUP($J$51,$AA$49:$AG$54,6) -> 0 | Y8: Ð | Z8: =HLOOKUP($J$51,$AJ$49:$AP$54,6) -> 0
C9: Belastning 2 | F9: 0 | G9: =VLOOKUP(E55,B44:D46,3) -> [kW] | H9: =VLOOKUP(E55,M55:U57,J55+2) -> 0 | I9: 1 | K9: =IF(L55=1,-DEGREES(ACOS(I9)),DEGREES(ACOS(I9))) -> 0 | L9: ½ | N9: =C9 -> Belastning 2 | O9: =HLOOKUP($J$55,$AA$56:$AG$61,3) -> 0 | P9: Ð | Q9: =HLOOKUP($J$55,$AJ$56:$AP$61,3) -> 0 | R9: =HLOOKUP($J$55,$AA$56:$AG$61,4) -> 0 | S9: Ð | T9: =HLOOKUP($J$55,$AJ$56:$AP$61,4) -> -120 | U9: =HLOOKUP($J$55,$AA$56:$AG$61,5) -> 0 | V9: Ð | W9: =HLOOKUP($J$55,$AJ$56:$AP$61,5) -> 120 | X9: =HLOOKUP($J$55,$AA$56:$AG$61,6) -> 0 | Y9: Ð | Z9: =HLOOKUP($J$55,$AJ$56:$AP$61,6) -> 0
C10: Belastning 3 | F10: 0 | G10: =VLOOKUP(E59,B44:D46,3) -> [kW] | H10: =VLOOKUP(E59,M59:U61,J59+2) -> 0 | I10: 1 | K10: =IF(L59=1,-DEGREES(ACOS(I10)),DEGREES(ACOS(I10))) -> 0 | N10: =C10 -> Belastning 3 | O10: =HLOOKUP($J$59,$AA$63:$AG468,3) -> 0 | P10: Ð | Q10: =HLOOKUP($J$59,$AJ$63:$AP$68,3) -> 0 | R10: =HLOOKUP($J$59,$AA$63:$AG468,4) -> 0 | S10: Ð | T10: =HLOOKUP($J$59,$AJ$63:$AP$68,4) -> -120 | U10: =HLOOKUP($J$59,$AA$63:$AG468,5) -> 0 | V10: Ð | W10: =HLOOKUP($J$59,$AJ$63:$AP$68,5) -> 120 | X10: =HLOOKUP($J$59,$AA$63:$AG468,6) -> 0 | Y10: Ð | Z10: =HLOOKUP($J$59,$AJ$63:$AP$68,6) -> 0
C11: Belastning 4 | F11: 0 | G11: =VLOOKUP(E63,B44:D46,3) -> [kW] | H11: =VLOOKUP(E63,M63:U65,J63+2) -> 0 | I11: 1 | K11: =IF(L63=1,-DEGREES(ACOS(I11)),DEGREES(ACOS(I11))) -> 0 | N11: =C11 -> Belastning 4 | O11: =HLOOKUP($J$63,$AA$70:$AG$75,3) -> 0 | P11: Ð | Q11: =HLOOKUP($J$63,$AJ$70:$AP$75,3) -> 0 | R11: =HLOOKUP($J$63,$AA$70:$AG$75,4) -> 0 | S11: Ð | T11: =HLOOKUP($J$63,$AJ$70:$AP$75,4) -> -120 | U11: =HLOOKUP($J$63,$AA$70:$AG$75,5) -> 0 | V11: Ð | W11: =HLOOKUP($J$63,$AJ$70:$AP$75,5) -> 120 | X11: =HLOOKUP($J$63,$AA$70:$AG$75,6) -> 0 | Y11: Ð | Z11: =HLOOKUP($J$63,$AJ$70:$AP$75,6) -> 0
C12: Belastning 5 | F12: 0 | G12: =VLOOKUP(E67,B44:D46,3) -> [kW] | H12: =VLOOKUP(E67,M67:U69,J67+2) -> 0 | I12: 1 | K12: =IF(L67=1,-DEGREES(ACOS(I12)),DEGREES(ACOS(I12))) -> 0 | N12: =C12 -> Belastning 5 | O12: =HLOOKUP($J$67,$AA$77:$AG$82,3) -> 0 | P12: Ð | Q12: =HLOOKUP($J$67,$AJ$77:$AP$82,3) -> 0 | R12: =HLOOKUP($J$67,$AA$77:$AG$82,4) -> 0 | S12: Ð | T12: =HLOOKUP($J$67,$AJ$77:$AP$82,4) -> -120 | U12: =HLOOKUP($J$67,$AA$77:$AG$82,5) -> 0 | V12: Ð | W12: =HLOOKUP($J$67,$AJ$77:$AP$82,5) -> 120 | X12: =HLOOKUP($J$67,$AA$77:$AG$82,6) -> 0 | Y12: Ð | Z12: =HLOOKUP($J$67,$AJ$77:$AP$82,6) -> 0
C13: Belastning 6 | F13: 0 | G13: =VLOOKUP(E71,B44:D46,3) -> [kW] | H13: =VLOOKUP(E71,M71:U73,J71+2) -> 0 | I13: 1 | K13: =IF(L71=1,-DEGREES(ACOS(I13)),DEGREES(ACOS(I13))) -> 0 | N13: =C13 -> Belastning 6 | O13: =HLOOKUP($J$71,$AA$84:$AG$89,3) -> 0 | P13: Ð | Q13: =HLOOKUP($J$71,$AJ$84:$AP$89,3) -> 0 | R13: =HLOOKUP($J$71,$AA$84:$AG$89,4) -> 0 | S13: Ð | T13: =HLOOKUP($J$71,$AJ$84:$AP$89,4) -> -120 | U13: =HLOOKUP($J$71,$AA$84:$AG$89,5) -> 0 | V13: Ð | W13: =HLOOKUP($J$71,$AJ$84:$AP$89,5) -> 120 | X13: =HLOOKUP($J$71,$AA$84:$AG$89,6) -> 0 | Y13: Ð | Z13: =HLOOKUP($J$71,$AJ$84:$AP$89,6) -> 0
C14: Belastning 7 | F14: 0 | G14: =VLOOKUP(E75,B44:D46,3) -> [kW] | H14: =VLOOKUP(E75,M75:U77,J75+2) -> 0 | I14: 1 | K14: =IF(L75=1,-DEGREES(ACOS(I14)),DEGREES(ACOS(I14))) -> 0 | N14: =C14 -> Belastning 7 | O14: =HLOOKUP($J$75,$AA$91:$AG$96,3) -> 0 | P14: Ð | Q14: =HLOOKUP($J$75,$AJ$91:$AP$96,3) -> 0 | R14: =HLOOKUP($J$75,$AA$91:$AG$96,4) -> 0 | S14: Ð | T14: =HLOOKUP($J$75,$AJ$91:$AP$96,4) -> -120 | U14: =HLOOKUP($J$75,$AA$91:$AG$96,5) -> 0 | V14: Ð | W14: =HLOOKUP($J$75,$AJ$91:$AP$96,5) -> 120 | X14: =HLOOKUP($J$75,$AA$91:$AG$96,6) -> 0 | Y14: Ð | Z14: =HLOOKUP($J$75,$AJ$91:$AP$96,6) -> 0
C15: Belastning 8 | F15: 0 | G15: =VLOOKUP(E79,B44:D46,3) -> [kW] | H15: =VLOOKUP(E79,M79:U81,J79+2) -> 0 | I15: 1 | K15: =IF(L79=1,-DEGREES(ACOS(I15)),DEGREES(ACOS(I15))) -> 0 | N15: =C15 -> Belastning 8 | O15: =HLOOKUP($J$79,$AA$98:$AG$103,3) -> 0 | P15: Ð | Q15: =HLOOKUP($J$79,$AJ$98:$AP$103,3) -> 0 | R15: =HLOOKUP($J$79,$AA$98:$AG$103,4) -> 0 | S15: Ð | T15: =HLOOKUP($J$79,$AJ$98:$AP$103,4) -> -120 | U15: =HLOOKUP($J$79,$AA$98:$AG$103,5) -> 0 | V15: Ð | W15: =HLOOKUP($J$79,$AJ$98:$AP$103,5) -> 120 | X15: =HLOOKUP($J$79,$AA$98:$AG$103,6) -> 0 | Y15: Ð | Z15: =HLOOKUP($J$79,$AJ$98:$AP$103,6) -> 0
C16: Belastning 9 | F16: 0 | G16: =VLOOKUP(E83,B44:D46,3) -> [kW] | H16: =VLOOKUP(E83,M83:U85,J83+2) -> 0 | I16: 1 | K16: =IF(L83=1,-DEGREES(ACOS(I16)),DEGREES(ACOS(I16))) -> 0 | N16: =C16 -> Belastning 9 | O16: =HLOOKUP($J$83,$AA$105:$AG$110,3) -> 0 | P16: Ð | Q16: =HLOOKUP($J$83,$AJ$105:$AP$110,3) -> 0 | R16: =HLOOKUP($J$83,$AA$105:$AG$110,4) -> 0 | S16: Ð | T16: =HLOOKUP($J$83,$AJ$105:$AP$110,4) -> -120 | U16: =HLOOKUP($J$83,$AA$105:$AG$110,5) -> 0 | V16: Ð | W16: =HLOOKUP($J$83,$AJ$105:$AP$110,5) -> 120 | X16: =HLOOKUP($J$83,$AA$105:$AG$110,6) -> 0 | Y16: Ð | Z16: =HLOOKUP($J$83,$AJ$105:$AP$110,6) -> 0
C17: Belastning 10 | F17: 0 | G17: =VLOOKUP(E87,B44:D46,3) -> [kW] | H17: =VLOOKUP(E87,M87:U89,J87+2) -> 0 | I17: 1 | K17: =IF(L87=1,-DEGREES(ACOS(I17)),DEGREES(ACOS(I17))) -> 0 | N17: =C17 -> Belastning 10 | O17: =HLOOKUP($J$87,$AA$112:$AG$117,3) -> 0 | P17: Ð | Q17: =HLOOKUP($J$87,$AJ$112:$AP$117,3) -> 0 | R17: =HLOOKUP($J$87,$AA$112:$AG$117,4) -> 0 | S17: Ð | T17: =HLOOKUP($J$87,$AJ$112:$AP$117,4) -> -120 | U17: =HLOOKUP($J$87,$AA$112:$AG$117,5) -> 0 | V17: Ð | W17: =HLOOKUP($J$87,$AJ$112:$AP$117,5) -> 120 | X17: =HLOOKUP($J$87,$AA$112:$AG$117,6) -> 0 | Y17: Ð | Z17: =HLOOKUP($J$87,$AJ$112:$AP$117,6) -> 0
C18: Belastning 11 | F18: 0 | G18: =VLOOKUP(E91,B44:D46,3) -> [kW] | H18: =VLOOKUP(E91,M91:U93,J91+2) -> 0 | I18: 1 | K18: =IF(L91=1,-DEGREES(ACOS(I18)),DEGREES(ACOS(I18))) -> 0 | N18: =C18 -> Belastning 11 | O18: =HLOOKUP($J$91,$AA$119:$AG$124,3) -> 0 | P18: Ð | Q18: =HLOOKUP($J$91,$AJ$119:$AP$124,3) -> 0 | R18: =HLOOKUP($J$91,$AA$119:$AG$124,4) -> 0 | S18: Ð | T18: =HLOOKUP($J$91,$AJ$119:$AP$124,4) -> -120 | U18: =HLOOKUP($J$91,$AA$119:$AG$124,5) -> 0 | V18: Ð | W18: =HLOOKUP($J$91,$AJ$119:$AP$124,5) -> 120 | X18: =HLOOKUP($J$91,$AA$119:$AG$124,6) -> 0 | Y18: Ð | Z18: =HLOOKUP($J$91,$AJ$119:$AP$124,6) -> 0
C19: Belastning 12 | F19: 0 | G19: =VLOOKUP(E95,B44:D46,3) -> [kW] | H19: =VLOOKUP(E95,M95:U97,J95+2) -> 0 | I19: 1 | K19: =IF(L95=1,-DEGREES(ACOS(I19)),DEGREES(ACOS(I19))) -> 0 | N19: =C19 -> Belastning 12 | O19: =HLOOKUP($J$95,$AA$126:$AG$131,3) -> 0 | P19: Ð | Q19: =HLOOKUP($J$95,$AJ$126:$AP$131,3) -> 0 | R19: =HLOOKUP($J$95,$AA$126:$AG$131,4) -> 0 | S19: Ð | T19: =HLOOKUP($J$95,$AJ$126:$AP$131,4) -> -120 | U19: =HLOOKUP($J$95,$AA$126:$AG$131,5) -> 0 | V19: Ð | W19: =HLOOKUP($J$95,$AJ$126:$AP$131,5) -> 120 | X19: =HLOOKUP($J$95,$AA$126:$AG$131,6) -> 0 | Y19: Ð | Z19: =HLOOKUP($J$95,$AJ$126:$AP$131,6) -> 0
C20: Belastning 13 | F20: 0 | G20: =VLOOKUP(E99,B44:D46,3) -> [kW] | H20: =VLOOKUP(E99,M99:U101,J99+2) -> 0 | I20: 1 | K20: =IF(L99=1,-DEGREES(ACOS(I20)),DEGREES(ACOS(I20))) -> 0 | N20: =C20 -> Belastning 13 | O20: =HLOOKUP($J$99,$AA$133:$AG$138,3) -> 0 | P20: Ð | Q20: =HLOOKUP($J$99,$AJ$133:$AP$138,3) -> 0 | R20: =HLOOKUP($J$99,$AA$133:$AG$138,4) -> 0 | S20: Ð | T20: =HLOOKUP($J$99,$AJ$133:$AP$138,4) -> -120 | U20: =HLOOKUP($J$99,$AA$133:$AG$138,5) -> 0 | V20: Ð | W20: =HLOOKUP($J$99,$AJ$133:$AP$138,5) -> 120 | X20: =HLOOKUP($J$99,$AA$133:$AG$138,6) -> 0 | Y20: Ð | Z20: =HLOOKUP($J$99,$AJ$133:$AP$138,6) -> 0
C21: Belastning 14 | F21: 0 | G21: =VLOOKUP(E103,B44:D46,3) -> [kW] | H21: =VLOOKUP(E103,M103:U105,J103+2) -> 0 | I21: 1 | K21: =IF(L103=1,-DEGREES(ACOS(I21)),DEGREES(ACOS(I21))) -> 0 | N21: =C21 -> Belastning 14 | O21: =HLOOKUP($J$103,$AA$140:$AG$145,3) -> 0 | P21: Ð | Q21: =HLOOKUP($J$103,$AJ$140:$AP$145,3) -> 0 | R21: =HLOOKUP($J$103,$AA$140:$AG$145,4) -> 0 | S21: Ð | T21: =HLOOKUP($J$103,$AJ$140:$AP$145,4) -> -120 | U21: =HLOOKUP($J$103,$AA$140:$AG$145,5) -> 0 | V21: Ð | W21: =HLOOKUP($J$103,$AJ$140:$AP$145,5) -> 120 | X21: =HLOOKUP($J$103,$AA$140:$AG$145,6) -> 0 | Y21: Ð | Z21: =HLOOKUP($J$103,$AJ$140:$AP$145,6) -> 0
C22: Belastning 15 | F22: 0 | G22: =VLOOKUP(E107,B44:D46,3) -> [kW] | H22: =VLOOKUP(E107,M107:U109,J107+2) -> 0 | I22: 1 | K22: =IF(L107=1,-DEGREES(ACOS(I22)),DEGREES(ACOS(I22))) -> 0 | N22: =C22 -> Belastning 15 | O22: =HLOOKUP($J$107,$AA$147:$AG$152,3) -> 0 | P22: Ð | Q22: =HLOOKUP($J$107,$AJ$147:$AP$152,3) -> 0 | R22: =HLOOKUP($J$107,$AA$147:$AG$152,4) -> 0 | S22: Ð | T22: =HLOOKUP($J$107,$AJ$147:$AP$152,4) -> -120 | U22: =HLOOKUP($J$107,$AA$147:$AG$152,5) -> 0 | V22: Ð | W22: =HLOOKUP($J$107,$AJ$147:$AP$152,5) -> 120 | X22: =HLOOKUP($J$107,$AA$147:$AG$152,6) -> 0 | Y22: Ð | Z22: =HLOOKUP($J$107,$AJ$147:$AP$152,6) -> 0
N23: ∑Itil - Global | O23: =SQRT(E128^2+F128^2) -> 0 | P23: Ð | Q23: =IFERROR(DEGREES(ATAN(F128/E128)),0) -> 0 | R23: =SQRT(G128^2+H128^2) -> 0 | S23: Ð | T23: =IFERROR(-DEGREES(ATAN(G128/H128))-90,0) -> 0 | U23: =SQRT(I128^2+J128^2) -> 0 | V23: Ð | W23: =IFERROR(-DEGREES(ATAN(I128/J128))+90,0) -> 0 | X23: =IMABS(COMPLEX(C134+F134+I134,C135+F135+I135)) -> 0 | Y23: Ð | Z23: =IFERROR(DEGREES(IMARGUMENT(IMSUM(L135)))+180,0) -> 0
N24: ∑IB - Global | O24: =O23*Q3*T3 -> 0 | P24: Ð | Q24: =Q23 -> 0 | R24: =R23*Q3*T3 -> 0 | S24: Ð | T24: =T23 -> 0 | U24: =U23*Q3*T3 -> 0 | V24: Ð | W24: =W23 -> 0 | X24: =(X23)*Q3*T3 -> 0 | Y24: Ð | Z24: =Z23 -> 0
N25: ∑IB - Lokal | O25: =O24 -> 0 | P25: Ð | Q25: =Q23 -> 0 | R25: =R24 -> 0 | S25: Ð | T25: =T24+120 -> 120 | U25: =U24 -> 0 | V25: Ð | W25: =W24-120 -> -120 | X25: =(X24) -> 0 | Y25: Ð | Z25: =Z24 -> 0
N26: 3. harmoniske | O26: =IFERROR(((I5/3)/O24)*100,0) -> 0 | P26: % | R26: =IFERROR(((I5/3)/R24)*100,0) -> 0 | S26: % | U26: =IFERROR(((I5/3)/U24)*100,0) -> 0 | V26: %
K27: Tjek SB side 193
I39: 1 | J39: 3 - faser
I40: 2 | J40: L1 - N
I41: 3 | J41: L2 - N
I42: 4 | J42: L3 - N
I43: 5 | J43: L1 - L2 | AA43: 3-harmoniske
B44: 1 | C44: P [kW] | D44: [kW] | I44: 6 | J44: L2 - L3 | L44: Induktiv | Y44: 1 | Z44: IL1 | AB44: %
B45: 2 | C45: S [kVA] | D45: [kVA] | I45: 7 | J45: L1 - L3 | L45: Kapasativ | Y45: 2 | Z45: IL2 | AB45: %
B46: 3 | C46: I [A] | D46: [A] | Y46: 3 | Z46: IL3 | AB46: %
Y47: 4 | Z47: IN
E49: Output | AA49: 1 | AB49: 2 | AC49: 3 | AD49: 4 | AE49: 5 | AF49: 6 | AG49: 7 | AJ49: 1 | AK49: 2 | AL49: 3 | AM49: 4 | AN49: 5 | AO49: 6 | AP49: 7
O50: 3-faset | P50: L1-N | Q50: L2-N | R50: L3-N | S50: L1-L2 | T50: L2-L3 | U50: L1-L3 | AA50: 3-faset | AB50: L1-N | AC50: L2-N | AD50: L3-N | AE50: L1-L2 | AF50: L2-L3 | AG50: L1-L3 | AI50: Ðj Grader | AJ50: 3-faset | AK50: L1-N | AL50: L2-N | AM50: L3-N | AN50: L1-L2 | AO50: L2-L3 | AP50: L1-L3
C51: Belastning 1 | E51: 1 | J51: 1 | L51: 1 | M51: 1 | N51: P | O51: =(F8*1000)/($D$5*SQRT(3)*I8) -> 0 | P51: =($F$8*1000)/(($D$5/SQRT(3))*$I$8) -> 0 | Q51: =P51 -> 0 | R51: =P51 -> 0 | S51: =($F$8*1000)/($D$5*$I$8) -> 0 | T51: =S51 -> 0 | U51: =S51 -> 0 | Z51: IL1 | AA51: =H8 -> 0 | AB51: =AA51 -> 0 | AC51: 0 | AD51: 0 | AE51: =AA51 -> 0 | AF51: 0 | AG51: =AA51 -> 0 | AI51: IL1 | AJ51: =K8 -> 0 | AK51: =AJ51 -> 0 | AL51: 0 | AM51: 0 | AN51: =AJ51+30 -> 30 | AO51: 0 | AP51: =AJ51-30 -> -30
M52: 2 | N52: S | O52: =(F8*1000)/($D$5*SQRT(3)) -> 0 | P52: =($F$8*1000)/(($D$5/SQRT(3))) -> 0 | Q52: =P52 -> 0 | R52: =P52 -> 0 | S52: =($F$8*1000)/($D$5) -> 0 | T52: =S52 -> 0 | U52: =S52 -> 0 | Y52: 1 | Z52: IL2 | AA52: =AA51 -> 0 | AB52: 0 | AC52: =AA51 -> 0 | AD52: 0 | AE52: =AA51 -> 0 | AF52: =AA51 -> 0 | AG52: 0 | AI52: IL2 | AJ52: =AJ51-120 -> -120 | AK52: 0 | AL52: =AJ51-120 -> -120 | AM52: 0 | AN52: =AJ51-150 -> -150 | AO52: =AJ51-90 -> -90 | AP52: 0
M53: 3 | N53: I | O53: =F8 -> 0 | P53: =$F$8 -> 0 | Q53: =$F$8 -> 0 | R53: =$F$8 -> 0 | S53: =$F$8 -> 0 | T53: =$F$8 -> 0 | U53: =$F$8 -> 0 | Z53: IL3 | AA53: =AA51 -> 0 | AB53: 0 | AC53: 0 | AD53: =AA51 -> 0 | AE53: 0 | AF53: =AA51 -> 0 | AG53: =AA51 -> 0 | AI53: IL3 | AJ53: =AJ51+120 -> 120 | AK53: 0 | AL53: 0 | AM53: =AJ51+120 -> 120 | AN53: 0 | AO53: =AJ51+90 -> 90 | AP53: =AJ51+150 -> 150
Z54: IN | AA54: 0 | AB54: =AA51 -> 0 | AC54: =AA51 -> 0 | AD54: =AA51 -> 0 | AE54: 0 | AF54: 0 | AG54: 0 | AI54: IN | AJ54: 0 | AK54: =AJ51+180 -> 180 | AL54: =AJ51+180-120 -> 60 | AM54: =AJ51-180+120 -> -60 | AN54: 0 | AO54: 0 | AP54: 0
C55: Belastning 2 | E55: 1 | J55: 1 | L55: 1 | M55: 1 | N55: P | O55: =($F$9*1000)/($D$5*SQRT(3)*$I$9) -> 0 | P55: =($F$9*1000)/(($D$5/SQRT(3))*$I$9) -> 0 | Q55: =P55 -> 0 | R55: =P55 -> 0 | S55: =($F$9*1000)/($D$5*$I$9) -> 0 | T55: =S55 -> 0 | U55: =S55 -> 0
M56: 2 | N56: S | O56: =($F$9*1000)/($D$5*SQRT(3)) -> 0 | P56: =($F$9*1000)/(($D$5/SQRT(3))) -> 0 | Q56: =P56 -> 0 | R56: =P56 -> 0 | S56: =($F$9*1000)/($D$5) -> 0 | T56: =S56 -> 0 | U56: =S56 -> 0 | AA56: 1 | AB56: 2 | AC56: 3 | AD56: 4 | AE56: 5 | AF56: 6 | AG56: 7 | AJ56: 1 | AK56: 2 | AL56: 3 | AM56: 4 | AN56: 5 | AO56: 6 | AP56: 7
M57: 3 | N57: I | O57: =$F$9 -> 0 | P57: =O57 -> 0 | Q57: =O57 -> 0 | R57: =O57 -> 0 | S57: =O57 -> 0 | T57: =O57 -> 0 | U57: =O57 -> 0 | AA57: 3-faset | AB57: L1-N | AC57: L2-N | AD57: L3-N | AE57: L1-L2 | AF57: L2-L3 | AG57: L1-L3 | AI57: Ðj Grader | AJ57: 3-faset | AK57: L1-N | AL57: L2-N | AM57: L3-N | AN57: L1-L2 | AO57: L2-L3 | AP57: L1-L3
Z58: IL1 | AA58: =H9 -> 0 | AB58: =AA58 -> 0 | AC58: 0 | AD58: 0 | AE58: =AA58 -> 0 | AF58: 0 | AG58: =AA58 -> 0 | AI58: IL1 | AJ58: =K9 -> 0 | AK58: =AJ58 -> 0 | AL58: 0 | AM58: 0 | AN58: =AJ58+30 -> 30 | AO58: 0 | AP58: =AJ58-30 -> -30
C59: Belastning 3 | E59: 1 | J59: 1 | L59: 1 | M59: 1 | N59: P | O59: =($F$10*1000)/($D$5*SQRT(3)*$I$10) -> 0 | P59: =($F$10*1000)/(($D$5/SQRT(3))*$I$10) -> 0 | Q59: =P59 -> 0 | R59: =P59 -> 0 | S59: =($F$10*1000)/($D$5*$I$10) -> 0 | T59: =S59 -> 0 | U59: =S59 -> 0 | Y59: 2 | Z59: IL2 | AA59: =AA58 -> 0 | AB59: 0 | AC59: =AA58 -> 0 | AD59: 0 | AE59: =AA58 -> 0 | AF59: =AA58 -> 0 | AG59: 0 | AI59: IL2 | AJ59: =AJ58-120 -> -120 | AK59: 0 | AL59: =AJ58-120 -> -120 | AM59: 0 | AN59: =AJ58-150 -> -150 | AO59: =AJ58-90 -> -90 | AP59: 0
M60: 2 | N60: S | O60: =($F$10*1000)/($D$5*SQRT(3)) -> 0 | P60: =($F$10*1000)/(($D$5/SQRT(3))) -> 0 | Q60: =P60 -> 0 | R60: =P60 -> 0 | S60: =($F$10*1000)/($D$5) -> 0 | T60: =S60 -> 0 | U60: =S60 -> 0 | Z60: IL3 | AA60: =AA58 -> 0 | AB60: 0 | AC60: 0 | AD60: =AA58 -> 0 | AE60: 0 | AF60: =AA58 -> 0 | AG60: =AA58 -> 0 | AI60: IL3 | AJ60: =AJ58+120 -> 120 | AK60: 0 | AL60: 0 | AM60: =AJ58+120 -> 120 | AN60: 0 | AO60: =AJ58+90 -> 90 | AP60: =AJ58+150 -> 150
M61: 3 | N61: I | O61: =$F$10 -> 0 | P61: =O61 -> 0 | Q61: =O61 -> 0 | R61: =O61 -> 0 | S61: =O61 -> 0 | T61: =O61 -> 0 | U61: =O61 -> 0 | Z61: IN | AA61: 0 | AB61: =AA58 -> 0 | AC61: =AA58 -> 0 | AD61: =AA58 -> 0 | AE61: 0 | AF61: 0 | AG61: 0 | AI61: IN | AJ61: 0 | AK61: =AJ58+180 -> 180 | AL61: =AJ58+180-120 -> 60 | AM61: =AJ58-180+120 -> -60 | AN61: 0 | AO61: 0 | AP61: 0
C63: Belastning 4 | E63: 1 | J63: 1 | L63: 1 | M63: 1 | N63: P | O63: =($F$11*1000)/($D$5*SQRT(3)*$I$11) -> 0 | P63: =($F$11*1000)/(($D$5/SQRT(3))*$I$11) -> 0 | Q63: =P63 -> 0 | R63: =P63 -> 0 | S63: =($F$11*1000)/($D$5*$I$11) -> 0 | T63: =S63 -> 0 | U63: =S63 -> 0 | AA63: 1 | AB63: 2 | AC63: 3 | AD63: 4 | AE63: 5 | AF63: 6 | AG63: 7 | AJ63: 1 | AK63: 2 | AL63: 3 | AM63: 4 | AN63: 5 | AO63: 6 | AP63: 7
M64: 2 | N64: S | O64: =($F$11*1000)/($D$5*SQRT(3)) -> 0 | P64: =($F$11*1000)/(($D$5/SQRT(3))) -> 0 | Q64: =P64 -> 0 | R64: =P64 -> 0 | S64: =($F$11*1000)/($D$5) -> 0 | T64: =S64 -> 0 | U64: =S64 -> 0 | AA64: 3-faset | AB64: L1-N | AC64: L2-N | AD64: L3-N | AE64: L1-L2 | AF64: L2-L3 | AG64: L1-L3 | AI64: Ðj Grader | AJ64: 3-faset | AK64: L1-N | AL64: L2-N | AM64: L3-N | AN64: L1-L2 | AO64: L2-L3 | AP64: L1-L3
M65: 3 | N65: I | O65: =$F$11 -> 0 | P65: =O65 -> 0 | Q65: =O65 -> 0 | R65: =O65 -> 0 | S65: =O65 -> 0 | T65: =O65 -> 0 | U65: =O65 -> 0 | Z65: IL1 | AA65: =H10 -> 0 | AB65: =AA65 -> 0 | AC65: 0 | AD65: 0 | AE65: =AA65 -> 0 | AF65: 0 | AG65: =AA65 -> 0 | AI65: IL1 | AJ65: =K10 -> 0 | AK65: =AJ65 -> 0 | AL65: 0 | AM65: 0 | AN65: =AJ65+30 -> 30 | AO65: 0 | AP65: =AJ65-30 -> -30
Y66: 3 | Z66: IL2 | AA66: =AA65 -> 0 | AB66: 0 | AC66: =AA65 -> 0 | AD66: 0 | AE66: =AA65 -> 0 | AF66: =AA65 -> 0 | AG66: 0 | AI66: IL2 | AJ66: =AJ65-120 -> -120 | AK66: 0 | AL66: =AJ65-120 -> -120 | AM66: 0 | AN66: =AJ65-150 -> -150 | AO66: =AJ65-90 -> -90 | AP66: 0
C67: Belastning 5 | E67: 1 | J67: 1 | L67: 1 | M67: 1 | N67: P | O67: =($F$12*1000)/($D$5*SQRT(3)*$I$12) -> 0 | P67: =($F$12*1000)/(($D$5/SQRT(3))*$I$12) -> 0 | Q67: =P67 -> 0 | R67: =P67 -> 0 | S67: =($F$12*1000)/($D$5*$I$12) -> 0 | T67: =S67 -> 0 | U67: =S67 -> 0 | Z67: IL3 | AA67: =AA65 -> 0 | AB67: 0 | AC67: 0 | AD67: =AA65 -> 0 | AE67: 0 | AF67: =AA65 -> 0 | AG67: =AA65 -> 0 | AI67: IL3 | AJ67: =AJ65+120 -> 120 | AK67: 0 | AL67: 0 | AM67: =AJ65+120 -> 120 | AN67: 0 | AO67: =AJ65+90 -> 90 | AP67: =AJ65+150 -> 150
M68: 2 | N68: S | O68: =($F$12*1000)/($D$5*SQRT(3)) -> 0 | P68: =($F$12*1000)/(($D$5/SQRT(3))) -> 0 | Q68: =P68 -> 0 | R68: =P68 -> 0 | S68: =($F$12*1000)/($D$5) -> 0 | T68: =S68 -> 0 | U68: =S68 -> 0 | Z68: IN | AA68: 0 | AB68: =AA65 -> 0 | AC68: =AA65 -> 0 | AD68: =AA65 -> 0 | AE68: 0 | AF68: 0 | AG68: 0 | AI68: IN | AJ68: 0 | AK68: =AJ65+180 -> 180 | AL68: =AJ65+180-120 -> 60 | AM68: =AJ65-180+120 -> -60 | AN68: 0 | AO68: 0 | AP68: 0
M69: 3 | N69: I | O69: =$F$12 -> 0 | P69: =O69 -> 0 | Q69: =O69 -> 0 | R69: =O69 -> 0 | S69: =O69 -> 0 | T69: =O69 -> 0 | U69: =O69 -> 0
AA70: 1 | AB70: 2 | AC70: 3 | AD70: 4 | AE70: 5 | AF70: 6 | AG70: 7 | AJ70: 1 | AK70: 2 | AL70: 3 | AM70: 4 | AN70: 5 | AO70: 6 | AP70: 7
C71: Belastning 6 | E71: 1 | J71: 1 | L71: 1 | M71: 1 | N71: P | O71: =($F$13*1000)/($D$5*SQRT(3)*$I$13) -> 0 | P71: =($F$13*1000)/(($D$5/SQRT(3))*$I$13) -> 0 | Q71: =P71 -> 0 | R71: =P71 -> 0 | S71: =($F$13*1000)/($D$5*$I$13) -> 0 | T71: =S71 -> 0 | U71: =S71 -> 0 | AA71: 3-faset | AB71: L1-N | AC71: L2-N | AD71: L3-N | AE71: L1-L2 | AF71: L2-L3 | AG71: L1-L3 | AI71: Ðj Grader | AJ71: 3-faset | AK71: L1-N | AL71: L2-N | AM71: L3-N | AN71: L1-L2 | AO71: L2-L3 | AP71: L1-L3
M72: 2 | N72: S | O72: =($F$13*1000)/($D$5*SQRT(3)) -> 0 | P72: =($F$13*1000)/(($D$5/SQRT(3))) -> 0 | Q72: =P72 -> 0 | R72: =P72 -> 0 | S72: =($F$13*1000)/($D$5) -> 0 | T72: =S72 -> 0 | U72: =S72 -> 0 | Z72: IL1 | AA72: =H11 -> 0 | AB72: =AA72 -> 0 | AC72: 0 | AD72: 0 | AE72: =AA72 -> 0 | AF72: 0 | AG72: =AA72 -> 0 | AI72: IL1 | AJ72: =K11 -> 0 | AK72: =AJ72 -> 0 | AL72: 0 | AM72: 0 | AN72: =AJ72+30 -> 30 | AO72: 0 | AP72: =AJ72-30 -> -30
M73: 3 | N73: I | O73: =$F$13 -> 0 | P73: =O73 -> 0 | Q73: =O73 -> 0 | R73: =O73 -> 0 | S73: =O73 -> 0 | T73: =O73 -> 0 | U73: =O73 -> 0 | Y73: 4 | Z73: IL2 | AA73: =AA72 -> 0 | AB73: 0 | AC73: =AA72 -> 0 | AD73: 0 | AE73: =AA72 -> 0 | AF73: =AA72 -> 0 | AG73: 0 | AI73: IL2 | AJ73: =AJ72-120 -> -120 | AK73: 0 | AL73: =AJ72-120 -> -120 | AM73: 0 | AN73: =AJ72-150 -> -150 | AO73: =AJ72-90 -> -90 | AP73: 0
Z74: IL3 | AA74: =AA72 -> 0 | AB74: 0 | AC74: 0 | AD74: =AA72 -> 0 | AE74: 0 | AF74: =AA72 -> 0 | AG74: =AA72 -> 0 | AI74: IL3 | AJ74: =AJ72+120 -> 120 | AK74: 0 | AL74: 0 | AM74: =AJ72+120 -> 120 | AN74: 0 | AO74: =AJ72+90 -> 90 | AP74: =AJ72+150 -> 150
C75: Belastning 7 | E75: 1 | J75: 1 | L75: 1 | M75: 1 | N75: P | O75: =($F$14*1000)/($D$5*SQRT(3)*$I$14) -> 0 | P75: =($F$14*1000)/(($D$5/SQRT(3))*$I$14) -> 0 | Q75: =P75 -> 0 | R75: =P75 -> 0 | S75: =($F$14*1000)/($D$5*$I$14) -> 0 | T75: =S75 -> 0 | U75: =S75 -> 0 | Z75: IN | AA75: 0 | AB75: =AA72 -> 0 | AC75: =AA72 -> 0 | AD75: =AA72 -> 0 | AE75: 0 | AF75: 0 | AG75: 0 | AI75: IN | AJ75: 0 | AK75: =AJ72+180 -> 180 | AL75: =AJ72+180-120 -> 60 | AM75: =AJ72-180+120 -> -60 | AN75: 0 | AO75: 0 | AP75: 0
M76: 2 | N76: S | O76: =($F$14*1000)/($D$5*SQRT(3)) -> 0 | P76: =($F$14*1000)/(($D$5/SQRT(3))) -> 0 | Q76: =P76 -> 0 | R76: =P76 -> 0 | S76: =($F$14*1000)/($D$5) -> 0 | T76: =S76 -> 0 | U76: =S76 -> 0
M77: 3 | N77: I | O77: =$F$14 -> 0 | P77: =O77 -> 0 | Q77: =O77 -> 0 | R77: =O77 -> 0 | S77: =O77 -> 0 | T77: =O77 -> 0 | U77: =O77 -> 0 | AA77: 1 | AB77: 2 | AC77: 3 | AD77: 4 | AE77: 5 | AF77: 6 | AG77: 7 | AJ77: 1 | AK77: 2 | AL77: 3 | AM77: 4 | AN77: 5 | AO77: 6 | AP77: 7
AA78: 3-faset | AB78: L1-N | AC78: L2-N | AD78: L3-N | AE78: L1-L2 | AF78: L2-L3 | AG78: L1-L3 | AI78: Ðj Grader | AJ78: 3-faset | AK78: L1-N | AL78: L2-N | AM78: L3-N | AN78: L1-L2 | AO78: L2-L3 | AP78: L1-L3
C79: Belastning 8 | E79: 1 | J79: 1 | L79: 1 | M79: 1 | N79: P | O79: =($F$15*1000)/($D$5*SQRT(3)*$I$15) -> 0 | P79: =($F$15*1000)/(($D$5/SQRT(3))*$I$15) -> 0 | Q79: =P79 -> 0 | R79: =P79 -> 0 | S79: =($F$15*1000)/($D$5*$I$15) -> 0 | T79: =S79 -> 0 | U79: =S79 -> 0 | Z79: IL1 | AA79: =H12 -> 0 | AB79: =AA79 -> 0 | AC79: 0 | AD79: 0 | AE79: =AA79 -> 0 | AF79: 0 | AG79: =AA79 -> 0 | AI79: IL1 | AJ79: =K12 -> 0 | AK79: =AJ79 -> 0 | AL79: 0 | AM79: 0 | AN79: =AJ79+30 -> 30 | AO79: 0 | AP79: =AJ79-30 -> -30
M80: 2 | N80: S | O80: =($F$15*1000)/($D$5*SQRT(3)) -> 0 | P80: =($F$15*1000)/(($D$5/SQRT(3))) -> 0 | Q80: =P80 -> 0 | R80: =P80 -> 0 | S80: =($F$15*1000)/($D$5) -> 0 | T80: =S80 -> 0 | U80: =S80 -> 0 | Y80: 5 | Z80: IL2 | AA80: =AA79 -> 0 | AB80: 0 | AC80: =AA79 -> 0 | AD80: 0 | AE80: =AA79 -> 0 | AF80: =AA79 -> 0 | AG80: 0 | AI80: IL2 | AJ80: =AJ79-120 -> -120 | AK80: 0 | AL80: =AJ79-120 -> -120 | AM80: 0 | AN80: =AJ79-150 -> -150 | AO80: =AJ79-90 -> -90 | AP80: 0
M81: 3 | N81: I | O81: =$F$15 -> 0 | P81: =O81 -> 0 | Q81: =O81 -> 0 | R81: =O81 -> 0 | S81: =O81 -> 0 | T81: =O81 -> 0 | U81: =O81 -> 0 | Z81: IL3 | AA81: =AA79 -> 0 | AB81: 0 | AC81: 0 | AD81: =AA79 -> 0 | AE81: 0 | AF81: =AA79 -> 0 | AG81: =AA79 -> 0 | AI81: IL3 | AJ81: =AJ79+120 -> 120 | AK81: 0 | AL81: 0 | AM81: =AJ79+120 -> 120 | AN81: 0 | AO81: =AJ79+90 -> 90 | AP81: =AJ79+150 -> 150
Z82: IN | AA82: 0 | AB82: =AA79 -> 0 | AC82: =AA79 -> 0 | AD82: =AA79 -> 0 | AE82: 0 | AF82: 0 | AG82: 0 | AI82: IN | AJ82: 0 | AK82: =AJ79+180 -> 180 | AL82: =AJ79+180-120 -> 60 | AM82: =AJ79-180+120 -> -60 | AN82: 0 | AO82: 0 | AP82: 0
C83: Belastning 9 | E83: 1 | J83: 1 | L83: 1 | M83: 1 | N83: P | O83: =($F$16*1000)/($D$5*SQRT(3)*$I$16) -> 0 | P83: =($F$16*1000)/(($D$5/SQRT(3))*$I$16) -> 0 | Q83: =P83 -> 0 | R83: =P83 -> 0 | S83: =($F$16*1000)/($D$5*$I$16) -> 0 | T83: =S83 -> 0 | U83: =S83 -> 0
M84: 2 | N84: S | O84: =($F$16*1000)/($D$5*SQRT(3)) -> 0 | P84: =($F$16*1000)/(($D$5/SQRT(3))) -> 0 | Q84: =P84 -> 0 | R84: =P84 -> 0 | S84: =($F$16*1000)/($D$5) -> 0 | T84: =S84 -> 0 | U84: =S84 -> 0 | AA84: 1 | AB84: 2 | AC84: 3 | AD84: 4 | AE84: 5 | AF84: 6 | AG84: 7 | AJ84: 1 | AK84: 2 | AL84: 3 | AM84: 4 | AN84: 5 | AO84: 6 | AP84: 7
M85: 3 | N85: I | O85: =$F$16 -> 0 | P85: =O85 -> 0 | Q85: =O85 -> 0 | R85: =O85 -> 0 | S85: =O85 -> 0 | T85: =O85 -> 0 | U85: =O85 -> 0 | AA85: 3-faset | AB85: L1-N | AC85: L2-N | AD85: L3-N | AE85: L1-L2 | AF85: L2-L3 | AG85: L1-L3 | AI85: Ðj Grader | AJ85: 3-faset | AK85: L1-N | AL85: L2-N | AM85: L3-N | AN85: L1-L2 | AO85: L2-L3 | AP85: L1-L3
Z86: IL1 | AA86: =H13 -> 0 | AB86: =AA86 -> 0 | AC86: 0 | AD86: 0 | AE86: =AA86 -> 0 | AF86: 0 | AG86: =AA86 -> 0 | AI86: IL1 | AJ86: =K13 -> 0 | AK86: =AJ86 -> 0 | AL86: 0 | AM86: 0 | AN86: =AJ86+30 -> 30 | AO86: 0 | AP86: =AJ86-30 -> -30
C87: Belastning 10 | E87: 1 | J87: 1 | L87: 1 | M87: 1 | N87: P | O87: =($F$17*1000)/($D$5*SQRT(3)*$I$17) -> 0 | P87: =($F$17*1000)/(($D$5/SQRT(3))*$I$17) -> 0 | Q87: =P87 -> 0 | R87: =P87 -> 0 | S87: =($F$17*1000)/($D$5*$I$17) -> 0 | T87: =S87 -> 0 | U87: =S87 -> 0 | Y87: 6 | Z87: IL2 | AA87: =AA86 -> 0 | AB87: 0 | AC87: =AA86 -> 0 | AD87: 0 | AE87: =AA86 -> 0 | AF87: =AA86 -> 0 | AG87: 0 | AI87: IL2 | AJ87: =AJ86-120 -> -120 | AK87: 0 | AL87: =AJ86-120 -> -120 | AM87: 0 | AN87: =AJ86-150 -> -150 | AO87: =AJ86-90 -> -90 | AP87: 0
M88: 2 | N88: S | O88: =($F$17*1000)/($D$5*SQRT(3)) -> 0 | P88: =($F$17*1000)/(($D$5/SQRT(3))) -> 0 | Q88: =P88 -> 0 | R88: =P88 -> 0 | S88: =($F$17*1000)/($D$5) -> 0 | T88: =S88 -> 0 | U88: =S88 -> 0 | Z88: IL3 | AA88: =AA86 -> 0 | AB88: 0 | AC88: 0 | AD88: =AA86 -> 0 | AE88: 0 | AF88: =AA86 -> 0 | AG88: =AA86 -> 0 | AI88: IL3 | AJ88: =AJ86+120 -> 120 | AK88: 0 | AL88: 0 | AM88: =AJ86+120 -> 120 | AN88: 0 | AO88: =AJ86+90 -> 90 | AP88: =AJ86+150 -> 150
M89: 3 | N89: I | O89: =$F$17 -> 0 | P89: =O89 -> 0 | Q89: =O89 -> 0 | R89: =O89 -> 0 | S89: =O89 -> 0 | T89: =O89 -> 0 | U89: =O89 -> 0 | Z89: IN | AA89: 0 | AB89: =AA86 -> 0 | AC89: =AA86 -> 0 | AD89: =AA86 -> 0 | AE89: 0 | AF89: 0 | AG89: 0 | AI89: IN | AJ89: 0 | AK89: =AJ86+180 -> 180 | AL89: =AJ86+180-120 -> 60 | AM89: =AJ86-180+120 -> -60 | AN89: 0 | AO89: 0 | AP89: 0
C91: Belastning 11 | E91: 1 | J91: 1 | L91: 1 | M91: 1 | N91: P | O91: =($F$18*1000)/($D$5*SQRT(3)*$I$18) -> 0 | P91: =($F$18*1000)/(($D$5/SQRT(3))*$I$18) -> 0 | Q91: =P91 -> 0 | R91: =P91 -> 0 | S91: =($F$18*1000)/($D$5*$I$18) -> 0 | T91: =S91 -> 0 | U91: =S91 -> 0 | AA91: 1 | AB91: 2 | AC91: 3 | AD91: 4 | AE91: 5 | AF91: 6 | AG91: 7 | AJ91: 1 | AK91: 2 | AL91: 3 | AM91: 4 | AN91: 5 | AO91: 6 | AP91: 7
M92: 2 | N92: S | O92: =($F$18*1000)/($D$5*SQRT(3)) -> 0 | P92: =($F$18*1000)/(($D$5/SQRT(3))) -> 0 | Q92: =P92 -> 0 | R92: =P92 -> 0 | S92: =($F$18*1000)/($D$5) -> 0 | T92: =S92 -> 0 | U92: =S92 -> 0 | AA92: 3-faset | AB92: L1-N | AC92: L2-N | AD92: L3-N | AE92: L1-L2 | AF92: L2-L3 | AG92: L1-L3 | AI92: Ðj Grader | AJ92: 3-faset | AK92: L1-N | AL92: L2-N | AM92: L3-N | AN92: L1-L2 | AO92: L2-L3 | AP92: L1-L3
M93: 3 | N93: I | O93: =$F$18 -> 0 | P93: =O93 -> 0 | Q93: =O93 -> 0 | R93: =O93 -> 0 | S93: =O93 -> 0 | T93: =O93 -> 0 | U93: =O93 -> 0 | Z93: IL1 | AA93: =H14 -> 0 | AB93: =AA93 -> 0 | AC93: 0 | AD93: 0 | AE93: =AA93 -> 0 | AF93: 0 | AG93: =AA93 -> 0 | AI93: IL1 | AJ93: =K14 -> 0 | AK93: =AJ93 -> 0 | AL93: 0 | AM93: 0 | AN93: =AJ93+30 -> 30 | AO93: 0 | AP93: =AJ93-30 -> -30
Y94: 7 | Z94: IL2 | AA94: =AA93 -> 0 | AB94: 0 | AC94: =AA93 -> 0 | AD94: 0 | AE94: =AA93 -> 0 | AF94: =AA93 -> 0 | AG94: 0 | AI94: IL2 | AJ94: =AJ93-120 -> -120 | AK94: 0 | AL94: =AJ93-120 -> -120 | AM94: 0 | AN94: =AJ93-150 -> -150 | AO94: =AJ93-90 -> -90 | AP94: 0
C95: Belastning 12 | E95: 1 | J95: 1 | L95: 1 | M95: 1 | N95: P | O95: =($F$19*1000)/($D$5*SQRT(3)*$I$19) -> 0 | P95: =($F$19*1000)/(($D$5/SQRT(3))*$I$19) -> 0 | Q95: =P95 -> 0 | R95: =P95 -> 0 | S95: =($F$19*1000)/($D$5*$I$19) -> 0 | T95: =S95 -> 0 | U95: =S95 -> 0 | Z95: IL3 | AA95: =AA93 -> 0 | AB95: 0 | AC95: 0 | AD95: =AA93 -> 0 | AE95: 0 | AF95: =AA93 -> 0 | AG95: =AA93 -> 0 | AI95: IL3 | AJ95: =AJ93+120 -> 120 | AK95: 0 | AL95: 0 | AM95: =AJ93+120 -> 120 | AN95: 0 | AO95: =AJ93+90 -> 90 | AP95: =AJ93+150 -> 150
M96: 2 | N96: S | O96: =($F$19*1000)/($D$5*SQRT(3)) -> 0 | P96: =($F$19*1000)/(($D$5/SQRT(3))) -> 0 | Q96: =P96 -> 0 | R96: =P96 -> 0 | S96: =($F$19*1000)/($D$5) -> 0 | T96: =S96 -> 0 | U96: =S96 -> 0 | Z96: IN | AA96: 0 | AB96: =AA93 -> 0 | AC96: =AA93 -> 0 | AD96: =AA93 -> 0 | AE96: 0 | AF96: 0 | AG96: 0 | AI96: IN | AJ96: 0 | AK96: =AJ93+180 -> 180 | AL96: =AJ93+180-120 -> 60 | AM96: =AJ93-180+120 -> -60 | AN96: 0 | AO96: 0 | AP96: 0
M97: 3 | N97: I | O97: =$F$19 -> 0 | P97: =O97 -> 0 | Q97: =O97 -> 0 | R97: =O97 -> 0 | S97: =O97 -> 0 | T97: =O97 -> 0 | U97: =O97 -> 0
AA98: 1 | AB98: 2 | AC98: 3 | AD98: 4 | AE98: 5 | AF98: 6 | AG98: 7 | AJ98: 1 | AK98: 2 | AL98: 3 | AM98: 4 | AN98: 5 | AO98: 6 | AP98: 7
C99: Belastning 13 | E99: 1 | J99: 1 | L99: 1 | M99: 1 | N99: P | O99: =($F$20*1000)/($D$5*SQRT(3)*$I$20) -> 0 | P99: =($F$20*1000)/(($D$5/SQRT(3))*$I$20) -> 0 | Q99: =P99 -> 0 | R99: =P99 -> 0 | S99: =($F$20*1000)/($D$5*$I$20) -> 0 | T99: =S99 -> 0 | U99: =S99 -> 0 | AA99: 3-faset | AB99: L1-N | AC99: L2-N | AD99: L3-N | AE99: L1-L2 | AF99: L2-L3 | AG99: L1-L3 | AI99: Ðj Grader | AJ99: 3-faset | AK99: L1-N | AL99: L2-N | AM99: L3-N | AN99: L1-L2 | AO99: L2-L3 | AP99: L1-L3
M100: 2 | N100: S | O100: =($F$20*1000)/($D$5*SQRT(3)) -> 0 | P100: =($F$20*1000)/(($D$5/SQRT(3))) -> 0 | Q100: =P100 -> 0 | R100: =P100 -> 0 | S100: =($F$20*1000)/($D$5) -> 0 | T100: =S100 -> 0 | U100: =S100 -> 0 | Z100: IL1 | AA100: =H15 -> 0 | AB100: =AA100 -> 0 | AC100: 0 | AD100: 0 | AE100: =AA100 -> 0 | AF100: 0 | AG100: =AA100 -> 0 | AI100: IL1 | AJ100: =K15 -> 0 | AK100: =AJ100 -> 0 | AL100: 0 | AM100: 0 | AN100: =AJ100+30 -> 30 | AO100: 0 | AP100: =AJ100-30 -> -30
M101: 3 | N101: I | O101: =$F$20 -> 0 | P101: =O101 -> 0 | Q101: =O101 -> 0 | R101: =O101 -> 0 | S101: =O101 -> 0 | T101: =O101 -> 0 | U101: =O101 -> 0 | Y101: 8 | Z101: IL2 | AA101: =AA100 -> 0 | AB101: 0 | AC101: =AA100 -> 0 | AD101: 0 | AE101: =AA100 -> 0 | AF101: =AA100 -> 0 | AG101: 0 | AI101: IL2 | AJ101: =AJ100-120 -> -120 | AK101: 0 | AL101: =AJ100-120 -> -120 | AM101: 0 | AN101: =AJ100-150 -> -150 | AO101: =AJ100-90 -> -90 | AP101: 0
Z102: IL3 | AA102: =AA100 -> 0 | AB102: 0 | AC102: 0 | AD102: =AA100 -> 0 | AE102: 0 | AF102: =AA100 -> 0 | AG102: =AA100 -> 0 | AI102: IL3 | AJ102: =AJ100+120 -> 120 | AK102: 0 | AL102: 0 | AM102: =AJ100+120 -> 120 | AN102: 0 | AO102: =AJ100+90 -> 90 | AP102: =AJ100+150 -> 150
C103: Belastning 14 | E103: 1 | J103: 1 | L103: 1 | M103: 1 | N103: P | O103: =($F$21*1000)/($D$5*SQRT(3)*$I$21) -> 0 | P103: =($F$21*1000)/(($D$5/SQRT(3))*$I$21) -> 0 | Q103: =P103 -> 0 | R103: =P103 -> 0 | S103: =($F$21*1000)/($D$5*$I$21) -> 0 | T103: =S103 -> 0 | U103: =S103 -> 0 | Z103: IN | AA103: 0 | AB103: =AA100 -> 0 | AC103: =AA100 -> 0 | AD103: =AA100 -> 0 | AE103: 0 | AF103: 0 | AG103: 0 | AI103: IN | AJ103: 0 | AK103: =AJ100+180 -> 180 | AL103: =AJ100+180-120 -> 60 | AM103: =AJ100-180+120 -> -60 | AN103: 0 | AO103: 0 | AP103: 0
M104: 2 | N104: S | O104: =($F$21*1000)/($D$5*SQRT(3)) -> 0 | P104: =($F$21*1000)/(($D$5/SQRT(3))) -> 0 | Q104: =P104 -> 0 | R104: =P104 -> 0 | S104: =($F$21*1000)/($D$5) -> 0 | T104: =S104 -> 0 | U104: =S104 -> 0
M105: 3 | N105: I | O105: =$F$21 -> 0 | P105: =O105 -> 0 | Q105: =O105 -> 0 | R105: =O105 -> 0 | S105: =O105 -> 0 | T105: =O105 -> 0 | U105: =O105 -> 0 | AA105: 1 | AB105: 2 | AC105: 3 | AD105: 4 | AE105: 5 | AF105: 6 | AG105: 7 | AJ105: 1 | AK105: 2 | AL105: 3 | AM105: 4 | AN105: 5 | AO105: 6 | AP105: 7
AA106: 3-faset | AB106: L1-N | AC106: L2-N | AD106: L3-N | AE106: L1-L2 | AF106: L2-L3 | AG106: L1-L3 | AI106: Ðj Grader | AJ106: 3-faset | AK106: L1-N | AL106: L2-N | AM106: L3-N | AN106: L1-L2 | AO106: L2-L3 | AP106: L1-L3
C107: Belastning 15 | E107: 1 | J107: 1 | L107: 1 | M107: 1 | N107: P | O107: =($F$22*1000)/($D$5*SQRT(3)*$I$22) -> 0 | P107: =($F$22*1000)/(($D$5/SQRT(3))*$I$22) -> 0 | Q107: =P107 -> 0 | R107: =P107 -> 0 | S107: =($F$22*1000)/($D$5*$I$22) -> 0 | T107: =S107 -> 0 | U107: =S107 -> 0 | Z107: IL1 | AA107: =H16 -> 0 | AB107: =AA107 -> 0 | AC107: 0 | AD107: 0 | AE107: =AA107 -> 0 | AF107: 0 | AG107: =AA107 -> 0 | AI107: IL1 | AJ107: =K16 -> 0 | AK107: =AJ107 -> 0 | AL107: 0 | AM107: 0 | AN107: =AJ107+30 -> 30 | AO107: 0 | AP107: =AJ107-30 -> -30
M108: 2 | N108: S | O108: =($F$22*1000)/($D$5*SQRT(3)) -> 0 | P108: =($F$22*1000)/(($D$5/SQRT(3))) -> 0 | Q108: =P108 -> 0 | R108: =P108 -> 0 | S108: =($F$22*1000)/($D$5) -> 0 | T108: =S108 -> 0 | U108: =S108 -> 0 | Z108: IL2 | AA108: =AA107 -> 0 | AB108: 0 | AC108: =AA107 -> 0 | AD108: 0 | AE108: =AA107 -> 0 | AF108: =AA107 -> 0 | AG108: 0 | AI108: IL2 | AJ108: =AJ107-120 -> -120 | AK108: 0 | AL108: =AJ107-120 -> -120 | AM108: 0 | AN108: =AJ107-150 -> -150 | AO108: =AJ107-90 -> -90 | AP108: 0
M109: 3 | N109: I | O109: =$F$22 -> 0 | P109: =O109 -> 0 | Q109: =O109 -> 0 | R109: =O109 -> 0 | S109: =O109 -> 0 | T109: =O109 -> 0 | U109: =O109 -> 0 | Y109: 9 | Z109: IL3 | AA109: =AA107 -> 0 | AB109: 0 | AC109: 0 | AD109: =AA107 -> 0 | AE109: 0 | AF109: =AA107 -> 0 | AG109: =AA107 -> 0 | AI109: IL3 | AJ109: =AJ107+120 -> 120 | AK109: 0 | AL109: 0 | AM109: =AJ107+120 -> 120 | AN109: 0 | AO109: =AJ107+90 -> 90 | AP109: =AJ107+150 -> 150
Z110: IN | AA110: 0 | AB110: =AA107 -> 0 | AC110: =AA107 -> 0 | AD110: =AA107 -> 0 | AE110: 0 | AF110: 0 | AG110: 0 | AI110: IN | AJ110: 0 | AK110: =AJ107+180 -> 180 | AL110: =AJ107+180-120 -> 60 | AM110: =AJ107-180+120 -> -60 | AN110: 0 | AO110: 0 | AP110: 0
E111: IL1 [A] | G111: IL2 [A] | I111: IL3 [A] | K111: IN [A]
C112: Belastning | E112: Reel | F112: Imag | G112: Reel | H112: Imag | I112: Reel | J112: Imag | K112: Reel | L112: Imag | AA112: 1 | AB112: 2 | AC112: 3 | AD112: 4 | AE112: 5 | AF112: 6 | AG112: 7 | AJ112: 1 | AK112: 2 | AL112: 3 | AM112: 4 | AN112: 5 | AO112: 6 | AP112: 7
C113: =C8 -> Belastning 1 | E113: =COS(RADIANS(Q8))*O8 -> 0 | F113: =SIN(RADIANS(Q8))*O8 -> 0 | G113: =COS(RADIANS(T8))*R8 -> 0 | H113: =SIN(RADIANS(T8))*R8 -> 0 | I113: =COS(RADIANS(W8))*U8 -> 0 | J113: =SIN(RADIANS(W8))*U8 -> 0 | AA113: 3-faset | AB113: L1-N | AC113: L2-N | AD113: L3-N | AE113: L1-L2 | AF113: L2-L3 | AG113: L1-L3 | AI113: Ðj Grader | AJ113: 3-faset | AK113: L1-N | AL113: L2-N | AM113: L3-N | AN113: L1-L2 | AO113: L2-L3 | AP113: L1-L3
C114: =C9 -> Belastning 2 | E114: =COS(RADIANS(Q9))*O9 -> 0 | F114: =SIN(RADIANS(Q9))*O9 -> 0 | G114: =COS(RADIANS(T9))*R9 -> 0 | H114: =SIN(RADIANS(T9))*R9 -> 0 | I114: =COS(RADIANS(W9))*U9 -> 0 | J114: =SIN(RADIANS(W9))*U9 -> 0 | Z114: IL1 | AA114: =H17 -> 0 | AB114: =AA114 -> 0 | AC114: 0 | AD114: 0 | AE114: =AA114 -> 0 | AF114: 0 | AG114: =AA114 -> 0 | AI114: IL1 | AJ114: =K17 -> 0 | AK114: =AJ114 -> 0 | AL114: 0 | AM114: 0 | AN114: =AJ114+30 -> 30 | AO114: 0 | AP114: =AJ114-30 -> -30
C115: =C10 -> Belastning 3 | E115: =COS(RADIANS(Q10))*O10 -> 0 | F115: =SIN(RADIANS(Q10))*O10 -> 0 | G115: =COS(RADIANS(T10))*R10 -> 0 | H115: =SIN(RADIANS(T10))*R10 -> 0 | I115: =COS(RADIANS(W10))*U10 -> 0 | J115: =SIN(RADIANS(W10))*U10 -> 0 | Z115: IL2 | AA115: =AA114 -> 0 | AB115: 0 | AC115: =AA114 -> 0 | AD115: 0 | AE115: =AA114 -> 0 | AF115: =AA114 -> 0 | AG115: 0 | AI115: IL2 | AJ115: =AJ114-120 -> -120 | AK115: 0 | AL115: =AJ114-120 -> -120 | AM115: 0 | AN115: =AJ114-150 -> -150 | AO115: =AJ114-90 -> -90 | AP115: 0
...

Sheet Tavle +A12
C2: Eftersiddende tavle | H2: 12
P3: sf | Q3: 1 | S3: uf | T3: 1
N4: Selv skriv tavlenavn
C5: UL-L | D5: 400 | E5: [V] | F5: 3. harmoniske strømme | I5: 0 | J5: [A]
N6: Tavle +A12
F7: Værdi | H7: IB [A] | I7: cos ϕ | J7: Tilsluttet | K7: Ðj i Grader | L7: Ind./Kap. | N7: Belastning | P7: IL1 [A] | S7: IL2 [A] | V7: IL3 [A] | Y7: IN [A]
C8: Belastning 1 | F8: 0 | G8: =VLOOKUP(E51,B44:D46,3) -> [kW] | H8: =VLOOKUP(E51,M50:U53,J51+2) -> 0 | I8: 1 | K8: =IF(L51=1,-DEGREES(ACOS(I8)),DEGREES(ACOS(I8))) -> 0 | N8: =C8 -> Belastning 1 | O8: =HLOOKUP($J$51,$AA$49:$AG$54,3) -> 0 | P8: Ð | Q8: =HLOOKUP($J$51,$AJ$49:$AP$54,3) -> 0 | R8: =HLOOKUP($J$51,$AA$49:$AG$54,4) -> 0 | S8: Ð | T8: =HLOOKUP($J$51,$AJ$49:$AP$54,4) -> -120 | U8: =HLOOKUP($J$51,$AA$49:$AG$54,5) -> 0 | V8: Ð | W8: =HLOOKUP($J$51,$AJ$49:$AP$54,5) -> 120 | X8: =HLOOKUP($J$51,$AA$49:$AG$54,6) -> 0 | Y8: Ð | Z8: =HLOOKUP($J$51,$AJ$49:$AP$54,6) -> 0
C9: Belastning 2 | F9: 0 | G9: =VLOOKUP(E55,B44:D46,3) -> [kW] | H9: =VLOOKUP(E55,M55:U57,J55+2) -> 0 | I9: 1 | K9: =IF(L55=1,-DEGREES(ACOS(I9)),DEGREES(ACOS(I9))) -> 0 | L9: ½ | N9: =C9 -> Belastning 2 | O9: =HLOOKUP($J$55,$AA$56:$AG$61,3) -> 0 | P9: Ð | Q9: =HLOOKUP($J$55,$AJ$56:$AP$61,3) -> 0 | R9: =HLOOKUP($J$55,$AA$56:$AG$61,4) -> 0 | S9: Ð | T9: =HLOOKUP($J$55,$AJ$56:$AP$61,4) -> -120 | U9: =HLOOKUP($J$55,$AA$56:$AG$61,5) -> 0 | V9: Ð | W9: =HLOOKUP($J$55,$AJ$56:$AP$61,5) -> 120 | X9: =HLOOKUP($J$55,$AA$56:$AG$61,6) -> 0 | Y9: Ð | Z9: =HLOOKUP($J$55,$AJ$56:$AP$61,6) -> 0
C10: Belastning 3 | F10: 0 | G10: =VLOOKUP(E59,B44:D46,3) -> [kW] | H10: =VLOOKUP(E59,M59:U61,J59+2) -> 0 | I10: 1 | K10: =IF(L59=1,-DEGREES(ACOS(I10)),DEGREES(ACOS(I10))) -> 0 | N10: =C10 -> Belastning 3 | O10: =HLOOKUP($J$59,$AA$63:$AG468,3) -> 0 | P10: Ð | Q10: =HLOOKUP($J$59,$AJ$63:$AP$68,3) -> 0 | R10: =HLOOKUP($J$59,$AA$63:$AG468,4) -> 0 | S10: Ð | T10: =HLOOKUP($J$59,$AJ$63:$AP$68,4) -> -120 | U10: =HLOOKUP($J$59,$AA$63:$AG468,5) -> 0 | V10: Ð | W10: =HLOOKUP($J$59,$AJ$63:$AP$68,5) -> 120 | X10: =HLOOKUP($J$59,$AA$63:$AG468,6) -> 0 | Y10: Ð | Z10: =HLOOKUP($J$59,$AJ$63:$AP$68,6) -> 0
C11: Belastning 4 | F11: 0 | G11: =VLOOKUP(E63,B44:D46,3) -> [kW] | H11: =VLOOKUP(E63,M63:U65,J63+2) -> 0 | I11: 1 | K11: =IF(L63=1,-DEGREES(ACOS(I11)),DEGREES(ACOS(I11))) -> 0 | N11: =C11 -> Belastning 4 | O11: =HLOOKUP($J$63,$AA$70:$AG$75,3) -> 0 | P11: Ð | Q11: =HLOOKUP($J$63,$AJ$70:$AP$75,3) -> 0 | R11: =HLOOKUP($J$63,$AA$70:$AG$75,4) -> 0 | S11: Ð | T11: =HLOOKUP($J$63,$AJ$70:$AP$75,4) -> -120 | U11: =HLOOKUP($J$63,$AA$70:$AG$75,5) -> 0 | V11: Ð | W11: =HLOOKUP($J$63,$AJ$70:$AP$75,5) -> 120 | X11: =HLOOKUP($J$63,$AA$70:$AG$75,6) -> 0 | Y11: Ð | Z11: =HLOOKUP($J$63,$AJ$70:$AP$75,6) -> 0
C12: Belastning 5 | F12: 0 | G12: =VLOOKUP(E67,B44:D46,3) -> [kW] | H12: =VLOOKUP(E67,M67:U69,J67+2) -> 0 | I12: 1 | K12: =IF(L67=1,-DEGREES(ACOS(I12)),DEGREES(ACOS(I12))) -> 0 | N12: =C12 -> Belastning 5 | O12: =HLOOKUP($J$67,$AA$77:$AG$82,3) -> 0 | P12: Ð | Q12: =HLOOKUP($J$67,$AJ$77:$AP$82,3) -> 0 | R12: =HLOOKUP($J$67,$AA$77:$AG$82,4) -> 0 | S12: Ð | T12: =HLOOKUP($J$67,$AJ$77:$AP$82,4) -> -120 | U12: =HLOOKUP($J$67,$AA$77:$AG$82,5) -> 0 | V12: Ð | W12: =HLOOKUP($J$67,$AJ$77:$AP$82,5) -> 120 | X12: =HLOOKUP($J$67,$AA$77:$AG$82,6) -> 0 | Y12: Ð | Z12: =HLOOKUP($J$67,$AJ$77:$AP$82,6) -> 0
C13: Belastning 6 | F13: 0 | G13: =VLOOKUP(E71,B44:D46,3) -> [kW] | H13: =VLOOKUP(E71,M71:U73,J71+2) -> 0 | I13: 1 | K13: =IF(L71=1,-DEGREES(ACOS(I13)),DEGREES(ACOS(I13))) -> 0 | N13: =C13 -> Belastning 6 | O13: =HLOOKUP($J$71,$AA$84:$AG$89,3) -> 0 | P13: Ð | Q13: =HLOOKUP($J$71,$AJ$84:$AP$89,3) -> 0 | R13: =HLOOKUP($J$71,$AA$84:$AG$89,4) -> 0 | S13: Ð | T13: =HLOOKUP($J$71,$AJ$84:$AP$89,4) -> -120 | U13: =HLOOKUP($J$71,$AA$84:$AG$89,5) -> 0 | V13: Ð | W13: =HLOOKUP($J$71,$AJ$84:$AP$89,5) -> 120 | X13: =HLOOKUP($J$71,$AA$84:$AG$89,6) -> 0 | Y13: Ð | Z13: =HLOOKUP($J$71,$AJ$84:$AP$89,6) -> 0
C14: Belastning 7 | F14: 0 | G14: =VLOOKUP(E75,B44:D46,3) -> [kW] | H14: =VLOOKUP(E75,M75:U77,J75+2) -> 0 | I14: 1 | K14: =IF(L75=1,-DEGREES(ACOS(I14)),DEGREES(ACOS(I14))) -> 0 | N14: =C14 -> Belastning 7 | O14: =HLOOKUP($J$75,$AA$91:$AG$96,3) -> 0 | P14: Ð | Q14: =HLOOKUP($J$75,$AJ$91:$AP$96,3) -> 0 | R14: =HLOOKUP($J$75,$AA$91:$AG$96,4) -> 0 | S14: Ð | T14: =HLOOKUP($J$75,$AJ$91:$AP$96,4) -> -120 | U14: =HLOOKUP($J$75,$AA$91:$AG$96,5) -> 0 | V14: Ð | W14: =HLOOKUP($J$75,$AJ$91:$AP$96,5) -> 120 | X14: =HLOOKUP($J$75,$AA$91:$AG$96,6) -> 0 | Y14: Ð | Z14: =HLOOKUP($J$75,$AJ$91:$AP$96,6) -> 0
C15: Belastning 8 | F15: 0 | G15: =VLOOKUP(E79,B44:D46,3) -> [kW] | H15: =VLOOKUP(E79,M79:U81,J79+2) -> 0 | I15: 1 | K15: =IF(L79=1,-DEGREES(ACOS(I15)),DEGREES(ACOS(I15))) -> 0 | N15: =C15 -> Belastning 8 | O15: =HLOOKUP($J$79,$AA$98:$AG$103,3) -> 0 | P15: Ð | Q15: =HLOOKUP($J$79,$AJ$98:$AP$103,3) -> 0 | R15: =HLOOKUP($J$79,$AA$98:$AG$103,4) -> 0 | S15: Ð | T15: =HLOOKUP($J$79,$AJ$98:$AP$103,4) -> -120 | U15: =HLOOKUP($J$79,$AA$98:$AG$103,5) -> 0 | V15: Ð | W15: =HLOOKUP($J$79,$AJ$98:$AP$103,5) -> 120 | X15: =HLOOKUP($J$79,$AA$98:$AG$103,6) -> 0 | Y15: Ð | Z15: =HLOOKUP($J$79,$AJ$98:$AP$103,6) -> 0
C16: Belastning 9 | F16: 0 | G16: =VLOOKUP(E83,B44:D46,3) -> [kW] | H16: =VLOOKUP(E83,M83:U85,J83+2) -> 0 | I16: 1 | K16: =IF(L83=1,-DEGREES(ACOS(I16)),DEGREES(ACOS(I16))) -> 0 | N16: =C16 -> Belastning 9 | O16: =HLOOKUP($J$83,$AA$105:$AG$110,3) -> 0 | P16: Ð | Q16: =HLOOKUP($J$83,$AJ$105:$AP$110,3) -> 0 | R16: =HLOOKUP($J$83,$AA$105:$AG$110,4) -> 0 | S16: Ð | T16: =HLOOKUP($J$83,$AJ$105:$AP$110,4) -> -120 | U16: =HLOOKUP($J$83,$AA$105:$AG$110,5) -> 0 | V16: Ð | W16: =HLOOKUP($J$83,$AJ$105:$AP$110,5) -> 120 | X16: =HLOOKUP($J$83,$AA$105:$AG$110,6) -> 0 | Y16: Ð | Z16: =HLOOKUP($J$83,$AJ$105:$AP$110,6) -> 0
C17: Belastning 10 | F17: 0 | G17: =VLOOKUP(E87,B44:D46,3) -> [kW] | H17: =VLOOKUP(E87,M87:U89,J87+2) -> 0 | I17: 1 | K17: =IF(L87=1,-DEGREES(ACOS(I17)),DEGREES(ACOS(I17))) -> 0 | N17: =C17 -> Belastning 10 | O17: =HLOOKUP($J$87,$AA$112:$AG$117,3) -> 0 | P17: Ð | Q17: =HLOOKUP($J$87,$AJ$112:$AP$117,3) -> 0 | R17: =HLOOKUP($J$87,$AA$112:$AG$117,4) -> 0 | S17: Ð | T17: =HLOOKUP($J$87,$AJ$112:$AP$117,4) -> -120 | U17: =HLOOKUP($J$87,$AA$112:$AG$117,5) -> 0 | V17: Ð | W17: =HLOOKUP($J$87,$AJ$112:$AP$117,5) -> 120 | X17: =HLOOKUP($J$87,$AA$112:$AG$117,6) -> 0 | Y17: Ð | Z17: =HLOOKUP($J$87,$AJ$112:$AP$117,6) -> 0
C18: Belastning 11 | F18: 0 | G18: =VLOOKUP(E91,B44:D46,3) -> [kW] | H18: =VLOOKUP(E91,M91:U93,J91+2) -> 0 | I18: 1 | K18: =IF(L91=1,-DEGREES(ACOS(I18)),DEGREES(ACOS(I18))) -> 0 | N18: =C18 -> Belastning 11 | O18: =HLOOKUP($J$91,$AA$119:$AG$124,3) -> 0 | P18: Ð | Q18: =HLOOKUP($J$91,$AJ$119:$AP$124,3) -> 0 | R18: =HLOOKUP($J$91,$AA$119:$AG$124,4) -> 0 | S18: Ð | T18: =HLOOKUP($J$91,$AJ$119:$AP$124,4) -> -120 | U18: =HLOOKUP($J$91,$AA$119:$AG$124,5) -> 0 | V18: Ð | W18: =HLOOKUP($J$91,$AJ$119:$AP$124,5) -> 120 | X18: =HLOOKUP($J$91,$AA$119:$AG$124,6) -> 0 | Y18: Ð | Z18: =HLOOKUP($J$91,$AJ$119:$AP$124,6) -> 0
C19: Belastning 12 | F19: 0 | G19: =VLOOKUP(E95,B44:D46,3) -> [kW] | H19: =VLOOKUP(E95,M95:U97,J95+2) -> 0 | I19: 1 | K19: =IF(L95=1,-DEGREES(ACOS(I19)),DEGREES(ACOS(I19))) -> 0 | N19: =C19 -> Belastning 12 | O19: =HLOOKUP($J$95,$AA$126:$AG$131,3) -> 0 | P19: Ð | Q19: =HLOOKUP($J$95,$AJ$126:$AP$131,3) -> 0 | R19: =HLOOKUP($J$95,$AA$126:$AG$131,4) -> 0 | S19: Ð | T19: =HLOOKUP($J$95,$AJ$126:$AP$131,4) -> -120 | U19: =HLOOKUP($J$95,$AA$126:$AG$131,5) -> 0 | V19: Ð | W19: =HLOOKUP($J$95,$AJ$126:$AP$131,5) -> 120 | X19: =HLOOKUP($J$95,$AA$126:$AG$131,6) -> 0 | Y19: Ð | Z19: =HLOOKUP($J$95,$AJ$126:$AP$131,6) -> 0
C20: Belastning 13 | F20: 0 | G20: =VLOOKUP(E99,B44:D46,3) -> [kW] | H20: =VLOOKUP(E99,M99:U101,J99+2) -> 0 | I20: 1 | K20: =IF(L99=1,-DEGREES(ACOS(I20)),DEGREES(ACOS(I20))) -> 0 | N20: =C20 -> Belastning 13 | O20: =HLOOKUP($J$99,$AA$133:$AG$138,3) -> 0 | P20: Ð | Q20: =HLOOKUP($J$99,$AJ$133:$AP$138,3) -> 0 | R20: =HLOOKUP($J$99,$AA$133:$AG$138,4) -> 0 | S20: Ð | T20: =HLOOKUP($J$99,$AJ$133:$AP$138,4) -> -120 | U20: =HLOOKUP($J$99,$AA$133:$AG$138,5) -> 0 | V20: Ð | W20: =HLOOKUP($J$99,$AJ$133:$AP$138,5) -> 120 | X20: =HLOOKUP($J$99,$AA$133:$AG$138,6) -> 0 | Y20: Ð | Z20: =HLOOKUP($J$99,$AJ$133:$AP$138,6) -> 0
C21: Belastning 14 | F21: 0 | G21: =VLOOKUP(E103,B44:D46,3) -> [kW] | H21: =VLOOKUP(E103,M103:U105,J103+2) -> 0 | I21: 1 | K21: =IF(L103=1,-DEGREES(ACOS(I21)),DEGREES(ACOS(I21))) -> 0 | N21: =C21 -> Belastning 14 | O21: =HLOOKUP($J$103,$AA$140:$AG$145,3) -> 0 | P21: Ð | Q21: =HLOOKUP($J$103,$AJ$140:$AP$145,3) -> 0 | R21: =HLOOKUP($J$103,$AA$140:$AG$145,4) -> 0 | S21: Ð | T21: =HLOOKUP($J$103,$AJ$140:$AP$145,4) -> -120 | U21: =HLOOKUP($J$103,$AA$140:$AG$145,5) -> 0 | V21: Ð | W21: =HLOOKUP($J$103,$AJ$140:$AP$145,5) -> 120 | X21: =HLOOKUP($J$103,$AA$140:$AG$145,6) -> 0 | Y21: Ð | Z21: =HLOOKUP($J$103,$AJ$140:$AP$145,6) -> 0
C22: Belastning 15 | F22: 0 | G22: =VLOOKUP(E107,B44:D46,3) -> [kW] | H22: =VLOOKUP(E107,M107:U109,J107+2) -> 0 | I22: 1 | K22: =IF(L107=1,-DEGREES(ACOS(I22)),DEGREES(ACOS(I22))) -> 0 | N22: =C22 -> Belastning 15 | O22: =HLOOKUP($J$107,$AA$147:$AG$152,3) -> 0 | P22: Ð | Q22: =HLOOKUP($J$107,$AJ$147:$AP$152,3) -> 0 | R22: =HLOOKUP($J$107,$AA$147:$AG$152,4) -> 0 | S22: Ð | T22: =HLOOKUP($J$107,$AJ$147:$AP$152,4) -> -120 | U22: =HLOOKUP($J$107,$AA$147:$AG$152,5) -> 0 | V22: Ð | W22: =HLOOKUP($J$107,$AJ$147:$AP$152,5) -> 120 | X22: =HLOOKUP($J$107,$AA$147:$AG$152,6) -> 0 | Y22: Ð | Z22: =HLOOKUP($J$107,$AJ$147:$AP$152,6) -> 0
N23: ∑Itil - Global | O23: =SQRT(E128^2+F128^2) -> 0 | P23: Ð | Q23: =IFERROR(DEGREES(ATAN(F128/E128)),0) -> 0 | R23: =SQRT(G128^2+H128^2) -> 0 | S23: Ð | T23: =IFERROR(-DEGREES(ATAN(G128/H128))-90,0) -> 0 | U23: =SQRT(I128^2+J128^2) -> 0 | V23: Ð | W23: =IFERROR(-DEGREES(ATAN(I128/J128))+90,0) -> 0 | X23: =IMABS(COMPLEX(C134+F134+I134,C135+F135+I135)) -> 0 | Y23: Ð | Z23: =IFERROR(DEGREES(IMARGUMENT(IMSUM(L135)))+180,0) -> 0
N24: ∑IB - Global | O24: =O23*Q3*T3 -> 0 | P24: Ð | Q24: =Q23 -> 0 | R24: =R23*Q3*T3 -> 0 | S24: Ð | T24: =T23 -> 0 | U24: =U23*Q3*T3 -> 0 | V24: Ð | W24: =W23 -> 0 | X24: =(X23)*Q3*T3 -> 0 | Y24: Ð | Z24: =Z23 -> 0
N25: ∑IB - Lokal | O25: =O24 -> 0 | P25: Ð | Q25: =Q23 -> 0 | R25: =R24 -> 0 | S25: Ð | T25: =T24+120 -> 120 | U25: =U24 -> 0 | V25: Ð | W25: =W24-120 -> -120 | X25: =(X24) -> 0 | Y25: Ð | Z25: =Z24 -> 0
N26: 3. harmoniske | O26: =IFERROR(((I5/3)/O24)*100,0) -> 0 | P26: % | R26: =IFERROR(((I5/3)/R24)*100,0) -> 0 | S26: % | U26: =IFERROR(((I5/3)/U24)*100,0) -> 0 | V26: %
K27: Tjek SB side 193
I39: 1 | J39: 3 - faser
I40: 2 | J40: L1 - N
I41: 3 | J41: L2 - N
I42: 4 | J42: L3 - N
I43: 5 | J43: L1 - L2 | AA43: 3-harmoniske
B44: 1 | C44: P [kW] | D44: [kW] | I44: 6 | J44: L2 - L3 | L44: Induktiv | Y44: 1 | Z44: IL1 | AB44: %
B45: 2 | C45: S [kVA] | D45: [kVA] | I45: 7 | J45: L1 - L3 | L45: Kapasativ | Y45: 2 | Z45: IL2 | AB45: %
B46: 3 | C46: I [A] | D46: [A] | Y46: 3 | Z46: IL3 | AB46: %
Y47: 4 | Z47: IN
E49: Output | AA49: 1 | AB49: 2 | AC49: 3 | AD49: 4 | AE49: 5 | AF49: 6 | AG49: 7 | AJ49: 1 | AK49: 2 | AL49: 3 | AM49: 4 | AN49: 5 | AO49: 6 | AP49: 7
O50: 3-faset | P50: L1-N | Q50: L2-N | R50: L3-N | S50: L1-L2 | T50: L2-L3 | U50: L1-L3 | AA50: 3-faset | AB50: L1-N | AC50: L2-N | AD50: L3-N | AE50: L1-L2 | AF50: L2-L3 | AG50: L1-L3 | AI50: Ðj Grader | AJ50: 3-faset | AK50: L1-N | AL50: L2-N | AM50: L3-N | AN50: L1-L2 | AO50: L2-L3 | AP50: L1-L3
C51: Belastning 1 | E51: 1 | J51: 1 | L51: 1 | M51: 1 | N51: P | O51: =(F8*1000)/($D$5*SQRT(3)*I8) -> 0 | P51: =($F$8*1000)/(($D$5/SQRT(3))*$I$8) -> 0 | Q51: =P51 -> 0 | R51: =P51 -> 0 | S51: =($F$8*1000)/($D$5*$I$8) -> 0 | T51: =S51 -> 0 | U51: =S51 -> 0 | Z51: IL1 | AA51: =H8 -> 0 | AB51: =AA51 -> 0 | AC51: 0 | AD51: 0 | AE51: =AA51 -> 0 | AF51: 0 | AG51: =AA51 -> 0 | AI51: IL1 | AJ51: =K8 -> 0 | AK51: =AJ51 -> 0 | AL51: 0 | AM51: 0 | AN51: =AJ51+30 -> 30 | AO51: 0 | AP51: =AJ51-30 -> -30
M52: 2 | N52: S | O52: =(F8*1000)/($D$5*SQRT(3)) -> 0 | P52: =($F$8*1000)/(($D$5/SQRT(3))) -> 0 | Q52: =P52 -> 0 | R52: =P52 -> 0 | S52: =($F$8*1000)/($D$5) -> 0 | T52: =S52 -> 0 | U52: =S52 -> 0 | Y52: 1 | Z52: IL2 | AA52: =AA51 -> 0 | AB52: 0 | AC52: =AA51 -> 0 | AD52: 0 | AE52: =AA51 -> 0 | AF52: =AA51 -> 0 | AG52: 0 | AI52: IL2 | AJ52: =AJ51-120 -> -120 | AK52: 0 | AL52: =AJ51-120 -> -120 | AM52: 0 | AN52: =AJ51-150 -> -150 | AO52: =AJ51-90 -> -90 | AP52: 0
M53: 3 | N53: I | O53: =F8 -> 0 | P53: =$F$8 -> 0 | Q53: =$F$8 -> 0 | R53: =$F$8 -> 0 | S53: =$F$8 -> 0 | T53: =$F$8 -> 0 | U53: =$F$8 -> 0 | Z53: IL3 | AA53: =AA51 -> 0 | AB53: 0 | AC53: 0 | AD53: =AA51 -> 0 | AE53: 0 | AF53: =AA51 -> 0 | AG53: =AA51 -> 0 | AI53: IL3 | AJ53: =AJ51+120 -> 120 | AK53: 0 | AL53: 0 | AM53: =AJ51+120 -> 120 | AN53: 0 | AO53: =AJ51+90 -> 90 | AP53: =AJ51+150 -> 150
Z54: IN | AA54: 0 | AB54: =AA51 -> 0 | AC54: =AA51 -> 0 | AD54: =AA51 -> 0 | AE54: 0 | AF54: 0 | AG54: 0 | AI54: IN | AJ54: 0 | AK54: =AJ51+180 -> 180 | AL54: =AJ51+180-120 -> 60 | AM54: =AJ51-180+120 -> -60 | AN54: 0 | AO54: 0 | AP54: 0
C55: Belastning 2 | E55: 1 | J55: 1 | L55: 1 | M55: 1 | N55: P | O55: =($F$9*1000)/($D$5*SQRT(3)*$I$9) -> 0 | P55: =($F$9*1000)/(($D$5/SQRT(3))*$I$9) -> 0 | Q55: =P55 -> 0 | R55: =P55 -> 0 | S55: =($F$9*1000)/($D$5*$I$9) -> 0 | T55: =S55 -> 0 | U55: =S55 -> 0
M56: 2 | N56: S | O56: =($F$9*1000)/($D$5*SQRT(3)) -> 0 | P56: =($F$9*1000)/(($D$5/SQRT(3))) -> 0 | Q56: =P56 -> 0 | R56: =P56 -> 0 | S56: =($F$9*1000)/($D$5) -> 0 | T56: =S56 -> 0 | U56: =S56 -> 0 | AA56: 1 | AB56: 2 | AC56: 3 | AD56: 4 | AE56: 5 | AF56: 6 | AG56: 7 | AJ56: 1 | AK56: 2 | AL56: 3 | AM56: 4 | AN56: 5 | AO56: 6 | AP56: 7
M57: 3 | N57: I | O57: =$F$9 -> 0 | P57: =O57 -> 0 | Q57: =O57 -> 0 | R57: =O57 -> 0 | S57: =O57 -> 0 | T57: =O57 -> 0 | U57: =O57 -> 0 | AA57: 3-faset | AB57: L1-N | AC57: L2-N | AD57: L3-N | AE57: L1-L2 | AF57: L2-L3 | AG57: L1-L3 | AI57: Ðj Grader | AJ57: 3-faset | AK57: L1-N | AL57: L2-N | AM57: L3-N | AN57: L1-L2 | AO57: L2-L3 | AP57: L1-L3
Z58: IL1 | AA58: =H9 -> 0 | AB58: =AA58 -> 0 | AC58: 0 | AD58: 0 | AE58: =AA58 -> 0 | AF58: 0 | AG58: =AA58 -> 0 | AI58: IL1 | AJ58: =K9 -> 0 | AK58: =AJ58 -> 0 | AL58: 0 | AM58: 0 | AN58: =AJ58+30 -> 30 | AO58: 0 | AP58: =AJ58-30 -> -30
C59: Belastning 3 | E59: 1 | J59: 1 | L59: 1 | M59: 1 | N59: P | O59: =($F$10*1000)/($D$5*SQRT(3)*$I$10) -> 0 | P59: =($F$10*1000)/(($D$5/SQRT(3))*$I$10) -> 0 | Q59: =P59 -> 0 | R59: =P59 -> 0 | S59: =($F$10*1000)/($D$5*$I$10) -> 0 | T59: =S59 -> 0 | U59: =S59 -> 0 | Y59: 2 | Z59: IL2 | AA59: =AA58 -> 0 | AB59: 0 | AC59: =AA58 -> 0 | AD59: 0 | AE59: =AA58 -> 0 | AF59: =AA58 -> 0 | AG59: 0 | AI59: IL2 | AJ59: =AJ58-120 -> -120 | AK59: 0 | AL59: =AJ58-120 -> -120 | AM59: 0 | AN59: =AJ58-150 -> -150 | AO59: =AJ58-90 -> -90 | AP59: 0
M60: 2 | N60: S | O60: =($F$10*1000)/($D$5*SQRT(3)) -> 0 | P60: =($F$10*1000)/(($D$5/SQRT(3))) -> 0 | Q60: =P60 -> 0 | R60: =P60 -> 0 | S60: =($F$10*1000)/($D$5) -> 0 | T60: =S60 -> 0 | U60: =S60 -> 0 | Z60: IL3 | AA60: =AA58 -> 0 | AB60: 0 | AC60: 0 | AD60: =AA58 -> 0 | AE60: 0 | AF60: =AA58 -> 0 | AG60: =AA58 -> 0 | AI60: IL3 | AJ60: =AJ58+120 -> 120 | AK60: 0 | AL60: 0 | AM60: =AJ58+120 -> 120 | AN60: 0 | AO60: =AJ58+90 -> 90 | AP60: =AJ58+150 -> 150
M61: 3 | N61: I | O61: =$F$10 -> 0 | P61: =O61 -> 0 | Q61: =O61 -> 0 | R61: =O61 -> 0 | S61: =O61 -> 0 | T61: =O61 -> 0 | U61: =O61 -> 0 | Z61: IN | AA61: 0 | AB61: =AA58 -> 0 | AC61: =AA58 -> 0 | AD61: =AA58 -> 0 | AE61: 0 | AF61: 0 | AG61: 0 | AI61: IN | AJ61: 0 | AK61: =AJ58+180 -> 180 | AL61: =AJ58+180-120 -> 60 | AM61: =AJ58-180+120 -> -60 | AN61: 0 | AO61: 0 | AP61: 0
C63: Belastning 4 | E63: 1 | J63: 1 | L63: 1 | M63: 1 | N63: P | O63: =($F$11*1000)/($D$5*SQRT(3)*$I$11) -> 0 | P63: =($F$11*1000)/(($D$5/SQRT(3))*$I$11) -> 0 | Q63: =P63 -> 0 | R63: =P63 -> 0 | S63: =($F$11*1000)/($D$5*$I$11) -> 0 | T63: =S63 -> 0 | U63: =S63 -> 0 | AA63: 1 | AB63: 2 | AC63: 3 | AD63: 4 | AE63: 5 | AF63: 6 | AG63: 7 | AJ63: 1 | AK63: 2 | AL63: 3 | AM63: 4 | AN63: 5 | AO63: 6 | AP63: 7
M64: 2 | N64: S | O64: =($F$11*1000)/($D$5*SQRT(3)) -> 0 | P64: =($F$11*1000)/(($D$5/SQRT(3))) -> 0 | Q64: =P64 -> 0 | R64: =P64 -> 0 | S64: =($F$11*1000)/($D$5) -> 0 | T64: =S64 -> 0 | U64: =S64 -> 0 | AA64: 3-faset | AB64: L1-N | AC64: L2-N | AD64: L3-N | AE64: L1-L2 | AF64: L2-L3 | AG64: L1-L3 | AI64: Ðj Grader | AJ64: 3-faset | AK64: L1-N | AL64: L2-N | AM64: L3-N | AN64: L1-L2 | AO64: L2-L3 | AP64: L1-L3
M65: 3 | N65: I | O65: =$F$11 -> 0 | P65: =O65 -> 0 | Q65: =O65 -> 0 | R65: =O65 -> 0 | S65: =O65 -> 0 | T65: =O65 -> 0 | U65: =O65 -> 0 | Z65: IL1 | AA65: =H10 -> 0 | AB65: =AA65 -> 0 | AC65: 0 | AD65: 0 | AE65: =AA65 -> 0 | AF65: 0 | AG65: =AA65 -> 0 | AI65: IL1 | AJ65: =K10 -> 0 | AK65: =AJ65 -> 0 | AL65: 0 | AM65: 0 | AN65: =AJ65+30 -> 30 | AO65: 0 | AP65: =AJ65-30 -> -30
Y66: 3 | Z66: IL2 | AA66: =AA65 -> 0 | AB66: 0 | AC66: =AA65 -> 0 | AD66: 0 | AE66: =AA65 -> 0 | AF66: =AA65 -> 0 | AG66: 0 | AI66: IL2 | AJ66: =AJ65-120 -> -120 | AK66: 0 | AL66: =AJ65-120 -> -120 | AM66: 0 | AN66: =AJ65-150 -> -150 | AO66: =AJ65-90 -> -90 | AP66: 0
C67: Belastning 5 | E67: 1 | J67: 1 | L67: 1 | M67: 1 | N67: P | O67: =($F$12*1000)/($D$5*SQRT(3)*$I$12) -> 0 | P67: =($F$12*1000)/(($D$5/SQRT(3))*$I$12) -> 0 | Q67: =P67 -> 0 | R67: =P67 -> 0 | S67: =($F$12*1000)/($D$5*$I$12) -> 0 | T67: =S67 -> 0 | U67: =S67 -> 0 | Z67: IL3 | AA67: =AA65 -> 0 | AB67: 0 | AC67: 0 | AD67: =AA65 -> 0 | AE67: 0 | AF67: =AA65 -> 0 | AG67: =AA65 -> 0 | AI67: IL3 | AJ67: =AJ65+120 -> 120 | AK67: 0 | AL67: 0 | AM67: =AJ65+120 -> 120 | AN67: 0 | AO67: =AJ65+90 -> 90 | AP67: =AJ65+150 -> 150
M68: 2 | N68: S | O68: =($F$12*1000)/($D$5*SQRT(3)) -> 0 | P68: =($F$12*1000)/(($D$5/SQRT(3))) -> 0 | Q68: =P68 -> 0 | R68: =P68 -> 0 | S68: =($F$12*1000)/($D$5) -> 0 | T68: =S68 -> 0 | U68: =S68 -> 0 | Z68: IN | AA68: 0 | AB68: =AA65 -> 0 | AC68: =AA65 -> 0 | AD68: =AA65 -> 0 | AE68: 0 | AF68: 0 | AG68: 0 | AI68: IN | AJ68: 0 | AK68: =AJ65+180 -> 180 | AL68: =AJ65+180-120 -> 60 | AM68: =AJ65-180+120 -> -60 | AN68: 0 | AO68: 0 | AP68: 0
M69: 3 | N69: I | O69: =$F$12 -> 0 | P69: =O69 -> 0 | Q69: =O69 -> 0 | R69: =O69 -> 0 | S69: =O69 -> 0 | T69: =O69 -> 0 | U69: =O69 -> 0
AA70: 1 | AB70: 2 | AC70: 3 | AD70: 4 | AE70: 5 | AF70: 6 | AG70: 7 | AJ70: 1 | AK70: 2 | AL70: 3 | AM70: 4 | AN70: 5 | AO70: 6 | AP70: 7
C71: Belastning 6 | E71: 1 | J71: 1 | L71: 1 | M71: 1 | N71: P | O71: =($F$13*1000)/($D$5*SQRT(3)*$I$13) -> 0 | P71: =($F$13*1000)/(($D$5/SQRT(3))*$I$13) -> 0 | Q71: =P71 -> 0 | R71: =P71 -> 0 | S71: =($F$13*1000)/($D$5*$I$13) -> 0 | T71: =S71 -> 0 | U71: =S71 -> 0 | AA71: 3-faset | AB71: L1-N | AC71: L2-N | AD71: L3-N | AE71: L1-L2 | AF71: L2-L3 | AG71: L1-L3 | AI71: Ðj Grader | AJ71: 3-faset | AK71: L1-N | AL71: L2-N | AM71: L3-N | AN71: L1-L2 | AO71: L2-L3 | AP71: L1-L3
M72: 2 | N72: S | O72: =($F$13*1000)/($D$5*SQRT(3)) -> 0 | P72: =($F$13*1000)/(($D$5/SQRT(3))) -> 0 | Q72: =P72 -> 0 | R72: =P72 -> 0 | S72: =($F$13*1000)/($D$5) -> 0 | T72: =S72 -> 0 | U72: =S72 -> 0 | Z72: IL1 | AA72: =H11 -> 0 | AB72: =AA72 -> 0 | AC72: 0 | AD72: 0 | AE72: =AA72 -> 0 | AF72: 0 | AG72: =AA72 -> 0 | AI72: IL1 | AJ72: =K11 -> 0 | AK72: =AJ72 -> 0 | AL72: 0 | AM72: 0 | AN72: =AJ72+30 -> 30 | AO72: 0 | AP72: =AJ72-30 -> -30
M73: 3 | N73: I | O73: =$F$13 -> 0 | P73: =O73 -> 0 | Q73: =O73 -> 0 | R73: =O73 -> 0 | S73: =O73 -> 0 | T73: =O73 -> 0 | U73: =O73 -> 0 | Y73: 4 | Z73: IL2 | AA73: =AA72 -> 0 | AB73: 0 | AC73: =AA72 -> 0 | AD73: 0 | AE73: =AA72 -> 0 | AF73: =AA72 -> 0 | AG73: 0 | AI73: IL2 | AJ73: =AJ72-120 -> -120 | AK73: 0 | AL73: =AJ72-120 -> -120 | AM73: 0 | AN73: =AJ72-150 -> -150 | AO73: =AJ72-90 -> -90 | AP73: 0
Z74: IL3 | AA74: =AA72 -> 0 | AB74: 0 | AC74: 0 | AD74: =AA72 -> 0 | AE74: 0 | AF74: =AA72 -> 0 | AG74: =AA72 -> 0 | AI74: IL3 | AJ74: =AJ72+120 -> 120 | AK74: 0 | AL74: 0 | AM74: =AJ72+120 -> 120 | AN74: 0 | AO74: =AJ72+90 -> 90 | AP74: =AJ72+150 -> 150
C75: Belastning 7 | E75: 1 | J75: 1 | L75: 1 | M75: 1 | N75: P | O75: =($F$14*1000)/($D$5*SQRT(3)*$I$14) -> 0 | P75: =($F$14*1000)/(($D$5/SQRT(3))*$I$14) -> 0 | Q75: =P75 -> 0 | R75: =P75 -> 0 | S75: =($F$14*1000)/($D$5*$I$14) -> 0 | T75: =S75 -> 0 | U75: =S75 -> 0 | Z75: IN | AA75: 0 | AB75: =AA72 -> 0 | AC75: =AA72 -> 0 | AD75: =AA72 -> 0 | AE75: 0 | AF75: 0 | AG75: 0 | AI75: IN | AJ75: 0 | AK75: =AJ72+180 -> 180 | AL75: =AJ72+180-120 -> 60 | AM75: =AJ72-180+120 -> -60 | AN75: 0 | AO75: 0 | AP75: 0
M76: 2 | N76: S | O76: =($F$14*1000)/($D$5*SQRT(3)) -> 0 | P76: =($F$14*1000)/(($D$5/SQRT(3))) -> 0 | Q76: =P76 -> 0 | R76: =P76 -> 0 | S76: =($F$14*1000)/($D$5) -> 0 | T76: =S76 -> 0 | U76: =S76 -> 0
M77: 3 | N77: I | O77: =$F$14 -> 0 | P77: =O77 -> 0 | Q77: =O77 -> 0 | R77: =O77 -> 0 | S77: =O77 -> 0 | T77: =O77 -> 0 | U77: =O77 -> 0 | AA77: 1 | AB77: 2 | AC77: 3 | AD77: 4 | AE77: 5 | AF77: 6 | AG77: 7 | AJ77: 1 | AK77: 2 | AL77: 3 | AM77: 4 | AN77: 5 | AO77: 6 | AP77: 7
AA78: 3-faset | AB78: L1-N | AC78: L2-N | AD78: L3-N | AE78: L1-L2 | AF78: L2-L3 | AG78: L1-L3 | AI78: Ðj Grader | AJ78: 3-faset | AK78: L1-N | AL78: L2-N | AM78: L3-N | AN78: L1-L2 | AO78: L2-L3 | AP78: L1-L3
C79: Belastning 8 | E79: 1 | J79: 1 | L79: 1 | M79: 1 | N79: P | O79: =($F$15*1000)/($D$5*SQRT(3)*$I$15) -> 0 | P79: =($F$15*1000)/(($D$5/SQRT(3))*$I$15) -> 0 | Q79: =P79 -> 0 | R79: =P79 -> 0 | S79: =($F$15*1000)/($D$5*$I$15) -> 0 | T79: =S79 -> 0 | U79: =S79 -> 0 | Z79: IL1 | AA79: =H12 -> 0 | AB79: =AA79 -> 0 | AC79: 0 | AD79: 0 | AE79: =AA79 -> 0 | AF79: 0 | AG79: =AA79 -> 0 | AI79: IL1 | AJ79: =K12 -> 0 | AK79: =AJ79 -> 0 | AL79: 0 | AM79: 0 | AN79: =AJ79+30 -> 30 | AO79: 0 | AP79: =AJ79-30 -> -30
M80: 2 | N80: S | O80: =($F$15*1000)/($D$5*SQRT(3)) -> 0 | P80: =($F$15*1000)/(($D$5/SQRT(3))) -> 0 | Q80: =P80 -> 0 | R80: =P80 -> 0 | S80: =($F$15*1000)/($D$5) -> 0 | T80: =S80 -> 0 | U80: =S80 -> 0 | Y80: 5 | Z80: IL2 | AA80: =AA79 -> 0 | AB80: 0 | AC80: =AA79 -> 0 | AD80: 0 | AE80: =AA79 -> 0 | AF80: =AA79 -> 0 | AG80: 0 | AI80: IL2 | AJ80: =AJ79-120 -> -120 | AK80: 0 | AL80: =AJ79-120 -> -120 | AM80: 0 | AN80: =AJ79-150 -> -150 | AO80: =AJ79-90 -> -90 | AP80: 0
M81: 3 | N81: I | O81: =$F$15 -> 0 | P81: =O81 -> 0 | Q81: =O81 -> 0 | R81: =O81 -> 0 | S81: =O81 -> 0 | T81: =O81 -> 0 | U81: =O81 -> 0 | Z81: IL3 | AA81: =AA79 -> 0 | AB81: 0 | AC81: 0 | AD81: =AA79 -> 0 | AE81: 0 | AF81: =AA79 -> 0 | AG81: =AA79 -> 0 | AI81: IL3 | AJ81: =AJ79+120 -> 120 | AK81: 0 | AL81: 0 | AM81: =AJ79+120 -> 120 | AN81: 0 | AO81: =AJ79+90 -> 90 | AP81: =AJ79+150 -> 150
Z82: IN | AA82: 0 | AB82: =AA79 -> 0 | AC82: =AA79 -> 0 | AD82: =AA79 -> 0 | AE82: 0 | AF82: 0 | AG82: 0 | AI82: IN | AJ82: 0 | AK82: =AJ79+180 -> 180 | AL82: =AJ79+180-120 -> 60 | AM82: =AJ79-180+120 -> -60 | AN82: 0 | AO82: 0 | AP82: 0
C83: Belastning 9 | E83: 1 | J83: 1 | L83: 1 | M83: 1 | N83: P | O83: =($F$16*1000)/($D$5*SQRT(3)*$I$16) -> 0 | P83: =($F$16*1000)/(($D$5/SQRT(3))*$I$16) -> 0 | Q83: =P83 -> 0 | R83: =P83 -> 0 | S83: =($F$16*1000)/($D$5*$I$16) -> 0 | T83: =S83 -> 0 | U83: =S83 -> 0
M84: 2 | N84: S | O84: =($F$16*1000)/($D$5*SQRT(3)) -> 0 | P84: =($F$16*1000)/(($D$5/SQRT(3))) -> 0 | Q84: =P84 -> 0 | R84: =P84 -> 0 | S84: =($F$16*1000)/($D$5) -> 0 | T84: =S84 -> 0 | U84: =S84 -> 0 | AA84: 1 | AB84: 2 | AC84: 3 | AD84: 4 | AE84: 5 | AF84: 6 | AG84: 7 | AJ84: 1 | AK84: 2 | AL84: 3 | AM84: 4 | AN84: 5 | AO84: 6 | AP84: 7
M85: 3 | N85: I | O85: =$F$16 -> 0 | P85: =O85 -> 0 | Q85: =O85 -> 0 | R85: =O85 -> 0 | S85: =O85 -> 0 | T85: =O85 -> 0 | U85: =O85 -> 0 | AA85: 3-faset | AB85: L1-N | AC85: L2-N | AD85: L3-N | AE85: L1-L2 | AF85: L2-L3 | AG85: L1-L3 | AI85: Ðj Grader | AJ85: 3-faset | AK85: L1-N | AL85: L2-N | AM85: L3-N | AN85: L1-L2 | AO85: L2-L3 | AP85: L1-L3
Z86: IL1 | AA86: =H13 -> 0 | AB86: =AA86 -> 0 | AC86: 0 | AD86: 0 | AE86: =AA86 -> 0 | AF86: 0 | AG86: =AA86 -> 0 | AI86: IL1 | AJ86: =K13 -> 0 | AK86: =AJ86 -> 0 | AL86: 0 | AM86: 0 | AN86: =AJ86+30 -> 30 | AO86: 0 | AP86: =AJ86-30 -> -30
C87: Belastning 10 | E87: 1 | J87: 1 | L87: 1 | M87: 1 | N87: P | O87: =($F$17*1000)/($D$5*SQRT(3)*$I$17) -> 0 | P87: =($F$17*1000)/(($D$5/SQRT(3))*$I$17) -> 0 | Q87: =P87 -> 0 | R87: =P87 -> 0 | S87: =($F$17*1000)/($D$5*$I$17) -> 0 | T87: =S87 -> 0 | U87: =S87 -> 0 | Y87: 6 | Z87: IL2 | AA87: =AA86 -> 0 | AB87: 0 | AC87: =AA86 -> 0 | AD87: 0 | AE87: =AA86 -> 0 | AF87: =AA86 -> 0 | AG87: 0 | AI87: IL2 | AJ87: =AJ86-120 -> -120 | AK87: 0 | AL87: =AJ86-120 -> -120 | AM87: 0 | AN87: =AJ86-150 -> -150 | AO87: =AJ86-90 -> -90 | AP87: 0
M88: 2 | N88: S | O88: =($F$17*1000)/($D$5*SQRT(3)) -> 0 | P88: =($F$17*1000)/(($D$5/SQRT(3))) -> 0 | Q88: =P88 -> 0 | R88: =P88 -> 0 | S88: =($F$17*1000)/($D$5) -> 0 | T88: =S88 -> 0 | U88: =S88 -> 0 | Z88: IL3 | AA88: =AA86 -> 0 | AB88: 0 | AC88: 0 | AD88: =AA86 -> 0 | AE88: 0 | AF88: =AA86 -> 0 | AG88: =AA86 -> 0 | AI88: IL3 | AJ88: =AJ86+120 -> 120 | AK88: 0 | AL88: 0 | AM88: =AJ86+120 -> 120 | AN88: 0 | AO88: =AJ86+90 -> 90 | AP88: =AJ86+150 -> 150
M89: 3 | N89: I | O89: =$F$17 -> 0 | P89: =O89 -> 0 | Q89: =O89 -> 0 | R89: =O89 -> 0 | S89: =O89 -> 0 | T89: =O89 -> 0 | U89: =O89 -> 0 | Z89: IN | AA89: 0 | AB89: =AA86 -> 0 | AC89: =AA86 -> 0 | AD89: =AA86 -> 0 | AE89: 0 | AF89: 0 | AG89: 0 | AI89: IN | AJ89: 0 | AK89: =AJ86+180 -> 180 | AL89: =AJ86+180-120 -> 60 | AM89: =AJ86-180+120 -> -60 | AN89: 0 | AO89: 0 | AP89: 0
C91: Belastning 11 | E91: 1 | J91: 1 | L91: 1 | M91: 1 | N91: P | O91: =($F$18*1000)/($D$5*SQRT(3)*$I$18) -> 0 | P91: =($F$18*1000)/(($D$5/SQRT(3))*$I$18) -> 0 | Q91: =P91 -> 0 | R91: =P91 -> 0 | S91: =($F$18*1000)/($D$5*$I$18) -> 0 | T91: =S91 -> 0 | U91: =S91 -> 0 | AA91: 1 | AB91: 2 | AC91: 3 | AD91: 4 | AE91: 5 | AF91: 6 | AG91: 7 | AJ91: 1 | AK91: 2 | AL91: 3 | AM91: 4 | AN91: 5 | AO91: 6 | AP91: 7
M92: 2 | N92: S | O92: =($F$18*1000)/($D$5*SQRT(3)) -> 0 | P92: =($F$18*1000)/(($D$5/SQRT(3))) -> 0 | Q92: =P92 -> 0 | R92: =P92 -> 0 | S92: =($F$18*1000)/($D$5) -> 0 | T92: =S92 -> 0 | U92: =S92 -> 0 | AA92: 3-faset | AB92: L1-N | AC92: L2-N | AD92: L3-N | AE92: L1-L2 | AF92: L2-L3 | AG92: L1-L3 | AI92: Ðj Grader | AJ92: 3-faset | AK92: L1-N | AL92: L2-N | AM92: L3-N | AN92: L1-L2 | AO92: L2-L3 | AP92: L1-L3
M93: 3 | N93: I | O93: =$F$18 -> 0 | P93: =O93 -> 0 | Q93: =O93 -> 0 | R93: =O93 -> 0 | S93: =O93 -> 0 | T93: =O93 -> 0 | U93: =O93 -> 0 | Z93: IL1 | AA93: =H14 -> 0 | AB93: =AA93 -> 0 | AC93: 0 | AD93: 0 | AE93: =AA93 -> 0 | AF93: 0 | AG93: =AA93 -> 0 | AI93: IL1 | AJ93: =K14 -> 0 | AK93: =AJ93 -> 0 | AL93: 0 | AM93: 0 | AN93: =AJ93+30 -> 30 | AO93: 0 | AP93: =AJ93-30 -> -30
Y94: 7 | Z94: IL2 | AA94: =AA93 -> 0 | AB94: 0 | AC94: =AA93 -> 0 | AD94: 0 | AE94: =AA93 -> 0 | AF94: =AA93 -> 0 | AG94: 0 | AI94: IL2 | AJ94: =AJ93-120 -> -120 | AK94: 0 | AL94: =AJ93-120 -> -120 | AM94: 0 | AN94: =AJ93-150 -> -150 | AO94: =AJ93-90 -> -90 | AP94: 0
C95: Belastning 12 | E95: 1 | J95: 1 | L95: 1 | M95: 1 | N95: P | O95: =($F$19*1000)/($D$5*SQRT(3)*$I$19) -> 0 | P95: =($F$19*1000)/(($D$5/SQRT(3))*$I$19) -> 0 | Q95: =P95 -> 0 | R95: =P95 -> 0 | S95: =($F$19*1000)/($D$5*$I$19) -> 0 | T95: =S95 -> 0 | U95: =S95 -> 0 | Z95: IL3 | AA95: =AA93 -> 0 | AB95: 0 | AC95: 0 | AD95: =AA93 -> 0 | AE95: 0 | AF95: =AA93 -> 0 | AG95: =AA93 -> 0 | AI95: IL3 | AJ95: =AJ93+120 -> 120 | AK95: 0 | AL95: 0 | AM95: =AJ93+120 -> 120 | AN95: 0 | AO95: =AJ93+90 -> 90 | AP95: =AJ93+150 -> 150
M96: 2 | N96: S | O96: =($F$19*1000)/($D$5*SQRT(3)) -> 0 | P96: =($F$19*1000)/(($D$5/SQRT(3))) -> 0 | Q96: =P96 -> 0 | R96: =P96 -> 0 | S96: =($F$19*1000)/($D$5) -> 0 | T96: =S96 -> 0 | U96: =S96 -> 0 | Z96: IN | AA96: 0 | AB96: =AA93 -> 0 | AC96: =AA93 -> 0 | AD96: =AA93 -> 0 | AE96: 0 | AF96: 0 | AG96: 0 | AI96: IN | AJ96: 0 | AK96: =AJ93+180 -> 180 | AL96: =AJ93+180-120 -> 60 | AM96: =AJ93-180+120 -> -60 | AN96: 0 | AO96: 0 | AP96: 0
M97: 3 | N97: I | O97: =$F$19 -> 0 | P97: =O97 -> 0 | Q97: =O97 -> 0 | R97: =O97 -> 0 | S97: =O97 -> 0 | T97: =O97 -> 0 | U97: =O97 -> 0
AA98: 1 | AB98: 2 | AC98: 3 | AD98: 4 | AE98: 5 | AF98: 6 | AG98: 7 | AJ98: 1 | AK98: 2 | AL98: 3 | AM98: 4 | AN98: 5 | AO98: 6 | AP98: 7
C99: Belastning 13 | E99: 1 | J99: 1 | L99: 1 | M99: 1 | N99: P | O99: =($F$20*1000)/($D$5*SQRT(3)*$I$20) -> 0 | P99: =($F$20*1000)/(($D$5/SQRT(3))*$I$20) -> 0 | Q99: =P99 -> 0 | R99: =P99 -> 0 | S99: =($F$20*1000)/($D$5*$I$20) -> 0 | T99: =S99 -> 0 | U99: =S99 -> 0 | AA99: 3-faset | AB99: L1-N | AC99: L2-N | AD99: L3-N | AE99: L1-L2 | AF99: L2-L3 | AG99: L1-L3 | AI99: Ðj Grader | AJ99: 3-faset | AK99: L1-N | AL99: L2-N | AM99: L3-N | AN99: L1-L2 | AO99: L2-L3 | AP99: L1-L3
M100: 2 | N100: S | O100: =($F$20*1000)/($D$5*SQRT(3)) -> 0 | P100: =($F$20*1000)/(($D$5/SQRT(3))) -> 0 | Q100: =P100 -> 0 | R100: =P100 -> 0 | S100: =($F$20*1000)/($D$5) -> 0 | T100: =S100 -> 0 | U100: =S100 -> 0 | Z100: IL1 | AA100: =H15 -> 0 | AB100: =AA100 -> 0 | AC100: 0 | AD100: 0 | AE100: =AA100 -> 0 | AF100: 0 | AG100: =AA100 -> 0 | AI100: IL1 | AJ100: =K15 -> 0 | AK100: =AJ100 -> 0 | AL100: 0 | AM100: 0 | AN100: =AJ100+30 -> 30 | AO100: 0 | AP100: =AJ100-30 -> -30
M101: 3 | N101: I | O101: =$F$20 -> 0 | P101: =O101 -> 0 | Q101: =O101 -> 0 | R101: =O101 -> 0 | S101: =O101 -> 0 | T101: =O101 -> 0 | U101: =O101 -> 0 | Y101: 8 | Z101: IL2 | AA101: =AA100 -> 0 | AB101: 0 | AC101: =AA100 -> 0 | AD101: 0 | AE101: =AA100 -> 0 | AF101: =AA100 -> 0 | AG101: 0 | AI101: IL2 | AJ101: =AJ100-120 -> -120 | AK101: 0 | AL101: =AJ100-120 -> -120 | AM101: 0 | AN101: =AJ100-150 -> -150 | AO101: =AJ100-90 -> -90 | AP101: 0
Z102: IL3 | AA102: =AA100 -> 0 | AB102: 0 | AC102: 0 | AD102: =AA100 -> 0 | AE102: 0 | AF102: =AA100 -> 0 | AG102: =AA100 -> 0 | AI102: IL3 | AJ102: =AJ100+120 -> 120 | AK102: 0 | AL102: 0 | AM102: =AJ100+120 -> 120 | AN102: 0 | AO102: =AJ100+90 -> 90 | AP102: =AJ100+150 -> 150
C103: Belastning 14 | E103: 1 | J103: 1 | L103: 1 | M103: 1 | N103: P | O103: =($F$21*1000)/($D$5*SQRT(3)*$I$21) -> 0 | P103: =($F$21*1000)/(($D$5/SQRT(3))*$I$21) -> 0 | Q103: =P103 -> 0 | R103: =P103 -> 0 | S103: =($F$21*1000)/($D$5*$I$21) -> 0 | T103: =S103 -> 0 | U103: =S103 -> 0 | Z103: IN | AA103: 0 | AB103: =AA100 -> 0 | AC103: =AA100 -> 0 | AD103: =AA100 -> 0 | AE103: 0 | AF103: 0 | AG103: 0 | AI103: IN | AJ103: 0 | AK103: =AJ100+180 -> 180 | AL103: =AJ100+180-120 -> 60 | AM103: =AJ100-180+120 -> -60 | AN103: 0 | AO103: 0 | AP103: 0
M104: 2 | N104: S | O104: =($F$21*1000)/($D$5*SQRT(3)) -> 0 | P104: =($F$21*1000)/(($D$5/SQRT(3))) -> 0 | Q104: =P104 -> 0 | R104: =P104 -> 0 | S104: =($F$21*1000)/($D$5) -> 0 | T104: =S104 -> 0 | U104: =S104 -> 0
M105: 3 | N105: I | O105: =$F$21 -> 0 | P105: =O105 -> 0 | Q105: =O105 -> 0 | R105: =O105 -> 0 | S105: =O105 -> 0 | T105: =O105 -> 0 | U105: =O105 -> 0 | AA105: 1 | AB105: 2 | AC105: 3 | AD105: 4 | AE105: 5 | AF105: 6 | AG105: 7 | AJ105: 1 | AK105: 2 | AL105: 3 | AM105: 4 | AN105: 5 | AO105: 6 | AP105: 7
AA106: 3-faset | AB106: L1-N | AC106: L2-N | AD106: L3-N | AE106: L1-L2 | AF106: L2-L3 | AG106: L1-L3 | AI106: Ðj Grader | AJ106: 3-faset | AK106: L1-N | AL106: L2-N | AM106: L3-N | AN106: L1-L2 | AO106: L2-L3 | AP106: L1-L3
C107: Belastning 15 | E107: 1 | J107: 1 | L107: 1 | M107: 1 | N107: P | O107: =($F$22*1000)/($D$5*SQRT(3)*$I$22) -> 0 | P107: =($F$22*1000)/(($D$5/SQRT(3))*$I$22) -> 0 | Q107: =P107 -> 0 | R107: =P107 -> 0 | S107: =($F$22*1000)/($D$5*$I$22) -> 0 | T107: =S107 -> 0 | U107: =S107 -> 0 | Z107: IL1 | AA107: =H16 -> 0 | AB107: =AA107 -> 0 | AC107: 0 | AD107: 0 | AE107: =AA107 -> 0 | AF107: 0 | AG107: =AA107 -> 0 | AI107: IL1 | AJ107: =K16 -> 0 | AK107: =AJ107 -> 0 | AL107: 0 | AM107: 0 | AN107: =AJ107+30 -> 30 | AO107: 0 | AP107: =AJ107-30 -> -30
M108: 2 | N108: S | O108: =($F$22*1000)/($D$5*SQRT(3)) -> 0 | P108: =($F$22*1000)/(($D$5/SQRT(3))) -> 0 | Q108: =P108 -> 0 | R108: =P108 -> 0 | S108: =($F$22*1000)/($D$5) -> 0 | T108: =S108 -> 0 | U108: =S108 -> 0 | Z108: IL2 | AA108: =AA107 -> 0 | AB108: 0 | AC108: =AA107 -> 0 | AD108: 0 | AE108: =AA107 -> 0 | AF108: =AA107 -> 0 | AG108: 0 | AI108: IL2 | AJ108: =AJ107-120 -> -120 | AK108: 0 | AL108: =AJ107-120 -> -120 | AM108: 0 | AN108: =AJ107-150 -> -150 | AO108: =AJ107-90 -> -90 | AP108: 0
M109: 3 | N109: I | O109: =$F$22 -> 0 | P109: =O109 -> 0 | Q109: =O109 -> 0 | R109: =O109 -> 0 | S109: =O109 -> 0 | T109: =O109 -> 0 | U109: =O109 -> 0 | Y109: 9 | Z109: IL3 | AA109: =AA107 -> 0 | AB109: 0 | AC109: 0 | AD109: =AA107 -> 0 | AE109: 0 | AF109: =AA107 -> 0 | AG109: =AA107 -> 0 | AI109: IL3 | AJ109: =AJ107+120 -> 120 | AK109: 0 | AL109: 0 | AM109: =AJ107+120 -> 120 | AN109: 0 | AO109: =AJ107+90 -> 90 | AP109: =AJ107+150 -> 150
Z110: IN | AA110: 0 | AB110: =AA107 -> 0 | AC110: =AA107 -> 0 | AD110: =AA107 -> 0 | AE110: 0 | AF110: 0 | AG110: 0 | AI110: IN | AJ110: 0 | AK110: =AJ107+180 -> 180 | AL110: =AJ107+180-120 -> 60 | AM110: =AJ107-180+120 -> -60 | AN110: 0 | AO110: 0 | AP110: 0
E111: IL1 [A] | G111: IL2 [A] | I111: IL3 [A] | K111: IN [A]
C112: Belastning | E112: Reel | F112: Imag | G112: Reel | H112: Imag | I112: Reel | J112: Imag | K112: Reel | L112: Imag | AA112: 1 | AB112: 2 | AC112: 3 | AD112: 4 | AE112: 5 | AF112: 6 | AG112: 7 | AJ112: 1 | AK112: 2 | AL112: 3 | AM112: 4 | AN112: 5 | AO112: 6 | AP112: 7
C113: =C8 -> Belastning 1 | E113: =COS(RADIANS(Q8))*O8 -> 0 | F113: =SIN(RADIANS(Q8))*O8 -> 0 | G113: =COS(RADIANS(T8))*R8 -> 0 | H113: =SIN(RADIANS(T8))*R8 -> 0 | I113: =COS(RADIANS(W8))*U8 -> 0 | J113: =SIN(RADIANS(W8))*U8 -> 0 | AA113: 3-faset | AB113: L1-N | AC113: L2-N | AD113: L3-N | AE113: L1-L2 | AF113: L2-L3 | AG113: L1-L3 | AI113: Ðj Grader | AJ113: 3-faset | AK113: L1-N | AL113: L2-N | AM113: L3-N | AN113: L1-L2 | AO113: L2-L3 | AP113: L1-L3
C114: =C9 -> Belastning 2 | E114: =COS(RADIANS(Q9))*O9 -> 0 | F114: =SIN(RADIANS(Q9))*O9 -> 0 | G114: =COS(RADIANS(T9))*R9 -> 0 | H114: =SIN(RADIANS(T9))*R9 -> 0 | I114: =COS(RADIANS(W9))*U9 -> 0 | J114: =SIN(RADIANS(W9))*U9 -> 0 | Z114: IL1 | AA114: =H17 -> 0 | AB114: =AA114 -> 0 | AC114: 0 | AD114: 0 | AE114: =AA114 -> 0 | AF114: 0 | AG114: =AA114 -> 0 | AI114: IL1 | AJ114: =K17 -> 0 | AK114: =AJ114 -> 0 | AL114: 0 | AM114: 0 | AN114: =AJ114+30 -> 30 | AO114: 0 | AP114: =AJ114-30 -> -30
C115: =C10 -> Belastning 3 | E115: =COS(RADIANS(Q10))*O10 -> 0 | F115: =SIN(RADIANS(Q10))*O10 -> 0 | G115: =COS(RADIANS(T10))*R10 -> 0 | H115: =SIN(RADIANS(T10))*R10 -> 0 | I115: =COS(RADIANS(W10))*U10 -> 0 | J115: =SIN(RADIANS(W10))*U10 -> 0 | Z115: IL2 | AA115: =AA114 -> 0 | AB115: 0 | AC115: =AA114 -> 0 | AD115: 0 | AE115: =AA114 -> 0 | AF115: =AA114 -> 0 | AG115: 0 | AI115: IL2 | AJ115: =AJ114-120 -> -120 | AK115: 0 | AL115: =AJ114-120 -> -120 | AM115: 0 | AN115: =AJ114-150 -> -150 | AO115: =AJ114-90 -> -90 | AP115: 0
...

Sheet Tavle +A13
C2: Eftersiddende tavle | H2: 13
P3: sf | Q3: 1 | S3: uf | T3: 1
N4: Selv skriv tavlenavn
C5: UL-L | D5: 400 | E5: [V] | F5: 3. harmoniske strømme | I5: 0 | J5: [A]
N6: Tavle +A13
F7: Værdi | H7: IB [A] | I7: cos ϕ | J7: Tilsluttet | K7: Ðj i Grader | L7: Ind./Kap. | N7: Belastning | P7: IL1 [A] | S7: IL2 [A] | V7: IL3 [A] | Y7: IN [A]
C8: Belastning 1 | F8: 0 | G8: =VLOOKUP(E51,B44:D46,3) -> [kW] | H8: =VLOOKUP(E51,M50:U53,J51+2) -> 0 | I8: 1 | K8: =IF(L51=1,-DEGREES(ACOS(I8)),DEGREES(ACOS(I8))) -> 0 | N8: =C8 -> Belastning 1 | O8: =HLOOKUP($J$51,$AA$49:$AG$54,3) -> 0 | P8: Ð | Q8: =HLOOKUP($J$51,$AJ$49:$AP$54,3) -> 0 | R8: =HLOOKUP($J$51,$AA$49:$AG$54,4) -> 0 | S8: Ð | T8: =HLOOKUP($J$51,$AJ$49:$AP$54,4) -> -120 | U8: =HLOOKUP($J$51,$AA$49:$AG$54,5) -> 0 | V8: Ð | W8: =HLOOKUP($J$51,$AJ$49:$AP$54,5) -> 120 | X8: =HLOOKUP($J$51,$AA$49:$AG$54,6) -> 0 | Y8: Ð | Z8: =HLOOKUP($J$51,$AJ$49:$AP$54,6) -> 0
C9: Belastning 2 | F9: 0 | G9: =VLOOKUP(E55,B44:D46,3) -> [kW] | H9: =VLOOKUP(E55,M55:U57,J55+2) -> 0 | I9: 1 | K9: =IF(L55=1,-DEGREES(ACOS(I9)),DEGREES(ACOS(I9))) -> 0 | L9: ½ | N9: =C9 -> Belastning 2 | O9: =HLOOKUP($J$55,$AA$56:$AG$61,3) -> 0 | P9: Ð | Q9: =HLOOKUP($J$55,$AJ$56:$AP$61,3) -> 0 | R9: =HLOOKUP($J$55,$AA$56:$AG$61,4) -> 0 | S9: Ð | T9: =HLOOKUP($J$55,$AJ$56:$AP$61,4) -> -120 | U9: =HLOOKUP($J$55,$AA$56:$AG$61,5) -> 0 | V9: Ð | W9: =HLOOKUP($J$55,$AJ$56:$AP$61,5) -> 120 | X9: =HLOOKUP($J$55,$AA$56:$AG$61,6) -> 0 | Y9: Ð | Z9: =HLOOKUP($J$55,$AJ$56:$AP$61,6) -> 0
C10: Belastning 3 | F10: 0 | G10: =VLOOKUP(E59,B44:D46,3) -> [kW] | H10: =VLOOKUP(E59,M59:U61,J59+2) -> 0 | I10: 1 | K10: =IF(L59=1,-DEGREES(ACOS(I10)),DEGREES(ACOS(I10))) -> 0 | N10: =C10 -> Belastning 3 | O10: =HLOOKUP($J$59,$AA$63:$AG468,3) -> 0 | P10: Ð | Q10: =HLOOKUP($J$59,$AJ$63:$AP$68,3) -> 0 | R10: =HLOOKUP($J$59,$AA$63:$AG468,4) -> 0 | S10: Ð | T10: =HLOOKUP($J$59,$AJ$63:$AP$68,4) -> -120 | U10: =HLOOKUP($J$59,$AA$63:$AG468,5) -> 0 | V10: Ð | W10: =HLOOKUP($J$59,$AJ$63:$AP$68,5) -> 120 | X10: =HLOOKUP($J$59,$AA$63:$AG468,6) -> 0 | Y10: Ð | Z10: =HLOOKUP($J$59,$AJ$63:$AP$68,6) -> 0
C11: Belastning 4 | F11: 0 | G11: =VLOOKUP(E63,B44:D46,3) -> [kW] | H11: =VLOOKUP(E63,M63:U65,J63+2) -> 0 | I11: 1 | K11: =IF(L63=1,-DEGREES(ACOS(I11)),DEGREES(ACOS(I11))) -> 0 | N11: =C11 -> Belastning 4 | O11: =HLOOKUP($J$63,$AA$70:$AG$75,3) -> 0 | P11: Ð | Q11: =HLOOKUP($J$63,$AJ$70:$AP$75,3) -> 0 | R11: =HLOOKUP($J$63,$AA$70:$AG$75,4) -> 0 | S11: Ð | T11: =HLOOKUP($J$63,$AJ$70:$AP$75,4) -> -120 | U11: =HLOOKUP($J$63,$AA$70:$AG$75,5) -> 0 | V11: Ð | W11: =HLOOKUP($J$63,$AJ$70:$AP$75,5) -> 120 | X11: =HLOOKUP($J$63,$AA$70:$AG$75,6) -> 0 | Y11: Ð | Z11: =HLOOKUP($J$63,$AJ$70:$AP$75,6) -> 0
C12: Belastning 5 | F12: 0 | G12: =VLOOKUP(E67,B44:D46,3) -> [kW] | H12: =VLOOKUP(E67,M67:U69,J67+2) -> 0 | I12: 1 | K12: =IF(L67=1,-DEGREES(ACOS(I12)),DEGREES(ACOS(I12))) -> 0 | N12: =C12 -> Belastning 5 | O12: =HLOOKUP($J$67,$AA$77:$AG$82,3) -> 0 | P12: Ð | Q12: =HLOOKUP($J$67,$AJ$77:$AP$82,3) -> 0 | R12: =HLOOKUP($J$67,$AA$77:$AG$82,4) -> 0 | S12: Ð | T12: =HLOOKUP($J$67,$AJ$77:$AP$82,4) -> -120 | U12: =HLOOKUP($J$67,$AA$77:$AG$82,5) -> 0 | V12: Ð | W12: =HLOOKUP($J$67,$AJ$77:$AP$82,5) -> 120 | X12: =HLOOKUP($J$67,$AA$77:$AG$82,6) -> 0 | Y12: Ð | Z12: =HLOOKUP($J$67,$AJ$77:$AP$82,6) -> 0
C13: Belastning 6 | F13: 0 | G13: =VLOOKUP(E71,B44:D46,3) -> [kW] | H13: =VLOOKUP(E71,M71:U73,J71+2) -> 0 | I13: 1 | K13: =IF(L71=1,-DEGREES(ACOS(I13)),DEGREES(ACOS(I13))) -> 0 | N13: =C13 -> Belastning 6 | O13: =HLOOKUP($J$71,$AA$84:$AG$89,3) -> 0 | P13: Ð | Q13: =HLOOKUP($J$71,$AJ$84:$AP$89,3) -> 0 | R13: =HLOOKUP($J$71,$AA$84:$AG$89,4) -> 0 | S13: Ð | T13: =HLOOKUP($J$71,$AJ$84:$AP$89,4) -> -120 | U13: =HLOOKUP($J$71,$AA$84:$AG$89,5) -> 0 | V13: Ð | W13: =HLOOKUP($J$71,$AJ$84:$AP$89,5) -> 120 | X13: =HLOOKUP($J$71,$AA$84:$AG$89,6) -> 0 | Y13: Ð | Z13: =HLOOKUP($J$71,$AJ$84:$AP$89,6) -> 0
C14: Belastning 7 | F14: 0 | G14: =VLOOKUP(E75,B44:D46,3) -> [kW] | H14: =VLOOKUP(E75,M75:U77,J75+2) -> 0 | I14: 1 | K14: =IF(L75=1,-DEGREES(ACOS(I14)),DEGREES(ACOS(I14))) -> 0 | N14: =C14 -> Belastning 7 | O14: =HLOOKUP($J$75,$AA$91:$AG$96,3) -> 0 | P14: Ð | Q14: =HLOOKUP($J$75,$AJ$91:$AP$96,3) -> 0 | R14: =HLOOKUP($J$75,$AA$91:$AG$96,4) -> 0 | S14: Ð | T14: =HLOOKUP($J$75,$AJ$91:$AP$96,4) -> -120 | U14: =HLOOKUP($J$75,$AA$91:$AG$96,5) -> 0 | V14: Ð | W14: =HLOOKUP($J$75,$AJ$91:$AP$96,5) -> 120 | X14: =HLOOKUP($J$75,$AA$91:$AG$96,6) -> 0 | Y14: Ð | Z14: =HLOOKUP($J$75,$AJ$91:$AP$96,6) -> 0
C15: Belastning 8 | F15: 0 | G15: =VLOOKUP(E79,B44:D46,3) -> [kW] | H15: =VLOOKUP(E79,M79:U81,J79+2) -> 0 | I15: 1 | K15: =IF(L79=1,-DEGREES(ACOS(I15)),DEGREES(ACOS(I15))) -> 0 | N15: =C15 -> Belastning 8 | O15: =HLOOKUP($J$79,$AA$98:$AG$103,3) -> 0 | P15: Ð | Q15: =HLOOKUP($J$79,$AJ$98:$AP$103,3) -> 0 | R15: =HLOOKUP($J$79,$AA$98:$AG$103,4) -> 0 | S15: Ð | T15: =HLOOKUP($J$79,$AJ$98:$AP$103,4) -> -120 | U15: =HLOOKUP($J$79,$AA$98:$AG$103,5) -> 0 | V15: Ð | W15: =HLOOKUP($J$79,$AJ$98:$AP$103,5) -> 120 | X15: =HLOOKUP($J$79,$AA$98:$AG$103,6) -> 0 | Y15: Ð | Z15: =HLOOKUP($J$79,$AJ$98:$AP$103,6) -> 0
C16: Belastning 9 | F16: 0 | G16: =VLOOKUP(E83,B44:D46,3) -> [kW] | H16: =VLOOKUP(E83,M83:U85,J83+2) -> 0 | I16: 1 | K16: =IF(L83=1,-DEGREES(ACOS(I16)),DEGREES(ACOS(I16))) -> 0 | N16: =C16 -> Belastning 9 | O16: =HLOOKUP($J$83,$AA$105:$AG$110,3) -> 0 | P16: Ð | Q16: =HLOOKUP($J$83,$AJ$105:$AP$110,3) -> 0 | R16: =HLOOKUP($J$83,$AA$105:$AG$110,4) -> 0 | S16: Ð | T16: =HLOOKUP($J$83,$AJ$105:$AP$110,4) -> -120 | U16: =HLOOKUP($J$83,$AA$105:$AG$110,5) -> 0 | V16: Ð | W16: =HLOOKUP($J$83,$AJ$105:$AP$110,5) -> 120 | X16: =HLOOKUP($J$83,$AA$105:$AG$110,6) -> 0 | Y16: Ð | Z16: =HLOOKUP($J$83,$AJ$105:$AP$110,6) -> 0
C17: Belastning 10 | F17: 0 | G17: =VLOOKUP(E87,B44:D46,3) -> [kW] | H17: =VLOOKUP(E87,M87:U89,J87+2) -> 0 | I17: 1 | K17: =IF(L87=1,-DEGREES(ACOS(I17)),DEGREES(ACOS(I17))) -> 0 | N17: =C17 -> Belastning 10 | O17: =HLOOKUP($J$87,$AA$112:$AG$117,3) -> 0 | P17: Ð | Q17: =HLOOKUP($J$87,$AJ$112:$AP$117,3) -> 0 | R17: =HLOOKUP($J$87,$AA$112:$AG$117,4) -> 0 | S17: Ð | T17: =HLOOKUP($J$87,$AJ$112:$AP$117,4) -> -120 | U17: =HLOOKUP($J$87,$AA$112:$AG$117,5) -> 0 | V17: Ð | W17: =HLOOKUP($J$87,$AJ$112:$AP$117,5) -> 120 | X17: =HLOOKUP($J$87,$AA$112:$AG$117,6) -> 0 | Y17: Ð | Z17: =HLOOKUP($J$87,$AJ$112:$AP$117,6) -> 0
C18: Belastning 11 | F18: 0 | G18: =VLOOKUP(E91,B44:D46,3) -> [kW] | H18: =VLOOKUP(E91,M91:U93,J91+2) -> 0 | I18: 1 | K18: =IF(L91=1,-DEGREES(ACOS(I18)),DEGREES(ACOS(I18))) -> 0 | N18: =C18 -> Belastning 11 | O18: =HLOOKUP($J$91,$AA$119:$AG$124,3) -> 0 | P18: Ð | Q18: =HLOOKUP($J$91,$AJ$119:$AP$124,3) -> 0 | R18: =HLOOKUP($J$91,$AA$119:$AG$124,4) -> 0 | S18: Ð | T18: =HLOOKUP($J$91,$AJ$119:$AP$124,4) -> -120 | U18: =HLOOKUP($J$91,$AA$119:$AG$124,5) -> 0 | V18: Ð | W18: =HLOOKUP($J$91,$AJ$119:$AP$124,5) -> 120 | X18: =HLOOKUP($J$91,$AA$119:$AG$124,6) -> 0 | Y18: Ð | Z18: =HLOOKUP($J$91,$AJ$119:$AP$124,6) -> 0
C19: Belastning 12 | F19: 0 | G19: =VLOOKUP(E95,B44:D46,3) -> [kW] | H19: =VLOOKUP(E95,M95:U97,J95+2) -> 0 | I19: 1 | K19: =IF(L95=1,-DEGREES(ACOS(I19)),DEGREES(ACOS(I19))) -> 0 | N19: =C19 -> Belastning 12 | O19: =HLOOKUP($J$95,$AA$126:$AG$131,3) -> 0 | P19: Ð | Q19: =HLOOKUP($J$95,$AJ$126:$AP$131,3) -> 0 | R19: =HLOOKUP($J$95,$AA$126:$AG$131,4) -> 0 | S19: Ð | T19: =HLOOKUP($J$95,$AJ$126:$AP$131,4) -> -120 | U19: =HLOOKUP($J$95,$AA$126:$AG$131,5) -> 0 | V19: Ð | W19: =HLOOKUP($J$95,$AJ$126:$AP$131,5) -> 120 | X19: =HLOOKUP($J$95,$AA$126:$AG$131,6) -> 0 | Y19: Ð | Z19: =HLOOKUP($J$95,$AJ$126:$AP$131,6) -> 0
C20: Belastning 13 | F20: 0 | G20: =VLOOKUP(E99,B44:D46,3) -> [kW] | H20: =VLOOKUP(E99,M99:U101,J99+2) -> 0 | I20: 1 | K20: =IF(L99=1,-DEGREES(ACOS(I20)),DEGREES(ACOS(I20))) -> 0 | N20: =C20 -> Belastning 13 | O20: =HLOOKUP($J$99,$AA$133:$AG$138,3) -> 0 | P20: Ð | Q20: =HLOOKUP($J$99,$AJ$133:$AP$138,3) -> 0 | R20: =HLOOKUP($J$99,$AA$133:$AG$138,4) -> 0 | S20: Ð | T20: =HLOOKUP($J$99,$AJ$133:$AP$138,4) -> -120 | U20: =HLOOKUP($J$99,$AA$133:$AG$138,5) -> 0 | V20: Ð | W20: =HLOOKUP($J$99,$AJ$133:$AP$138,5) -> 120 | X20: =HLOOKUP($J$99,$AA$133:$AG$138,6) -> 0 | Y20: Ð | Z20: =HLOOKUP($J$99,$AJ$133:$AP$138,6) -> 0
C21: Belastning 14 | F21: 0 | G21: =VLOOKUP(E103,B44:D46,3) -> [kW] | H21: =VLOOKUP(E103,M103:U105,J103+2) -> 0 | I21: 1 | K21: =IF(L103=1,-DEGREES(ACOS(I21)),DEGREES(ACOS(I21))) -> 0 | N21: =C21 -> Belastning 14 | O21: =HLOOKUP($J$103,$AA$140:$AG$145,3) -> 0 | P21: Ð | Q21: =HLOOKUP($J$103,$AJ$140:$AP$145,3) -> 0 | R21: =HLOOKUP($J$103,$AA$140:$AG$145,4) -> 0 | S21: Ð | T21: =HLOOKUP($J$103,$AJ$140:$AP$145,4) -> -120 | U21: =HLOOKUP($J$103,$AA$140:$AG$145,5) -> 0 | V21: Ð | W21: =HLOOKUP($J$103,$AJ$140:$AP$145,5) -> 120 | X21: =HLOOKUP($J$103,$AA$140:$AG$145,6) -> 0 | Y21: Ð | Z21: =HLOOKUP($J$103,$AJ$140:$AP$145,6) -> 0
C22: Belastning 15 | F22: 0 | G22: =VLOOKUP(E107,B44:D46,3) -> [kW] | H22: =VLOOKUP(E107,M107:U109,J107+2) -> 0 | I22: 1 | K22: =IF(L107=1,-DEGREES(ACOS(I22)),DEGREES(ACOS(I22))) -> 0 | N22: =C22 -> Belastning 15 | O22: =HLOOKUP($J$107,$AA$147:$AG$152,3) -> 0 | P22: Ð | Q22: =HLOOKUP($J$107,$AJ$147:$AP$152,3) -> 0 | R22: =HLOOKUP($J$107,$AA$147:$AG$152,4) -> 0 | S22: Ð | T22: =HLOOKUP($J$107,$AJ$147:$AP$152,4) -> -120 | U22: =HLOOKUP($J$107,$AA$147:$AG$152,5) -> 0 | V22: Ð | W22: =HLOOKUP($J$107,$AJ$147:$AP$152,5) -> 120 | X22: =HLOOKUP($J$107,$AA$147:$AG$152,6) -> 0 | Y22: Ð | Z22: =HLOOKUP($J$107,$AJ$147:$AP$152,6) -> 0
N23: ∑Itil - Global | O23: =SQRT(E128^2+F128^2) -> 0 | P23: Ð | Q23: =IFERROR(DEGREES(ATAN(F128/E128)),0) -> 0 | R23: =SQRT(G128^2+H128^2) -> 0 | S23: Ð | T23: =IFERROR(-DEGREES(ATAN(G128/H128))-90,0) -> 0 | U23: =SQRT(I128^2+J128^2) -> 0 | V23: Ð | W23: =IFERROR(-DEGREES(ATAN(I128/J128))+90,0) -> 0 | X23: =IMABS(COMPLEX(C134+F134+I134,C135+F135+I135)) -> 0 | Y23: Ð | Z23: =IFERROR(DEGREES(IMARGUMENT(IMSUM(L135)))+180,0) -> 0
N24: ∑IB - Global | O24: =O23*Q3*T3 -> 0 | P24: Ð | Q24: =Q23 -> 0 | R24: =R23*Q3*T3 -> 0 | S24: Ð | T24: =T23 -> 0 | U24: =U23*Q3*T3 -> 0 | V24: Ð | W24: =W23 -> 0 | X24: =(X23)*Q3*T3 -> 0 | Y24: Ð | Z24: =Z23 -> 0
N25: ∑IB - Lokal | O25: =O24 -> 0 | P25: Ð | Q25: =Q23 -> 0 | R25: =R24 -> 0 | S25: Ð | T25: =T24+120 -> 120 | U25: =U24 -> 0 | V25: Ð | W25: =W24-120 -> -120 | X25: =(X24) -> 0 | Y25: Ð | Z25: =Z24 -> 0
N26: 3. harmoniske | O26: =IFERROR(((I5/3)/O24)*100,0) -> 0 | P26: % | R26: =IFERROR(((I5/3)/R24)*100,0) -> 0 | S26: % | U26: =IFERROR(((I5/3)/U24)*100,0) -> 0 | V26: %
K27: Tjek SB side 193
I39: 1 | J39: 3 - faser
I40: 2 | J40: L1 - N
I41: 3 | J41: L2 - N
I42: 4 | J42: L3 - N
I43: 5 | J43: L1 - L2 | AA43: 3-harmoniske
B44: 1 | C44: P [kW] | D44: [kW] | I44: 6 | J44: L2 - L3 | L44: Induktiv | Y44: 1 | Z44: IL1 | AB44: %
B45: 2 | C45: S [kVA] | D45: [kVA] | I45: 7 | J45: L1 - L3 | L45: Kapasativ | Y45: 2 | Z45: IL2 | AB45: %
B46: 3 | C46: I [A] | D46: [A] | Y46: 3 | Z46: IL3 | AB46: %
Y47: 4 | Z47: IN
E49: Output | AA49: 1 | AB49: 2 | AC49: 3 | AD49: 4 | AE49: 5 | AF49: 6 | AG49: 7 | AJ49: 1 | AK49: 2 | AL49: 3 | AM49: 4 | AN49: 5 | AO49: 6 | AP49: 7
O50: 3-faset | P50: L1-N | Q50: L2-N | R50: L3-N | S50: L1-L2 | T50: L2-L3 | U50: L1-L3 | AA50: 3-faset | AB50: L1-N | AC50: L2-N | AD50: L3-N | AE50: L1-L2 | AF50: L2-L3 | AG50: L1-L3 | AI50: Ðj Grader | AJ50: 3-faset | AK50: L1-N | AL50: L2-N | AM50: L3-N | AN50: L1-L2 | AO50: L2-L3 | AP50: L1-L3
C51: Belastning 1 | E51: 1 | J51: 1 | L51: 1 | M51: 1 | N51: P | O51: =(F8*1000)/($D$5*SQRT(3)*I8) -> 0 | P51: =($F$8*1000)/(($D$5/SQRT(3))*$I$8) -> 0 | Q51: =P51 -> 0 | R51: =P51 -> 0 | S51: =($F$8*1000)/($D$5*$I$8) -> 0 | T51: =S51 -> 0 | U51: =S51 -> 0 | Z51: IL1 | AA51: =H8 -> 0 | AB51: =AA51 -> 0 | AC51: 0 | AD51: 0 | AE51: =AA51 -> 0 | AF51: 0 | AG51: =AA51 -> 0 | AI51: IL1 | AJ51: =K8 -> 0 | AK51: =AJ51 -> 0 | AL51: 0 | AM51: 0 | AN51: =AJ51+30 -> 30 | AO51: 0 | AP51: =AJ51-30 -> -30
M52: 2 | N52: S | O52: =(F8*1000)/($D$5*SQRT(3)) -> 0 | P52: =($F$8*1000)/(($D$5/SQRT(3))) -> 0 | Q52: =P52 -> 0 | R52: =P52 -> 0 | S52: =($F$8*1000)/($D$5) -> 0 | T52: =S52 -> 0 | U52: =S52 -> 0 | Y52: 1 | Z52: IL2 | AA52: =AA51 -> 0 | AB52: 0 | AC52: =AA51 -> 0 | AD52: 0 | AE52: =AA51 -> 0 | AF52: =AA51 -> 0 | AG52: 0 | AI52: IL2 | AJ52: =AJ51-120 -> -120 | AK52: 0 | AL52: =AJ51-120 -> -120 | AM52: 0 | AN52: =AJ51-150 -> -150 | AO52: =AJ51-90 -> -90 | AP52: 0
M53: 3 | N53: I | O53: =F8 -> 0 | P53: =$F$8 -> 0 | Q53: =$F$8 -> 0 | R53: =$F$8 -> 0 | S53: =$F$8 -> 0 | T53: =$F$8 -> 0 | U53: =$F$8 -> 0 | Z53: IL3 | AA53: =AA51 -> 0 | AB53: 0 | AC53: 0 | AD53: =AA51 -> 0 | AE53: 0 | AF53: =AA51 -> 0 | AG53: =AA51 -> 0 | AI53: IL3 | AJ53: =AJ51+120 -> 120 | AK53: 0 | AL53: 0 | AM53: =AJ51+120 -> 120 | AN53: 0 | AO53: =AJ51+90 -> 90 | AP53: =AJ51+150 -> 150
Z54: IN | AA54: 0 | AB54: =AA51 -> 0 | AC54: =AA51 -> 0 | AD54: =AA51 -> 0 | AE54: 0 | AF54: 0 | AG54: 0 | AI54: IN | AJ54: 0 | AK54: =AJ51+180 -> 180 | AL54: =AJ51+180-120 -> 60 | AM54: =AJ51-180+120 -> -60 | AN54: 0 | AO54: 0 | AP54: 0
C55: Belastning 2 | E55: 1 | J55: 1 | L55: 1 | M55: 1 | N55: P | O55: =($F$9*1000)/($D$5*SQRT(3)*$I$9) -> 0 | P55: =($F$9*1000)/(($D$5/SQRT(3))*$I$9) -> 0 | Q55: =P55 -> 0 | R55: =P55 -> 0 | S55: =($F$9*1000)/($D$5*$I$9) -> 0 | T55: =S55 -> 0 | U55: =S55 -> 0
M56: 2 | N56: S | O56: =($F$9*1000)/($D$5*SQRT(3)) -> 0 | P56: =($F$9*1000)/(($D$5/SQRT(3))) -> 0 | Q56: =P56 -> 0 | R56: =P56 -> 0 | S56: =($F$9*1000)/($D$5) -> 0 | T56: =S56 -> 0 | U56: =S56 -> 0 | AA56: 1 | AB56: 2 | AC56: 3 | AD56: 4 | AE56: 5 | AF56: 6 | AG56: 7 | AJ56: 1 | AK56: 2 | AL56: 3 | AM56: 4 | AN56: 5 | AO56: 6 | AP56: 7
M57: 3 | N57: I | O57: =$F$9 -> 0 | P57: =O57 -> 0 | Q57: =O57 -> 0 | R57: =O57 -> 0 | S57: =O57 -> 0 | T57: =O57 -> 0 | U57: =O57 -> 0 | AA57: 3-faset | AB57: L1-N | AC57: L2-N | AD57: L3-N | AE57: L1-L2 | AF57: L2-L3 | AG57: L1-L3 | AI57: Ðj Grader | AJ57: 3-faset | AK57: L1-N | AL57: L2-N | AM57: L3-N | AN57: L1-L2 | AO57: L2-L3 | AP57: L1-L3
Z58: IL1 | AA58: =H9 -> 0 | AB58: =AA58 -> 0 | AC58: 0 | AD58: 0 | AE58: =AA58 -> 0 | AF58: 0 | AG58: =AA58 -> 0 | AI58: IL1 | AJ58: =K9 -> 0 | AK58: =AJ58 -> 0 | AL58: 0 | AM58: 0 | AN58: =AJ58+30 -> 30 | AO58: 0 | AP58: =AJ58-30 -> -30
C59: Belastning 3 | E59: 1 | J59: 1 | L59: 1 | M59: 1 | N59: P | O59: =($F$10*1000)/($D$5*SQRT(3)*$I$10) -> 0 | P59: =($F$10*1000)/(($D$5/SQRT(3))*$I$10) -> 0 | Q59: =P59 -> 0 | R59: =P59 -> 0 | S59: =($F$10*1000)/($D$5*$I$10) -> 0 | T59: =S59 -> 0 | U59: =S59 -> 0 | Y59: 2 | Z59: IL2 | AA59: =AA58 -> 0 | AB59: 0 | AC59: =AA58 -> 0 | AD59: 0 | AE59: =AA58 -> 0 | AF59: =AA58 -> 0 | AG59: 0 | AI59: IL2 | AJ59: =AJ58-120 -> -120 | AK59: 0 | AL59: =AJ58-120 -> -120 | AM59: 0 | AN59: =AJ58-150 -> -150 | AO59: =AJ58-90 -> -90 | AP59: 0
M60: 2 | N60: S | O60: =($F$10*1000)/($D$5*SQRT(3)) -> 0 | P60: =($F$10*1000)/(($D$5/SQRT(3))) -> 0 | Q60: =P60 -> 0 | R60: =P60 -> 0 | S60: =($F$10*1000)/($D$5) -> 0 | T60: =S60 -> 0 | U60: =S60 -> 0 | Z60: IL3 | AA60: =AA58 -> 0 | AB60: 0 | AC60: 0 | AD60: =AA58 -> 0 | AE60: 0 | AF60: =AA58 -> 0 | AG60: =AA58 -> 0 | AI60: IL3 | AJ60: =AJ58+120 -> 120 | AK60: 0 | AL60: 0 | AM60: =AJ58+120 -> 120 | AN60: 0 | AO60: =AJ58+90 -> 90 | AP60: =AJ58+150 -> 150
M61: 3 | N61: I | O61: =$F$10 -> 0 | P61: =O61 -> 0 | Q61: =O61 -> 0 | R61: =O61 -> 0 | S61: =O61 -> 0 | T61: =O61 -> 0 | U61: =O61 -> 0 | Z61: IN | AA61: 0 | AB61: =AA58 -> 0 | AC61: =AA58 -> 0 | AD61: =AA58 -> 0 | AE61: 0 | AF61: 0 | AG61: 0 | AI61: IN | AJ61: 0 | AK61: =AJ58+180 -> 180 | AL61: =AJ58+180-120 -> 60 | AM61: =AJ58-180+120 -> -60 | AN61: 0 | AO61: 0 | AP61: 0
C63: Belastning 4 | E63: 1 | J63: 1 | L63: 1 | M63: 1 | N63: P | O63: =($F$11*1000)/($D$5*SQRT(3)*$I$11) -> 0 | P63: =($F$11*1000)/(($D$5/SQRT(3))*$I$11) -> 0 | Q63: =P63 -> 0 | R63: =P63 -> 0 | S63: =($F$11*1000)/($D$5*$I$11) -> 0 | T63: =S63 -> 0 | U63: =S63 -> 0 | AA63: 1 | AB63: 2 | AC63: 3 | AD63: 4 | AE63: 5 | AF63: 6 | AG63: 7 | AJ63: 1 | AK63: 2 | AL63: 3 | AM63: 4 | AN63: 5 | AO63: 6 | AP63: 7
M64: 2 | N64: S | O64: =($F$11*1000)/($D$5*SQRT(3)) -> 0 | P64: =($F$11*1000)/(($D$5/SQRT(3))) -> 0 | Q64: =P64 -> 0 | R64: =P64 -> 0 | S64: =($F$11*1000)/($D$5) -> 0 | T64: =S64 -> 0 | U64: =S64 -> 0 | AA64: 3-faset | AB64: L1-N | AC64: L2-N | AD64: L3-N | AE64: L1-L2 | AF64: L2-L3 | AG64: L1-L3 | AI64: Ðj Grader | AJ64: 3-faset | AK64: L1-N | AL64: L2-N | AM64: L3-N | AN64: L1-L2 | AO64: L2-L3 | AP64: L1-L3
M65: 3 | N65: I | O65: =$F$11 -> 0 | P65: =O65 -> 0 | Q65: =O65 -> 0 | R65: =O65 -> 0 | S65: =O65 -> 0 | T65: =O65 -> 0 | U65: =O65 -> 0 | Z65: IL1 | AA65: =H10 -> 0 | AB65: =AA65 -> 0 | AC65: 0 | AD65: 0 | AE65: =AA65 -> 0 | AF65: 0 | AG65: =AA65 -> 0 | AI65: IL1 | AJ65: =K10 -> 0 | AK65: =AJ65 -> 0 | AL65: 0 | AM65: 0 | AN65: =AJ65+30 -> 30 | AO65: 0 | AP65: =AJ65-30 -> -30
Y66: 3 | Z66: IL2 | AA66: =AA65 -> 0 | AB66: 0 | AC66: =AA65 -> 0 | AD66: 0 | AE66: =AA65 -> 0 | AF66: =AA65 -> 0 | AG66: 0 | AI66: IL2 | AJ66: =AJ65-120 -> -120 | AK66: 0 | AL66: =AJ65-120 -> -120 | AM66: 0 | AN66: =AJ65-150 -> -150 | AO66: =AJ65-90 -> -90 | AP66: 0
C67: Belastning 5 | E67: 1 | J67: 1 | L67: 1 | M67: 1 | N67: P | O67: =($F$12*1000)/($D$5*SQRT(3)*$I$12) -> 0 | P67: =($F$12*1000)/(($D$5/SQRT(3))*$I$12) -> 0 | Q67: =P67 -> 0 | R67: =P67 -> 0 | S67: =($F$12*1000)/($D$5*$I$12) -> 0 | T67: =S67 -> 0 | U67: =S67 -> 0 | Z67: IL3 | AA67: =AA65 -> 0 | AB67: 0 | AC67: 0 | AD67: =AA65 -> 0 | AE67: 0 | AF67: =AA65 -> 0 | AG67: =AA65 -> 0 | AI67: IL3 | AJ67: =AJ65+120 -> 120 | AK67: 0 | AL67: 0 | AM67: =AJ65+120 -> 120 | AN67: 0 | AO67: =AJ65+90 -> 90 | AP67: =AJ65+150 -> 150
M68: 2 | N68: S | O68: =($F$12*1000)/($D$5*SQRT(3)) -> 0 | P68: =($F$12*1000)/(($D$5/SQRT(3))) -> 0 | Q68: =P68 -> 0 | R68: =P68 -> 0 | S68: =($F$12*1000)/($D$5) -> 0 | T68: =S68 -> 0 | U68: =S68 -> 0 | Z68: IN | AA68: 0 | AB68: =AA65 -> 0 | AC68: =AA65 -> 0 | AD68: =AA65 -> 0 | AE68: 0 | AF68: 0 | AG68: 0 | AI68: IN | AJ68: 0 | AK68: =AJ65+180 -> 180 | AL68: =AJ65+180-120 -> 60 | AM68: =AJ65-180+120 -> -60 | AN68: 0 | AO68: 0 | AP68: 0
M69: 3 | N69: I | O69: =$F$12 -> 0 | P69: =O69 -> 0 | Q69: =O69 -> 0 | R69: =O69 -> 0 | S69: =O69 -> 0 | T69: =O69 -> 0 | U69: =O69 -> 0
AA70: 1 | AB70: 2 | AC70: 3 | AD70: 4 | AE70: 5 | AF70: 6 | AG70: 7 | AJ70: 1 | AK70: 2 | AL70: 3 | AM70: 4 | AN70: 5 | AO70: 6 | AP70: 7
C71: Belastning 6 | E71: 1 | J71: 1 | L71: 1 | M71: 1 | N71: P | O71: =($F$13*1000)/($D$5*SQRT(3)*$I$13) -> 0 | P71: =($F$13*1000)/(($D$5/SQRT(3))*$I$13) -> 0 | Q71: =P71 -> 0 | R71: =P71 -> 0 | S71: =($F$13*1000)/($D$5*$I$13) -> 0 | T71: =S71 -> 0 | U71: =S71 -> 0 | AA71: 3-faset | AB71: L1-N | AC71: L2-N | AD71: L3-N | AE71: L1-L2 | AF71: L2-L3 | AG71: L1-L3 | AI71: Ðj Grader | AJ71: 3-faset | AK71: L1-N | AL71: L2-N | AM71: L3-N | AN71: L1-L2 | AO71: L2-L3 | AP71: L1-L3
M72: 2 | N72: S | O72: =($F$13*1000)/($D$5*SQRT(3)) -> 0 | P72: =($F$13*1000)/(($D$5/SQRT(3))) -> 0 | Q72: =P72 -> 0 | R72: =P72 -> 0 | S72: =($F$13*1000)/($D$5) -> 0 | T72: =S72 -> 0 | U72: =S72 -> 0 | Z72: IL1 | AA72: =H11 -> 0 | AB72: =AA72 -> 0 | AC72: 0 | AD72: 0 | AE72: =AA72 -> 0 | AF72: 0 | AG72: =AA72 -> 0 | AI72: IL1 | AJ72: =K11 -> 0 | AK72: =AJ72 -> 0 | AL72: 0 | AM72: 0 | AN72: =AJ72+30 -> 30 | AO72: 0 | AP72: =AJ72-30 -> -30
M73: 3 | N73: I | O73: =$F$13 -> 0 | P73: =O73 -> 0 | Q73: =O73 -> 0 | R73: =O73 -> 0 | S73: =O73 -> 0 | T73: =O73 -> 0 | U73: =O73 -> 0 | Y73: 4 | Z73: IL2 | AA73: =AA72 -> 0 | AB73: 0 | AC73: =AA72 -> 0 | AD73: 0 | AE73: =AA72 -> 0 | AF73: =AA72 -> 0 | AG73: 0 | AI73: IL2 | AJ73: =AJ72-120 -> -120 | AK73: 0 | AL73: =AJ72-120 -> -120 | AM73: 0 | AN73: =AJ72-150 -> -150 | AO73: =AJ72-90 -> -90 | AP73: 0
Z74: IL3 | AA74: =AA72 -> 0 | AB74: 0 | AC74: 0 | AD74: =AA72 -> 0 | AE74: 0 | AF74: =AA72 -> 0 | AG74: =AA72 -> 0 | AI74: IL3 | AJ74: =AJ72+120 -> 120 | AK74: 0 | AL74: 0 | AM74: =AJ72+120 -> 120 | AN74: 0 | AO74: =AJ72+90 -> 90 | AP74: =AJ72+150 -> 150
C75: Belastning 7 | E75: 1 | J75: 1 | L75: 1 | M75: 1 | N75: P | O75: =($F$14*1000)/($D$5*SQRT(3)*$I$14) -> 0 | P75: =($F$14*1000)/(($D$5/SQRT(3))*$I$14) -> 0 | Q75: =P75 -> 0 | R75: =P75 -> 0 | S75: =($F$14*1000)/($D$5*$I$14) -> 0 | T75: =S75 -> 0 | U75: =S75 -> 0 | Z75: IN | AA75: 0 | AB75: =AA72 -> 0 | AC75: =AA72 -> 0 | AD75: =AA72 -> 0 | AE75: 0 | AF75: 0 | AG75: 0 | AI75: IN | AJ75: 0 | AK75: =AJ72+180 -> 180 | AL75: =AJ72+180-120 -> 60 | AM75: =AJ72-180+120 -> -60 | AN75: 0 | AO75: 0 | AP75: 0
M76: 2 | N76: S | O76: =($F$14*1000)/($D$5*SQRT(3)) -> 0 | P76: =($F$14*1000)/(($D$5/SQRT(3))) -> 0 | Q76: =P76 -> 0 | R76: =P76 -> 0 | S76: =($F$14*1000)/($D$5) -> 0 | T76: =S76 -> 0 | U76: =S76 -> 0
M77: 3 | N77: I | O77: =$F$14 -> 0 | P77: =O77 -> 0 | Q77: =O77 -> 0 | R77: =O77 -> 0 | S77: =O77 -> 0 | T77: =O77 -> 0 | U77: =O77 -> 0 | AA77: 1 | AB77: 2 | AC77: 3 | AD77: 4 | AE77: 5 | AF77: 6 | AG77: 7 | AJ77: 1 | AK77: 2 | AL77: 3 | AM77: 4 | AN77: 5 | AO77: 6 | AP77: 7
AA78: 3-faset | AB78: L1-N | AC78: L2-N | AD78: L3-N | AE78: L1-L2 | AF78: L2-L3 | AG78: L1-L3 | AI78: Ðj Grader | AJ78: 3-faset | AK78: L1-N | AL78: L2-N | AM78: L3-N | AN78: L1-L2 | AO78: L2-L3 | AP78: L1-L3
C79: Belastning 8 | E79: 1 | J79: 1 | L79: 1 | M79: 1 | N79: P | O79: =($F$15*1000)/($D$5*SQRT(3)*$I$15) -> 0 | P79: =($F$15*1000)/(($D$5/SQRT(3))*$I$15) -> 0 | Q79: =P79 -> 0 | R79: =P79 -> 0 | S79: =($F$15*1000)/($D$5*$I$15) -> 0 | T79: =S79 -> 0 | U79: =S79 -> 0 | Z79: IL1 | AA79: =H12 -> 0 | AB79: =AA79 -> 0 | AC79: 0 | AD79: 0 | AE79: =AA79 -> 0 | AF79: 0 | AG79: =AA79 -> 0 | AI79: IL1 | AJ79: =K12 -> 0 | AK79: =AJ79 -> 0 | AL79: 0 | AM79: 0 | AN79: =AJ79+30 -> 30 | AO79: 0 | AP79: =AJ79-30 -> -30
M80: 2 | N80: S | O80: =($F$15*1000)/($D$5*SQRT(3)) -> 0 | P80: =($F$15*1000)/(($D$5/SQRT(3))) -> 0 | Q80: =P80 -> 0 | R80: =P80 -> 0 | S80: =($F$15*1000)/($D$5) -> 0 | T80: =S80 -> 0 | U80: =S80 -> 0 | Y80: 5 | Z80: IL2 | AA80: =AA79 -> 0 | AB80: 0 | AC80: =AA79 -> 0 | AD80: 0 | AE80: =AA79 -> 0 | AF80: =AA79 -> 0 | AG80: 0 | AI80: IL2 | AJ80: =AJ79-120 -> -120 | AK80: 0 | AL80: =AJ79-120 -> -120 | AM80: 0 | AN80: =AJ79-150 -> -150 | AO80: =AJ79-90 -> -90 | AP80: 0
M81: 3 | N81: I | O81: =$F$15 -> 0 | P81: =O81 -> 0 | Q81: =O81 -> 0 | R81: =O81 -> 0 | S81: =O81 -> 0 | T81: =O81 -> 0 | U81: =O81 -> 0 | Z81: IL3 | AA81: =AA79 -> 0 | AB81: 0 | AC81: 0 | AD81: =AA79 -> 0 | AE81: 0 | AF81: =AA79 -> 0 | AG81: =AA79 -> 0 | AI81: IL3 | AJ81: =AJ79+120 -> 120 | AK81: 0 | AL81: 0 | AM81: =AJ79+120 -> 120 | AN81: 0 | AO81: =AJ79+90 -> 90 | AP81: =AJ79+150 -> 150
Z82: IN | AA82: 0 | AB82: =AA79 -> 0 | AC82: =AA79 -> 0 | AD82: =AA79 -> 0 | AE82: 0 | AF82: 0 | AG82: 0 | AI82: IN | AJ82: 0 | AK82: =AJ79+180 -> 180 | AL82: =AJ79+180-120 -> 60 | AM82: =AJ79-180+120 -> -60 | AN82: 0 | AO82: 0 | AP82: 0
C83: Belastning 9 | E83: 1 | J83: 1 | L83: 1 | M83: 1 | N83: P | O83: =($F$16*1000)/($D$5*SQRT(3)*$I$16) -> 0 | P83: =($F$16*1000)/(($D$5/SQRT(3))*$I$16) -> 0 | Q83: =P83 -> 0 | R83: =P83 -> 0 | S83: =($F$16*1000)/($D$5*$I$16) -> 0 | T83: =S83 -> 0 | U83: =S83 -> 0
M84: 2 | N84: S | O84: =($F$16*1000)/($D$5*SQRT(3)) -> 0 | P84: =($F$16*1000)/(($D$5/SQRT(3))) -> 0 | Q84: =P84 -> 0 | R84: =P84 -> 0 | S84: =($F$16*1000)/($D$5) -> 0 | T84: =S84 -> 0 | U84: =S84 -> 0 | AA84: 1 | AB84: 2 | AC84: 3 | AD84: 4 | AE84: 5 | AF84: 6 | AG84: 7 | AJ84: 1 | AK84: 2 | AL84: 3 | AM84: 4 | AN84: 5 | AO84: 6 | AP84: 7
M85: 3 | N85: I | O85: =$F$16 -> 0 | P85: =O85 -> 0 | Q85: =O85 -> 0 | R85: =O85 -> 0 | S85: =O85 -> 0 | T85: =O85 -> 0 | U85: =O85 -> 0 | AA85: 3-faset | AB85: L1-N | AC85: L2-N | AD85: L3-N | AE85: L1-L2 | AF85: L2-L3 | AG85: L1-L3 | AI85: Ðj Grader | AJ85: 3-faset | AK85: L1-N | AL85: L2-N | AM85: L3-N | AN85: L1-L2 | AO85: L2-L3 | AP85: L1-L3
Z86: IL1 | AA86: =H13 -> 0 | AB86: =AA86 -> 0 | AC86: 0 | AD86: 0 | AE86: =AA86 -> 0 | AF86: 0 | AG86: =AA86 -> 0 | AI86: IL1 | AJ86: =K13 -> 0 | AK86: =AJ86 -> 0 | AL86: 0 | AM86: 0 | AN86: =AJ86+30 -> 30 | AO86: 0 | AP86: =AJ86-30 -> -30
C87: Belastning 10 | E87: 1 | J87: 1 | L87: 1 | M87: 1 | N87: P | O87: =($F$17*1000)/($D$5*SQRT(3)*$I$17) -> 0 | P87: =($F$17*1000)/(($D$5/SQRT(3))*$I$17) -> 0 | Q87: =P87 -> 0 | R87: =P87 -> 0 | S87: =($F$17*1000)/($D$5*$I$17) -> 0 | T87: =S87 -> 0 | U87: =S87 -> 0 | Y87: 6 | Z87: IL2 | AA87: =AA86 -> 0 | AB87: 0 | AC87: =AA86 -> 0 | AD87: 0 | AE87: =AA86 -> 0 | AF87: =AA86 -> 0 | AG87: 0 | AI87: IL2 | AJ87: =AJ86-120 -> -120 | AK87: 0 | AL87: =AJ86-120 -> -120 | AM87: 0 | AN87: =AJ86-150 -> -150 | AO87: =AJ86-90 -> -90 | AP87: 0
M88: 2 | N88: S | O88: =($F$17*1000)/($D$5*SQRT(3)) -> 0 | P88: =($F$17*1000)/(($D$5/SQRT(3))) -> 0 | Q88: =P88 -> 0 | R88: =P88 -> 0 | S88: =($F$17*1000)/($D$5) -> 0 | T88: =S88 -> 0 | U88: =S88 -> 0 | Z88: IL3 | AA88: =AA86 -> 0 | AB88: 0 | AC88: 0 | AD88: =AA86 -> 0 | AE88: 0 | AF88: =AA86 -> 0 | AG88: =AA86 -> 0 | AI88: IL3 | AJ88: =AJ86+120 -> 120 | AK88: 0 | AL88: 0 | AM88: =AJ86+120 -> 120 | AN88: 0 | AO88: =AJ86+90 -> 90 | AP88: =AJ86+150 -> 150
M89: 3 | N89: I | O89: =$F$17 -> 0 | P89: =O89 -> 0 | Q89: =O89 -> 0 | R89: =O89 -> 0 | S89: =O89 -> 0 | T89: =O89 -> 0 | U89: =O89 -> 0 | Z89: IN | AA89: 0 | AB89: =AA86 -> 0 | AC89: =AA86 -> 0 | AD89: =AA86 -> 0 | AE89: 0 | AF89: 0 | AG89: 0 | AI89: IN | AJ89: 0 | AK89: =AJ86+180 -> 180 | AL89: =AJ86+180-120 -> 60 | AM89: =AJ86-180+120 -> -60 | AN89: 0 | AO89: 0 | AP89: 0
C91: Belastning 11 | E91: 1 | J91: 1 | L91: 1 | M91: 1 | N91: P | O91: =($F$18*1000)/($D$5*SQRT(3)*$I$18) -> 0 | P91: =($F$18*1000)/(($D$5/SQRT(3))*$I$18) -> 0 | Q91: =P91 -> 0 | R91: =P91 -> 0 | S91: =($F$18*1000)/($D$5*$I$18) -> 0 | T91: =S91 -> 0 | U91: =S91 -> 0 | AA91: 1 | AB91: 2 | AC91: 3 | AD91: 4 | AE91: 5 | AF91: 6 | AG91: 7 | AJ91: 1 | AK91: 2 | AL91: 3 | AM91: 4 | AN91: 5 | AO91: 6 | AP91: 7
M92: 2 | N92: S | O92: =($F$18*1000)/($D$5*SQRT(3)) -> 0 | P92: =($F$18*1000)/(($D$5/SQRT(3))) -> 0 | Q92: =P92 -> 0 | R92: =P92 -> 0 | S92: =($F$18*1000)/($D$5) -> 0 | T92: =S92 -> 0 | U92: =S92 -> 0 | AA92: 3-faset | AB92: L1-N | AC92: L2-N | AD92: L3-N | AE92: L1-L2 | AF92: L2-L3 | AG92: L1-L3 | AI92: Ðj Grader | AJ92: 3-faset | AK92: L1-N | AL92: L2-N | AM92: L3-N | AN92: L1-L2 | AO92: L2-L3 | AP92: L1-L3
M93: 3 | N93: I | O93: =$F$18 -> 0 | P93: =O93 -> 0 | Q93: =O93 -> 0 | R93: =O93 -> 0 | S93: =O93 -> 0 | T93: =O93 -> 0 | U93: =O93 -> 0 | Z93: IL1 | AA93: =H14 -> 0 | AB93: =AA93 -> 0 | AC93: 0 | AD93: 0 | AE93: =AA93 -> 0 | AF93: 0 | AG93: =AA93 -> 0 | AI93: IL1 | AJ93: =K14 -> 0 | AK93: =AJ93 -> 0 | AL93: 0 | AM93: 0 | AN93: =AJ93+30 -> 30 | AO93: 0 | AP93: =AJ93-30 -> -30
Y94: 7 | Z94: IL2 | AA94: =AA93 -> 0 | AB94: 0 | AC94: =AA93 -> 0 | AD94: 0 | AE94: =AA93 -> 0 | AF94: =AA93 -> 0 | AG94: 0 | AI94: IL2 | AJ94: =AJ93-120 -> -120 | AK94: 0 | AL94: =AJ93-120 -> -120 | AM94: 0 | AN94: =AJ93-150 -> -150 | AO94: =AJ93-90 -> -90 | AP94: 0
C95: Belastning 12 | E95: 1 | J95: 1 | L95: 1 | M95: 1 | N95: P | O95: =($F$19*1000)/($D$5*SQRT(3)*$I$19) -> 0 | P95: =($F$19*1000)/(($D$5/SQRT(3))*$I$19) -> 0 | Q95: =P95 -> 0 | R95: =P95 -> 0 | S95: =($F$19*1000)/($D$5*$I$19) -> 0 | T95: =S95 -> 0 | U95: =S95 -> 0 | Z95: IL3 | AA95: =AA93 -> 0 | AB95: 0 | AC95: 0 | AD95: =AA93 -> 0 | AE95: 0 | AF95: =AA93 -> 0 | AG95: =AA93 -> 0 | AI95: IL3 | AJ95: =AJ93+120 -> 120 | AK95: 0 | AL95: 0 | AM95: =AJ93+120 -> 120 | AN95: 0 | AO95: =AJ93+90 -> 90 | AP95: =AJ93+150 -> 150
M96: 2 | N96: S | O96: =($F$19*1000)/($D$5*SQRT(3)) -> 0 | P96: =($F$19*1000)/(($D$5/SQRT(3))) -> 0 | Q96: =P96 -> 0 | R96: =P96 -> 0 | S96: =($F$19*1000)/($D$5) -> 0 | T96: =S96 -> 0 | U96: =S96 -> 0 | Z96: IN | AA96: 0 | AB96: =AA93 -> 0 | AC96: =AA93 -> 0 | AD96: =AA93 -> 0 | AE96: 0 | AF96: 0 | AG96: 0 | AI96: IN | AJ96: 0 | AK96: =AJ93+180 -> 180 | AL96: =AJ93+180-120 -> 60 | AM96: =AJ93-180+120 -> -60 | AN96: 0 | AO96: 0 | AP96: 0
M97: 3 | N97: I | O97: =$F$19 -> 0 | P97: =O97 -> 0 | Q97: =O97 -> 0 | R97: =O97 -> 0 | S97: =O97 -> 0 | T97: =O97 -> 0 | U97: =O97 -> 0
AA98: 1 | AB98: 2 | AC98: 3 | AD98: 4 | AE98: 5 | AF98: 6 | AG98: 7 | AJ98: 1 | AK98: 2 | AL98: 3 | AM98: 4 | AN98: 5 | AO98: 6 | AP98: 7
C99: Belastning 13 | E99: 1 | J99: 1 | L99: 1 | M99: 1 | N99: P | O99: =($F$20*1000)/($D$5*SQRT(3)*$I$20) -> 0 | P99: =($F$20*1000)/(($D$5/SQRT(3))*$I$20) -> 0 | Q99: =P99 -> 0 | R99: =P99 -> 0 | S99: =($F$20*1000)/($D$5*$I$20) -> 0 | T99: =S99 -> 0 | U99: =S99 -> 0 | AA99: 3-faset | AB99: L1-N | AC99: L2-N | AD99: L3-N | AE99: L1-L2 | AF99: L2-L3 | AG99: L1-L3 | AI99: Ðj Grader | AJ99: 3-faset | AK99: L1-N | AL99: L2-N | AM99: L3-N | AN99: L1-L2 | AO99: L2-L3 | AP99: L1-L3
M100: 2 | N100: S | O100: =($F$20*1000)/($D$5*SQRT(3)) -> 0 | P100: =($F$20*1000)/(($D$5/SQRT(3))) -> 0 | Q100: =P100 -> 0 | R100: =P100 -> 0 | S100: =($F$20*1000)/($D$5) -> 0 | T100: =S100 -> 0 | U100: =S100 -> 0 | Z100: IL1 | AA100: =H15 -> 0 | AB100: =AA100 -> 0 | AC100: 0 | AD100: 0 | AE100: =AA100 -> 0 | AF100: 0 | AG100: =AA100 -> 0 | AI100: IL1 | AJ100: =K15 -> 0 | AK100: =AJ100 -> 0 | AL100: 0 | AM100: 0 | AN100: =AJ100+30 -> 30 | AO100: 0 | AP100: =AJ100-30 -> -30
M101: 3 | N101: I | O101: =$F$20 -> 0 | P101: =O101 -> 0 | Q101: =O101 -> 0 | R101: =O101 -> 0 | S101: =O101 -> 0 | T101: =O101 -> 0 | U101: =O101 -> 0 | Y101: 8 | Z101: IL2 | AA101: =AA100 -> 0 | AB101: 0 | AC101: =AA100 -> 0 | AD101: 0 | AE101: =AA100 -> 0 | AF101: =AA100 -> 0 | AG101: 0 | AI101: IL2 | AJ101: =AJ100-120 -> -120 | AK101: 0 | AL101: =AJ100-120 -> -120 | AM101: 0 | AN101: =AJ100-150 -> -150 | AO101: =AJ100-90 -> -90 | AP101: 0
Z102: IL3 | AA102: =AA100 -> 0 | AB102: 0 | AC102: 0 | AD102: =AA100 -> 0 | AE102: 0 | AF102: =AA100 -> 0 | AG102: =AA100 -> 0 | AI102: IL3 | AJ102: =AJ100+120 -> 120 | AK102: 0 | AL102: 0 | AM102: =AJ100+120 -> 120 | AN102: 0 | AO102: =AJ100+90 -> 90 | AP102: =AJ100+150 -> 150
C103: Belastning 14 | E103: 1 | J103: 1 | L103: 1 | M103: 1 | N103: P | O103: =($F$21*1000)/($D$5*SQRT(3)*$I$21) -> 0 | P103: =($F$21*1000)/(($D$5/SQRT(3))*$I$21) -> 0 | Q103: =P103 -> 0 | R103: =P103 -> 0 | S103: =($F$21*1000)/($D$5*$I$21) -> 0 | T103: =S103 -> 0 | U103: =S103 -> 0 | Z103: IN | AA103: 0 | AB103: =AA100 -> 0 | AC103: =AA100 -> 0 | AD103: =AA100 -> 0 | AE103: 0 | AF103: 0 | AG103: 0 | AI103: IN | AJ103: 0 | AK103: =AJ100+180 -> 180 | AL103: =AJ100+180-120 -> 60 | AM103: =AJ100-180+120 -> -60 | AN103: 0 | AO103: 0 | AP103: 0
M104: 2 | N104: S | O104: =($F$21*1000)/($D$5*SQRT(3)) -> 0 | P104: =($F$21*1000)/(($D$5/SQRT(3))) -> 0 | Q104: =P104 -> 0 | R104: =P104 -> 0 | S104: =($F$21*1000)/($D$5) -> 0 | T104: =S104 -> 0 | U104: =S104 -> 0
M105: 3 | N105: I | O105: =$F$21 -> 0 | P105: =O105 -> 0 | Q105: =O105 -> 0 | R105: =O105 -> 0 | S105: =O105 -> 0 | T105: =O105 -> 0 | U105: =O105 -> 0 | AA105: 1 | AB105: 2 | AC105: 3 | AD105: 4 | AE105: 5 | AF105: 6 | AG105: 7 | AJ105: 1 | AK105: 2 | AL105: 3 | AM105: 4 | AN105: 5 | AO105: 6 | AP105: 7
AA106: 3-faset | AB106: L1-N | AC106: L2-N | AD106: L3-N | AE106: L1-L2 | AF106: L2-L3 | AG106: L1-L3 | AI106: Ðj Grader | AJ106: 3-faset | AK106: L1-N | AL106: L2-N | AM106: L3-N | AN106: L1-L2 | AO106: L2-L3 | AP106: L1-L3
C107: Belastning 15 | E107: 1 | J107: 1 | L107: 1 | M107: 1 | N107: P | O107: =($F$22*1000)/($D$5*SQRT(3)*$I$22) -> 0 | P107: =($F$22*1000)/(($D$5/SQRT(3))*$I$22) -> 0 | Q107: =P107 -> 0 | R107: =P107 -> 0 | S107: =($F$22*1000)/($D$5*$I$22) -> 0 | T107: =S107 -> 0 | U107: =S107 -> 0 | Z107: IL1 | AA107: =H16 -> 0 | AB107: =AA107 -> 0 | AC107: 0 | AD107: 0 | AE107: =AA107 -> 0 | AF107: 0 | AG107: =AA107 -> 0 | AI107: IL1 | AJ107: =K16 -> 0 | AK107: =AJ107 -> 0 | AL107: 0 | AM107: 0 | AN107: =AJ107+30 -> 30 | AO107: 0 | AP107: =AJ107-30 -> -30
M108: 2 | N108: S | O108: =($F$22*1000)/($D$5*SQRT(3)) -> 0 | P108: =($F$22*1000)/(($D$5/SQRT(3))) -> 0 | Q108: =P108 -> 0 | R108: =P108 -> 0 | S108: =($F$22*1000)/($D$5) -> 0 | T108: =S108 -> 0 | U108: =S108 -> 0 | Z108: IL2 | AA108: =AA107 -> 0 | AB108: 0 | AC108: =AA107 -> 0 | AD108: 0 | AE108: =AA107 -> 0 | AF108: =AA107 -> 0 | AG108: 0 | AI108: IL2 | AJ108: =AJ107-120 -> -120 | AK108: 0 | AL108: =AJ107-120 -> -120 | AM108: 0 | AN108: =AJ107-150 -> -150 | AO108: =AJ107-90 -> -90 | AP108: 0
M109: 3 | N109: I | O109: =$F$22 -> 0 | P109: =O109 -> 0 | Q109: =O109 -> 0 | R109: =O109 -> 0 | S109: =O109 -> 0 | T109: =O109 -> 0 | U109: =O109 -> 0 | Y109: 9 | Z109: IL3 | AA109: =AA107 -> 0 | AB109: 0 | AC109: 0 | AD109: =AA107 -> 0 | AE109: 0 | AF109: =AA107 -> 0 | AG109: =AA107 -> 0 | AI109: IL3 | AJ109: =AJ107+120 -> 120 | AK109: 0 | AL109: 0 | AM109: =AJ107+120 -> 120 | AN109: 0 | AO109: =AJ107+90 -> 90 | AP109: =AJ107+150 -> 150
Z110: IN | AA110: 0 | AB110: =AA107 -> 0 | AC110: =AA107 -> 0 | AD110: =AA107 -> 0 | AE110: 0 | AF110: 0 | AG110: 0 | AI110: IN | AJ110: 0 | AK110: =AJ107+180 -> 180 | AL110: =AJ107+180-120 -> 60 | AM110: =AJ107-180+120 -> -60 | AN110: 0 | AO110: 0 | AP110: 0
E111: IL1 [A] | G111: IL2 [A] | I111: IL3 [A] | K111: IN [A]
C112: Belastning | E112: Reel | F112: Imag | G112: Reel | H112: Imag | I112: Reel | J112: Imag | K112: Reel | L112: Imag | AA112: 1 | AB112: 2 | AC112: 3 | AD112: 4 | AE112: 5 | AF112: 6 | AG112: 7 | AJ112: 1 | AK112: 2 | AL112: 3 | AM112: 4 | AN112: 5 | AO112: 6 | AP112: 7
C113: =C8 -> Belastning 1 | E113: =COS(RADIANS(Q8))*O8 -> 0 | F113: =SIN(RADIANS(Q8))*O8 -> 0 | G113: =COS(RADIANS(T8))*R8 -> 0 | H113: =SIN(RADIANS(T8))*R8 -> 0 | I113: =COS(RADIANS(W8))*U8 -> 0 | J113: =SIN(RADIANS(W8))*U8 -> 0 | AA113: 3-faset | AB113: L1-N | AC113: L2-N | AD113: L3-N | AE113: L1-L2 | AF113: L2-L3 | AG113: L1-L3 | AI113: Ðj Grader | AJ113: 3-faset | AK113: L1-N | AL113: L2-N | AM113: L3-N | AN113: L1-L2 | AO113: L2-L3 | AP113: L1-L3
C114: =C9 -> Belastning 2 | E114: =COS(RADIANS(Q9))*O9 -> 0 | F114: =SIN(RADIANS(Q9))*O9 -> 0 | G114: =COS(RADIANS(T9))*R9 -> 0 | H114: =SIN(RADIANS(T9))*R9 -> 0 | I114: =COS(RADIANS(W9))*U9 -> 0 | J114: =SIN(RADIANS(W9))*U9 -> 0 | Z114: IL1 | AA114: =H17 -> 0 | AB114: =AA114 -> 0 | AC114: 0 | AD114: 0 | AE114: =AA114 -> 0 | AF114: 0 | AG114: =AA114 -> 0 | AI114: IL1 | AJ114: =K17 -> 0 | AK114: =AJ114 -> 0 | AL114: 0 | AM114: 0 | AN114: =AJ114+30 -> 30 | AO114: 0 | AP114: =AJ114-30 -> -30
C115: =C10 -> Belastning 3 | E115: =COS(RADIANS(Q10))*O10 -> 0 | F115: =SIN(RADIANS(Q10))*O10 -> 0 | G115: =COS(RADIANS(T10))*R10 -> 0 | H115: =SIN(RADIANS(T10))*R10 -> 0 | I115: =COS(RADIANS(W10))*U10 -> 0 | J115: =SIN(RADIANS(W10))*U10 -> 0 | Z115: IL2 | AA115: =AA114 -> 0 | AB115: 0 | AC115: =AA114 -> 0 | AD115: 0 | AE115: =AA114 -> 0 | AF115: =AA114 -> 0 | AG115: 0 | AI115: IL2 | AJ115: =AJ114-120 -> -120 | AK115: 0 | AL115: =AJ114-120 -> -120 | AM115: 0 | AN115: =AJ114-150 -> -150 | AO115: =AJ114-90 -> -90 | AP115: 0
...

Sheet Tavle +A14
C2: Eftersiddende tavle | H2: 14
P3: sf | Q3: 1 | S3: uf | T3: 1
N4: Selv skriv tavlenavn
C5: UL-L | D5: 400 | E5: [V] | F5: 3. harmoniske strømme | I5: 0 | J5: [A]
N6: Tavle +A14
F7: Værdi | H7: IB [A] | I7: cos ϕ | J7: Tilsluttet | K7: Ðj i Grader | L7: Ind./Kap. | N7: Belastning | P7: IL1 [A] | S7: IL2 [A] | V7: IL3 [A] | Y7: IN [A]
C8: Belastning 1 | F8: 0 | G8: =VLOOKUP(E51,B44:D46,3) -> [kW] | H8: =VLOOKUP(E51,M50:U53,J51+2) -> 0 | I8: 1 | K8: =IF(L51=1,-DEGREES(ACOS(I8)),DEGREES(ACOS(I8))) -> 0 | N8: =C8 -> Belastning 1 | O8: =HLOOKUP($J$51,$AA$49:$AG$54,3) -> 0 | P8: Ð | Q8: =HLOOKUP($J$51,$AJ$49:$AP$54,3) -> 0 | R8: =HLOOKUP($J$51,$AA$49:$AG$54,4) -> 0 | S8: Ð | T8: =HLOOKUP($J$51,$AJ$49:$AP$54,4) -> -120 | U8: =HLOOKUP($J$51,$AA$49:$AG$54,5) -> 0 | V8: Ð | W8: =HLOOKUP($J$51,$AJ$49:$AP$54,5) -> 120 | X8: =HLOOKUP($J$51,$AA$49:$AG$54,6) -> 0 | Y8: Ð | Z8: =HLOOKUP($J$51,$AJ$49:$AP$54,6) -> 0
C9: Belastning 2 | F9: 0 | G9: =VLOOKUP(E55,B44:D46,3) -> [kW] | H9: =VLOOKUP(E55,M55:U57,J55+2) -> 0 | I9: 1 | K9: =IF(L55=1,-DEGREES(ACOS(I9)),DEGREES(ACOS(I9))) -> 0 | L9: ½ | N9: =C9 -> Belastning 2 | O9: =HLOOKUP($J$55,$AA$56:$AG$61,3) -> 0 | P9: Ð | Q9: =HLOOKUP($J$55,$AJ$56:$AP$61,3) -> 0 | R9: =HLOOKUP($J$55,$AA$56:$AG$61,4) -> 0 | S9: Ð | T9: =HLOOKUP($J$55,$AJ$56:$AP$61,4) -> -120 | U9: =HLOOKUP($J$55,$AA$56:$AG$61,5) -> 0 | V9: Ð | W9: =HLOOKUP($J$55,$AJ$56:$AP$61,5) -> 120 | X9: =HLOOKUP($J$55,$AA$56:$AG$61,6) -> 0 | Y9: Ð | Z9: =HLOOKUP($J$55,$AJ$56:$AP$61,6) -> 0
C10: Belastning 3 | F10: 0 | G10: =VLOOKUP(E59,B44:D46,3) -> [kW] | H10: =VLOOKUP(E59,M59:U61,J59+2) -> 0 | I10: 1 | K10: =IF(L59=1,-DEGREES(ACOS(I10)),DEGREES(ACOS(I10))) -> 0 | N10: =C10 -> Belastning 3 | O10: =HLOOKUP($J$59,$AA$63:$AG468,3) -> 0 | P10: Ð | Q10: =HLOOKUP($J$59,$AJ$63:$AP$68,3) -> 0 | R10: =HLOOKUP($J$59,$AA$63:$AG468,4) -> 0 | S10: Ð | T10: =HLOOKUP($J$59,$AJ$63:$AP$68,4) -> -120 | U10: =HLOOKUP($J$59,$AA$63:$AG468,5) -> 0 | V10: Ð | W10: =HLOOKUP($J$59,$AJ$63:$AP$68,5) -> 120 | X10: =HLOOKUP($J$59,$AA$63:$AG468,6) -> 0 | Y10: Ð | Z10: =HLOOKUP($J$59,$AJ$63:$AP$68,6) -> 0
C11: Belastning 4 | F11: 0 | G11: =VLOOKUP(E63,B44:D46,3) -> [kW] | H11: =VLOOKUP(E63,M63:U65,J63+2) -> 0 | I11: 1 | K11: =IF(L63=1,-DEGREES(ACOS(I11)),DEGREES(ACOS(I11))) -> 0 | N11: =C11 -> Belastning 4 | O11: =HLOOKUP($J$63,$AA$70:$AG$75,3) -> 0 | P11: Ð | Q11: =HLOOKUP($J$63,$AJ$70:$AP$75,3) -> 0 | R11: =HLOOKUP($J$63,$AA$70:$AG$75,4) -> 0 | S11: Ð | T11: =HLOOKUP($J$63,$AJ$70:$AP$75,4) -> -120 | U11: =HLOOKUP($J$63,$AA$70:$AG$75,5) -> 0 | V11: Ð | W11: =HLOOKUP($J$63,$AJ$70:$AP$75,5) -> 120 | X11: =HLOOKUP($J$63,$AA$70:$AG$75,6) -> 0 | Y11: Ð | Z11: =HLOOKUP($J$63,$AJ$70:$AP$75,6) -> 0
C12: Belastning 5 | F12: 0 | G12: =VLOOKUP(E67,B44:D46,3) -> [kW] | H12: =VLOOKUP(E67,M67:U69,J67+2) -> 0 | I12: 1 | K12: =IF(L67=1,-DEGREES(ACOS(I12)),DEGREES(ACOS(I12))) -> 0 | N12: =C12 -> Belastning 5 | O12: =HLOOKUP($J$67,$AA$77:$AG$82,3) -> 0 | P12: Ð | Q12: =HLOOKUP($J$67,$AJ$77:$AP$82,3) -> 0 | R12: =HLOOKUP($J$67,$AA$77:$AG$82,4) -> 0 | S12: Ð | T12: =HLOOKUP($J$67,$AJ$77:$AP$82,4) -> -120 | U12: =HLOOKUP($J$67,$AA$77:$AG$82,5) -> 0 | V12: Ð | W12: =HLOOKUP($J$67,$AJ$77:$AP$82,5) -> 120 | X12: =HLOOKUP($J$67,$AA$77:$AG$82,6) -> 0 | Y12: Ð | Z12: =HLOOKUP($J$67,$AJ$77:$AP$82,6) -> 0
C13: Belastning 6 | F13: 0 | G13: =VLOOKUP(E71,B44:D46,3) -> [kW] | H13: =VLOOKUP(E71,M71:U73,J71+2) -> 0 | I13: 1 | K13: =IF(L71=1,-DEGREES(ACOS(I13)),DEGREES(ACOS(I13))) -> 0 | N13: =C13 -> Belastning 6 | O13: =HLOOKUP($J$71,$AA$84:$AG$89,3) -> 0 | P13: Ð | Q13: =HLOOKUP($J$71,$AJ$84:$AP$89,3) -> 0 | R13: =HLOOKUP($J$71,$AA$84:$AG$89,4) -> 0 | S13: Ð | T13: =HLOOKUP($J$71,$AJ$84:$AP$89,4) -> -120 | U13: =HLOOKUP($J$71,$AA$84:$AG$89,5) -> 0 | V13: Ð | W13: =HLOOKUP($J$71,$AJ$84:$AP$89,5) -> 120 | X13: =HLOOKUP($J$71,$AA$84:$AG$89,6) -> 0 | Y13: Ð | Z13: =HLOOKUP($J$71,$AJ$84:$AP$89,6) -> 0
C14: Belastning 7 | F14: 0 | G14: =VLOOKUP(E75,B44:D46,3) -> [kW] | H14: =VLOOKUP(E75,M75:U77,J75+2) -> 0 | I14: 1 | K14: =IF(L75=1,-DEGREES(ACOS(I14)),DEGREES(ACOS(I14))) -> 0 | N14: =C14 -> Belastning 7 | O14: =HLOOKUP($J$75,$AA$91:$AG$96,3) -> 0 | P14: Ð | Q14: =HLOOKUP($J$75,$AJ$91:$AP$96,3) -> 0 | R14: =HLOOKUP($J$75,$AA$91:$AG$96,4) -> 0 | S14: Ð | T14: =HLOOKUP($J$75,$AJ$91:$AP$96,4) -> -120 | U14: =HLOOKUP($J$75,$AA$91:$AG$96,5) -> 0 | V14: Ð | W14: =HLOOKUP($J$75,$AJ$91:$AP$96,5) -> 120 | X14: =HLOOKUP($J$75,$AA$91:$AG$96,6) -> 0 | Y14: Ð | Z14: =HLOOKUP($J$75,$AJ$91:$AP$96,6) -> 0
C15: Belastning 8 | F15: 0 | G15: =VLOOKUP(E79,B44:D46,3) -> [kW] | H15: =VLOOKUP(E79,M79:U81,J79+2) -> 0 | I15: 1 | K15: =IF(L79=1,-DEGREES(ACOS(I15)),DEGREES(ACOS(I15))) -> 0 | N15: =C15 -> Belastning 8 | O15: =HLOOKUP($J$79,$AA$98:$AG$103,3) -> 0 | P15: Ð | Q15: =HLOOKUP($J$79,$AJ$98:$AP$103,3) -> 0 | R15: =HLOOKUP($J$79,$AA$98:$AG$103,4) -> 0 | S15: Ð | T15: =HLOOKUP($J$79,$AJ$98:$AP$103,4) -> -120 | U15: =HLOOKUP($J$79,$AA$98:$AG$103,5) -> 0 | V15: Ð | W15: =HLOOKUP($J$79,$AJ$98:$AP$103,5) -> 120 | X15: =HLOOKUP($J$79,$AA$98:$AG$103,6) -> 0 | Y15: Ð | Z15: =HLOOKUP($J$79,$AJ$98:$AP$103,6) -> 0
C16: Belastning 9 | F16: 0 | G16: =VLOOKUP(E83,B44:D46,3) -> [kW] | H16: =VLOOKUP(E83,M83:U85,J83+2) -> 0 | I16: 1 | K16: =IF(L83=1,-DEGREES(ACOS(I16)),DEGREES(ACOS(I16))) -> 0 | N16: =C16 -> Belastning 9 | O16: =HLOOKUP($J$83,$AA$105:$AG$110,3) -> 0 | P16: Ð | Q16: =HLOOKUP($J$83,$AJ$105:$AP$110,3) -> 0 | R16: =HLOOKUP($J$83,$AA$105:$AG$110,4) -> 0 | S16: Ð | T16: =HLOOKUP($J$83,$AJ$105:$AP$110,4) -> -120 | U16: =HLOOKUP($J$83,$AA$105:$AG$110,5) -> 0 | V16: Ð | W16: =HLOOKUP($J$83,$AJ$105:$AP$110,5) -> 120 | X16: =HLOOKUP($J$83,$AA$105:$AG$110,6) -> 0 | Y16: Ð | Z16: =HLOOKUP($J$83,$AJ$105:$AP$110,6) -> 0
C17: Belastning 10 | F17: 0 | G17: =VLOOKUP(E87,B44:D46,3) -> [kW] | H17: =VLOOKUP(E87,M87:U89,J87+2) -> 0 | I17: 1 | K17: =IF(L87=1,-DEGREES(ACOS(I17)),DEGREES(ACOS(I17))) -> 0 | N17: =C17 -> Belastning 10 | O17: =HLOOKUP($J$87,$AA$112:$AG$117,3) -> 0 | P17: Ð | Q17: =HLOOKUP($J$87,$AJ$112:$AP$117,3) -> 0 | R17: =HLOOKUP($J$87,$AA$112:$AG$117,4) -> 0 | S17: Ð | T17: =HLOOKUP($J$87,$AJ$112:$AP$117,4) -> -120 | U17: =HLOOKUP($J$87,$AA$112:$AG$117,5) -> 0 | V17: Ð | W17: =HLOOKUP($J$87,$AJ$112:$AP$117,5) -> 120 | X17: =HLOOKUP($J$87,$AA$112:$AG$117,6) -> 0 | Y17: Ð | Z17: =HLOOKUP($J$87,$AJ$112:$AP$117,6) -> 0
C18: Belastning 11 | F18: 0 | G18: =VLOOKUP(E91,B44:D46,3) -> [kW] | H18: =VLOOKUP(E91,M91:U93,J91+2) -> 0 | I18: 1 | K18: =IF(L91=1,-DEGREES(ACOS(I18)),DEGREES(ACOS(I18))) -> 0 | N18: =C18 -> Belastning 11 | O18: =HLOOKUP($J$91,$AA$119:$AG$124,3) -> 0 | P18: Ð | Q18: =HLOOKUP($J$91,$AJ$119:$AP$124,3) -> 0 | R18: =HLOOKUP($J$91,$AA$119:$AG$124,4) -> 0 | S18: Ð | T18: =HLOOKUP($J$91,$AJ$119:$AP$124,4) -> -120 | U18: =HLOOKUP($J$91,$AA$119:$AG$124,5) -> 0 | V18: Ð | W18: =HLOOKUP($J$91,$AJ$119:$AP$124,5) -> 120 | X18: =HLOOKUP($J$91,$AA$119:$AG$124,6) -> 0 | Y18: Ð | Z18: =HLOOKUP($J$91,$AJ$119:$AP$124,6) -> 0
C19: Belastning 12 | F19: 0 | G19: =VLOOKUP(E95,B44:D46,3) -> [kW] | H19: =VLOOKUP(E95,M95:U97,J95+2) -> 0 | I19: 1 | K19: =IF(L95=1,-DEGREES(ACOS(I19)),DEGREES(ACOS(I19))) -> 0 | N19: =C19 -> Belastning 12 | O19: =HLOOKUP($J$95,$AA$126:$AG$131,3) -> 0 | P19: Ð | Q19: =HLOOKUP($J$95,$AJ$126:$AP$131,3) -> 0 | R19: =HLOOKUP($J$95,$AA$126:$AG$131,4) -> 0 | S19: Ð | T19: =HLOOKUP($J$95,$AJ$126:$AP$131,4) -> -120 | U19: =HLOOKUP($J$95,$AA$126:$AG$131,5) -> 0 | V19: Ð | W19: =HLOOKUP($J$95,$AJ$126:$AP$131,5) -> 120 | X19: =HLOOKUP($J$95,$AA$126:$AG$131,6) -> 0 | Y19: Ð | Z19: =HLOOKUP($J$95,$AJ$126:$AP$131,6) -> 0
C20: Belastning 13 | F20: 0 | G20: =VLOOKUP(E99,B44:D46,3) -> [kW] | H20: =VLOOKUP(E99,M99:U101,J99+2) -> 0 | I20: 1 | K20: =IF(L99=1,-DEGREES(ACOS(I20)),DEGREES(ACOS(I20))) -> 0 | N20: =C20 -> Belastning 13 | O20: =HLOOKUP($J$99,$AA$133:$AG$138,3) -> 0 | P20: Ð | Q20: =HLOOKUP($J$99,$AJ$133:$AP$138,3) -> 0 | R20: =HLOOKUP($J$99,$AA$133:$AG$138,4) -> 0 | S20: Ð | T20: =HLOOKUP($J$99,$AJ$133:$AP$138,4) -> -120 | U20: =HLOOKUP($J$99,$AA$133:$AG$138,5) -> 0 | V20: Ð | W20: =HLOOKUP($J$99,$AJ$133:$AP$138,5) -> 120 | X20: =HLOOKUP($J$99,$AA$133:$AG$138,6) -> 0 | Y20: Ð | Z20: =HLOOKUP($J$99,$AJ$133:$AP$138,6) -> 0
C21: Belastning 14 | F21: 0 | G21: =VLOOKUP(E103,B44:D46,3) -> [kW] | H21: =VLOOKUP(E103,M103:U105,J103+2) -> 0 | I21: 1 | K21: =IF(L103=1,-DEGREES(ACOS(I21)),DEGREES(ACOS(I21))) -> 0 | N21: =C21 -> Belastning 14 | O21: =HLOOKUP($J$103,$AA$140:$AG$145,3) -> 0 | P21: Ð | Q21: =HLOOKUP($J$103,$AJ$140:$AP$145,3) -> 0 | R21: =HLOOKUP($J$103,$AA$140:$AG$145,4) -> 0 | S21: Ð | T21: =HLOOKUP($J$103,$AJ$140:$AP$145,4) -> -120 | U21: =HLOOKUP($J$103,$AA$140:$AG$145,5) -> 0 | V21: Ð | W21: =HLOOKUP($J$103,$AJ$140:$AP$145,5) -> 120 | X21: =HLOOKUP($J$103,$AA$140:$AG$145,6) -> 0 | Y21: Ð | Z21: =HLOOKUP($J$103,$AJ$140:$AP$145,6) -> 0
C22: Belastning 15 | F22: 0 | G22: =VLOOKUP(E107,B44:D46,3) -> [kW] | H22: =VLOOKUP(E107,M107:U109,J107+2) -> 0 | I22: 1 | K22: =IF(L107=1,-DEGREES(ACOS(I22)),DEGREES(ACOS(I22))) -> 0 | N22: =C22 -> Belastning 15 | O22: =HLOOKUP($J$107,$AA$147:$AG$152,3) -> 0 | P22: Ð | Q22: =HLOOKUP($J$107,$AJ$147:$AP$152,3) -> 0 | R22: =HLOOKUP($J$107,$AA$147:$AG$152,4) -> 0 | S22: Ð | T22: =HLOOKUP($J$107,$AJ$147:$AP$152,4) -> -120 | U22: =HLOOKUP($J$107,$AA$147:$AG$152,5) -> 0 | V22: Ð | W22: =HLOOKUP($J$107,$AJ$147:$AP$152,5) -> 120 | X22: =HLOOKUP($J$107,$AA$147:$AG$152,6) -> 0 | Y22: Ð | Z22: =HLOOKUP($J$107,$AJ$147:$AP$152,6) -> 0
N23: ∑Itil - Global | O23: =SQRT(E128^2+F128^2) -> 0 | P23: Ð | Q23: =IFERROR(DEGREES(ATAN(F128/E128)),0) -> 0 | R23: =SQRT(G128^2+H128^2) -> 0 | S23: Ð | T23: =IFERROR(-DEGREES(ATAN(G128/H128))-90,0) -> 0 | U23: =SQRT(I128^2+J128^2) -> 0 | V23: Ð | W23: =IFERROR(-DEGREES(ATAN(I128/J128))+90,0) -> 0 | X23: =IMABS(COMPLEX(C134+F134+I134,C135+F135+I135)) -> 0 | Y23: Ð | Z23: =IFERROR(DEGREES(IMARGUMENT(IMSUM(L135)))+180,0) -> 0
N24: ∑IB - Global | O24: =O23*Q3*T3 -> 0 | P24: Ð | Q24: =Q23 -> 0 | R24: =R23*Q3*T3 -> 0 | S24: Ð | T24: =T23 -> 0 | U24: =U23*Q3*T3 -> 0 | V24: Ð | W24: =W23 -> 0 | X24: =(X23)*Q3*T3 -> 0 | Y24: Ð | Z24: =Z23 -> 0
N25: ∑IB - Lokal | O25: =O24 -> 0 | P25: Ð | Q25: =Q23 -> 0 | R25: =R24 -> 0 | S25: Ð | T25: =T24+120 -> 120 | U25: =U24 -> 0 | V25: Ð | W25: =W24-120 -> -120 | X25: =(X24) -> 0 | Y25: Ð | Z25: =Z24 -> 0
N26: 3. harmoniske | O26: =IFERROR(((I5/3)/O24)*100,0) -> 0 | P26: % | R26: =IFERROR(((I5/3)/R24)*100,0) -> 0 | S26: % | U26: =IFERROR(((I5/3)/U24)*100,0) -> 0 | V26: %
K27: Tjek SB side 193
I39: 1 | J39: 3 - faser
I40: 2 | J40: L1 - N
I41: 3 | J41: L2 - N
I42: 4 | J42: L3 - N
I43: 5 | J43: L1 - L2 | AA43: 3-harmoniske
B44: 1 | C44: P [kW] | D44: [kW] | I44: 6 | J44: L2 - L3 | L44: Induktiv | Y44: 1 | Z44: IL1 | AB44: %
B45: 2 | C45: S [kVA] | D45: [kVA] | I45: 7 | J45: L1 - L3 | L45: Kapasativ | Y45: 2 | Z45: IL2 | AB45: %
B46: 3 | C46: I [A] | D46: [A] | Y46: 3 | Z46: IL3 | AB46: %
Y47: 4 | Z47: IN
E49: Output | AA49: 1 | AB49: 2 | AC49: 3 | AD49: 4 | AE49: 5 | AF49: 6 | AG49: 7 | AJ49: 1 | AK49: 2 | AL49: 3 | AM49: 4 | AN49: 5 | AO49: 6 | AP49: 7
O50: 3-faset | P50: L1-N | Q50: L2-N | R50: L3-N | S50: L1-L2 | T50: L2-L3 | U50: L1-L3 | AA50: 3-faset | AB50: L1-N | AC50: L2-N | AD50: L3-N | AE50: L1-L2 | AF50: L2-L3 | AG50: L1-L3 | AI50: Ðj Grader | AJ50: 3-faset | AK50: L1-N | AL50: L2-N | AM50: L3-N | AN50: L1-L2 | AO50: L2-L3 | AP50: L1-L3
C51: Belastning 1 | E51: 1 | J51: 1 | L51: 1 | M51: 1 | N51: P | O51: =(F8*1000)/($D$5*SQRT(3)*I8) -> 0 | P51: =($F$8*1000)/(($D$5/SQRT(3))*$I$8) -> 0 | Q51: =P51 -> 0 | R51: =P51 -> 0 | S51: =($F$8*1000)/($D$5*$I$8) -> 0 | T51: =S51 -> 0 | U51: =S51 -> 0 | Z51: IL1 | AA51: =H8 -> 0 | AB51: =AA51 -> 0 | AC51: 0 | AD51: 0 | AE51: =AA51 -> 0 | AF51: 0 | AG51: =AA51 -> 0 | AI51: IL1 | AJ51: =K8 -> 0 | AK51: =AJ51 -> 0 | AL51: 0 | AM51: 0 | AN51: =AJ51+30 -> 30 | AO51: 0 | AP51: =AJ51-30 -> -30
M52: 2 | N52: S | O52: =(F8*1000)/($D$5*SQRT(3)) -> 0 | P52: =($F$8*1000)/(($D$5/SQRT(3))) -> 0 | Q52: =P52 -> 0 | R52: =P52 -> 0 | S52: =($F$8*1000)/($D$5) -> 0 | T52: =S52 -> 0 | U52: =S52 -> 0 | Y52: 1 | Z52: IL2 | AA52: =AA51 -> 0 | AB52: 0 | AC52: =AA51 -> 0 | AD52: 0 | AE52: =AA51 -> 0 | AF52: =AA51 -> 0 | AG52: 0 | AI52: IL2 | AJ52: =AJ51-120 -> -120 | AK52: 0 | AL52: =AJ51-120 -> -120 | AM52: 0 | AN52: =AJ51-150 -> -150 | AO52: =AJ51-90 -> -90 | AP52: 0
M53: 3 | N53: I | O53: =F8 -> 0 | P53: =$F$8 -> 0 | Q53: =$F$8 -> 0 | R53: =$F$8 -> 0 | S53: =$F$8 -> 0 | T53: =$F$8 -> 0 | U53: =$F$8 -> 0 | Z53: IL3 | AA53: =AA51 -> 0 | AB53: 0 | AC53: 0 | AD53: =AA51 -> 0 | AE53: 0 | AF53: =AA51 -> 0 | AG53: =AA51 -> 0 | AI53: IL3 | AJ53: =AJ51+120 -> 120 | AK53: 0 | AL53: 0 | AM53: =AJ51+120 -> 120 | AN53: 0 | AO53: =AJ51+90 -> 90 | AP53: =AJ51+150 -> 150
Z54: IN | AA54: 0 | AB54: =AA51 -> 0 | AC54: =AA51 -> 0 | AD54: =AA51 -> 0 | AE54: 0 | AF54: 0 | AG54: 0 | AI54: IN | AJ54: 0 | AK54: =AJ51+180 -> 180 | AL54: =AJ51+180-120 -> 60 | AM54: =AJ51-180+120 -> -60 | AN54: 0 | AO54: 0 | AP54: 0
C55: Belastning 2 | E55: 1 | J55: 1 | L55: 1 | M55: 1 | N55: P | O55: =($F$9*1000)/($D$5*SQRT(3)*$I$9) -> 0 | P55: =($F$9*1000)/(($D$5/SQRT(3))*$I$9) -> 0 | Q55: =P55 -> 0 | R55: =P55 -> 0 | S55: =($F$9*1000)/($D$5*$I$9) -> 0 | T55: =S55 -> 0 | U55: =S55 -> 0
M56: 2 | N56: S | O56: =($F$9*1000)/($D$5*SQRT(3)) -> 0 | P56: =($F$9*1000)/(($D$5/SQRT(3))) -> 0 | Q56: =P56 -> 0 | R56: =P56 -> 0 | S56: =($F$9*1000)/($D$5) -> 0 | T56: =S56 -> 0 | U56: =S56 -> 0 | AA56: 1 | AB56: 2 | AC56: 3 | AD56: 4 | AE56: 5 | AF56: 6 | AG56: 7 | AJ56: 1 | AK56: 2 | AL56: 3 | AM56: 4 | AN56: 5 | AO56: 6 | AP56: 7
M57: 3 | N57: I | O57: =$F$9 -> 0 | P57: =O57 -> 0 | Q57: =O57 -> 0 | R57: =O57 -> 0 | S57: =O57 -> 0 | T57: =O57 -> 0 | U57: =O57 -> 0 | AA57: 3-faset | AB57: L1-N | AC57: L2-N | AD57: L3-N | AE57: L1-L2 | AF57: L2-L3 | AG57: L1-L3 | AI57: Ðj Grader | AJ57: 3-faset | AK57: L1-N | AL57: L2-N | AM57: L3-N | AN57: L1-L2 | AO57: L2-L3 | AP57: L1-L3
Z58: IL1 | AA58: =H9 -> 0 | AB58: =AA58 -> 0 | AC58: 0 | AD58: 0 | AE58: =AA58 -> 0 | AF58: 0 | AG58: =AA58 -> 0 | AI58: IL1 | AJ58: =K9 -> 0 | AK58: =AJ58 -> 0 | AL58: 0 | AM58: 0 | AN58: =AJ58+30 -> 30 | AO58: 0 | AP58: =AJ58-30 -> -30
C59: Belastning 3 | E59: 1 | J59: 1 | L59: 1 | M59: 1 | N59: P | O59: =($F$10*1000)/($D$5*SQRT(3)*$I$10) -> 0 | P59: =($F$10*1000)/(($D$5/SQRT(3))*$I$10) -> 0 | Q59: =P59 -> 0 | R59: =P59 -> 0 | S59: =($F$10*1000)/($D$5*$I$10) -> 0 | T59: =S59 -> 0 | U59: =S59 -> 0 | Y59: 2 | Z59: IL2 | AA59: =AA58 -> 0 | AB59: 0 | AC59: =AA58 -> 0 | AD59: 0 | AE59: =AA58 -> 0 | AF59: =AA58 -> 0 | AG59: 0 | AI59: IL2 | AJ59: =AJ58-120 -> -120 | AK59: 0 | AL59: =AJ58-120 -> -120 | AM59: 0 | AN59: =AJ58-150 -> -150 | AO59: =AJ58-90 -> -90 | AP59: 0
M60: 2 | N60: S | O60: =($F$10*1000)/($D$5*SQRT(3)) -> 0 | P60: =($F$10*1000)/(($D$5/SQRT(3))) -> 0 | Q60: =P60 -> 0 | R60: =P60 -> 0 | S60: =($F$10*1000)/($D$5) -> 0 | T60: =S60 -> 0 | U60: =S60 -> 0 | Z60: IL3 | AA60: =AA58 -> 0 | AB60: 0 | AC60: 0 | AD60: =AA58 -> 0 | AE60: 0 | AF60: =AA58 -> 0 | AG60: =AA58 -> 0 | AI60: IL3 | AJ60: =AJ58+120 -> 120 | AK60: 0 | AL60: 0 | AM60: =AJ58+120 -> 120 | AN60: 0 | AO60: =AJ58+90 -> 90 | AP60: =AJ58+150 -> 150
M61: 3 | N61: I | O61: =$F$10 -> 0 | P61: =O61 -> 0 | Q61: =O61 -> 0 | R61: =O61 -> 0 | S61: =O61 -> 0 | T61: =O61 -> 0 | U61: =O61 -> 0 | Z61: IN | AA61: 0 | AB61: =AA58 -> 0 | AC61: =AA58 -> 0 | AD61: =AA58 -> 0 | AE61: 0 | AF61: 0 | AG61: 0 | AI61: IN | AJ61: 0 | AK61: =AJ58+180 -> 180 | AL61: =AJ58+180-120 -> 60 | AM61: =AJ58-180+120 -> -60 | AN61: 0 | AO61: 0 | AP61: 0
C63: Belastning 4 | E63: 1 | J63: 1 | L63: 1 | M63: 1 | N63: P | O63: =($F$11*1000)/($D$5*SQRT(3)*$I$11) -> 0 | P63: =($F$11*1000)/(($D$5/SQRT(3))*$I$11) -> 0 | Q63: =P63 -> 0 | R63: =P63 -> 0 | S63: =($F$11*1000)/($D$5*$I$11) -> 0 | T63: =S63 -> 0 | U63: =S63 -> 0 | AA63: 1 | AB63: 2 | AC63: 3 | AD63: 4 | AE63: 5 | AF63: 6 | AG63: 7 | AJ63: 1 | AK63: 2 | AL63: 3 | AM63: 4 | AN63: 5 | AO63: 6 | AP63: 7
M64: 2 | N64: S | O64: =($F$11*1000)/($D$5*SQRT(3)) -> 0 | P64: =($F$11*1000)/(($D$5/SQRT(3))) -> 0 | Q64: =P64 -> 0 | R64: =P64 -> 0 | S64: =($F$11*1000)/($D$5) -> 0 | T64: =S64 -> 0 | U64: =S64 -> 0 | AA64: 3-faset | AB64: L1-N | AC64: L2-N | AD64: L3-N | AE64: L1-L2 | AF64: L2-L3 | AG64: L1-L3 | AI64: Ðj Grader | AJ64: 3-faset | AK64: L1-N | AL64: L2-N | AM64: L3-N | AN64: L1-L2 | AO64: L2-L3 | AP64: L1-L3
M65: 3 | N65: I | O65: =$F$11 -> 0 | P65: =O65 -> 0 | Q65: =O65 -> 0 | R65: =O65 -> 0 | S65: =O65 -> 0 | T65: =O65 -> 0 | U65: =O65 -> 0 | Z65: IL1 | AA65: =H10 -> 0 | AB65: =AA65 -> 0 | AC65: 0 | AD65: 0 | AE65: =AA65 -> 0 | AF65: 0 | AG65: =AA65 -> 0 | AI65: IL1 | AJ65: =K10 -> 0 | AK65: =AJ65 -> 0 | AL65: 0 | AM65: 0 | AN65: =AJ65+30 -> 30 | AO65: 0 | AP65: =AJ65-30 -> -30
Y66: 3 | Z66: IL2 | AA66: =AA65 -> 0 | AB66: 0 | AC66: =AA65 -> 0 | AD66: 0 | AE66: =AA65 -> 0 | AF66: =AA65 -> 0 | AG66: 0 | AI66: IL2 | AJ66: =AJ65-120 -> -120 | AK66: 0 | AL66: =AJ65-120 -> -120 | AM66: 0 | AN66: =AJ65-150 -> -150 | AO66: =AJ65-90 -> -90 | AP66: 0
C67: Belastning 5 | E67: 1 | J67: 1 | L67: 1 | M67: 1 | N67: P | O67: =($F$12*1000)/($D$5*SQRT(3)*$I$12) -> 0 | P67: =($F$12*1000)/(($D$5/SQRT(3))*$I$12) -> 0 | Q67: =P67 -> 0 | R67: =P67 -> 0 | S67: =($F$12*1000)/($D$5*$I$12) -> 0 | T67: =S67 -> 0 | U67: =S67 -> 0 | Z67: IL3 | AA67: =AA65 -> 0 | AB67: 0 | AC67: 0 | AD67: =AA65 -> 0 | AE67: 0 | AF67: =AA65 -> 0 | AG67: =AA65 -> 0 | AI67: IL3 | AJ67: =AJ65+120 -> 120 | AK67: 0 | AL67: 0 | AM67: =AJ65+120 -> 120 | AN67: 0 | AO67: =AJ65+90 -> 90 | AP67: =AJ65+150 -> 150
M68: 2 | N68: S | O68: =($F$12*1000)/($D$5*SQRT(3)) -> 0 | P68: =($F$12*1000)/(($D$5/SQRT(3))) -> 0 | Q68: =P68 -> 0 | R68: =P68 -> 0 | S68: =($F$12*1000)/($D$5) -> 0 | T68: =S68 -> 0 | U68: =S68 -> 0 | Z68: IN | AA68: 0 | AB68: =AA65 -> 0 | AC68: =AA65 -> 0 | AD68: =AA65 -> 0 | AE68: 0 | AF68: 0 | AG68: 0 | AI68: IN | AJ68: 0 | AK68: =AJ65+180 -> 180 | AL68: =AJ65+180-120 -> 60 | AM68: =AJ65-180+120 -> -60 | AN68: 0 | AO68: 0 | AP68: 0
M69: 3 | N69: I | O69: =$F$12 -> 0 | P69: =O69 -> 0 | Q69: =O69 -> 0 | R69: =O69 -> 0 | S69: =O69 -> 0 | T69: =O69 -> 0 | U69: =O69 -> 0
AA70: 1 | AB70: 2 | AC70: 3 | AD70: 4 | AE70: 5 | AF70: 6 | AG70: 7 | AJ70: 1 | AK70: 2 | AL70: 3 | AM70: 4 | AN70: 5 | AO70: 6 | AP70: 7
C71: Belastning 6 | E71: 1 | J71: 1 | L71: 1 | M71: 1 | N71: P | O71: =($F$13*1000)/($D$5*SQRT(3)*$I$13) -> 0 | P71: =($F$13*1000)/(($D$5/SQRT(3))*$I$13) -> 0 | Q71: =P71 -> 0 | R71: =P71 -> 0 | S71: =($F$13*1000)/($D$5*$I$13) -> 0 | T71: =S71 -> 0 | U71: =S71 -> 0 | AA71: 3-faset | AB71: L1-N | AC71: L2-N | AD71: L3-N | AE71: L1-L2 | AF71: L2-L3 | AG71: L1-L3 | AI71: Ðj Grader | AJ71: 3-faset | AK71: L1-N | AL71: L2-N | AM71: L3-N | AN71: L1-L2 | AO71: L2-L3 | AP71: L1-L3
M72: 2 | N72: S | O72: =($F$13*1000)/($D$5*SQRT(3)) -> 0 | P72: =($F$13*1000)/(($D$5/SQRT(3))) -> 0 | Q72: =P72 -> 0 | R72: =P72 -> 0 | S72: =($F$13*1000)/($D$5) -> 0 | T72: =S72 -> 0 | U72: =S72 -> 0 | Z72: IL1 | AA72: =H11 -> 0 | AB72: =AA72 -> 0 | AC72: 0 | AD72: 0 | AE72: =AA72 -> 0 | AF72: 0 | AG72: =AA72 -> 0 | AI72: IL1 | AJ72: =K11 -> 0 | AK72: =AJ72 -> 0 | AL72: 0 | AM72: 0 | AN72: =AJ72+30 -> 30 | AO72: 0 | AP72: =AJ72-30 -> -30
M73: 3 | N73: I | O73: =$F$13 -> 0 | P73: =O73 -> 0 | Q73: =O73 -> 0 | R73: =O73 -> 0 | S73: =O73 -> 0 | T73: =O73 -> 0 | U73: =O73 -> 0 | Y73: 4 | Z73: IL2 | AA73: =AA72 -> 0 | AB73: 0 | AC73: =AA72 -> 0 | AD73: 0 | AE73: =AA72 -> 0 | AF73: =AA72 -> 0 | AG73: 0 | AI73: IL2 | AJ73: =AJ72-120 -> -120 | AK73: 0 | AL73: =AJ72-120 -> -120 | AM73: 0 | AN73: =AJ72-150 -> -150 | AO73: =AJ72-90 -> -90 | AP73: 0
Z74: IL3 | AA74: =AA72 -> 0 | AB74: 0 | AC74: 0 | AD74: =AA72 -> 0 | AE74: 0 | AF74: =AA72 -> 0 | AG74: =AA72 -> 0 | AI74: IL3 | AJ74: =AJ72+120 -> 120 | AK74: 0 | AL74: 0 | AM74: =AJ72+120 -> 120 | AN74: 0 | AO74: =AJ72+90 -> 90 | AP74: =AJ72+150 -> 150
C75: Belastning 7 | E75: 1 | J75: 1 | L75: 1 | M75: 1 | N75: P | O75: =($F$14*1000)/($D$5*SQRT(3)*$I$14) -> 0 | P75: =($F$14*1000)/(($D$5/SQRT(3))*$I$14) -> 0 | Q75: =P75 -> 0 | R75: =P75 -> 0 | S75: =($F$14*1000)/($D$5*$I$14) -> 0 | T75: =S75 -> 0 | U75: =S75 -> 0 | Z75: IN | AA75: 0 | AB75: =AA72 -> 0 | AC75: =AA72 -> 0 | AD75: =AA72 -> 0 | AE75: 0 | AF75: 0 | AG75: 0 | AI75: IN | AJ75: 0 | AK75: =AJ72+180 -> 180 | AL75: =AJ72+180-120 -> 60 | AM75: =AJ72-180+120 -> -60 | AN75: 0 | AO75: 0 | AP75: 0
M76: 2 | N76: S | O76: =($F$14*1000)/($D$5*SQRT(3)) -> 0 | P76: =($F$14*1000)/(($D$5/SQRT(3))) -> 0 | Q76: =P76 -> 0 | R76: =P76 -> 0 | S76: =($F$14*1000)/($D$5) -> 0 | T76: =S76 -> 0 | U76: =S76 -> 0
M77: 3 | N77: I | O77: =$F$14 -> 0 | P77: =O77 -> 0 | Q77: =O77 -> 0 | R77: =O77 -> 0 | S77: =O77 -> 0 | T77: =O77 -> 0 | U77: =O77 -> 0 | AA77: 1 | AB77: 2 | AC77: 3 | AD77: 4 | AE77: 5 | AF77: 6 | AG77: 7 | AJ77: 1 | AK77: 2 | AL77: 3 | AM77: 4 | AN77: 5 | AO77: 6 | AP77: 7
AA78: 3-faset | AB78: L1-N | AC78: L2-N | AD78: L3-N | AE78: L1-L2 | AF78: L2-L3 | AG78: L1-L3 | AI78: Ðj Grader | AJ78: 3-faset | AK78: L1-N | AL78: L2-N | AM78: L3-N | AN78: L1-L2 | AO78: L2-L3 | AP78: L1-L3
C79: Belastning 8 | E79: 1 | J79: 1 | L79: 1 | M79: 1 | N79: P | O79: =($F$15*1000)/($D$5*SQRT(3)*$I$15) -> 0 | P79: =($F$15*1000)/(($D$5/SQRT(3))*$I$15) -> 0 | Q79: =P79 -> 0 | R79: =P79 -> 0 | S79: =($F$15*1000)/($D$5*$I$15) -> 0 | T79: =S79 -> 0 | U79: =S79 -> 0 | Z79: IL1 | AA79: =H12 -> 0 | AB79: =AA79 -> 0 | AC79: 0 | AD79: 0 | AE79: =AA79 -> 0 | AF79: 0 | AG79: =AA79 -> 0 | AI79: IL1 | AJ79: =K12 -> 0 | AK79: =AJ79 -> 0 | AL79: 0 | AM79: 0 | AN79: =AJ79+30 -> 30 | AO79: 0 | AP79: =AJ79-30 -> -30
M80: 2 | N80: S | O80: =($F$15*1000)/($D$5*SQRT(3)) -> 0 | P80: =($F$15*1000)/(($D$5/SQRT(3))) -> 0 | Q80: =P80 -> 0 | R80: =P80 -> 0 | S80: =($F$15*1000)/($D$5) -> 0 | T80: =S80 -> 0 | U80: =S80 -> 0 | Y80: 5 | Z80: IL2 | AA80: =AA79 -> 0 | AB80: 0 | AC80: =AA79 -> 0 | AD80: 0 | AE80: =AA79 -> 0 | AF80: =AA79 -> 0 | AG80: 0 | AI80: IL2 | AJ80: =AJ79-120 -> -120 | AK80: 0 | AL80: =AJ79-120 -> -120 | AM80: 0 | AN80: =AJ79-150 -> -150 | AO80: =AJ79-90 -> -90 | AP80: 0
M81: 3 | N81: I | O81: =$F$15 -> 0 | P81: =O81 -> 0 | Q81: =O81 -> 0 | R81: =O81 -> 0 | S81: =O81 -> 0 | T81: =O81 -> 0 | U81: =O81 -> 0 | Z81: IL3 | AA81: =AA79 -> 0 | AB81: 0 | AC81: 0 | AD81: =AA79 -> 0 | AE81: 0 | AF81: =AA79 -> 0 | AG81: =AA79 -> 0 | AI81: IL3 | AJ81: =AJ79+120 -> 120 | AK81: 0 | AL81: 0 | AM81: =AJ79+120 -> 120 | AN81: 0 | AO81: =AJ79+90 -> 90 | AP81: =AJ79+150 -> 150
Z82: IN | AA82: 0 | AB82: =AA79 -> 0 | AC82: =AA79 -> 0 | AD82: =AA79 -> 0 | AE82: 0 | AF82: 0 | AG82: 0 | AI82: IN | AJ82: 0 | AK82: =AJ79+180 -> 180 | AL82: =AJ79+180-120 -> 60 | AM82: =AJ79-180+120 -> -60 | AN82: 0 | AO82: 0 | AP82: 0
C83: Belastning 9 | E83: 1 | J83: 1 | L83: 1 | M83: 1 | N83: P | O83: =($F$16*1000)/($D$5*SQRT(3)*$I$16) -> 0 | P83: =($F$16*1000)/(($D$5/SQRT(3))*$I$16) -> 0 | Q83: =P83 -> 0 | R83: =P83 -> 0 | S83: =($F$16*1000)/($D$5*$I$16) -> 0 | T83: =S83 -> 0 | U83: =S83 -> 0
M84: 2 | N84: S | O84: =($F$16*1000)/($D$5*SQRT(3)) -> 0 | P84: =($F$16*1000)/(($D$5/SQRT(3))) -> 0 | Q84: =P84 -> 0 | R84: =P84 -> 0 | S84: =($F$16*1000)/($D$5) -> 0 | T84: =S84 -> 0 | U84: =S84 -> 0 | AA84: 1 | AB84: 2 | AC84: 3 | AD84: 4 | AE84: 5 | AF84: 6 | AG84: 7 | AJ84: 1 | AK84: 2 | AL84: 3 | AM84: 4 | AN84: 5 | AO84: 6 | AP84: 7
M85: 3 | N85: I | O85: =$F$16 -> 0 | P85: =O85 -> 0 | Q85: =O85 -> 0 | R85: =O85 -> 0 | S85: =O85 -> 0 | T85: =O85 -> 0 | U85: =O85 -> 0 | AA85: 3-faset | AB85: L1-N | AC85: L2-N | AD85: L3-N | AE85: L1-L2 | AF85: L2-L3 | AG85: L1-L3 | AI85: Ðj Grader | AJ85: 3-faset | AK85: L1-N | AL85: L2-N | AM85: L3-N | AN85: L1-L2 | AO85: L2-L3 | AP85: L1-L3
Z86: IL1 | AA86: =H13 -> 0 | AB86: =AA86 -> 0 | AC86: 0 | AD86: 0 | AE86: =AA86 -> 0 | AF86: 0 | AG86: =AA86 -> 0 | AI86: IL1 | AJ86: =K13 -> 0 | AK86: =AJ86 -> 0 | AL86: 0 | AM86: 0 | AN86: =AJ86+30 -> 30 | AO86: 0 | AP86: =AJ86-30 -> -30
C87: Belastning 10 | E87: 1 | J87: 1 | L87: 1 | M87: 1 | N87: P | O87: =($F$17*1000)/($D$5*SQRT(3)*$I$17) -> 0 | P87: =($F$17*1000)/(($D$5/SQRT(3))*$I$17) -> 0 | Q87: =P87 -> 0 | R87: =P87 -> 0 | S87: =($F$17*1000)/($D$5*$I$17) -> 0 | T87: =S87 -> 0 | U87: =S87 -> 0 | Y87: 6 | Z87: IL2 | AA87: =AA86 -> 0 | AB87: 0 | AC87: =AA86 -> 0 | AD87: 0 | AE87: =AA86 -> 0 | AF87: =AA86 -> 0 | AG87: 0 | AI87: IL2 | AJ87: =AJ86-120 -> -120 | AK87: 0 | AL87: =AJ86-120 -> -120 | AM87: 0 | AN87: =AJ86-150 -> -150 | AO87: =AJ86-90 -> -90 | AP87: 0
M88: 2 | N88: S | O88: =($F$17*1000)/($D$5*SQRT(3)) -> 0 | P88: =($F$17*1000)/(($D$5/SQRT(3))) -> 0 | Q88: =P88 -> 0 | R88: =P88 -> 0 | S88: =($F$17*1000)/($D$5) -> 0 | T88: =S88 -> 0 | U88: =S88 -> 0 | Z88: IL3 | AA88: =AA86 -> 0 | AB88: 0 | AC88: 0 | AD88: =AA86 -> 0 | AE88: 0 | AF88: =AA86 -> 0 | AG88: =AA86 -> 0 | AI88: IL3 | AJ88: =AJ86+120 -> 120 | AK88: 0 | AL88: 0 | AM88: =AJ86+120 -> 120 | AN88: 0 | AO88: =AJ86+90 -> 90 | AP88: =AJ86+150 -> 150
M89: 3 | N89: I | O89: =$F$17 -> 0 | P89: =O89 -> 0 | Q89: =O89 -> 0 | R89: =O89 -> 0 | S89: =O89 -> 0 | T89: =O89 -> 0 | U89: =O89 -> 0 | Z89: IN | AA89: 0 | AB89: =AA86 -> 0 | AC89: =AA86 -> 0 | AD89: =AA86 -> 0 | AE89: 0 | AF89: 0 | AG89: 0 | AI89: IN | AJ89: 0 | AK89: =AJ86+180 -> 180 | AL89: =AJ86+180-120 -> 60 | AM89: =AJ86-180+120 -> -60 | AN89: 0 | AO89: 0 | AP89: 0
C91: Belastning 11 | E91: 1 | J91: 1 | L91: 1 | M91: 1 | N91: P | O91: =($F$18*1000)/($D$5*SQRT(3)*$I$18) -> 0 | P91: =($F$18*1000)/(($D$5/SQRT(3))*$I$18) -> 0 | Q91: =P91 -> 0 | R91: =P91 -> 0 | S91: =($F$18*1000)/($D$5*$I$18) -> 0 | T91: =S91 -> 0 | U91: =S91 -> 0 | AA91: 1 | AB91: 2 | AC91: 3 | AD91: 4 | AE91: 5 | AF91: 6 | AG91: 7 | AJ91: 1 | AK91: 2 | AL91: 3 | AM91: 4 | AN91: 5 | AO91: 6 | AP91: 7
M92: 2 | N92: S | O92: =($F$18*1000)/($D$5*SQRT(3)) -> 0 | P92: =($F$18*1000)/(($D$5/SQRT(3))) -> 0 | Q92: =P92 -> 0 | R92: =P92 -> 0 | S92: =($F$18*1000)/($D$5) -> 0 | T92: =S92 -> 0 | U92: =S92 -> 0 | AA92: 3-faset | AB92: L1-N | AC92: L2-N | AD92: L3-N | AE92: L1-L2 | AF92: L2-L3 | AG92: L1-L3 | AI92: Ðj Grader | AJ92: 3-faset | AK92: L1-N | AL92: L2-N | AM92: L3-N | AN92: L1-L2 | AO92: L2-L3 | AP92: L1-L3
M93: 3 | N93: I | O93: =$F$18 -> 0 | P93: =O93 -> 0 | Q93: =O93 -> 0 | R93: =O93 -> 0 | S93: =O93 -> 0 | T93: =O93 -> 0 | U93: =O93 -> 0 | Z93: IL1 | AA93: =H14 -> 0 | AB93: =AA93 -> 0 | AC93: 0 | AD93: 0 | AE93: =AA93 -> 0 | AF93: 0 | AG93: =AA93 -> 0 | AI93: IL1 | AJ93: =K14 -> 0 | AK93: =AJ93 -> 0 | AL93: 0 | AM93: 0 | AN93: =AJ93+30 -> 30 | AO93: 0 | AP93: =AJ93-30 -> -30
Y94: 7 | Z94: IL2 | AA94: =AA93 -> 0 | AB94: 0 | AC94: =AA93 -> 0 | AD94: 0 | AE94: =AA93 -> 0 | AF94: =AA93 -> 0 | AG94: 0 | AI94: IL2 | AJ94: =AJ93-120 -> -120 | AK94: 0 | AL94: =AJ93-120 -> -120 | AM94: 0 | AN94: =AJ93-150 -> -150 | AO94: =AJ93-90 -> -90 | AP94: 0
C95: Belastning 12 | E95: 1 | J95: 1 | L95: 1 | M95: 1 | N95: P | O95: =($F$19*1000)/($D$5*SQRT(3)*$I$19) -> 0 | P95: =($F$19*1000)/(($D$5/SQRT(3))*$I$19) -> 0 | Q95: =P95 -> 0 | R95: =P95 -> 0 | S95: =($F$19*1000)/($D$5*$I$19) -> 0 | T95: =S95 -> 0 | U95: =S95 -> 0 | Z95: IL3 | AA95: =AA93 -> 0 | AB95: 0 | AC95: 0 | AD95: =AA93 -> 0 | AE95: 0 | AF95: =AA93 -> 0 | AG95: =AA93 -> 0 | AI95: IL3 | AJ95: =AJ93+120 -> 120 | AK95: 0 | AL95: 0 | AM95: =AJ93+120 -> 120 | AN95: 0 | AO95: =AJ93+90 -> 90 | AP95: =AJ93+150 -> 150
M96: 2 | N96: S | O96: =($F$19*1000)/($D$5*SQRT(3)) -> 0 | P96: =($F$19*1000)/(($D$5/SQRT(3))) -> 0 | Q96: =P96 -> 0 | R96: =P96 -> 0 | S96: =($F$19*1000)/($D$5) -> 0 | T96: =S96 -> 0 | U96: =S96 -> 0 | Z96: IN | AA96: 0 | AB96: =AA93 -> 0 | AC96: =AA93 -> 0 | AD96: =AA93 -> 0 | AE96: 0 | AF96: 0 | AG96: 0 | AI96: IN | AJ96: 0 | AK96: =AJ93+180 -> 180 | AL96: =AJ93+180-120 -> 60 | AM96: =AJ93-180+120 -> -60 | AN96: 0 | AO96: 0 | AP96: 0
M97: 3 | N97: I | O97: =$F$19 -> 0 | P97: =O97 -> 0 | Q97: =O97 -> 0 | R97: =O97 -> 0 | S97: =O97 -> 0 | T97: =O97 -> 0 | U97: =O97 -> 0
AA98: 1 | AB98: 2 | AC98: 3 | AD98: 4 | AE98: 5 | AF98: 6 | AG98: 7 | AJ98: 1 | AK98: 2 | AL98: 3 | AM98: 4 | AN98: 5 | AO98: 6 | AP98: 7
C99: Belastning 13 | E99: 1 | J99: 1 | L99: 1 | M99: 1 | N99: P | O99: =($F$20*1000)/($D$5*SQRT(3)*$I$20) -> 0 | P99: =($F$20*1000)/(($D$5/SQRT(3))*$I$20) -> 0 | Q99: =P99 -> 0 | R99: =P99 -> 0 | S99: =($F$20*1000)/($D$5*$I$20) -> 0 | T99: =S99 -> 0 | U99: =S99 -> 0 | AA99: 3-faset | AB99: L1-N | AC99: L2-N | AD99: L3-N | AE99: L1-L2 | AF99: L2-L3 | AG99: L1-L3 | AI99: Ðj Grader | AJ99: 3-faset | AK99: L1-N | AL99: L2-N | AM99: L3-N | AN99: L1-L2 | AO99: L2-L3 | AP99: L1-L3
M100: 2 | N100: S | O100: =($F$20*1000)/($D$5*SQRT(3)) -> 0 | P100: =($F$20*1000)/(($D$5/SQRT(3))) -> 0 | Q100: =P100 -> 0 | R100: =P100 -> 0 | S100: =($F$20*1000)/($D$5) -> 0 | T100: =S100 -> 0 | U100: =S100 -> 0 | Z100: IL1 | AA100: =H15 -> 0 | AB100: =AA100 -> 0 | AC100: 0 | AD100: 0 | AE100: =AA100 -> 0 | AF100: 0 | AG100: =AA100 -> 0 | AI100: IL1 | AJ100: =K15 -> 0 | AK100: =AJ100 -> 0 | AL100: 0 | AM100: 0 | AN100: =AJ100+30 -> 30 | AO100: 0 | AP100: =AJ100-30 -> -30
M101: 3 | N101: I | O101: =$F$20 -> 0 | P101: =O101 -> 0 | Q101: =O101 -> 0 | R101: =O101 -> 0 | S101: =O101 -> 0 | T101: =O101 -> 0 | U101: =O101 -> 0 | Y101: 8 | Z101: IL2 | AA101: =AA100 -> 0 | AB101: 0 | AC101: =AA100 -> 0 | AD101: 0 | AE101: =AA100 -> 0 | AF101: =AA100 -> 0 | AG101: 0 | AI101: IL2 | AJ101: =AJ100-120 -> -120 | AK101: 0 | AL101: =AJ100-120 -> -120 | AM101: 0 | AN101: =AJ100-150 -> -150 | AO101: =AJ100-90 -> -90 | AP101: 0
Z102: IL3 | AA102: =AA100 -> 0 | AB102: 0 | AC102: 0 | AD102: =AA100 -> 0 | AE102: 0 | AF102: =AA100 -> 0 | AG102: =AA100 -> 0 | AI102: IL3 | AJ102: =AJ100+120 -> 120 | AK102: 0 | AL102: 0 | AM102: =AJ100+120 -> 120 | AN102: 0 | AO102: =AJ100+90 -> 90 | AP102: =AJ100+150 -> 150
C103: Belastning 14 | E103: 1 | J103: 1 | L103: 1 | M103: 1 | N103: P | O103: =($F$21*1000)/($D$5*SQRT(3)*$I$21) -> 0 | P103: =($F$21*1000)/(($D$5/SQRT(3))*$I$21) -> 0 | Q103: =P103 -> 0 | R103: =P103 -> 0 | S103: =($F$21*1000)/($D$5*$I$21) -> 0 | T103: =S103 -> 0 | U103: =S103 -> 0 | Z103: IN | AA103: 0 | AB103: =AA100 -> 0 | AC103: =AA100 -> 0 | AD103: =AA100 -> 0 | AE103: 0 | AF103: 0 | AG103: 0 | AI103: IN | AJ103: 0 | AK103: =AJ100+180 -> 180 | AL103: =AJ100+180-120 -> 60 | AM103: =AJ100-180+120 -> -60 | AN103: 0 | AO103: 0 | AP103: 0
M104: 2 | N104: S | O104: =($F$21*1000)/($D$5*SQRT(3)) -> 0 | P104: =($F$21*1000)/(($D$5/SQRT(3))) -> 0 | Q104: =P104 -> 0 | R104: =P104 -> 0 | S104: =($F$21*1000)/($D$5) -> 0 | T104: =S104 -> 0 | U104: =S104 -> 0
M105: 3 | N105: I | O105: =$F$21 -> 0 | P105: =O105 -> 0 | Q105: =O105 -> 0 | R105: =O105 -> 0 | S105: =O105 -> 0 | T105: =O105 -> 0 | U105: =O105 -> 0 | AA105: 1 | AB105: 2 | AC105: 3 | AD105: 4 | AE105: 5 | AF105: 6 | AG105: 7 | AJ105: 1 | AK105: 2 | AL105: 3 | AM105: 4 | AN105: 5 | AO105: 6 | AP105: 7
AA106: 3-faset | AB106: L1-N | AC106: L2-N | AD106: L3-N | AE106: L1-L2 | AF106: L2-L3 | AG106: L1-L3 | AI106: Ðj Grader | AJ106: 3-faset | AK106: L1-N | AL106: L2-N | AM106: L3-N | AN106: L1-L2 | AO106: L2-L3 | AP106: L1-L3
C107: Belastning 15 | E107: 1 | J107: 1 | L107: 1 | M107: 1 | N107: P | O107: =($F$22*1000)/($D$5*SQRT(3)*$I$22) -> 0 | P107: =($F$22*1000)/(($D$5/SQRT(3))*$I$22) -> 0 | Q107: =P107 -> 0 | R107: =P107 -> 0 | S107: =($F$22*1000)/($D$5*$I$22) -> 0 | T107: =S107 -> 0 | U107: =S107 -> 0 | Z107: IL1 | AA107: =H16 -> 0 | AB107: =AA107 -> 0 | AC107: 0 | AD107: 0 | AE107: =AA107 -> 0 | AF107: 0 | AG107: =AA107 -> 0 | AI107: IL1 | AJ107: =K16 -> 0 | AK107: =AJ107 -> 0 | AL107: 0 | AM107: 0 | AN107: =AJ107+30 -> 30 | AO107: 0 | AP107: =AJ107-30 -> -30
M108: 2 | N108: S | O108: =($F$22*1000)/($D$5*SQRT(3)) -> 0 | P108: =($F$22*1000)/(($D$5/SQRT(3))) -> 0 | Q108: =P108 -> 0 | R108: =P108 -> 0 | S108: =($F$22*1000)/($D$5) -> 0 | T108: =S108 -> 0 | U108: =S108 -> 0 | Z108: IL2 | AA108: =AA107 -> 0 | AB108: 0 | AC108: =AA107 -> 0 | AD108: 0 | AE108: =AA107 -> 0 | AF108: =AA107 -> 0 | AG108: 0 | AI108: IL2 | AJ108: =AJ107-120 -> -120 | AK108: 0 | AL108: =AJ107-120 -> -120 | AM108: 0 | AN108: =AJ107-150 -> -150 | AO108: =AJ107-90 -> -90 | AP108: 0
M109: 3 | N109: I | O109: =$F$22 -> 0 | P109: =O109 -> 0 | Q109: =O109 -> 0 | R109: =O109 -> 0 | S109: =O109 -> 0 | T109: =O109 -> 0 | U109: =O109 -> 0 | Y109: 9 | Z109: IL3 | AA109: =AA107 -> 0 | AB109: 0 | AC109: 0 | AD109: =AA107 -> 0 | AE109: 0 | AF109: =AA107 -> 0 | AG109: =AA107 -> 0 | AI109: IL3 | AJ109: =AJ107+120 -> 120 | AK109: 0 | AL109: 0 | AM109: =AJ107+120 -> 120 | AN109: 0 | AO109: =AJ107+90 -> 90 | AP109: =AJ107+150 -> 150
Z110: IN | AA110: 0 | AB110: =AA107 -> 0 | AC110: =AA107 -> 0 | AD110: =AA107 -> 0 | AE110: 0 | AF110: 0 | AG110: 0 | AI110: IN | AJ110: 0 | AK110: =AJ107+180 -> 180 | AL110: =AJ107+180-120 -> 60 | AM110: =AJ107-180+120 -> -60 | AN110: 0 | AO110: 0 | AP110: 0
E111: IL1 [A] | G111: IL2 [A] | I111: IL3 [A] | K111: IN [A]
C112: Belastning | E112: Reel | F112: Imag | G112: Reel | H112: Imag | I112: Reel | J112: Imag | K112: Reel | L112: Imag | AA112: 1 | AB112: 2 | AC112: 3 | AD112: 4 | AE112: 5 | AF112: 6 | AG112: 7 | AJ112: 1 | AK112: 2 | AL112: 3 | AM112: 4 | AN112: 5 | AO112: 6 | AP112: 7
C113: =C8 -> Belastning 1 | E113: =COS(RADIANS(Q8))*O8 -> 0 | F113: =SIN(RADIANS(Q8))*O8 -> 0 | G113: =COS(RADIANS(T8))*R8 -> 0 | H113: =SIN(RADIANS(T8))*R8 -> 0 | I113: =COS(RADIANS(W8))*U8 -> 0 | J113: =SIN(RADIANS(W8))*U8 -> 0 | AA113: 3-faset | AB113: L1-N | AC113: L2-N | AD113: L3-N | AE113: L1-L2 | AF113: L2-L3 | AG113: L1-L3 | AI113: Ðj Grader | AJ113: 3-faset | AK113: L1-N | AL113: L2-N | AM113: L3-N | AN113: L1-L2 | AO113: L2-L3 | AP113: L1-L3
C114: =C9 -> Belastning 2 | E114: =COS(RADIANS(Q9))*O9 -> 0 | F114: =SIN(RADIANS(Q9))*O9 -> 0 | G114: =COS(RADIANS(T9))*R9 -> 0 | H114: =SIN(RADIANS(T9))*R9 -> 0 | I114: =COS(RADIANS(W9))*U9 -> 0 | J114: =SIN(RADIANS(W9))*U9 -> 0 | Z114: IL1 | AA114: =H17 -> 0 | AB114: =AA114 -> 0 | AC114: 0 | AD114: 0 | AE114: =AA114 -> 0 | AF114: 0 | AG114: =AA114 -> 0 | AI114: IL1 | AJ114: =K17 -> 0 | AK114: =AJ114 -> 0 | AL114: 0 | AM114: 0 | AN114: =AJ114+30 -> 30 | AO114: 0 | AP114: =AJ114-30 -> -30
C115: =C10 -> Belastning 3 | E115: =COS(RADIANS(Q10))*O10 -> 0 | F115: =SIN(RADIANS(Q10))*O10 -> 0 | G115: =COS(RADIANS(T10))*R10 -> 0 | H115: =SIN(RADIANS(T10))*R10 -> 0 | I115: =COS(RADIANS(W10))*U10 -> 0 | J115: =SIN(RADIANS(W10))*U10 -> 0 | Z115: IL2 | AA115: =AA114 -> 0 | AB115: 0 | AC115: =AA114 -> 0 | AD115: 0 | AE115: =AA114 -> 0 | AF115: =AA114 -> 0 | AG115: 0 | AI115: IL2 | AJ115: =AJ114-120 -> -120 | AK115: 0 | AL115: =AJ114-120 -> -120 | AM115: 0 | AN115: =AJ114-150 -> -150 | AO115: =AJ114-90 -> -90 | AP115: 0
...

Sheet Tavle +A15
C2: Eftersiddende tavle | H2: 15
P3: sf | Q3: 1 | S3: uf | T3: 1
N4: Selv skriv tavlenavn
C5: UL-L | D5: 400 | E5: [V] | F5: 3. harmoniske strømme | I5: 0 | J5: [A]
N6: Tavle +A15
F7: Værdi | H7: IB [A] | I7: cos ϕ | J7: Tilsluttet | K7: Ðj i Grader | L7: Ind./Kap. | N7: Belastning | P7: IL1 [A] | S7: IL2 [A] | V7: IL3 [A] | Y7: IN [A]
C8: Belastning 1 | F8: 0 | G8: =VLOOKUP(E51,B44:D46,3) -> [kW] | H8: =VLOOKUP(E51,M50:U53,J51+2) -> 0 | I8: 1 | K8: =IF(L51=1,-DEGREES(ACOS(I8)),DEGREES(ACOS(I8))) -> 0 | N8: =C8 -> Belastning 1 | O8: =HLOOKUP($J$51,$AA$49:$AG$54,3) -> 0 | P8: Ð | Q8: =HLOOKUP($J$51,$AJ$49:$AP$54,3) -> 0 | R8: =HLOOKUP($J$51,$AA$49:$AG$54,4) -> 0 | S8: Ð | T8: =HLOOKUP($J$51,$AJ$49:$AP$54,4) -> -120 | U8: =HLOOKUP($J$51,$AA$49:$AG$54,5) -> 0 | V8: Ð | W8: =HLOOKUP($J$51,$AJ$49:$AP$54,5) -> 120 | X8: =HLOOKUP($J$51,$AA$49:$AG$54,6) -> 0 | Y8: Ð | Z8: =HLOOKUP($J$51,$AJ$49:$AP$54,6) -> 0
C9: Belastning 2 | F9: 0 | G9: =VLOOKUP(E55,B44:D46,3) -> [kW] | H9: =VLOOKUP(E55,M55:U57,J55+2) -> 0 | I9: 1 | K9: =IF(L55=1,-DEGREES(ACOS(I9)),DEGREES(ACOS(I9))) -> 0 | L9: ½ | N9: =C9 -> Belastning 2 | O9: =HLOOKUP($J$55,$AA$56:$AG$61,3) -> 0 | P9: Ð | Q9: =HLOOKUP($J$55,$AJ$56:$AP$61,3) -> 0 | R9: =HLOOKUP($J$55,$AA$56:$AG$61,4) -> 0 | S9: Ð | T9: =HLOOKUP($J$55,$AJ$56:$AP$61,4) -> -120 | U9: =HLOOKUP($J$55,$AA$56:$AG$61,5) -> 0 | V9: Ð | W9: =HLOOKUP($J$55,$AJ$56:$AP$61,5) -> 120 | X9: =HLOOKUP($J$55,$AA$56:$AG$61,6) -> 0 | Y9: Ð | Z9: =HLOOKUP($J$55,$AJ$56:$AP$61,6) -> 0
C10: Belastning 3 | F10: 0 | G10: =VLOOKUP(E59,B44:D46,3) -> [kW] | H10: =VLOOKUP(E59,M59:U61,J59+2) -> 0 | I10: 1 | K10: =IF(L59=1,-DEGREES(ACOS(I10)),DEGREES(ACOS(I10))) -> 0 | N10: =C10 -> Belastning 3 | O10: =HLOOKUP($J$59,$AA$63:$AG468,3) -> 0 | P10: Ð | Q10: =HLOOKUP($J$59,$AJ$63:$AP$68,3) -> 0 | R10: =HLOOKUP($J$59,$AA$63:$AG468,4) -> 0 | S10: Ð | T10: =HLOOKUP($J$59,$AJ$63:$AP$68,4) -> -120 | U10: =HLOOKUP($J$59,$AA$63:$AG468,5) -> 0 | V10: Ð | W10: =HLOOKUP($J$59,$AJ$63:$AP$68,5) -> 120 | X10: =HLOOKUP($J$59,$AA$63:$AG468,6) -> 0 | Y10: Ð | Z10: =HLOOKUP($J$59,$AJ$63:$AP$68,6) -> 0
C11: Belastning 4 | F11: 0 | G11: =VLOOKUP(E63,B44:D46,3) -> [kW] | H11: =VLOOKUP(E63,M63:U65,J63+2) -> 0 | I11: 1 | K11: =IF(L63=1,-DEGREES(ACOS(I11)),DEGREES(ACOS(I11))) -> 0 | N11: =C11 -> Belastning 4 | O11: =HLOOKUP($J$63,$AA$70:$AG$75,3) -> 0 | P11: Ð | Q11: =HLOOKUP($J$63,$AJ$70:$AP$75,3) -> 0 | R11: =HLOOKUP($J$63,$AA$70:$AG$75,4) -> 0 | S11: Ð | T11: =HLOOKUP($J$63,$AJ$70:$AP$75,4) -> -120 | U11: =HLOOKUP($J$63,$AA$70:$AG$75,5) -> 0 | V11: Ð | W11: =HLOOKUP($J$63,$AJ$70:$AP$75,5) -> 120 | X11: =HLOOKUP($J$63,$AA$70:$AG$75,6) -> 0 | Y11: Ð | Z11: =HLOOKUP($J$63,$AJ$70:$AP$75,6) -> 0
C12: Belastning 5 | F12: 0 | G12: =VLOOKUP(E67,B44:D46,3) -> [kW] | H12: =VLOOKUP(E67,M67:U69,J67+2) -> 0 | I12: 1 | K12: =IF(L67=1,-DEGREES(ACOS(I12)),DEGREES(ACOS(I12))) -> 0 | N12: =C12 -> Belastning 5 | O12: =HLOOKUP($J$67,$AA$77:$AG$82,3) -> 0 | P12: Ð | Q12: =HLOOKUP($J$67,$AJ$77:$AP$82,3) -> 0 | R12: =HLOOKUP($J$67,$AA$77:$AG$82,4) -> 0 | S12: Ð | T12: =HLOOKUP($J$67,$AJ$77:$AP$82,4) -> -120 | U12: =HLOOKUP($J$67,$AA$77:$AG$82,5) -> 0 | V12: Ð | W12: =HLOOKUP($J$67,$AJ$77:$AP$82,5) -> 120 | X12: =HLOOKUP($J$67,$AA$77:$AG$82,6) -> 0 | Y12: Ð | Z12: =HLOOKUP($J$67,$AJ$77:$AP$82,6) -> 0
C13: Belastning 6 | F13: 0 | G13: =VLOOKUP(E71,B44:D46,3) -> [kW] | H13: =VLOOKUP(E71,M71:U73,J71+2) -> 0 | I13: 1 | K13: =IF(L71=1,-DEGREES(ACOS(I13)),DEGREES(ACOS(I13))) -> 0 | N13: =C13 -> Belastning 6 | O13: =HLOOKUP($J$71,$AA$84:$AG$89,3) -> 0 | P13: Ð | Q13: =HLOOKUP($J$71,$AJ$84:$AP$89,3) -> 0 | R13: =HLOOKUP($J$71,$AA$84:$AG$89,4) -> 0 | S13: Ð | T13: =HLOOKUP($J$71,$AJ$84:$AP$89,4) -> -120 | U13: =HLOOKUP($J$71,$AA$84:$AG$89,5) -> 0 | V13: Ð | W13: =HLOOKUP($J$71,$AJ$84:$AP$89,5) -> 120 | X13: =HLOOKUP($J$71,$AA$84:$AG$89,6) -> 0 | Y13: Ð | Z13: =HLOOKUP($J$71,$AJ$84:$AP$89,6) -> 0
C14: Belastning 7 | F14: 0 | G14: =VLOOKUP(E75,B44:D46,3) -> [kW] | H14: =VLOOKUP(E75,M75:U77,J75+2) -> 0 | I14: 1 | K14: =IF(L75=1,-DEGREES(ACOS(I14)),DEGREES(ACOS(I14))) -> 0 | N14: =C14 -> Belastning 7 | O14: =HLOOKUP($J$75,$AA$91:$AG$96,3) -> 0 | P14: Ð | Q14: =HLOOKUP($J$75,$AJ$91:$AP$96,3) -> 0 | R14: =HLOOKUP($J$75,$AA$91:$AG$96,4) -> 0 | S14: Ð | T14: =HLOOKUP($J$75,$AJ$91:$AP$96,4) -> -120 | U14: =HLOOKUP($J$75,$AA$91:$AG$96,5) -> 0 | V14: Ð | W14: =HLOOKUP($J$75,$AJ$91:$AP$96,5) -> 120 | X14: =HLOOKUP($J$75,$AA$91:$AG$96,6) -> 0 | Y14: Ð | Z14: =HLOOKUP($J$75,$AJ$91:$AP$96,6) -> 0
C15: Belastning 8 | F15: 0 | G15: =VLOOKUP(E79,B44:D46,3) -> [kW] | H15: =VLOOKUP(E79,M79:U81,J79+2) -> 0 | I15: 1 | K15: =IF(L79=1,-DEGREES(ACOS(I15)),DEGREES(ACOS(I15))) -> 0 | N15: =C15 -> Belastning 8 | O15: =HLOOKUP($J$79,$AA$98:$AG$103,3) -> 0 | P15: Ð | Q15: =HLOOKUP($J$79,$AJ$98:$AP$103,3) -> 0 | R15: =HLOOKUP($J$79,$AA$98:$AG$103,4) -> 0 | S15: Ð | T15: =HLOOKUP($J$79,$AJ$98:$AP$103,4) -> -120 | U15: =HLOOKUP($J$79,$AA$98:$AG$103,5) -> 0 | V15: Ð | W15: =HLOOKUP($J$79,$AJ$98:$AP$103,5) -> 120 | X15: =HLOOKUP($J$79,$AA$98:$AG$103,6) -> 0 | Y15: Ð | Z15: =HLOOKUP($J$79,$AJ$98:$AP$103,6) -> 0
C16: Belastning 9 | F16: 0 | G16: =VLOOKUP(E83,B44:D46,3) -> [kW] | H16: =VLOOKUP(E83,M83:U85,J83+2) -> 0 | I16: 1 | K16: =IF(L83=1,-DEGREES(ACOS(I16)),DEGREES(ACOS(I16))) -> 0 | N16: =C16 -> Belastning 9 | O16: =HLOOKUP($J$83,$AA$105:$AG$110,3) -> 0 | P16: Ð | Q16: =HLOOKUP($J$83,$AJ$105:$AP$110,3) -> 0 | R16: =HLOOKUP($J$83,$AA$105:$AG$110,4) -> 0 | S16: Ð | T16: =HLOOKUP($J$83,$AJ$105:$AP$110,4) -> -120 | U16: =HLOOKUP($J$83,$AA$105:$AG$110,5) -> 0 | V16: Ð | W16: =HLOOKUP($J$83,$AJ$105:$AP$110,5) -> 120 | X16: =HLOOKUP($J$83,$AA$105:$AG$110,6) -> 0 | Y16: Ð | Z16: =HLOOKUP($J$83,$AJ$105:$AP$110,6) -> 0
C17: Belastning 10 | F17: 0 | G17: =VLOOKUP(E87,B44:D46,3) -> [kW] | H17: =VLOOKUP(E87,M87:U89,J87+2) -> 0 | I17: 1 | K17: =IF(L87=1,-DEGREES(ACOS(I17)),DEGREES(ACOS(I17))) -> 0 | N17: =C17 -> Belastning 10 | O17: =HLOOKUP($J$87,$AA$112:$AG$117,3) -> 0 | P17: Ð | Q17: =HLOOKUP($J$87,$AJ$112:$AP$117,3) -> 0 | R17: =HLOOKUP($J$87,$AA$112:$AG$117,4) -> 0 | S17: Ð | T17: =HLOOKUP($J$87,$AJ$112:$AP$117,4) -> -120 | U17: =HLOOKUP($J$87,$AA$112:$AG$117,5) -> 0 | V17: Ð | W17: =HLOOKUP($J$87,$AJ$112:$AP$117,5) -> 120 | X17: =HLOOKUP($J$87,$AA$112:$AG$117,6) -> 0 | Y17: Ð | Z17: =HLOOKUP($J$87,$AJ$112:$AP$117,6) -> 0
C18: Belastning 11 | F18: 0 | G18: =VLOOKUP(E91,B44:D46,3) -> [kW] | H18: =VLOOKUP(E91,M91:U93,J91+2) -> 0 | I18: 1 | K18: =IF(L91=1,-DEGREES(ACOS(I18)),DEGREES(ACOS(I18))) -> 0 | N18: =C18 -> Belastning 11 | O18: =HLOOKUP($J$91,$AA$119:$AG$124,3) -> 0 | P18: Ð | Q18: =HLOOKUP($J$91,$AJ$119:$AP$124,3) -> 0 | R18: =HLOOKUP($J$91,$AA$119:$AG$124,4) -> 0 | S18: Ð | T18: =HLOOKUP($J$91,$AJ$119:$AP$124,4) -> -120 | U18: =HLOOKUP($J$91,$AA$119:$AG$124,5) -> 0 | V18: Ð | W18: =HLOOKUP($J$91,$AJ$119:$AP$124,5) -> 120 | X18: =HLOOKUP($J$91,$AA$119:$AG$124,6) -> 0 | Y18: Ð | Z18: =HLOOKUP($J$91,$AJ$119:$AP$124,6) -> 0
C19: Belastning 12 | F19: 0 | G19: =VLOOKUP(E95,B44:D46,3) -> [kW] | H19: =VLOOKUP(E95,M95:U97,J95+2) -> 0 | I19: 1 | K19: =IF(L95=1,-DEGREES(ACOS(I19)),DEGREES(ACOS(I19))) -> 0 | N19: =C19 -> Belastning 12 | O19: =HLOOKUP($J$95,$AA$126:$AG$131,3) -> 0 | P19: Ð | Q19: =HLOOKUP($J$95,$AJ$126:$AP$131,3) -> 0 | R19: =HLOOKUP($J$95,$AA$126:$AG$131,4) -> 0 | S19: Ð | T19: =HLOOKUP($J$95,$AJ$126:$AP$131,4) -> -120 | U19: =HLOOKUP($J$95,$AA$126:$AG$131,5) -> 0 | V19: Ð | W19: =HLOOKUP($J$95,$AJ$126:$AP$131,5) -> 120 | X19: =HLOOKUP($J$95,$AA$126:$AG$131,6) -> 0 | Y19: Ð | Z19: =HLOOKUP($J$95,$AJ$126:$AP$131,6) -> 0
C20: Belastning 13 | F20: 0 | G20: =VLOOKUP(E99,B44:D46,3) -> [kW] | H20: =VLOOKUP(E99,M99:U101,J99+2) -> 0 | I20: 1 | K20: =IF(L99=1,-DEGREES(ACOS(I20)),DEGREES(ACOS(I20))) -> 0 | N20: =C20 -> Belastning 13 | O20: =HLOOKUP($J$99,$AA$133:$AG$138,3) -> 0 | P20: Ð | Q20: =HLOOKUP($J$99,$AJ$133:$AP$138,3) -> 0 | R20: =HLOOKUP($J$99,$AA$133:$AG$138,4) -> 0 | S20: Ð | T20: =HLOOKUP($J$99,$AJ$133:$AP$138,4) -> -120 | U20: =HLOOKUP($J$99,$AA$133:$AG$138,5) -> 0 | V20: Ð | W20: =HLOOKUP($J$99,$AJ$133:$AP$138,5) -> 120 | X20: =HLOOKUP($J$99,$AA$133:$AG$138,6) -> 0 | Y20: Ð | Z20: =HLOOKUP($J$99,$AJ$133:$AP$138,6) -> 0
C21: Belastning 14 | F21: 0 | G21: =VLOOKUP(E103,B44:D46,3) -> [kW] | H21: =VLOOKUP(E103,M103:U105,J103+2) -> 0 | I21: 1 | K21: =IF(L103=1,-DEGREES(ACOS(I21)),DEGREES(ACOS(I21))) -> 0 | N21: =C21 -> Belastning 14 | O21: =HLOOKUP($J$103,$AA$140:$AG$145,3) -> 0 | P21: Ð | Q21: =HLOOKUP($J$103,$AJ$140:$AP$145,3) -> 0 | R21: =HLOOKUP($J$103,$AA$140:$AG$145,4) -> 0 | S21: Ð | T21: =HLOOKUP($J$103,$AJ$140:$AP$145,4) -> -120 | U21: =HLOOKUP($J$103,$AA$140:$AG$145,5) -> 0 | V21: Ð | W21: =HLOOKUP($J$103,$AJ$140:$AP$145,5) -> 120 | X21: =HLOOKUP($J$103,$AA$140:$AG$145,6) -> 0 | Y21: Ð | Z21: =HLOOKUP($J$103,$AJ$140:$AP$145,6) -> 0
C22: Belastning 15 | F22: 0 | G22: =VLOOKUP(E107,B44:D46,3) -> [kW] | H22: =VLOOKUP(E107,M107:U109,J107+2) -> 0 | I22: 1 | K22: =IF(L107=1,-DEGREES(ACOS(I22)),DEGREES(ACOS(I22))) -> 0 | N22: =C22 -> Belastning 15 | O22: =HLOOKUP($J$107,$AA$147:$AG$152,3) -> 0 | P22: Ð | Q22: =HLOOKUP($J$107,$AJ$147:$AP$152,3) -> 0 | R22: =HLOOKUP($J$107,$AA$147:$AG$152,4) -> 0 | S22: Ð | T22: =HLOOKUP($J$107,$AJ$147:$AP$152,4) -> -120 | U22: =HLOOKUP($J$107,$AA$147:$AG$152,5) -> 0 | V22: Ð | W22: =HLOOKUP($J$107,$AJ$147:$AP$152,5) -> 120 | X22: =HLOOKUP($J$107,$AA$147:$AG$152,6) -> 0 | Y22: Ð | Z22: =HLOOKUP($J$107,$AJ$147:$AP$152,6) -> 0
N23: ∑Itil - Global | O23: =SQRT(E128^2+F128^2) -> 0 | P23: Ð | Q23: =IFERROR(DEGREES(ATAN(F128/E128)),0) -> 0 | R23: =SQRT(G128^2+H128^2) -> 0 | S23: Ð | T23: =IFERROR(-DEGREES(ATAN(G128/H128))-90,0) -> 0 | U23: =SQRT(I128^2+J128^2) -> 0 | V23: Ð | W23: =IFERROR(-DEGREES(ATAN(I128/J128))+90,0) -> 0 | X23: =IMABS(COMPLEX(C134+F134+I134,C135+F135+I135)) -> 0 | Y23: Ð | Z23: =IFERROR(DEGREES(IMARGUMENT(IMSUM(L135)))+180,0) -> 0
N24: ∑IB - Global | O24: =O23*Q3*T3 -> 0 | P24: Ð | Q24: =Q23 -> 0 | R24: =R23*Q3*T3 -> 0 | S24: Ð | T24: =T23 -> 0 | U24: =U23*Q3*T3 -> 0 | V24: Ð | W24: =W23 -> 0 | X24: =(X23)*Q3*T3 -> 0 | Y24: Ð | Z24: =Z23 -> 0
N25: ∑IB - Lokal | O25: =O24 -> 0 | P25: Ð | Q25: =Q23 -> 0 | R25: =R24 -> 0 | S25: Ð | T25: =T24+120 -> 120 | U25: =U24 -> 0 | V25: Ð | W25: =W24-120 -> -120 | X25: =(X24) -> 0 | Y25: Ð | Z25: =Z24 -> 0
N26: 3. harmoniske | O26: =IFERROR(((I5/3)/O24)*100,0) -> 0 | P26: % | R26: =IFERROR(((I5/3)/R24)*100,0) -> 0 | S26: % | U26: =IFERROR(((I5/3)/U24)*100,0) -> 0 | V26: %
K27: Tjek SB side 193
I39: 1 | J39: 3 - faser
I40: 2 | J40: L1 - N
I41: 3 | J41: L2 - N
I42: 4 | J42: L3 - N
I43: 5 | J43: L1 - L2 | AA43: 3-harmoniske
B44: 1 | C44: P [kW] | D44: [kW] | I44: 6 | J44: L2 - L3 | L44: Induktiv | Y44: 1 | Z44: IL1 | AB44: %
B45: 2 | C45: S [kVA] | D45: [kVA] | I45: 7 | J45: L1 - L3 | L45: Kapasativ | Y45: 2 | Z45: IL2 | AB45: %
B46: 3 | C46: I [A] | D46: [A] | Y46: 3 | Z46: IL3 | AB46: %
Y47: 4 | Z47: IN
E49: Output | AA49: 1 | AB49: 2 | AC49: 3 | AD49: 4 | AE49: 5 | AF49: 6 | AG49: 7 | AJ49: 1 | AK49: 2 | AL49: 3 | AM49: 4 | AN49: 5 | AO49: 6 | AP49: 7
O50: 3-faset | P50: L1-N | Q50: L2-N | R50: L3-N | S50: L1-L2 | T50: L2-L3 | U50: L1-L3 | AA50: 3-faset | AB50: L1-N | AC50: L2-N | AD50: L3-N | AE50: L1-L2 | AF50: L2-L3 | AG50: L1-L3 | AI50: Ðj Grader | AJ50: 3-faset | AK50: L1-N | AL50: L2-N | AM50: L3-N | AN50: L1-L2 | AO50: L2-L3 | AP50: L1-L3
C51: Belastning 1 | E51: 1 | J51: 1 | L51: 1 | M51: 1 | N51: P | O51: =(F8*1000)/($D$5*SQRT(3)*I8) -> 0 | P51: =($F$8*1000)/(($D$5/SQRT(3))*$I$8) -> 0 | Q51: =P51 -> 0 | R51: =P51 -> 0 | S51: =($F$8*1000)/($D$5*$I$8) -> 0 | T51: =S51 -> 0 | U51: =S51 -> 0 | Z51: IL1 | AA51: =H8 -> 0 | AB51: =AA51 -> 0 | AC51: 0 | AD51: 0 | AE51: =AA51 -> 0 | AF51: 0 | AG51: =AA51 -> 0 | AI51: IL1 | AJ51: =K8 -> 0 | AK51: =AJ51 -> 0 | AL51: 0 | AM51: 0 | AN51: =AJ51+30 -> 30 | AO51: 0 | AP51: =AJ51-30 -> -30
M52: 2 | N52: S | O52: =(F8*1000)/($D$5*SQRT(3)) -> 0 | P52: =($F$8*1000)/(($D$5/SQRT(3))) -> 0 | Q52: =P52 -> 0 | R52: =P52 -> 0 | S52: =($F$8*1000)/($D$5) -> 0 | T52: =S52 -> 0 | U52: =S52 -> 0 | Y52: 1 | Z52: IL2 | AA52: =AA51 -> 0 | AB52: 0 | AC52: =AA51 -> 0 | AD52: 0 | AE52: =AA51 -> 0 | AF52: =AA51 -> 0 | AG52: 0 | AI52: IL2 | AJ52: =AJ51-120 -> -120 | AK52: 0 | AL52: =AJ51-120 -> -120 | AM52: 0 | AN52: =AJ51-150 -> -150 | AO52: =AJ51-90 -> -90 | AP52: 0
M53: 3 | N53: I | O53: =F8 -> 0 | P53: =$F$8 -> 0 | Q53: =$F$8 -> 0 | R53: =$F$8 -> 0 | S53: =$F$8 -> 0 | T53: =$F$8 -> 0 | U53: =$F$8 -> 0 | Z53: IL3 | AA53: =AA51 -> 0 | AB53: 0 | AC53: 0 | AD53: =AA51 -> 0 | AE53: 0 | AF53: =AA51 -> 0 | AG53: =AA51 -> 0 | AI53: IL3 | AJ53: =AJ51+120 -> 120 | AK53: 0 | AL53: 0 | AM53: =AJ51+120 -> 120 | AN53: 0 | AO53: =AJ51+90 -> 90 | AP53: =AJ51+150 -> 150
Z54: IN | AA54: 0 | AB54: =AA51 -> 0 | AC54: =AA51 -> 0 | AD54: =AA51 -> 0 | AE54: 0 | AF54: 0 | AG54: 0 | AI54: IN | AJ54: 0 | AK54: =AJ51+180 -> 180 | AL54: =AJ51+180-120 -> 60 | AM54: =AJ51-180+120 -> -60 | AN54: 0 | AO54: 0 | AP54: 0
C55: Belastning 2 | E55: 1 | J55: 1 | L55: 1 | M55: 1 | N55: P | O55: =($F$9*1000)/($D$5*SQRT(3)*$I$9) -> 0 | P55: =($F$9*1000)/(($D$5/SQRT(3))*$I$9) -> 0 | Q55: =P55 -> 0 | R55: =P55 -> 0 | S55: =($F$9*1000)/($D$5*$I$9) -> 0 | T55: =S55 -> 0 | U55: =S55 -> 0
M56: 2 | N56: S | O56: =($F$9*1000)/($D$5*SQRT(3)) -> 0 | P56: =($F$9*1000)/(($D$5/SQRT(3))) -> 0 | Q56: =P56 -> 0 | R56: =P56 -> 0 | S56: =($F$9*1000)/($D$5) -> 0 | T56: =S56 -> 0 | U56: =S56 -> 0 | AA56: 1 | AB56: 2 | AC56: 3 | AD56: 4 | AE56: 5 | AF56: 6 | AG56: 7 | AJ56: 1 | AK56: 2 | AL56: 3 | AM56: 4 | AN56: 5 | AO56: 6 | AP56: 7
M57: 3 | N57: I | O57: =$F$9 -> 0 | P57: =O57 -> 0 | Q57: =O57 -> 0 | R57: =O57 -> 0 | S57: =O57 -> 0 | T57: =O57 -> 0 | U57: =O57 -> 0 | AA57: 3-faset | AB57: L1-N | AC57: L2-N | AD57: L3-N | AE57: L1-L2 | AF57: L2-L3 | AG57: L1-L3 | AI57: Ðj Grader | AJ57: 3-faset | AK57: L1-N | AL57: L2-N | AM57: L3-N | AN57: L1-L2 | AO57: L2-L3 | AP57: L1-L3
Z58: IL1 | AA58: =H9 -> 0 | AB58: =AA58 -> 0 | AC58: 0 | AD58: 0 | AE58: =AA58 -> 0 | AF58: 0 | AG58: =AA58 -> 0 | AI58: IL1 | AJ58: =K9 -> 0 | AK58: =AJ58 -> 0 | AL58: 0 | AM58: 0 | AN58: =AJ58+30 -> 30 | AO58: 0 | AP58: =AJ58-30 -> -30
C59: Belastning 3 | E59: 1 | J59: 1 | L59: 1 | M59: 1 | N59: P | O59: =($F$10*1000)/($D$5*SQRT(3)*$I$10) -> 0 | P59: =($F$10*1000)/(($D$5/SQRT(3))*$I$10) -> 0 | Q59: =P59 -> 0 | R59: =P59 -> 0 | S59: =($F$10*1000)/($D$5*$I$10) -> 0 | T59: =S59 -> 0 | U59: =S59 -> 0 | Y59: 2 | Z59: IL2 | AA59: =AA58 -> 0 | AB59: 0 | AC59: =AA58 -> 0 | AD59: 0 | AE59: =AA58 -> 0 | AF59: =AA58 -> 0 | AG59: 0 | AI59: IL2 | AJ59: =AJ58-120 -> -120 | AK59: 0 | AL59: =AJ58-120 -> -120 | AM59: 0 | AN59: =AJ58-150 -> -150 | AO59: =AJ58-90 -> -90 | AP59: 0
M60: 2 | N60: S | O60: =($F$10*1000)/($D$5*SQRT(3)) -> 0 | P60: =($F$10*1000)/(($D$5/SQRT(3))) -> 0 | Q60: =P60 -> 0 | R60: =P60 -> 0 | S60: =($F$10*1000)/($D$5) -> 0 | T60: =S60 -> 0 | U60: =S60 -> 0 | Z60: IL3 | AA60: =AA58 -> 0 | AB60: 0 | AC60: 0 | AD60: =AA58 -> 0 | AE60: 0 | AF60: =AA58 -> 0 | AG60: =AA58 -> 0 | AI60: IL3 | AJ60: =AJ58+120 -> 120 | AK60: 0 | AL60: 0 | AM60: =AJ58+120 -> 120 | AN60: 0 | AO60: =AJ58+90 -> 90 | AP60: =AJ58+150 -> 150
M61: 3 | N61: I | O61: =$F$10 -> 0 | P61: =O61 -> 0 | Q61: =O61 -> 0 | R61: =O61 -> 0 | S61: =O61 -> 0 | T61: =O61 -> 0 | U61: =O61 -> 0 | Z61: IN | AA61: 0 | AB61: =AA58 -> 0 | AC61: =AA58 -> 0 | AD61: =AA58 -> 0 | AE61: 0 | AF61: 0 | AG61: 0 | AI61: IN | AJ61: 0 | AK61: =AJ58+180 -> 180 | AL61: =AJ58+180-120 -> 60 | AM61: =AJ58-180+120 -> -60 | AN61: 0 | AO61: 0 | AP61: 0
C63: Belastning 4 | E63: 1 | J63: 1 | L63: 1 | M63: 1 | N63: P | O63: =($F$11*1000)/($D$5*SQRT(3)*$I$11) -> 0 | P63: =($F$11*1000)/(($D$5/SQRT(3))*$I$11) -> 0 | Q63: =P63 -> 0 | R63: =P63 -> 0 | S63: =($F$11*1000)/($D$5*$I$11) -> 0 | T63: =S63 -> 0 | U63: =S63 -> 0 | AA63: 1 | AB63: 2 | AC63: 3 | AD63: 4 | AE63: 5 | AF63: 6 | AG63: 7 | AJ63: 1 | AK63: 2 | AL63: 3 | AM63: 4 | AN63: 5 | AO63: 6 | AP63: 7
M64: 2 | N64: S | O64: =($F$11*1000)/($D$5*SQRT(3)) -> 0 | P64: =($F$11*1000)/(($D$5/SQRT(3))) -> 0 | Q64: =P64 -> 0 | R64: =P64 -> 0 | S64: =($F$11*1000)/($D$5) -> 0 | T64: =S64 -> 0 | U64: =S64 -> 0 | AA64: 3-faset | AB64: L1-N | AC64: L2-N | AD64: L3-N | AE64: L1-L2 | AF64: L2-L3 | AG64: L1-L3 | AI64: Ðj Grader | AJ64: 3-faset | AK64: L1-N | AL64: L2-N | AM64: L3-N | AN64: L1-L2 | AO64: L2-L3 | AP64: L1-L3
M65: 3 | N65: I | O65: =$F$11 -> 0 | P65: =O65 -> 0 | Q65: =O65 -> 0 | R65: =O65 -> 0 | S65: =O65 -> 0 | T65: =O65 -> 0 | U65: =O65 -> 0 | Z65: IL1 | AA65: =H10 -> 0 | AB65: =AA65 -> 0 | AC65: 0 | AD65: 0 | AE65: =AA65 -> 0 | AF65: 0 | AG65: =AA65 -> 0 | AI65: IL1 | AJ65: =K10 -> 0 | AK65: =AJ65 -> 0 | AL65: 0 | AM65: 0 | AN65: =AJ65+30 -> 30 | AO65: 0 | AP65: =AJ65-30 -> -30
Y66: 3 | Z66: IL2 | AA66: =AA65 -> 0 | AB66: 0 | AC66: =AA65 -> 0 | AD66: 0 | AE66: =AA65 -> 0 | AF66: =AA65 -> 0 | AG66: 0 | AI66: IL2 | AJ66: =AJ65-120 -> -120 | AK66: 0 | AL66: =AJ65-120 -> -120 | AM66: 0 | AN66: =AJ65-150 -> -150 | AO66: =AJ65-90 -> -90 | AP66: 0
C67: Belastning 5 | E67: 1 | J67: 1 | L67: 1 | M67: 1 | N67: P | O67: =($F$12*1000)/($D$5*SQRT(3)*$I$12) -> 0 | P67: =($F$12*1000)/(($D$5/SQRT(3))*$I$12) -> 0 | Q67: =P67 -> 0 | R67: =P67 -> 0 | S67: =($F$12*1000)/($D$5*$I$12) -> 0 | T67: =S67 -> 0 | U67: =S67 -> 0 | Z67: IL3 | AA67: =AA65 -> 0 | AB67: 0 | AC67: 0 | AD67: =AA65 -> 0 | AE67: 0 | AF67: =AA65 -> 0 | AG67: =AA65 -> 0 | AI67: IL3 | AJ67: =AJ65+120 -> 120 | AK67: 0 | AL67: 0 | AM67: =AJ65+120 -> 120 | AN67: 0 | AO67: =AJ65+90 -> 90 | AP67: =AJ65+150 -> 150
M68: 2 | N68: S | O68: =($F$12*1000)/($D$5*SQRT(3)) -> 0 | P68: =($F$12*1000)/(($D$5/SQRT(3))) -> 0 | Q68: =P68 -> 0 | R68: =P68 -> 0 | S68: =($F$12*1000)/($D$5) -> 0 | T68: =S68 -> 0 | U68: =S68 -> 0 | Z68: IN | AA68: 0 | AB68: =AA65 -> 0 | AC68: =AA65 -> 0 | AD68: =AA65 -> 0 | AE68: 0 | AF68: 0 | AG68: 0 | AI68: IN | AJ68: 0 | AK68: =AJ65+180 -> 180 | AL68: =AJ65+180-120 -> 60 | AM68: =AJ65-180+120 -> -60 | AN68: 0 | AO68: 0 | AP68: 0
M69: 3 | N69: I | O69: =$F$12 -> 0 | P69: =O69 -> 0 | Q69: =O69 -> 0 | R69: =O69 -> 0 | S69: =O69 -> 0 | T69: =O69 -> 0 | U69: =O69 -> 0
AA70: 1 | AB70: 2 | AC70: 3 | AD70: 4 | AE70: 5 | AF70: 6 | AG70: 7 | AJ70: 1 | AK70: 2 | AL70: 3 | AM70: 4 | AN70: 5 | AO70: 6 | AP70: 7
C71: Belastning 6 | E71: 1 | J71: 1 | L71: 1 | M71: 1 | N71: P | O71: =($F$13*1000)/($D$5*SQRT(3)*$I$13) -> 0 | P71: =($F$13*1000)/(($D$5/SQRT(3))*$I$13) -> 0 | Q71: =P71 -> 0 | R71: =P71 -> 0 | S71: =($F$13*1000)/($D$5*$I$13) -> 0 | T71: =S71 -> 0 | U71: =S71 -> 0 | AA71: 3-faset | AB71: L1-N | AC71: L2-N | AD71: L3-N | AE71: L1-L2 | AF71: L2-L3 | AG71: L1-L3 | AI71: Ðj Grader | AJ71: 3-faset | AK71: L1-N | AL71: L2-N | AM71: L3-N | AN71: L1-L2 | AO71: L2-L3 | AP71: L1-L3
M72: 2 | N72: S | O72: =($F$13*1000)/($D$5*SQRT(3)) -> 0 | P72: =($F$13*1000)/(($D$5/SQRT(3))) -> 0 | Q72: =P72 -> 0 | R72: =P72 -> 0 | S72: =($F$13*1000)/($D$5) -> 0 | T72: =S72 -> 0 | U72: =S72 -> 0 | Z72: IL1 | AA72: =H11 -> 0 | AB72: =AA72 -> 0 | AC72: 0 | AD72: 0 | AE72: =AA72 -> 0 | AF72: 0 | AG72: =AA72 -> 0 | AI72: IL1 | AJ72: =K11 -> 0 | AK72: =AJ72 -> 0 | AL72: 0 | AM72: 0 | AN72: =AJ72+30 -> 30 | AO72: 0 | AP72: =AJ72-30 -> -30
M73: 3 | N73: I | O73: =$F$13 -> 0 | P73: =O73 -> 0 | Q73: =O73 -> 0 | R73: =O73 -> 0 | S73: =O73 -> 0 | T73: =O73 -> 0 | U73: =O73 -> 0 | Y73: 4 | Z73: IL2 | AA73: =AA72 -> 0 | AB73: 0 | AC73: =AA72 -> 0 | AD73: 0 | AE73: =AA72 -> 0 | AF73: =AA72 -> 0 | AG73: 0 | AI73: IL2 | AJ73: =AJ72-120 -> -120 | AK73: 0 | AL73: =AJ72-120 -> -120 | AM73: 0 | AN73: =AJ72-150 -> -150 | AO73: =AJ72-90 -> -90 | AP73: 0
Z74: IL3 | AA74: =AA72 -> 0 | AB74: 0 | AC74: 0 | AD74: =AA72 -> 0 | AE74: 0 | AF74: =AA72 -> 0 | AG74: =AA72 -> 0 | AI74: IL3 | AJ74: =AJ72+120 -> 120 | AK74: 0 | AL74: 0 | AM74: =AJ72+120 -> 120 | AN74: 0 | AO74: =AJ72+90 -> 90 | AP74: =AJ72+150 -> 150
C75: Belastning 7 | E75: 1 | J75: 1 | L75: 1 | M75: 1 | N75: P | O75: =($F$14*1000)/($D$5*SQRT(3)*$I$14) -> 0 | P75: =($F$14*1000)/(($D$5/SQRT(3))*$I$14) -> 0 | Q75: =P75 -> 0 | R75: =P75 -> 0 | S75: =($F$14*1000)/($D$5*$I$14) -> 0 | T75: =S75 -> 0 | U75: =S75 -> 0 | Z75: IN | AA75: 0 | AB75: =AA72 -> 0 | AC75: =AA72 -> 0 | AD75: =AA72 -> 0 | AE75: 0 | AF75: 0 | AG75: 0 | AI75: IN | AJ75: 0 | AK75: =AJ72+180 -> 180 | AL75: =AJ72+180-120 -> 60 | AM75: =AJ72-180+120 -> -60 | AN75: 0 | AO75: 0 | AP75: 0
M76: 2 | N76: S | O76: =($F$14*1000)/($D$5*SQRT(3)) -> 0 | P76: =($F$14*1000)/(($D$5/SQRT(3))) -> 0 | Q76: =P76 -> 0 | R76: =P76 -> 0 | S76: =($F$14*1000)/($D$5) -> 0 | T76: =S76 -> 0 | U76: =S76 -> 0
M77: 3 | N77: I | O77: =$F$14 -> 0 | P77: =O77 -> 0 | Q77: =O77 -> 0 | R77: =O77 -> 0 | S77: =O77 -> 0 | T77: =O77 -> 0 | U77: =O77 -> 0 | AA77: 1 | AB77: 2 | AC77: 3 | AD77: 4 | AE77: 5 | AF77: 6 | AG77: 7 | AJ77: 1 | AK77: 2 | AL77: 3 | AM77: 4 | AN77: 5 | AO77: 6 | AP77: 7
AA78: 3-faset | AB78: L1-N | AC78: L2-N | AD78: L3-N | AE78: L1-L2 | AF78: L2-L3 | AG78: L1-L3 | AI78: Ðj Grader | AJ78: 3-faset | AK78: L1-N | AL78: L2-N | AM78: L3-N | AN78: L1-L2 | AO78: L2-L3 | AP78: L1-L3
C79: Belastning 8 | E79: 1 | J79: 1 | L79: 1 | M79: 1 | N79: P | O79: =($F$15*1000)/($D$5*SQRT(3)*$I$15) -> 0 | P79: =($F$15*1000)/(($D$5/SQRT(3))*$I$15) -> 0 | Q79: =P79 -> 0 | R79: =P79 -> 0 | S79: =($F$15*1000)/($D$5*$I$15) -> 0 | T79: =S79 -> 0 | U79: =S79 -> 0 | Z79: IL1 | AA79: =H12 -> 0 | AB79: =AA79 -> 0 | AC79: 0 | AD79: 0 | AE79: =AA79 -> 0 | AF79: 0 | AG79: =AA79 -> 0 | AI79: IL1 | AJ79: =K12 -> 0 | AK79: =AJ79 -> 0 | AL79: 0 | AM79: 0 | AN79: =AJ79+30 -> 30 | AO79: 0 | AP79: =AJ79-30 -> -30
M80: 2 | N80: S | O80: =($F$15*1000)/($D$5*SQRT(3)) -> 0 | P80: =($F$15*1000)/(($D$5/SQRT(3))) -> 0 | Q80: =P80 -> 0 | R80: =P80 -> 0 | S80: =($F$15*1000)/($D$5) -> 0 | T80: =S80 -> 0 | U80: =S80 -> 0 | Y80: 5 | Z80: IL2 | AA80: =AA79 -> 0 | AB80: 0 | AC80: =AA79 -> 0 | AD80: 0 | AE80: =AA79 -> 0 | AF80: =AA79 -> 0 | AG80: 0 | AI80: IL2 | AJ80: =AJ79-120 -> -120 | AK80: 0 | AL80: =AJ79-120 -> -120 | AM80: 0 | AN80: =AJ79-150 -> -150 | AO80: =AJ79-90 -> -90 | AP80: 0
M81: 3 | N81: I | O81: =$F$15 -> 0 | P81: =O81 -> 0 | Q81: =O81 -> 0 | R81: =O81 -> 0 | S81: =O81 -> 0 | T81: =O81 -> 0 | U81: =O81 -> 0 | Z81: IL3 | AA81: =AA79 -> 0 | AB81: 0 | AC81: 0 | AD81: =AA79 -> 0 | AE81: 0 | AF81: =AA79 -> 0 | AG81: =AA79 -> 0 | AI81: IL3 | AJ81: =AJ79+120 -> 120 | AK81: 0 | AL81: 0 | AM81: =AJ79+120 -> 120 | AN81: 0 | AO81: =AJ79+90 -> 90 | AP81: =AJ79+150 -> 150
Z82: IN | AA82: 0 | AB82: =AA79 -> 0 | AC82: =AA79 -> 0 | AD82: =AA79 -> 0 | AE82: 0 | AF82: 0 | AG82: 0 | AI82: IN | AJ82: 0 | AK82: =AJ79+180 -> 180 | AL82: =AJ79+180-120 -> 60 | AM82: =AJ79-180+120 -> -60 | AN82: 0 | AO82: 0 | AP82: 0
C83: Belastning 9 | E83: 1 | J83: 1 | L83: 1 | M83: 1 | N83: P | O83: =($F$16*1000)/($D$5*SQRT(3)*$I$16) -> 0 | P83: =($F$16*1000)/(($D$5/SQRT(3))*$I$16) -> 0 | Q83: =P83 -> 0 | R83: =P83 -> 0 | S83: =($F$16*1000)/($D$5*$I$16) -> 0 | T83: =S83 -> 0 | U83: =S83 -> 0
M84: 2 | N84: S | O84: =($F$16*1000)/($D$5*SQRT(3)) -> 0 | P84: =($F$16*1000)/(($D$5/SQRT(3))) -> 0 | Q84: =P84 -> 0 | R84: =P84 -> 0 | S84: =($F$16*1000)/($D$5) -> 0 | T84: =S84 -> 0 | U84: =S84 -> 0 | AA84: 1 | AB84: 2 | AC84: 3 | AD84: 4 | AE84: 5 | AF84: 6 | AG84: 7 | AJ84: 1 | AK84: 2 | AL84: 3 | AM84: 4 | AN84: 5 | AO84: 6 | AP84: 7
M85: 3 | N85: I | O85: =$F$16 -> 0 | P85: =O85 -> 0 | Q85: =O85 -> 0 | R85: =O85 -> 0 | S85: =O85 -> 0 | T85: =O85 -> 0 | U85: =O85 -> 0 | AA85: 3-faset | AB85: L1-N | AC85: L2-N | AD85: L3-N | AE85: L1-L2 | AF85: L2-L3 | AG85: L1-L3 | AI85: Ðj Grader | AJ85: 3-faset | AK85: L1-N | AL85: L2-N | AM85: L3-N | AN85: L1-L2 | AO85: L2-L3 | AP85: L1-L3
Z86: IL1 | AA86: =H13 -> 0 | AB86: =AA86 -> 0 | AC86: 0 | AD86: 0 | AE86: =AA86 -> 0 | AF86: 0 | AG86: =AA86 -> 0 | AI86: IL1 | AJ86: =K13 -> 0 | AK86: =AJ86 -> 0 | AL86: 0 | AM86: 0 | AN86: =AJ86+30 -> 30 | AO86: 0 | AP86: =AJ86-30 -> -30
C87: Belastning 10 | E87: 1 | J87: 1 | L87: 1 | M87: 1 | N87: P | O87: =($F$17*1000)/($D$5*SQRT(3)*$I$17) -> 0 | P87: =($F$17*1000)/(($D$5/SQRT(3))*$I$17) -> 0 | Q87: =P87 -> 0 | R87: =P87 -> 0 | S87: =($F$17*1000)/($D$5*$I$17) -> 0 | T87: =S87 -> 0 | U87: =S87 -> 0 | Y87: 6 | Z87: IL2 | AA87: =AA86 -> 0 | AB87: 0 | AC87: =AA86 -> 0 | AD87: 0 | AE87: =AA86 -> 0 | AF87: =AA86 -> 0 | AG87: 0 | AI87: IL2 | AJ87: =AJ86-120 -> -120 | AK87: 0 | AL87: =AJ86-120 -> -120 | AM87: 0 | AN87: =AJ86-150 -> -150 | AO87: =AJ86-90 -> -90 | AP87: 0
M88: 2 | N88: S | O88: =($F$17*1000)/($D$5*SQRT(3)) -> 0 | P88: =($F$17*1000)/(($D$5/SQRT(3))) -> 0 | Q88: =P88 -> 0 | R88: =P88 -> 0 | S88: =($F$17*1000)/($D$5) -> 0 | T88: =S88 -> 0 | U88: =S88 -> 0 | Z88: IL3 | AA88: =AA86 -> 0 | AB88: 0 | AC88: 0 | AD88: =AA86 -> 0 | AE88: 0 | AF88: =AA86 -> 0 | AG88: =AA86 -> 0 | AI88: IL3 | AJ88: =AJ86+120 -> 120 | AK88: 0 | AL88: 0 | AM88: =AJ86+120 -> 120 | AN88: 0 | AO88: =AJ86+90 -> 90 | AP88: =AJ86+150 -> 150
M89: 3 | N89: I | O89: =$F$17 -> 0 | P89: =O89 -> 0 | Q89: =O89 -> 0 | R89: =O89 -> 0 | S89: =O89 -> 0 | T89: =O89 -> 0 | U89: =O89 -> 0 | Z89: IN | AA89: 0 | AB89: =AA86 -> 0 | AC89: =AA86 -> 0 | AD89: =AA86 -> 0 | AE89: 0 | AF89: 0 | AG89: 0 | AI89: IN | AJ89: 0 | AK89: =AJ86+180 -> 180 | AL89: =AJ86+180-120 -> 60 | AM89: =AJ86-180+120 -> -60 | AN89: 0 | AO89: 0 | AP89: 0
C91: Belastning 11 | E91: 1 | J91: 1 | L91: 1 | M91: 1 | N91: P | O91: =($F$18*1000)/($D$5*SQRT(3)*$I$18) -> 0 | P91: =($F$18*1000)/(($D$5/SQRT(3))*$I$18) -> 0 | Q91: =P91 -> 0 | R91: =P91 -> 0 | S91: =($F$18*1000)/($D$5*$I$18) -> 0 | T91: =S91 -> 0 | U91: =S91 -> 0 | AA91: 1 | AB91: 2 | AC91: 3 | AD91: 4 | AE91: 5 | AF91: 6 | AG91: 7 | AJ91: 1 | AK91: 2 | AL91: 3 | AM91: 4 | AN91: 5 | AO91: 6 | AP91: 7
M92: 2 | N92: S | O92: =($F$18*1000)/($D$5*SQRT(3)) -> 0 | P92: =($F$18*1000)/(($D$5/SQRT(3))) -> 0 | Q92: =P92 -> 0 | R92: =P92 -> 0 | S92: =($F$18*1000)/($D$5) -> 0 | T92: =S92 -> 0 | U92: =S92 -> 0 | AA92: 3-faset | AB92: L1-N | AC92: L2-N | AD92: L3-N | AE92: L1-L2 | AF92: L2-L3 | AG92: L1-L3 | AI92: Ðj Grader | AJ92: 3-faset | AK92: L1-N | AL92: L2-N | AM92: L3-N | AN92: L1-L2 | AO92: L2-L3 | AP92: L1-L3
M93: 3 | N93: I | O93: =$F$18 -> 0 | P93: =O93 -> 0 | Q93: =O93 -> 0 | R93: =O93 -> 0 | S93: =O93 -> 0 | T93: =O93 -> 0 | U93: =O93 -> 0 | Z93: IL1 | AA93: =H14 -> 0 | AB93: =AA93 -> 0 | AC93: 0 | AD93: 0 | AE93: =AA93 -> 0 | AF93: 0 | AG93: =AA93 -> 0 | AI93: IL1 | AJ93: =K14 -> 0 | AK93: =AJ93 -> 0 | AL93: 0 | AM93: 0 | AN93: =AJ93+30 -> 30 | AO93: 0 | AP93: =AJ93-30 -> -30
Y94: 7 | Z94: IL2 | AA94: =AA93 -> 0 | AB94: 0 | AC94: =AA93 -> 0 | AD94: 0 | AE94: =AA93 -> 0 | AF94: =AA93 -> 0 | AG94: 0 | AI94: IL2 | AJ94: =AJ93-120 -> -120 | AK94: 0 | AL94: =AJ93-120 -> -120 | AM94: 0 | AN94: =AJ93-150 -> -150 | AO94: =AJ93-90 -> -90 | AP94: 0
C95: Belastning 12 | E95: 1 | J95: 1 | L95: 1 | M95: 1 | N95: P | O95: =($F$19*1000)/($D$5*SQRT(3)*$I$19) -> 0 | P95: =($F$19*1000)/(($D$5/SQRT(3))*$I$19) -> 0 | Q95: =P95 -> 0 | R95: =P95 -> 0 | S95: =($F$19*1000)/($D$5*$I$19) -> 0 | T95: =S95 -> 0 | U95: =S95 -> 0 | Z95: IL3 | AA95: =AA93 -> 0 | AB95: 0 | AC95: 0 | AD95: =AA93 -> 0 | AE95: 0 | AF95: =AA93 -> 0 | AG95: =AA93 -> 0 | AI95: IL3 | AJ95: =AJ93+120 -> 120 | AK95: 0 | AL95: 0 | AM95: =AJ93+120 -> 120 | AN95: 0 | AO95: =AJ93+90 -> 90 | AP95: =AJ93+150 -> 150
M96: 2 | N96: S | O96: =($F$19*1000)/($D$5*SQRT(3)) -> 0 | P96: =($F$19*1000)/(($D$5/SQRT(3))) -> 0 | Q96: =P96 -> 0 | R96: =P96 -> 0 | S96: =($F$19*1000)/($D$5) -> 0 | T96: =S96 -> 0 | U96: =S96 -> 0 | Z96: IN | AA96: 0 | AB96: =AA93 -> 0 | AC96: =AA93 -> 0 | AD96: =AA93 -> 0 | AE96: 0 | AF96: 0 | AG96: 0 | AI96: IN | AJ96: 0 | AK96: =AJ93+180 -> 180 | AL96: =AJ93+180-120 -> 60 | AM96: =AJ93-180+120 -> -60 | AN96: 0 | AO96: 0 | AP96: 0
M97: 3 | N97: I | O97: =$F$19 -> 0 | P97: =O97 -> 0 | Q97: =O97 -> 0 | R97: =O97 -> 0 | S97: =O97 -> 0 | T97: =O97 -> 0 | U97: =O97 -> 0
AA98: 1 | AB98: 2 | AC98: 3 | AD98: 4 | AE98: 5 | AF98: 6 | AG98: 7 | AJ98: 1 | AK98: 2 | AL98: 3 | AM98: 4 | AN98: 5 | AO98: 6 | AP98: 7
C99: Belastning 13 | E99: 1 | J99: 1 | L99: 1 | M99: 1 | N99: P | O99: =($F$20*1000)/($D$5*SQRT(3)*$I$20) -> 0 | P99: =($F$20*1000)/(($D$5/SQRT(3))*$I$20) -> 0 | Q99: =P99 -> 0 | R99: =P99 -> 0 | S99: =($F$20*1000)/($D$5*$I$20) -> 0 | T99: =S99 -> 0 | U99: =S99 -> 0 | AA99: 3-faset | AB99: L1-N | AC99: L2-N | AD99: L3-N | AE99: L1-L2 | AF99: L2-L3 | AG99: L1-L3 | AI99: Ðj Grader | AJ99: 3-faset | AK99: L1-N | AL99: L2-N | AM99: L3-N | AN99: L1-L2 | AO99: L2-L3 | AP99: L1-L3
M100: 2 | N100: S | O100: =($F$20*1000)/($D$5*SQRT(3)) -> 0 | P100: =($F$20*1000)/(($D$5/SQRT(3))) -> 0 | Q100: =P100 -> 0 | R100: =P100 -> 0 | S100: =($F$20*1000)/($D$5) -> 0 | T100: =S100 -> 0 | U100: =S100 -> 0 | Z100: IL1 | AA100: =H15 -> 0 | AB100: =AA100 -> 0 | AC100: 0 | AD100: 0 | AE100: =AA100 -> 0 | AF100: 0 | AG100: =AA100 -> 0 | AI100: IL1 | AJ100: =K15 -> 0 | AK100: =AJ100 -> 0 | AL100: 0 | AM100: 0 | AN100: =AJ100+30 -> 30 | AO100: 0 | AP100: =AJ100-30 -> -30
M101: 3 | N101: I | O101: =$F$20 -> 0 | P101: =O101 -> 0 | Q101: =O101 -> 0 | R101: =O101 -> 0 | S101: =O101 -> 0 | T101: =O101 -> 0 | U101: =O101 -> 0 | Y101: 8 | Z101: IL2 | AA101: =AA100 -> 0 | AB101: 0 | AC101: =AA100 -> 0 | AD101: 0 | AE101: =AA100 -> 0 | AF101: =AA100 -> 0 | AG101: 0 | AI101: IL2 | AJ101: =AJ100-120 -> -120 | AK101: 0 | AL101: =AJ100-120 -> -120 | AM101: 0 | AN101: =AJ100-150 -> -150 | AO101: =AJ100-90 -> -90 | AP101: 0
Z102: IL3 | AA102: =AA100 -> 0 | AB102: 0 | AC102: 0 | AD102: =AA100 -> 0 | AE102: 0 | AF102: =AA100 -> 0 | AG102: =AA100 -> 0 | AI102: IL3 | AJ102: =AJ100+120 -> 120 | AK102: 0 | AL102: 0 | AM102: =AJ100+120 -> 120 | AN102: 0 | AO102: =AJ100+90 -> 90 | AP102: =AJ100+150 -> 150
C103: Belastning 14 | E103: 1 | J103: 1 | L103: 1 | M103: 1 | N103: P | O103: =($F$21*1000)/($D$5*SQRT(3)*$I$21) -> 0 | P103: =($F$21*1000)/(($D$5/SQRT(3))*$I$21) -> 0 | Q103: =P103 -> 0 | R103: =P103 -> 0 | S103: =($F$21*1000)/($D$5*$I$21) -> 0 | T103: =S103 -> 0 | U103: =S103 -> 0 | Z103: IN | AA103: 0 | AB103: =AA100 -> 0 | AC103: =AA100 -> 0 | AD103: =AA100 -> 0 | AE103: 0 | AF103: 0 | AG103: 0 | AI103: IN | AJ103: 0 | AK103: =AJ100+180 -> 180 | AL103: =AJ100+180-120 -> 60 | AM103: =AJ100-180+120 -> -60 | AN103: 0 | AO103: 0 | AP103: 0
M104: 2 | N104: S | O104: =($F$21*1000)/($D$5*SQRT(3)) -> 0 | P104: =($F$21*1000)/(($D$5/SQRT(3))) -> 0 | Q104: =P104 -> 0 | R104: =P104 -> 0 | S104: =($F$21*1000)/($D$5) -> 0 | T104: =S104 -> 0 | U104: =S104 -> 0
M105: 3 | N105: I | O105: =$F$21 -> 0 | P105: =O105 -> 0 | Q105: =O105 -> 0 | R105: =O105 -> 0 | S105: =O105 -> 0 | T105: =O105 -> 0 | U105: =O105 -> 0 | AA105: 1 | AB105: 2 | AC105: 3 | AD105: 4 | AE105: 5 | AF105: 6 | AG105: 7 | AJ105: 1 | AK105: 2 | AL105: 3 | AM105: 4 | AN105: 5 | AO105: 6 | AP105: 7
AA106: 3-faset | AB106: L1-N | AC106: L2-N | AD106: L3-N | AE106: L1-L2 | AF106: L2-L3 | AG106: L1-L3 | AI106: Ðj Grader | AJ106: 3-faset | AK106: L1-N | AL106: L2-N | AM106: L3-N | AN106: L1-L2 | AO106: L2-L3 | AP106: L1-L3
C107: Belastning 15 | E107: 1 | J107: 1 | L107: 1 | M107: 1 | N107: P | O107: =($F$22*1000)/($D$5*SQRT(3)*$I$22) -> 0 | P107: =($F$22*1000)/(($D$5/SQRT(3))*$I$22) -> 0 | Q107: =P107 -> 0 | R107: =P107 -> 0 | S107: =($F$22*1000)/($D$5*$I$22) -> 0 | T107: =S107 -> 0 | U107: =S107 -> 0 | Z107: IL1 | AA107: =H16 -> 0 | AB107: =AA107 -> 0 | AC107: 0 | AD107: 0 | AE107: =AA107 -> 0 | AF107: 0 | AG107: =AA107 -> 0 | AI107: IL1 | AJ107: =K16 -> 0 | AK107: =AJ107 -> 0 | AL107: 0 | AM107: 0 | AN107: =AJ107+30 -> 30 | AO107: 0 | AP107: =AJ107-30 -> -30
M108: 2 | N108: S | O108: =($F$22*1000)/($D$5*SQRT(3)) -> 0 | P108: =($F$22*1000)/(($D$5/SQRT(3))) -> 0 | Q108: =P108 -> 0 | R108: =P108 -> 0 | S108: =($F$22*1000)/($D$5) -> 0 | T108: =S108 -> 0 | U108: =S108 -> 0 | Z108: IL2 | AA108: =AA107 -> 0 | AB108: 0 | AC108: =AA107 -> 0 | AD108: 0 | AE108: =AA107 -> 0 | AF108: =AA107 -> 0 | AG108: 0 | AI108: IL2 | AJ108: =AJ107-120 -> -120 | AK108: 0 | AL108: =AJ107-120 -> -120 | AM108: 0 | AN108: =AJ107-150 -> -150 | AO108: =AJ107-90 -> -90 | AP108: 0
M109: 3 | N109: I | O109: =$F$22 -> 0 | P109: =O109 -> 0 | Q109: =O109 -> 0 | R109: =O109 -> 0 | S109: =O109 -> 0 | T109: =O109 -> 0 | U109: =O109 -> 0 | Y109: 9 | Z109: IL3 | AA109: =AA107 -> 0 | AB109: 0 | AC109: 0 | AD109: =AA107 -> 0 | AE109: 0 | AF109: =AA107 -> 0 | AG109: =AA107 -> 0 | AI109: IL3 | AJ109: =AJ107+120 -> 120 | AK109: 0 | AL109: 0 | AM109: =AJ107+120 -> 120 | AN109: 0 | AO109: =AJ107+90 -> 90 | AP109: =AJ107+150 -> 150
Z110: IN | AA110: 0 | AB110: =AA107 -> 0 | AC110: =AA107 -> 0 | AD110: =AA107 -> 0 | AE110: 0 | AF110: 0 | AG110: 0 | AI110: IN | AJ110: 0 | AK110: =AJ107+180 -> 180 | AL110: =AJ107+180-120 -> 60 | AM110: =AJ107-180+120 -> -60 | AN110: 0 | AO110: 0 | AP110: 0
E111: IL1 [A] | G111: IL2 [A] | I111: IL3 [A] | K111: IN [A]
C112: Belastning | E112: Reel | F112: Imag | G112: Reel | H112: Imag | I112: Reel | J112: Imag | K112: Reel | L112: Imag | AA112: 1 | AB112: 2 | AC112: 3 | AD112: 4 | AE112: 5 | AF112: 6 | AG112: 7 | AJ112: 1 | AK112: 2 | AL112: 3 | AM112: 4 | AN112: 5 | AO112: 6 | AP112: 7
C113: =C8 -> Belastning 1 | E113: =COS(RADIANS(Q8))*O8 -> 0 | F113: =SIN(RADIANS(Q8))*O8 -> 0 | G113: =COS(RADIANS(T8))*R8 -> 0 | H113: =SIN(RADIANS(T8))*R8 -> 0 | I113: =COS(RADIANS(W8))*U8 -> 0 | J113: =SIN(RADIANS(W8))*U8 -> 0 | AA113: 3-faset | AB113: L1-N | AC113: L2-N | AD113: L3-N | AE113: L1-L2 | AF113: L2-L3 | AG113: L1-L3 | AI113: Ðj Grader | AJ113: 3-faset | AK113: L1-N | AL113: L2-N | AM113: L3-N | AN113: L1-L2 | AO113: L2-L3 | AP113: L1-L3
C114: =C9 -> Belastning 2 | E114: =COS(RADIANS(Q9))*O9 -> 0 | F114: =SIN(RADIANS(Q9))*O9 -> 0 | G114: =COS(RADIANS(T9))*R9 -> 0 | H114: =SIN(RADIANS(T9))*R9 -> 0 | I114: =COS(RADIANS(W9))*U9 -> 0 | J114: =SIN(RADIANS(W9))*U9 -> 0 | Z114: IL1 | AA114: =H17 -> 0 | AB114: =AA114 -> 0 | AC114: 0 | AD114: 0 | AE114: =AA114 -> 0 | AF114: 0 | AG114: =AA114 -> 0 | AI114: IL1 | AJ114: =K17 -> 0 | AK114: =AJ114 -> 0 | AL114: 0 | AM114: 0 | AN114: =AJ114+30 -> 30 | AO114: 0 | AP114: =AJ114-30 -> -30
C115: =C10 -> Belastning 3 | E115: =COS(RADIANS(Q10))*O10 -> 0 | F115: =SIN(RADIANS(Q10))*O10 -> 0 | G115: =COS(RADIANS(T10))*R10 -> 0 | H115: =SIN(RADIANS(T10))*R10 -> 0 | I115: =COS(RADIANS(W10))*U10 -> 0 | J115: =SIN(RADIANS(W10))*U10 -> 0 | Z115: IL2 | AA115: =AA114 -> 0 | AB115: 0 | AC115: =AA114 -> 0 | AD115: 0 | AE115: =AA114 -> 0 | AF115: =AA114 -> 0 | AG115: 0 | AI115: IL2 | AJ115: =AJ114-120 -> -120 | AK115: 0 | AL115: =AJ114-120 -> -120 | AM115: 0 | AN115: =AJ114-150 -> -150 | AO115: =AJ114-90 -> -90 | AP115: 0
...

Sheet Hovedtavle +A1
C2: Hovedtavle | F2: 1
P3: sf | Q3: 1 | S3: uf | T3: 1
N4: Selv skriv tavlenavn
C5: UL-L | D5: 400 | E5: [V] | F5: 3. harmoniske strømme | I5: 0 | J5: [A]
N6: Tavle +A1
F7: Værdi | H7: IB [A] | I7: cos ϕ | J7: Tilsluttet | K7: Ðj i Grader | L7: Ind./Kap. | N7: Belastning | P7: IL1 [A] | S7: IL2 [A] | V7: IL3 [A] | Y7: IN [A]
C8: Belastning 1 | F8: 0 | G8: =VLOOKUP(E51,B44:D46,3) -> [kW] | H8: =VLOOKUP(E51,M50:U53,J51+2) -> 0 | I8: 1 | K8: =IF(L51=1,-DEGREES(ACOS(I8)),DEGREES(ACOS(I8))) -> 0 | N8: =C8 -> Belastning 1 | O8: =HLOOKUP($J$51,$AA$49:$AG$54,3) -> 0 | P8: Ð | Q8: =HLOOKUP($J$51,$AJ$49:$AP$54,3) -> 0 | R8: =HLOOKUP($J$51,$AA$49:$AG$54,4) -> 0 | S8: Ð | T8: =HLOOKUP($J$51,$AJ$49:$AP$54,4) -> -120 | U8: =HLOOKUP($J$51,$AA$49:$AG$54,5) -> 0 | V8: Ð | W8: =HLOOKUP($J$51,$AJ$49:$AP$54,5) -> 120 | X8: =HLOOKUP($J$51,$AA$49:$AG$54,6) -> 0 | Y8: Ð | Z8: =HLOOKUP($J$51,$AJ$49:$AP$54,6) -> 0
C9: Belastning 2 | F9: 0 | G9: =VLOOKUP(E55,B44:D46,3) -> [kW] | H9: =VLOOKUP(E55,M55:U57,J55+2) -> 0 | I9: 1 | K9: =IF(L55=1,-DEGREES(ACOS(I9)),DEGREES(ACOS(I9))) -> 0 | L9: ½ | N9: =C9 -> Belastning 2 | O9: =HLOOKUP($J$55,$AA$56:$AG$61,3) -> 0 | P9: Ð | Q9: =HLOOKUP($J$55,$AJ$56:$AP$61,3) -> 0 | R9: =HLOOKUP($J$55,$AA$56:$AG$61,4) -> 0 | S9: Ð | T9: =HLOOKUP($J$55,$AJ$56:$AP$61,4) -> -120 | U9: =HLOOKUP($J$55,$AA$56:$AG$61,5) -> 0 | V9: Ð | W9: =HLOOKUP($J$55,$AJ$56:$AP$61,5) -> 120 | X9: =HLOOKUP($J$55,$AA$56:$AG$61,6) -> 0 | Y9: Ð | Z9: =HLOOKUP($J$55,$AJ$56:$AP$61,6) -> 0
C10: Belastning 3 | F10: 0 | G10: =VLOOKUP(E59,B44:D46,3) -> [kW] | H10: =VLOOKUP(E59,M59:U61,J59+2) -> 0 | I10: 1 | K10: =IF(L59=1,-DEGREES(ACOS(I10)),DEGREES(ACOS(I10))) -> 0 | N10: =C10 -> Belastning 3 | O10: =HLOOKUP($J$59,$AA$63:$AG468,3) -> 0 | P10: Ð | Q10: =HLOOKUP($J$59,$AJ$63:$AP$68,3) -> 0 | R10: =HLOOKUP($J$59,$AA$63:$AG468,4) -> 0 | S10: Ð | T10: =HLOOKUP($J$59,$AJ$63:$AP$68,4) -> -120 | U10: =HLOOKUP($J$59,$AA$63:$AG468,5) -> 0 | V10: Ð | W10: =HLOOKUP($J$59,$AJ$63:$AP$68,5) -> 120 | X10: =HLOOKUP($J$59,$AA$63:$AG468,6) -> 0 | Y10: Ð | Z10: =HLOOKUP($J$59,$AJ$63:$AP$68,6) -> 0
C11: Belastning 4 | F11: 0 | G11: =VLOOKUP(E63,B44:D46,3) -> [kW] | H11: =VLOOKUP(E63,M63:U65,J63+2) -> 0 | I11: 1 | K11: =IF(L63=1,-DEGREES(ACOS(I11)),DEGREES(ACOS(I11))) -> 0 | N11: =C11 -> Belastning 4 | O11: =HLOOKUP($J$63,$AA$70:$AG$75,3) -> 0 | P11: Ð | Q11: =HLOOKUP($J$63,$AJ$70:$AP$75,3) -> 0 | R11: =HLOOKUP($J$63,$AA$70:$AG$75,4) -> 0 | S11: Ð | T11: =HLOOKUP($J$63,$AJ$70:$AP$75,4) -> -120 | U11: =HLOOKUP($J$63,$AA$70:$AG$75,5) -> 0 | V11: Ð | W11: =HLOOKUP($J$63,$AJ$70:$AP$75,5) -> 120 | X11: =HLOOKUP($J$63,$AA$70:$AG$75,6) -> 0 | Y11: Ð | Z11: =HLOOKUP($J$63,$AJ$70:$AP$75,6) -> 0
C12: Belastning 5 | F12: 0 | G12: =VLOOKUP(E67,B44:D46,3) -> [kW] | H12: =VLOOKUP(E67,M67:U69,J67+2) -> 0 | I12: 1 | K12: =IF(L67=1,-DEGREES(ACOS(I12)),DEGREES(ACOS(I12))) -> 0 | N12: =C12 -> Belastning 5 | O12: =HLOOKUP($J$67,$AA$77:$AG$82,3) -> 0 | P12: Ð | Q12: =HLOOKUP($J$67,$AJ$77:$AP$82,3) -> 0 | R12: =HLOOKUP($J$67,$AA$77:$AG$82,4) -> 0 | S12: Ð | T12: =HLOOKUP($J$67,$AJ$77:$AP$82,4) -> -120 | U12: =HLOOKUP($J$67,$AA$77:$AG$82,5) -> 0 | V12: Ð | W12: =HLOOKUP($J$67,$AJ$77:$AP$82,5) -> 120 | X12: =HLOOKUP($J$67,$AA$77:$AG$82,6) -> 0 | Y12: Ð | Z12: =HLOOKUP($J$67,$AJ$77:$AP$82,6) -> 0
C13: Belastning 6 | F13: 0 | G13: =VLOOKUP(E71,B44:D46,3) -> [kW] | H13: =VLOOKUP(E71,M71:U73,J71+2) -> 0 | I13: 1 | K13: =IF(L71=1,-DEGREES(ACOS(I13)),DEGREES(ACOS(I13))) -> 0 | N13: =C13 -> Belastning 6 | O13: =HLOOKUP($J$71,$AA$84:$AG$89,3) -> 0 | P13: Ð | Q13: =HLOOKUP($J$71,$AJ$84:$AP$89,3) -> 0 | R13: =HLOOKUP($J$71,$AA$84:$AG$89,4) -> 0 | S13: Ð | T13: =HLOOKUP($J$71,$AJ$84:$AP$89,4) -> -120 | U13: =HLOOKUP($J$71,$AA$84:$AG$89,5) -> 0 | V13: Ð | W13: =HLOOKUP($J$71,$AJ$84:$AP$89,5) -> 120 | X13: =HLOOKUP($J$71,$AA$84:$AG$89,6) -> 0 | Y13: Ð | Z13: =HLOOKUP($J$71,$AJ$84:$AP$89,6) -> 0
C14: Belastning 7 | F14: 0 | G14: =VLOOKUP(E75,B44:D46,3) -> [kW] | H14: =VLOOKUP(E75,M75:U77,J75+2) -> 0 | I14: 1 | K14: =IF(L75=1,-DEGREES(ACOS(I14)),DEGREES(ACOS(I14))) -> 0 | N14: =C14 -> Belastning 7 | O14: =HLOOKUP($J$75,$AA$91:$AG$96,3) -> 0 | P14: Ð | Q14: =HLOOKUP($J$75,$AJ$91:$AP$96,3) -> 0 | R14: =HLOOKUP($J$75,$AA$91:$AG$96,4) -> 0 | S14: Ð | T14: =HLOOKUP($J$75,$AJ$91:$AP$96,4) -> -120 | U14: =HLOOKUP($J$75,$AA$91:$AG$96,5) -> 0 | V14: Ð | W14: =HLOOKUP($J$75,$AJ$91:$AP$96,5) -> 120 | X14: =HLOOKUP($J$75,$AA$91:$AG$96,6) -> 0 | Y14: Ð | Z14: =HLOOKUP($J$75,$AJ$91:$AP$96,6) -> 0
C15: Belastning 8 | F15: 0 | G15: =VLOOKUP(E79,B44:D46,3) -> [kW] | H15: =VLOOKUP(E79,M79:U81,J79+2) -> 0 | I15: 1 | K15: =IF(L79=1,-DEGREES(ACOS(I15)),DEGREES(ACOS(I15))) -> 0 | N15: =C15 -> Belastning 8 | O15: =HLOOKUP($J$79,$AA$98:$AG$103,3) -> 0 | P15: Ð | Q15: =HLOOKUP($J$79,$AJ$98:$AP$103,3) -> 0 | R15: =HLOOKUP($J$79,$AA$98:$AG$103,4) -> 0 | S15: Ð | T15: =HLOOKUP($J$79,$AJ$98:$AP$103,4) -> -120 | U15: =HLOOKUP($J$79,$AA$98:$AG$103,5) -> 0 | V15: Ð | W15: =HLOOKUP($J$79,$AJ$98:$AP$103,5) -> 120 | X15: =HLOOKUP($J$79,$AA$98:$AG$103,6) -> 0 | Y15: Ð | Z15: =HLOOKUP($J$79,$AJ$98:$AP$103,6) -> 0
C16: Belastning 9 | F16: 0 | G16: =VLOOKUP(E83,B44:D46,3) -> [kW] | H16: =VLOOKUP(E83,M83:U85,J83+2) -> 0 | I16: 1 | K16: =IF(L83=1,-DEGREES(ACOS(I16)),DEGREES(ACOS(I16))) -> 0 | N16: =C16 -> Belastning 9 | O16: =HLOOKUP($J$83,$AA$105:$AG$110,3) -> 0 | P16: Ð | Q16: =HLOOKUP($J$83,$AJ$105:$AP$110,3) -> 0 | R16: =HLOOKUP($J$83,$AA$105:$AG$110,4) -> 0 | S16: Ð | T16: =HLOOKUP($J$83,$AJ$105:$AP$110,4) -> -120 | U16: =HLOOKUP($J$83,$AA$105:$AG$110,5) -> 0 | V16: Ð | W16: =HLOOKUP($J$83,$AJ$105:$AP$110,5) -> 120 | X16: =HLOOKUP($J$83,$AA$105:$AG$110,6) -> 0 | Y16: Ð | Z16: =HLOOKUP($J$83,$AJ$105:$AP$110,6) -> 0
C17: Belastning 10 | F17: 0 | G17: =VLOOKUP(E87,B44:D46,3) -> [kW] | H17: =VLOOKUP(E87,M87:U89,J87+2) -> 0 | I17: 1 | K17: =IF(L87=1,-DEGREES(ACOS(I17)),DEGREES(ACOS(I17))) -> 0 | N17: =C17 -> Belastning 10 | O17: =HLOOKUP($J$87,$AA$112:$AG$117,3) -> 0 | P17: Ð | Q17: =HLOOKUP($J$87,$AJ$112:$AP$117,3) -> 0 | R17: =HLOOKUP($J$87,$AA$112:$AG$117,4) -> 0 | S17: Ð | T17: =HLOOKUP($J$87,$AJ$112:$AP$117,4) -> -120 | U17: =HLOOKUP($J$87,$AA$112:$AG$117,5) -> 0 | V17: Ð | W17: =HLOOKUP($J$87,$AJ$112:$AP$117,5) -> 120 | X17: =HLOOKUP($J$87,$AA$112:$AG$117,6) -> 0 | Y17: Ð | Z17: =HLOOKUP($J$87,$AJ$112:$AP$117,6) -> 0
C18: Belastning 11 | F18: 0 | G18: =VLOOKUP(E91,B44:D46,3) -> [kW] | H18: =VLOOKUP(E91,M91:U93,J91+2) -> 0 | I18: 1 | K18: =IF(L91=1,-DEGREES(ACOS(I18)),DEGREES(ACOS(I18))) -> 0 | N18: =C18 -> Belastning 11 | O18: =HLOOKUP($J$91,$AA$119:$AG$124,3) -> 0 | P18: Ð | Q18: =HLOOKUP($J$91,$AJ$119:$AP$124,3) -> 0 | R18: =HLOOKUP($J$91,$AA$119:$AG$124,4) -> 0 | S18: Ð | T18: =HLOOKUP($J$91,$AJ$119:$AP$124,4) -> -120 | U18: =HLOOKUP($J$91,$AA$119:$AG$124,5) -> 0 | V18: Ð | W18: =HLOOKUP($J$91,$AJ$119:$AP$124,5) -> 120 | X18: =HLOOKUP($J$91,$AA$119:$AG$124,6) -> 0 | Y18: Ð | Z18: =HLOOKUP($J$91,$AJ$119:$AP$124,6) -> 0
C19: Belastning 12 | F19: 0 | G19: =VLOOKUP(E95,B44:D46,3) -> [kW] | H19: =VLOOKUP(E95,M95:U97,J95+2) -> 0 | I19: 1 | K19: =IF(L95=1,-DEGREES(ACOS(I19)),DEGREES(ACOS(I19))) -> 0 | N19: =C19 -> Belastning 12 | O19: =HLOOKUP($J$95,$AA$126:$AG$131,3) -> 0 | P19: Ð | Q19: =HLOOKUP($J$95,$AJ$126:$AP$131,3) -> 0 | R19: =HLOOKUP($J$95,$AA$126:$AG$131,4) -> 0 | S19: Ð | T19: =HLOOKUP($J$95,$AJ$126:$AP$131,4) -> -120 | U19: =HLOOKUP($J$95,$AA$126:$AG$131,5) -> 0 | V19: Ð | W19: =HLOOKUP($J$95,$AJ$126:$AP$131,5) -> 120 | X19: =HLOOKUP($J$95,$AA$126:$AG$131,6) -> 0 | Y19: Ð | Z19: =HLOOKUP($J$95,$AJ$126:$AP$131,6) -> 0
C20: Belastning 13 | F20: 0 | G20: =VLOOKUP(E99,B44:D46,3) -> [kW] | H20: =VLOOKUP(E99,M99:U101,J99+2) -> 0 | I20: 1 | K20: =IF(L99=1,-DEGREES(ACOS(I20)),DEGREES(ACOS(I20))) -> 0 | N20: =C20 -> Belastning 13 | O20: =HLOOKUP($J$99,$AA$133:$AG$138,3) -> 0 | P20: Ð | Q20: =HLOOKUP($J$99,$AJ$133:$AP$138,3) -> 0 | R20: =HLOOKUP($J$99,$AA$133:$AG$138,4) -> 0 | S20: Ð | T20: =HLOOKUP($J$99,$AJ$133:$AP$138,4) -> -120 | U20: =HLOOKUP($J$99,$AA$133:$AG$138,5) -> 0 | V20: Ð | W20: =HLOOKUP($J$99,$AJ$133:$AP$138,5) -> 120 | X20: =HLOOKUP($J$99,$AA$133:$AG$138,6) -> 0 | Y20: Ð | Z20: =HLOOKUP($J$99,$AJ$133:$AP$138,6) -> 0
C21: Belastning 14 | F21: 0 | G21: =VLOOKUP(E103,B44:D46,3) -> [kW] | H21: =VLOOKUP(E103,M103:U105,J103+2) -> 0 | I21: 1 | K21: =IF(L103=1,-DEGREES(ACOS(I21)),DEGREES(ACOS(I21))) -> 0 | N21: =C21 -> Belastning 14 | O21: =HLOOKUP($J$103,$AA$140:$AG$145,3) -> 0 | P21: Ð | Q21: =HLOOKUP($J$103,$AJ$140:$AP$145,3) -> 0 | R21: =HLOOKUP($J$103,$AA$140:$AG$145,4) -> 0 | S21: Ð | T21: =HLOOKUP($J$103,$AJ$140:$AP$145,4) -> -120 | U21: =HLOOKUP($J$103,$AA$140:$AG$145,5) -> 0 | V21: Ð | W21: =HLOOKUP($J$103,$AJ$140:$AP$145,5) -> 120 | X21: =HLOOKUP($J$103,$AA$140:$AG$145,6) -> 0 | Y21: Ð | Z21: =HLOOKUP($J$103,$AJ$140:$AP$145,6) -> 0
C22: Belastning 15 | F22: 0 | G22: =VLOOKUP(E107,B44:D46,3) -> [kW] | H22: =VLOOKUP(E107,M107:U109,J107+2) -> 0 | I22: 1 | K22: =IF(L107=1,-DEGREES(ACOS(I22)),DEGREES(ACOS(I22))) -> 0 | N22: =C22 -> Belastning 15 | O22: =HLOOKUP($J$107,$AA$147:$AG$152,3) -> 0 | P22: Ð | Q22: =HLOOKUP($J$107,$AJ$147:$AP$152,3) -> 0 | R22: =HLOOKUP($J$107,$AA$147:$AG$152,4) -> 0 | S22: Ð | T22: =HLOOKUP($J$107,$AJ$147:$AP$152,4) -> -120 | U22: =HLOOKUP($J$107,$AA$147:$AG$152,5) -> 0 | V22: Ð | W22: =HLOOKUP($J$107,$AJ$147:$AP$152,5) -> 120 | X22: =HLOOKUP($J$107,$AA$147:$AG$152,6) -> 0 | Y22: Ð | Z22: =HLOOKUP($J$107,$AJ$147:$AP$152,6) -> 0
N23: ='Tavle +A11'!N6 -> Tavle +A11 | O23: ='Tavle +A11'!O24 -> 0 | P23: Ð | Q23: ='Tavle +A11'!Q23 -> 0 | R23: ='Tavle +A11'!R24 -> 0 | S23: Ð | T23: ='Tavle +A11'!T23 -> 0 | U23: ='Tavle +A11'!U24 -> 0 | V23: Ð | W23: ='Tavle +A11'!W24 -> 0 | X23: ='Tavle +A11'!X24 -> 0 | Y23: Ð | Z23: ='Tavle +A11'!Z24 -> 0 | AA23: =IF('Tavle +A11'!I5=0," ","OBS: 3. harmoniske strømme i nulleder")
N24: ='Tavle +A12'!N6 -> Tavle +A12 | O24: ='Tavle +A12'!O24 -> 0 | P24: Ð | Q24: ='Tavle +A12'!Q24 -> 0 | R24: ='Tavle +A12'!R24 -> 0 | S24: Ð | T24: ='Tavle +A12'!T24 -> 0 | U24: ='Tavle +A12'!U24 -> 0 | V24: Ð | W24: ='Tavle +A12'!W24 -> 0 | X24: ='Tavle +A12'!X24 -> 0 | Y24: Ð | Z24: ='Tavle +A12'!Z24 -> 0 | AA24: =IF('Tavle +A12'!I5=0," ","OBS: 3. harmoniske strømme i nulleder")
N25: ='Tavle +A13'!N6 -> Tavle +A13 | O25: ='Tavle +A13'!O24 -> 0 | P25: Ð | Q25: ='Tavle +A13'!Q24 -> 0 | R25: ='Tavle +A13'!R24 -> 0 | S25: Ð | T25: ='Tavle +A13'!T24 -> 0 | U25: ='Tavle +A13'!U24 -> 0 | V25: Ð | W25: ='Tavle +A13'!W24 -> 0 | X25: ='Tavle +A13'!X24 -> 0 | Y25: Ð | Z25: ='Tavle +A13'!Z24 -> 0 | AA25: =IF('Tavle +A13'!I5=0," ","OBS: 3. harmoniske strømme i nulleder")
N26: ='Tavle +A14'!N6 -> Tavle +A14 | O26: ='Tavle +A14'!O24 -> 0 | P26: Ð | Q26: ='Tavle +A14'!Q24 -> 0 | R26: ='Tavle +A14'!R24 -> 0 | S26: Ð | T26: ='Tavle +A14'!T24 -> 0 | U26: ='Tavle +A14'!U24 -> 0 | V26: Ð | W26: ='Tavle +A14'!W24 -> 0 | X26: ='Tavle +A14'!X24 -> 0 | Y26: Ð | Z26: ='Tavle +A14'!Z24 -> 0 | AA26: =IF('Tavle +A14'!I5=0," ","OBS: 3. harmoniske strømme i nulleder")
N27: ='Tavle +A15'!N6 -> Tavle +A15 | O27: ='Tavle +A15'!O24 -> 0 | P27: Ð | Q27: ='Tavle +A15'!Q24 -> 0 | R27: ='Tavle +A15'!R24 -> 0 | S27: Ð | T27: ='Tavle +A15'!T24 -> 0 | U27: ='Tavle +A15'!U24 -> 0 | V27: Ð | W27: ='Tavle +A15'!W24 -> 0 | X27: ='Tavle +A15'!X24 -> 0 | Y27: Ð | Z27: ='Tavle +A15'!Z24 -> 0 | AA27: =IF('Tavle +A15'!I5=0," ","OBS: 3. harmoniske strømme i nulleder")
N28: ∑Itil - Global | O28: =IMABS(COMPLEX(O190,O191)) -> 0 | P28: Ð | Q28: =IFERROR(DEGREES(ATAN(O191/O190)),0) -> 0 | R28: =IMABS(COMPLEX(R190,R191)) -> 0 | S28: Ð | T28: =IFERROR(-DEGREES(ATAN(R190/R191))-90,0) -> 0 | U28: =IMABS(COMPLEX(U190,U191)) -> 0 | V28: Ð | W28: =IFERROR(-DEGREES(ATAN(U190/U191))+90,0) -> 0 | X28: =IMABS(COMPLEX(O195+R195+U195,O196+R196+U196)) -> 0 | Y28: Ð | Z28: =IFERROR(DEGREES(IMARGUMENT(IMSUM(AA190)))+180,0) -> 0
N29: ∑IB - Global | O29: =O28*$Q$3*$T$3 -> 0 | P29: Ð | Q29: =Q28 -> 0 | R29: =R28*$Q$3*$T$3 -> 0 | S29: Ð | T29: =T28 -> 0 | U29: =U28*$Q$3*$T$3 -> 0 | V29: Ð | W29: =W28 -> 0 | X29: =X28*$Q$3*$T$3 -> 0 | Y29: Ð | Z29: =Z28 -> 0
N30: ∑IB - Lokal | O30: =O29 -> 0 | P30: Ð | Q30: =Q29 -> 0 | R30: =R29 -> 0 | S30: Ð | T30: =T29+120 -> 120 | U30: =U29 -> 0 | V30: Ð | W30: =W29-120 -> -120 | X30: =X29 -> 0 | Y30: Ð | Z30: =Z29 -> 0
N31: 3. harmoniske | O31: =IFERROR((((Z206+I5)/3)/O29)*100,0) -> 0 | P31: % | R31: =IFERROR((((Z206+I5)/3)/R29)*100,0) -> 0 | S31: % | U31: =IFERROR((((Z206+I5)/3)/U29)*100,0) -> 0 | V31: %
K32: Tjek SB side 193
I39: 1 | J39: 3 - faser
I40: 2 | J40: L1 - N
I41: 3 | J41: L2 - N
I42: 4 | J42: L3 - N
I43: 5 | J43: L1 - L2
B44: 1 | C44: P [kW] | D44: [kW] | I44: 6 | J44: L2 - L3 | L44: Induktiv
B45: 2 | C45: S [kVA] | D45: [kVA] | I45: 7 | J45: L1 - L3 | L45: Kapasativ
B46: 3 | C46: I [A] | D46: [A]
E49: Output | AA49: 1 | AB49: 2 | AC49: 3 | AD49: 4 | AE49: 5 | AF49: 6 | AG49: 7 | AJ49: 1 | AK49: 2 | AL49: 3 | AM49: 4 | AN49: 5 | AO49: 6 | AP49: 7
O50: 3-faset | P50: L1-N | Q50: L2-N | R50: L3-N | S50: L1-L2 | T50: L2-L3 | U50: L1-L3 | AA50: 3-faset | AB50: L1-N | AC50: L2-N | AD50: L3-N | AE50: L1-L2 | AF50: L2-L3 | AG50: L1-L3 | AI50: Ðj Grader | AJ50: 3-faset | AK50: L1-N | AL50: L2-N | AM50: L3-N | AN50: L1-L2 | AO50: L2-L3 | AP50: L1-L3
C51: Belastning 1 | E51: 1 | J51: 1 | L51: 1 | M51: 1 | N51: P | O51: =(F8*1000)/($D$5*SQRT(3)*I8) -> 0 | P51: =($F$8*1000)/(($D$5/SQRT(3))*$I$8) -> 0 | Q51: =P51 -> 0 | R51: =P51 -> 0 | S51: =($F$8*1000)/($D$5*$I$8) -> 0 | T51: =S51 -> 0 | U51: =S51 -> 0 | Z51: IL1 | AA51: =H8 -> 0 | AB51: =AA51 -> 0 | AC51: 0 | AD51: 0 | AE51: =AA51 -> 0 | AF51: 0 | AG51: =AA51 -> 0 | AI51: IL1 | AJ51: =K8 -> 0 | AK51: =AJ51 -> 0 | AL51: 0 | AM51: 0 | AN51: =AJ51+30 -> 30 | AO51: 0 | AP51: =AJ51-30 -> -30
M52: 2 | N52: S | O52: =(F8*1000)/($D$5*SQRT(3)) -> 0 | P52: =($F$8*1000)/(($D$5/SQRT(3))) -> 0 | Q52: =P52 -> 0 | R52: =P52 -> 0 | S52: =($F$8*1000)/($D$5) -> 0 | T52: =S52 -> 0 | U52: =S52 -> 0 | Y52: 1 | Z52: IL2 | AA52: =AA51 -> 0 | AB52: 0 | AC52: =AA51 -> 0 | AD52: 0 | AE52: =AA51 -> 0 | AF52: =AA51 -> 0 | AG52: 0 | AI52: IL2 | AJ52: =AJ51-120 -> -120 | AK52: 0 | AL52: =AJ51-120 -> -120 | AM52: 0 | AN52: =AJ51-150 -> -150 | AO52: =AJ51-90 -> -90 | AP52: 0
M53: 3 | N53: I | O53: =F8 -> 0 | P53: =$F$8 -> 0 | Q53: =$F$8 -> 0 | R53: =$F$8 -> 0 | S53: =$F$8 -> 0 | T53: =$F$8 -> 0 | U53: =$F$8 -> 0 | Z53: IL3 | AA53: =AA51 -> 0 | AB53: 0 | AC53: 0 | AD53: =AA51 -> 0 | AE53: 0 | AF53: =AA51 -> 0 | AG53: =AA51 -> 0 | AI53: IL3 | AJ53: =AJ51+120 -> 120 | AK53: 0 | AL53: 0 | AM53: =AJ51+120 -> 120 | AN53: 0 | AO53: =AJ51+90 -> 90 | AP53: =AJ51+150 -> 150
Z54: IN | AA54: 0 | AB54: =AA51 -> 0 | AC54: =AA51 -> 0 | AD54: =AA51 -> 0 | AE54: 0 | AF54: 0 | AG54: 0 | AI54: IN | AJ54: 0 | AK54: =AJ51+180 -> 180 | AL54: =AJ51+180-120 -> 60 | AM54: =AJ51-180+120 -> -60 | AN54: 0 | AO54: 0 | AP54: 0
C55: Belastning 2 | E55: 1 | J55: 1 | L55: 1 | M55: 1 | N55: P | O55: =($F$9*1000)/($D$5*SQRT(3)*$I$9) -> 0 | P55: =($F$9*1000)/(($D$5/SQRT(3))*$I$9) -> 0 | Q55: =P55 -> 0 | R55: =P55 -> 0 | S55: =($F$9*1000)/($D$5*$I$9) -> 0 | T55: =S55 -> 0 | U55: =S55 -> 0
M56: 2 | N56: S | O56: =($F$9*1000)/($D$5*SQRT(3)) -> 0 | P56: =($F$9*1000)/(($D$5/SQRT(3))) -> 0 | Q56: =P56 -> 0 | R56: =P56 -> 0 | S56: =($F$9*1000)/($D$5) -> 0 | T56: =S56 -> 0 | U56: =S56 -> 0 | AA56: 1 | AB56: 2 | AC56: 3 | AD56: 4 | AE56: 5 | AF56: 6 | AG56: 7 | AJ56: 1 | AK56: 2 | AL56: 3 | AM56: 4 | AN56: 5 | AO56: 6 | AP56: 7
M57: 3 | N57: I | O57: =$F$9 -> 0 | P57: =O57 -> 0 | Q57: =O57 -> 0 | R57: =O57 -> 0 | S57: =O57 -> 0 | T57: =O57 -> 0 | U57: =O57 -> 0 | AA57: 3-faset | AB57: L1-N | AC57: L2-N | AD57: L3-N | AE57: L1-L2 | AF57: L2-L3 | AG57: L1-L3 | AI57: Ðj Grader | AJ57: 3-faset | AK57: L1-N | AL57: L2-N | AM57: L3-N | AN57: L1-L2 | AO57: L2-L3 | AP57: L1-L3
Z58: IL1 | AA58: =H9 -> 0 | AB58: =AA58 -> 0 | AC58: 0 | AD58: 0 | AE58: =AA58 -> 0 | AF58: 0 | AG58: =AA58 -> 0 | AI58: IL1 | AJ58: =K9 -> 0 | AK58: =AJ58 -> 0 | AL58: 0 | AM58: 0 | AN58: =AJ58+30 -> 30 | AO58: 0 | AP58: =AJ58-30 -> -30
C59: Belastning 3 | E59: 1 | J59: 1 | L59: 1 | M59: 1 | N59: P | O59: =($F$10*1000)/($D$5*SQRT(3)*$I$10) -> 0 | P59: =($F$10*1000)/(($D$5/SQRT(3))*$I$10) -> 0 | Q59: =P59 -> 0 | R59: =P59 -> 0 | S59: =($F$10*1000)/($D$5*$I$10) -> 0 | T59: =S59 -> 0 | U59: =S59 -> 0 | Y59: 2 | Z59: IL2 | AA59: =AA58 -> 0 | AB59: 0 | AC59: =AA58 -> 0 | AD59: 0 | AE59: =AA58 -> 0 | AF59: =AA58 -> 0 | AG59: 0 | AI59: IL2 | AJ59: =AJ58-120 -> -120 | AK59: 0 | AL59: =AJ58-120 -> -120 | AM59: 0 | AN59: =AJ58-150 -> -150 | AO59: =AJ58-90 -> -90 | AP59: 0
M60: 2 | N60: S | O60: =($F$10*1000)/($D$5*SQRT(3)) -> 0 | P60: =($F$10*1000)/(($D$5/SQRT(3))) -> 0 | Q60: =P60 -> 0 | R60: =P60 -> 0 | S60: =($F$10*1000)/($D$5) -> 0 | T60: =S60 -> 0 | U60: =S60 -> 0 | Z60: IL3 | AA60: =AA58 -> 0 | AB60: 0 | AC60: 0 | AD60: =AA58 -> 0 | AE60: 0 | AF60: =AA58 -> 0 | AG60: =AA58 -> 0 | AI60: IL3 | AJ60: =AJ58+120 -> 120 | AK60: 0 | AL60: 0 | AM60: =AJ58+120 -> 120 | AN60: 0 | AO60: =AJ58+90 -> 90 | AP60: =AJ58+150 -> 150
M61: 3 | N61: I | O61: =$F$10 -> 0 | P61: =O61 -> 0 | Q61: =O61 -> 0 | R61: =O61 -> 0 | S61: =O61 -> 0 | T61: =O61 -> 0 | U61: =O61 -> 0 | Z61: IN | AA61: 0 | AB61: =AA58 -> 0 | AC61: =AA58 -> 0 | AD61: =AA58 -> 0 | AE61: 0 | AF61: 0 | AG61: 0 | AI61: IN | AJ61: 0 | AK61: =AJ58+180 -> 180 | AL61: =AJ58+180-120 -> 60 | AM61: =AJ58-180+120 -> -60 | AN61: 0 | AO61: 0 | AP61: 0
C63: Belastning 4 | E63: 1 | J63: 1 | L63: 1 | M63: 1 | N63: P | O63: =($F$11*1000)/($D$5*SQRT(3)*$I$11) -> 0 | P63: =($F$11*1000)/(($D$5/SQRT(3))*$I$11) -> 0 | Q63: =P63 -> 0 | R63: =P63 -> 0 | S63: =($F$11*1000)/($D$5*$I$11) -> 0 | T63: =S63 -> 0 | U63: =S63 -> 0 | AA63: 1 | AB63: 2 | AC63: 3 | AD63: 4 | AE63: 5 | AF63: 6 | AG63: 7 | AJ63: 1 | AK63: 2 | AL63: 3 | AM63: 4 | AN63: 5 | AO63: 6 | AP63: 7
M64: 2 | N64: S | O64: =($F$11*1000)/($D$5*SQRT(3)) -> 0 | P64: =($F$11*1000)/(($D$5/SQRT(3))) -> 0 | Q64: =P64 -> 0 | R64: =P64 -> 0 | S64: =($F$11*1000)/($D$5) -> 0 | T64: =S64 -> 0 | U64: =S64 -> 0 | AA64: 3-faset | AB64: L1-N | AC64: L2-N | AD64: L3-N | AE64: L1-L2 | AF64: L2-L3 | AG64: L1-L3 | AI64: Ðj Grader | AJ64: 3-faset | AK64: L1-N | AL64: L2-N | AM64: L3-N | AN64: L1-L2 | AO64: L2-L3 | AP64: L1-L3
M65: 3 | N65: I | O65: =$F$11 -> 0 | P65: =O65 -> 0 | Q65: =O65 -> 0 | R65: =O65 -> 0 | S65: =O65 -> 0 | T65: =O65 -> 0 | U65: =O65 -> 0 | Z65: IL1 | AA65: =H10 -> 0 | AB65: =AA65 -> 0 | AC65: 0 | AD65: 0 | AE65: =AA65 -> 0 | AF65: 0 | AG65: =AA65 -> 0 | AI65: IL1 | AJ65: =K10 -> 0 | AK65: =AJ65 -> 0 | AL65: 0 | AM65: 0 | AN65: =AJ65+30 -> 30 | AO65: 0 | AP65: =AJ65-30 -> -30
Y66: 3 | Z66: IL2 | AA66: =AA65 -> 0 | AB66: 0 | AC66: =AA65 -> 0 | AD66: 0 | AE66: =AA65 -> 0 | AF66: =AA65 -> 0 | AG66: 0 | AI66: IL2 | AJ66: =AJ65-120 -> -120 | AK66: 0 | AL66: =AJ65-120 -> -120 | AM66: 0 | AN66: =AJ65-150 -> -150 | AO66: =AJ65-90 -> -90 | AP66: 0
C67: Belastning 5 | E67: 1 | J67: 1 | L67: 1 | M67: 1 | N67: P | O67: =($F$12*1000)/($D$5*SQRT(3)*$I$12) -> 0 | P67: =($F$12*1000)/(($D$5/SQRT(3))*$I$12) -> 0 | Q67: =P67 -> 0 | R67: =P67 -> 0 | S67: =($F$12*1000)/($D$5*$I$12) -> 0 | T67: =S67 -> 0 | U67: =S67 -> 0 | Z67: IL3 | AA67: =AA65 -> 0 | AB67: 0 | AC67: 0 | AD67: =AA65 -> 0 | AE67: 0 | AF67: =AA65 -> 0 | AG67: =AA65 -> 0 | AI67: IL3 | AJ67: =AJ65+120 -> 120 | AK67: 0 | AL67: 0 | AM67: =AJ65+120 -> 120 | AN67: 0 | AO67: =AJ65+90 -> 90 | AP67: =AJ65+150 -> 150
M68: 2 | N68: S | O68: =($F$12*1000)/($D$5*SQRT(3)) -> 0 | P68: =($F$12*1000)/(($D$5/SQRT(3))) -> 0 | Q68: =P68 -> 0 | R68: =P68 -> 0 | S68: =($F$12*1000)/($D$5) -> 0 | T68: =S68 -> 0 | U68: =S68 -> 0 | Z68: IN | AA68: 0 | AB68: =AA65 -> 0 | AC68: =AA65 -> 0 | AD68: =AA65 -> 0 | AE68: 0 | AF68: 0 | AG68: 0 | AI68: IN | AJ68: 0 | AK68: =AJ65+180 -> 180 | AL68: =AJ65+180-120 -> 60 | AM68: =AJ65-180+120 -> -60 | AN68: 0 | AO68: 0 | AP68: 0
M69: 3 | N69: I | O69: =$F$12 -> 0 | P69: =O69 -> 0 | Q69: =O69 -> 0 | R69: =O69 -> 0 | S69: =O69 -> 0 | T69: =O69 -> 0 | U69: =O69 -> 0
AA70: 1 | AB70: 2 | AC70: 3 | AD70: 4 | AE70: 5 | AF70: 6 | AG70: 7 | AJ70: 1 | AK70: 2 | AL70: 3 | AM70: 4 | AN70: 5 | AO70: 6 | AP70: 7
C71: Belastning 6 | E71: 1 | J71: 1 | L71: 1 | M71: 1 | N71: P | O71: =($F$13*1000)/($D$5*SQRT(3)*$I$13) -> 0 | P71: =($F$13*1000)/(($D$5/SQRT(3))*$I$13) -> 0 | Q71: =P71 -> 0 | R71: =P71 -> 0 | S71: =($F$13*1000)/($D$5*$I$13) -> 0 | T71: =S71 -> 0 | U71: =S71 -> 0 | AA71: 3-faset | AB71: L1-N | AC71: L2-N | AD71: L3-N | AE71: L1-L2 | AF71: L2-L3 | AG71: L1-L3 | AI71: Ðj Grader | AJ71: 3-faset | AK71: L1-N | AL71: L2-N | AM71: L3-N | AN71: L1-L2 | AO71: L2-L3 | AP71: L1-L3
M72: 2 | N72: S | O72: =($F$13*1000)/($D$5*SQRT(3)) -> 0 | P72: =($F$13*1000)/(($D$5/SQRT(3))) -> 0 | Q72: =P72 -> 0 | R72: =P72 -> 0 | S72: =($F$13*1000)/($D$5) -> 0 | T72: =S72 -> 0 | U72: =S72 -> 0 | Z72: IL1 | AA72: =H11 -> 0 | AB72: =AA72 -> 0 | AC72: 0 | AD72: 0 | AE72: =AA72 -> 0 | AF72: 0 | AG72: =AA72 -> 0 | AI72: IL1 | AJ72: =K11 -> 0 | AK72: =AJ72 -> 0 | AL72: 0 | AM72: 0 | AN72: =AJ72+30 -> 30 | AO72: 0 | AP72: =AJ72-30 -> -30
M73: 3 | N73: I | O73: =$F$13 -> 0 | P73: =O73 -> 0 | Q73: =O73 -> 0 | R73: =O73 -> 0 | S73: =O73 -> 0 | T73: =O73 -> 0 | U73: =O73 -> 0 | Y73: 4 | Z73: IL2 | AA73: =AA72 -> 0 | AB73: 0 | AC73: =AA72 -> 0 | AD73: 0 | AE73: =AA72 -> 0 | AF73: =AA72 -> 0 | AG73: 0 | AI73: IL2 | AJ73: =AJ72-120 -> -120 | AK73: 0 | AL73: =AJ72-120 -> -120 | AM73: 0 | AN73: =AJ72-150 -> -150 | AO73: =AJ72-90 -> -90 | AP73: 0
Z74: IL3 | AA74: =AA72 -> 0 | AB74: 0 | AC74: 0 | AD74: =AA72 -> 0 | AE74: 0 | AF74: =AA72 -> 0 | AG74: =AA72 -> 0 | AI74: IL3 | AJ74: =AJ72+120 -> 120 | AK74: 0 | AL74: 0 | AM74: =AJ72+120 -> 120 | AN74: 0 | AO74: =AJ72+90 -> 90 | AP74: =AJ72+150 -> 150
C75: Belastning 7 | E75: 1 | J75: 1 | L75: 1 | M75: 1 | N75: P | O75: =($F$14*1000)/($D$5*SQRT(3)*$I$14) -> 0 | P75: =($F$14*1000)/(($D$5/SQRT(3))*$I$14) -> 0 | Q75: =P75 -> 0 | R75: =P75 -> 0 | S75: =($F$14*1000)/($D$5*$I$14) -> 0 | T75: =S75 -> 0 | U75: =S75 -> 0 | Z75: IN | AA75: 0 | AB75: =AA72 -> 0 | AC75: =AA72 -> 0 | AD75: =AA72 -> 0 | AE75: 0 | AF75: 0 | AG75: 0 | AI75: IN | AJ75: 0 | AK75: =AJ72+180 -> 180 | AL75: =AJ72+180-120 -> 60 | AM75: =AJ72-180+120 -> -60 | AN75: 0 | AO75: 0 | AP75: 0
M76: 2 | N76: S | O76: =($F$14*1000)/($D$5*SQRT(3)) -> 0 | P76: =($F$14*1000)/(($D$5/SQRT(3))) -> 0 | Q76: =P76 -> 0 | R76: =P76 -> 0 | S76: =($F$14*1000)/($D$5) -> 0 | T76: =S76 -> 0 | U76: =S76 -> 0
M77: 3 | N77: I | O77: =$F$14 -> 0 | P77: =O77 -> 0 | Q77: =O77 -> 0 | R77: =O77 -> 0 | S77: =O77 -> 0 | T77: =O77 -> 0 | U77: =O77 -> 0 | AA77: 1 | AB77: 2 | AC77: 3 | AD77: 4 | AE77: 5 | AF77: 6 | AG77: 7 | AJ77: 1 | AK77: 2 | AL77: 3 | AM77: 4 | AN77: 5 | AO77: 6 | AP77: 7
AA78: 3-faset | AB78: L1-N | AC78: L2-N | AD78: L3-N | AE78: L1-L2 | AF78: L2-L3 | AG78: L1-L3 | AI78: Ðj Grader | AJ78: 3-faset | AK78: L1-N | AL78: L2-N | AM78: L3-N | AN78: L1-L2 | AO78: L2-L3 | AP78: L1-L3
C79: Belastning 8 | E79: 1 | J79: 1 | L79: 1 | M79: 1 | N79: P | O79: =($F$15*1000)/($D$5*SQRT(3)*$I$15) -> 0 | P79: =($F$15*1000)/(($D$5/SQRT(3))*$I$15) -> 0 | Q79: =P79 -> 0 | R79: =P79 -> 0 | S79: =($F$15*1000)/($D$5*$I$15) -> 0 | T79: =S79 -> 0 | U79: =S79 -> 0 | Z79: IL1 | AA79: =H12 -> 0 | AB79: =AA79 -> 0 | AC79: 0 | AD79: 0 | AE79: =AA79 -> 0 | AF79: 0 | AG79: =AA79 -> 0 | AI79: IL1 | AJ79: =K12 -> 0 | AK79: =AJ79 -> 0 | AL79: 0 | AM79: 0 | AN79: =AJ79+30 -> 30 | AO79: 0 | AP79: =AJ79-30 -> -30
M80: 2 | N80: S | O80: =($F$15*1000)/($D$5*SQRT(3)) -> 0 | P80: =($F$15*1000)/(($D$5/SQRT(3))) -> 0 | Q80: =P80 -> 0 | R80: =P80 -> 0 | S80: =($F$15*1000)/($D$5) -> 0 | T80: =S80 -> 0 | U80: =S80 -> 0 | Y80: 5 | Z80: IL2 | AA80: =AA79 -> 0 | AB80: 0 | AC80: =AA79 -> 0 | AD80: 0 | AE80: =AA79 -> 0 | AF80: =AA79 -> 0 | AG80: 0 | AI80: IL2 | AJ80: =AJ79-120 -> -120 | AK80: 0 | AL80: =AJ79-120 -> -120 | AM80: 0 | AN80: =AJ79-150 -> -150 | AO80: =AJ79-90 -> -90 | AP80: 0
M81: 3 | N81: I | O81: =$F$15 -> 0 | P81: =O81 -> 0 | Q81: =O81 -> 0 | R81: =O81 -> 0 | S81: =O81 -> 0 | T81: =O81 -> 0 | U81: =O81 -> 0 | Z81: IL3 | AA81: =AA79 -> 0 | AB81: 0 | AC81: 0 | AD81: =AA79 -> 0 | AE81: 0 | AF81: =AA79 -> 0 | AG81: =AA79 -> 0 | AI81: IL3 | AJ81: =AJ79+120 -> 120 | AK81: 0 | AL81: 0 | AM81: =AJ79+120 -> 120 | AN81: 0 | AO81: =AJ79+90 -> 90 | AP81: =AJ79+150 -> 150
Z82: IN | AA82: 0 | AB82: =AA79 -> 0 | AC82: =AA79 -> 0 | AD82: =AA79 -> 0 | AE82: 0 | AF82: 0 | AG82: 0 | AI82: IN | AJ82: 0 | AK82: =AJ79+180 -> 180 | AL82: =AJ79+180-120 -> 60 | AM82: =AJ79-180+120 -> -60 | AN82: 0 | AO82: 0 | AP82: 0
C83: Belastning 9 | E83: 1 | J83: 1 | L83: 1 | M83: 1 | N83: P | O83: =($F$16*1000)/($D$5*SQRT(3)*$I$16) -> 0 | P83: =($F$16*1000)/(($D$5/SQRT(3))*$I$16) -> 0 | Q83: =P83 -> 0 | R83: =P83 -> 0 | S83: =($F$16*1000)/($D$5*$I$16) -> 0 | T83: =S83 -> 0 | U83: =S83 -> 0
M84: 2 | N84: S | O84: =($F$16*1000)/($D$5*SQRT(3)) -> 0 | P84: =($F$16*1000)/(($D$5/SQRT(3))) -> 0 | Q84: =P84 -> 0 | R84: =P84 -> 0 | S84: =($F$16*1000)/($D$5) -> 0 | T84: =S84 -> 0 | U84: =S84 -> 0 | AA84: 1 | AB84: 2 | AC84: 3 | AD84: 4 | AE84: 5 | AF84: 6 | AG84: 7 | AJ84: 1 | AK84: 2 | AL84: 3 | AM84: 4 | AN84: 5 | AO84: 6 | AP84: 7
M85: 3 | N85: I | O85: =$F$16 -> 0 | P85: =O85 -> 0 | Q85: =O85 -> 0 | R85: =O85 -> 0 | S85: =O85 -> 0 | T85: =O85 -> 0 | U85: =O85 -> 0 | AA85: 3-faset | AB85: L1-N | AC85: L2-N | AD85: L3-N | AE85: L1-L2 | AF85: L2-L3 | AG85: L1-L3 | AI85: Ðj Grader | AJ85: 3-faset | AK85: L1-N | AL85: L2-N | AM85: L3-N | AN85: L1-L2 | AO85: L2-L3 | AP85: L1-L3
Z86: IL1 | AA86: =H13 -> 0 | AB86: =AA86 -> 0 | AC86: 0 | AD86: 0 | AE86: =AA86 -> 0 | AF86: 0 | AG86: =AA86 -> 0 | AI86: IL1 | AJ86: =K13 -> 0 | AK86: =AJ86 -> 0 | AL86: 0 | AM86: 0 | AN86: =AJ86+30 -> 30 | AO86: 0 | AP86: =AJ86-30 -> -30
C87: Belastning 10 | E87: 1 | J87: 1 | L87: 1 | M87: 1 | N87: P | O87: =($F$17*1000)/($D$5*SQRT(3)*$I$17) -> 0 | P87: =($F$17*1000)/(($D$5/SQRT(3))*$I$17) -> 0 | Q87: =P87 -> 0 | R87: =P87 -> 0 | S87: =($F$17*1000)/($D$5*$I$17) -> 0 | T87: =S87 -> 0 | U87: =S87 -> 0 | Y87: 6 | Z87: IL2 | AA87: =AA86 -> 0 | AB87: 0 | AC87: =AA86 -> 0 | AD87: 0 | AE87: =AA86 -> 0 | AF87: =AA86 -> 0 | AG87: 0 | AI87: IL2 | AJ87: =AJ86-120 -> -120 | AK87: 0 | AL87: =AJ86-120 -> -120 | AM87: 0 | AN87: =AJ86-150 -> -150 | AO87: =AJ86-90 -> -90 | AP87: 0
M88: 2 | N88: S | O88: =($F$17*1000)/($D$5*SQRT(3)) -> 0 | P88: =($F$17*1000)/(($D$5/SQRT(3))) -> 0 | Q88: =P88 -> 0 | R88: =P88 -> 0 | S88: =($F$17*1000)/($D$5) -> 0 | T88: =S88 -> 0 | U88: =S88 -> 0 | Z88: IL3 | AA88: =AA86 -> 0 | AB88: 0 | AC88: 0 | AD88: =AA86 -> 0 | AE88: 0 | AF88: =AA86 -> 0 | AG88: =AA86 -> 0 | AI88: IL3 | AJ88: =AJ86+120 -> 120 | AK88: 0 | AL88: 0 | AM88: =AJ86+120 -> 120 | AN88: 0 | AO88: =AJ86+90 -> 90 | AP88: =AJ86+150 -> 150
M89: 3 | N89: I | O89: =$F$17 -> 0 | P89: =O89 -> 0 | Q89: =O89 -> 0 | R89: =O89 -> 0 | S89: =O89 -> 0 | T89: =O89 -> 0 | U89: =O89 -> 0 | Z89: IN | AA89: 0 | AB89: =AA86 -> 0 | AC89: =AA86 -> 0 | AD89: =AA86 -> 0 | AE89: 0 | AF89: 0 | AG89: 0 | AI89: IN | AJ89: 0 | AK89: =AJ86+180 -> 180 | AL89: =AJ86+180-120 -> 60 | AM89: =AJ86-180+120 -> -60 | AN89: 0 | AO89: 0 | AP89: 0
C91: Belastning 11 | E91: 1 | J91: 1 | L91: 1 | M91: 1 | N91: P | O91: =($F$18*1000)/($D$5*SQRT(3)*$I$18) -> 0 | P91: =($F$18*1000)/(($D$5/SQRT(3))*$I$18) -> 0 | Q91: =P91 -> 0 | R91: =P91 -> 0 | S91: =($F$18*1000)/($D$5*$I$18) -> 0 | T91: =S91 -> 0 | U91: =S91 -> 0 | AA91: 1 | AB91: 2 | AC91: 3 | AD91: 4 | AE91: 5 | AF91: 6 | AG91: 7 | AJ91: 1 | AK91: 2 | AL91: 3 | AM91: 4 | AN91: 5 | AO91: 6 | AP91: 7
M92: 2 | N92: S | O92: =($F$18*1000)/($D$5*SQRT(3)) -> 0 | P92: =($F$18*1000)/(($D$5/SQRT(3))) -> 0 | Q92: =P92 -> 0 | R92: =P92 -> 0 | S92: =($F$18*1000)/($D$5) -> 0 | T92: =S92 -> 0 | U92: =S92 -> 0 | AA92: 3-faset | AB92: L1-N | AC92: L2-N | AD92: L3-N | AE92: L1-L2 | AF92: L2-L3 | AG92: L1-L3 | AI92: Ðj Grader | AJ92: 3-faset | AK92: L1-N | AL92: L2-N | AM92: L3-N | AN92: L1-L2 | AO92: L2-L3 | AP92: L1-L3
