Workbook

Sheet 0. START HERE
A1: QI INTELLIGENCE PLATFORM v9 - choose-only, fully integrated
A2: Graphical - AI-assisted - every sheet linked. You only ever pick from dropdowns.
B4: HOW IT WORKS
B5: 1 | C5: Open '1. MASTER_ENTRY' and fill ONE row by clicking the dropdown arrows (yellow cells only).
B6: 2 | C6: RPN, timing, health and an AI recommendation calculate instantly.
B7: 3 | C7: That single case auto-creates a PM task, scored risk, FMEA line, PDCA cycle, action-log entry and Gantt bar.
B8: 4 | C8: Open 'DASHBOARD' for live KPIs & charts (change the chart with the D13 dropdown).
B9: 5 | C9: Open 'AI_ASSISTANT' for a ranked action queue and a Lean playbook advisor.
C10: ALL sheets are locked so you can only choose - never mistype. (Review > Unprotect Sheet to edit structure.)
B11: NAVIGATION
C12: > 1. MASTER_ENTRY
C13: > 2. PM_TASKS
C14: > 3. RISK_REGISTER
C15: > 4. FMEA
C16: > 5. PDCA
C17: > 6. ACTION_LOG
C18: > 7. TIMELINE
C19: > 8. SIX_SIGMA
C20: > DASHBOARD
C21: > AI_ASSISTANT

Sheet 1. MASTER_ENTRY
A1: CHOOSE-ONLY MASTER ENTRY - click dropdowns in the YELLOW columns
A2: Nothing here can be typed. Pick from the lists. GREEN columns auto-calc. Each row drives PM Tasks, Risk, FMEA, PDCA, Action Log, Timeline, Dashboard & AI.
A3: CASE ID (auto) | B3: DATE LOGGED | C3: PROBLEM / CHALLENGE STATEMENT | D3: CATEGORY | E3: PRIORITY | F3: SEV 1-10 | G3: OCC 1-10 | H3: DET 1-10 | I3: RPN (auto) | J3: RPN BAND (auto) | K3: ROOT CAUSE HYPOTHESIS | L3: LEAN METHOD | M3: OWNER | N3: TARGET OUTCOME (MEASURABLE) | O3: START DATE | P3: EST. DAYS (auto) | Q3: EST. END (auto) | R3: STATUS | S3: % DONE | T3: HEALTH (auto) | U3: AI RECOMMENDED ACTION (auto-generated)
A4: =IF($C4="","",TEXT(1,"\C\A\S\E-000")) | B4: 46157 | C4: Delivery targets missed 20% consistently | D4: Delivery / Schedule | E4: 1-CRITICAL | F4: 8 | G4: 7 | H4: 6 | I4: =IF($C4="","",IF(COUNT(F4,G4,H4)=3,F4*G4*H4,"")) | J4: =IF($I4="","",IF($I4>=200,"1-CRITICAL",IF($I4>=100,"2-HIGH",IF($I4>=50,"3-MEDIUM","4-LOW")))) | K4: Handoff delays invisible; no WIP limits | L4: Value Stream Mapping | M4: PM | N4: On-time delivery >95% in 8 weeks | O4: 46174 | P4: =IF($C4="","",ROUND(IF($E4="1-CRITICAL",7,IF($E4="2-HIGH",14,IF($E4="3-MEDIUM",30,45)))*(1+IF($I4="",0,$I4)/400),0)) | Q4: =IF(OR($C4="",$O4=""),"",$O4+$P4) | R4: IN PROGRESS | S4: 0.2 | T4: =IF($C4="","",IF($R4="CLOSED","Closed",IF($R4="RESOLVED","Resolved",IF($R4="BLOCKED","BLOCKED",IF($I4>=200,"CRITICAL",IF($I4>=100,"High",IF($E4="1-CRITICAL","High","On track"))))))) | U4: =IF($C4="","",IF($R4="CLOSED","Closed - capture lessons learned in PDCA Act phase.",IF($I4>=200,"CRITICAL (RPN "&$I4&"): Escalate today. Open FMEA action + daily PDCA. Owner "&IF($M4="","?",$M4)&". Apply "&IF($L4="","a Lean method",$L4)&". Close by "&IF($Q4="","ASAP",TEXT($Q4,"dd-mmm"))&".",IF($I4>=100,"HIGH (RPN "&$I4&"): Add to current sprint. Mitigate via "&IF($L4="","Standard Work",$L4)&". Review weekly with "&IF($M4="","owner",$M4)&".",IF(OR($E4="1-CRITICAL",$E4="2-HIGH"),"Priority case: schedule "&IF($L4="","a Lean workshop",$L4)&" within 2 weeks. Track to "&IF($N4="","target",$N4)&".","Monitor: apply "&IF($L4="","standard cadence",$L4)&". Re-score if conditions change."))))) | V4: =IF($C4="","",IF($I4="",0,$I4)+ROW()/100000)
A5: =IF($C5="","",TEXT(2,"\C\A\S\E-000")) | B5: 46157 | C5: Defect rate at 12% - customers complaining | D5: Quality / Defects | E5: 1-CRITICAL | F5: 8 | G5: 7 | H5: 6 | I5: =IF($C5="","",IF(COUNT(F5,G5,H5)=3,F5*G5*H5,"")) | J5: =IF($I5="","",IF($I5>=200,"1-CRITICAL",IF($I5>=100,"2-HIGH",IF($I5>=50,"3-MEDIUM","4-LOW")))) | K5: No quality check at source | L5: PDCA | M5: PM | N5: Zero defect escapes within 4 weeks | O5: 46174 | P5: =IF($C5="","",ROUND(IF($E5="1-CRITICAL",7,IF($E5="2-HIGH",14,IF($E5="3-MEDIUM",30,45)))*(1+IF($I5="",0,$I5)/400),0)) | Q5: =IF(OR($C5="",$O5=""),"",$O5+$P5) | R5: OPEN | S5: 0 | T5: =IF($C5="","",IF($R5="CLOSED","Closed",IF($R5="RESOLVED","Resolved",IF($R5="BLOCKED","BLOCKED",IF($I5>=200,"CRITICAL",IF($I5>=100,"High",IF($E5="1-CRITICAL","High","On track"))))))) | U5: =IF($C5="","",IF($R5="CLOSED","Closed - capture lessons learned in PDCA Act phase.",IF($I5>=200,"CRITICAL (RPN "&$I5&"): Escalate today. Open FMEA action + daily PDCA. Owner "&IF($M5="","?",$M5)&". Apply "&IF($L5="","a Lean method",$L5)&". Close by "&IF($Q5="","ASAP",TEXT($Q5,"dd-mmm"))&".",IF($I5>=100,"HIGH (RPN "&$I5&"): Add to current sprint. Mitigate via "&IF($L5="","Standard Work",$L5)&". Review weekly with "&IF($M5="","owner",$M5)&".",IF(OR($E5="1-CRITICAL",$E5="2-HIGH"),"Priority case: schedule "&IF($L5="","a Lean workshop",$L5)&" within 2 weeks. Track to "&IF($N5="","target",$N5)&".","Monitor: apply "&IF($L5="","standard cadence",$L5)&". Re-score if conditions change."))))) | V5: =IF($C5="","",IF($I5="",0,$I5)+ROW()/100000)
A6: =IF($C6="","",TEXT(3,"\C\A\S\E-000")) | B6: 46157 | C6: Team overwhelmed, parallel tasks >8 each | D6: Process / Flow | E6: 2-HIGH | F6: 7 | G6: 6 | H6: 5 | I6: =IF($C6="","",IF(COUNT(F6,G6,H6)=3,F6*G6*H6,"")) | J6: =IF($I6="","",IF($I6>=200,"1-CRITICAL",IF($I6>=100,"2-HIGH",IF($I6>=50,"3-MEDIUM","4-LOW")))) | K6: No WIP limits; everything is priority 1 | L6: Kanban | M6: PM | N6: Max 3 active tasks per person | O6: 46174 | P6: =IF($C6="","",ROUND(IF($E6="1-CRITICAL",7,IF($E6="2-HIGH",14,IF($E6="3-MEDIUM",30,45)))*(1+IF($I6="",0,$I6)/400),0)) | Q6: =IF(OR($C6="",$O6=""),"",$O6+$P6) | R6: OPEN | S6: 0 | T6: =IF($C6="","",IF($R6="CLOSED","Closed",IF($R6="RESOLVED","Resolved",IF($R6="BLOCKED","BLOCKED",IF($I6>=200,"CRITICAL",IF($I6>=100,"High",IF($E6="1-CRITICAL","High","On track"))))))) | U6: =IF($C6="","",IF($R6="CLOSED","Closed - capture lessons learned in PDCA Act phase.",IF($I6>=200,"CRITICAL (RPN "&$I6&"): Escalate today. Open FMEA action + daily PDCA. Owner "&IF($M6="","?",$M6)&". Apply "&IF($L6="","a Lean method",$L6)&". Close by "&IF($Q6="","ASAP",TEXT($Q6,"dd-mmm"))&".",IF($I6>=100,"HIGH (RPN "&$I6&"): Add to current sprint. Mitigate via "&IF($L6="","Standard Work",$L6)&". Review weekly with "&IF($M6="","owner",$M6)&".",IF(OR($E6="1-CRITICAL",$E6="2-HIGH"),"Priority case: schedule "&IF($L6="","a Lean workshop",$L6)&" within 2 weeks. Track to "&IF($N6="","target",$N6)&".","Monitor: apply "&IF($L6="","standard cadence",$L6)&". Re-score if conditions change."))))) | V6: =IF($C6="","",IF($I6="",0,$I6)+ROW()/100000)
A7: =IF($C7="","",TEXT(4,"\C\A\S\E-000")) | B7: 46157 | C7: Approval bottleneck adds 2.3 days per case | D7: Process / Flow | E7: 2-HIGH | F7: 7 | G7: 6 | H7: 5 | I7: =IF($C7="","",IF(COUNT(F7,G7,H7)=3,F7*G7*H7,"")) | J7: =IF($I7="","",IF($I7>=200,"1-CRITICAL",IF($I7>=100,"2-HIGH",IF($I7>=50,"3-MEDIUM","4-LOW")))) | K7: Wrong routing; unclear decision authority | L7: Standard Work | M7: PM | N7: Approval time <4 hours | O7: 46174 | P7: =IF($C7="","",ROUND(IF($E7="1-CRITICAL",7,IF($E7="2-HIGH",14,IF($E7="3-MEDIUM",30,45)))*(1+IF($I7="",0,$I7)/400),0)) | Q7: =IF(OR($C7="",$O7=""),"",$O7+$P7) | R7: OPEN | S7: 0 | T7: =IF($C7="","",IF($R7="CLOSED","Closed",IF($R7="RESOLVED","Resolved",IF($R7="BLOCKED","BLOCKED",IF($I7>=200,"CRITICAL",IF($I7>=100,"High",IF($E7="1-CRITICAL","High","On track"))))))) | U7: =IF($C7="","",IF($R7="CLOSED","Closed - capture lessons learned in PDCA Act phase.",IF($I7>=200,"CRITICAL (RPN "&$I7&"): Escalate today. Open FMEA action + daily PDCA. Owner "&IF($M7="","?",$M7)&". Apply "&IF($L7="","a Lean method",$L7)&". Close by "&IF($Q7="","ASAP",TEXT($Q7,"dd-mmm"))&".",IF($I7>=100,"HIGH (RPN "&$I7&"): Add to current sprint. Mitigate via "&IF($L7="","Standard Work",$L7)&". Review weekly with "&IF($M7="","owner",$M7)&".",IF(OR($E7="1-CRITICAL",$E7="2-HIGH"),"Priority case: schedule "&IF($L7="","a Lean workshop",$L7)&" within 2 weeks. Track to "&IF($N7="","target",$N7)&".","Monitor: apply "&IF($L7="","standard cadence",$L7)&". Re-score if conditions change."))))) | V7: =IF($C7="","",IF($I7="",0,$I7)+ROW()/100000)
A8: =IF($C8="","",TEXT(5,"\C\A\S\E-000")) | B8: 46157 | C8: New hire onboarding takes 6 weeks | D8: Process / Flow | E8: 3-MEDIUM | F8: 6 | G8: 5 | H8: 5 | I8: =IF($C8="","",IF(COUNT(F8,G8,H8)=3,F8*G8*H8,"")) | J8: =IF($I8="","",IF($I8>=200,"1-CRITICAL",IF($I8>=100,"2-HIGH",IF($I8>=50,"3-MEDIUM","4-LOW")))) | K8: No documented process; tribal knowledge | L8: Standard Work | M8: PM | N8: Onboard in 2 weeks, consistent quality | O8: 46174 | P8: =IF($C8="","",ROUND(IF($E8="1-CRITICAL",7,IF($E8="2-HIGH",14,IF($E8="3-MEDIUM",30,45)))*(1+IF($I8="",0,$I8)/400),0)) | Q8: =IF(OR($C8="",$O8=""),"",$O8+$P8) | R8: OPEN | S8: 0 | T8: =IF($C8="","",IF($R8="CLOSED","Closed",IF($R8="RESOLVED","Resolved",IF($R8="BLOCKED","BLOCKED",IF($I8>=200,"CRITICAL",IF($I8>=100,"High",IF($E8="1-CRITICAL","High","On track"))))))) | U8: =IF($C8="","",IF($R8="CLOSED","Closed - capture lessons learned in PDCA Act phase.",IF($I8>=200,"CRITICAL (RPN "&$I8&"): Escalate today. Open FMEA action + daily PDCA. Owner "&IF($M8="","?",$M8)&". Apply "&IF($L8="","a Lean method",$L8)&". Close by "&IF($Q8="","ASAP",TEXT($Q8,"dd-mmm"))&".",IF($I8>=100,"HIGH (RPN "&$I8&"): Add to current sprint. Mitigate via "&IF($L8="","Standard Work",$L8)&". Review weekly with "&IF($M8="","owner",$M8)&".",IF(OR($E8="1-CRITICAL",$E8="2-HIGH"),"Priority case: schedule "&IF($L8="","a Lean workshop",$L8)&" within 2 weeks. Track to "&IF($N8="","target",$N8)&".","Monitor: apply "&IF($L8="","standard cadence",$L8)&". Re-score if conditions change."))))) | V8: =IF($C8="","",IF($I8="",0,$I8)+ROW()/100000)
A9: =IF($C9="","",TEXT(6,"\C\A\S\E-000")) | B9: 46157 | C9: Leader not visible to frontline team | D9: Process / Flow | E9: 2-HIGH | F9: 7 | G9: 6 | H9: 5 | I9: =IF($C9="","",IF(COUNT(F9,G9,H9)=3,F9*G9*H9,"")) | J9: =IF($I9="","",IF($I9>=200,"1-CRITICAL",IF($I9>=100,"2-HIGH",IF($I9>=50,"3-MEDIUM","4-LOW")))) | K9: No structured Gemba cadence in place | L9: Gemba Walk | M9: PM | N9: Weekly Gemba walk every leader, every week | O9: 46174 | P9: =IF($C9="","",ROUND(IF($E9="1-CRITICAL",7,IF($E9="2-HIGH",14,IF($E9="3-MEDIUM",30,45)))*(1+IF($I9="",0,$I9)/400),0)) | Q9: =IF(OR($C9="",$O9=""),"",$O9+$P9) | R9: IN PROGRESS | S9: 0.2 | T9: =IF($C9="","",IF($R9="CLOSED","Closed",IF($R9="RESOLVED","Resolved",IF($R9="BLOCKED","BLOCKED",IF($I9>=200,"CRITICAL",IF($I9>=100,"High",IF($E9="1-CRITICAL","High","On track"))))))) | U9: =IF($C9="","",IF($R9="CLOSED","Closed - capture lessons learned in PDCA Act phase.",IF($I9>=200,"CRITICAL (RPN "&$I9&"): Escalate today. Open FMEA action + daily PDCA. Owner "&IF($M9="","?",$M9)&". Apply "&IF($L9="","a Lean method",$L9)&". Close by "&IF($Q9="","ASAP",TEXT($Q9,"dd-mmm"))&".",IF($I9>=100,"HIGH (RPN "&$I9&"): Add to current sprint. Mitigate via "&IF($L9="","Standard Work",$L9)&". Review weekly with "&IF($M9="","owner",$M9)&".",IF(OR($E9="1-CRITICAL",$E9="2-HIGH"),"Priority case: schedule "&IF($L9="","a Lean workshop",$L9)&" within 2 weeks. Track to "&IF($N9="","target",$N9)&".","Monitor: apply "&IF($L9="","standard cadence",$L9)&". Re-score if conditions change."))))) | V9: =IF($C9="","",IF($I9="",0,$I9)+ROW()/100000)
A10: =IF($C10="","",TEXT(7,"\C\A\S\E-000")) | I10: =IF($C10="","",IF(COUNT(F10,G10,H10)=3,F10*G10*H10,"")) | J10: =IF($I10="","",IF($I10>=200,"1-CRITICAL",IF($I10>=100,"2-HIGH",IF($I10>=50,"3-MEDIUM","4-LOW")))) | P10: =IF($C10="","",ROUND(IF($E10="1-CRITICAL",7,IF($E10="2-HIGH",14,IF($E10="3-MEDIUM",30,45)))*(1+IF($I10="",0,$I10)/400),0)) | Q10: =IF(OR($C10="",$O10=""),"",$O10+$P10) | T10: =IF($C10="","",IF($R10="CLOSED","Closed",IF($R10="RESOLVED","Resolved",IF($R10="BLOCKED","BLOCKED",IF($I10>=200,"CRITICAL",IF($I10>=100,"High",IF($E10="1-CRITICAL","High","On track"))))))) | U10: =IF($C10="","",IF($R10="CLOSED","Closed - capture lessons learned in PDCA Act phase.",IF($I10>=200,"CRITICAL (RPN "&$I10&"): Escalate today. Open FMEA action + daily PDCA. Owner "&IF($M10="","?",$M10)&". Apply "&IF($L10="","a Lean method",$L10)&". Close by "&IF($Q10="","ASAP",TEXT($Q10,"dd-mmm"))&".",IF($I10>=100,"HIGH (RPN "&$I10&"): Add to current sprint. Mitigate via "&IF($L10="","Standard Work",$L10)&". Review weekly with "&IF($M10="","owner",$M10)&".",IF(OR($E10="1-CRITICAL",$E10="2-HIGH"),"Priority case: schedule "&IF($L10="","a Lean workshop",$L10)&" within 2 weeks. Track to "&IF($N10="","target",$N10)&".","Monitor: apply "&IF($L10="","standard cadence",$L10)&". Re-score if conditions change."))))) | V10: =IF($C10="","",IF($I10="",0,$I10)+ROW()/100000)
A11: =IF($C11="","",TEXT(8,"\C\A\S\E-000")) | I11: =IF($C11="","",IF(COUNT(F11,G11,H11)=3,F11*G11*H11,"")) | J11: =IF($I11="","",IF($I11>=200,"1-CRITICAL",IF($I11>=100,"2-HIGH",IF($I11>=50,"3-MEDIUM","4-LOW")))) | P11: =IF($C11="","",ROUND(IF($E11="1-CRITICAL",7,IF($E11="2-HIGH",14,IF($E11="3-MEDIUM",30,45)))*(1+IF($I11="",0,$I11)/400),0)) | Q11: =IF(OR($C11="",$O11=""),"",$O11+$P11) | T11: =IF($C11="","",IF($R11="CLOSED","Closed",IF($R11="RESOLVED","Resolved",IF($R11="BLOCKED","BLOCKED",IF($I11>=200,"CRITICAL",IF($I11>=100,"High",IF($E11="1-CRITICAL","High","On track"))))))) | U11: =IF($C11="","",IF($R11="CLOSED","Closed - capture lessons learned in PDCA Act phase.",IF($I11>=200,"CRITICAL (RPN "&$I11&"): Escalate today. Open FMEA action + daily PDCA. Owner "&IF($M11="","?",$M11)&". Apply "&IF($L11="","a Lean method",$L11)&". Close by "&IF($Q11="","ASAP",TEXT($Q11,"dd-mmm"))&".",IF($I11>=100,"HIGH (RPN "&$I11&"): Add to current sprint. Mitigate via "&IF($L11="","Standard Work",$L11)&". Review weekly with "&IF($M11="","owner",$M11)&".",IF(OR($E11="1-CRITICAL",$E11="2-HIGH"),"Priority case: schedule "&IF($L11="","a Lean workshop",$L11)&" within 2 weeks. Track to "&IF($N11="","target",$N11)&".","Monitor: apply "&IF($L11="","standard cadence",$L11)&". Re-score if conditions change."))))) | V11: =IF($C11="","",IF($I11="",0,$I11)+ROW()/100000)
A12: =IF($C12="","",TEXT(9,"\C\A\S\E-000")) | I12: =IF($C12="","",IF(COUNT(F12,G12,H12)=3,F12*G12*H12,"")) | J12: =IF($I12="","",IF($I12>=200,"1-CRITICAL",IF($I12>=100,"2-HIGH",IF($I12>=50,"3-MEDIUM","4-LOW")))) | P12: =IF($C12="","",ROUND(IF($E12="1-CRITICAL",7,IF($E12="2-HIGH",14,IF($E12="3-MEDIUM",30,45)))*(1+IF($I12="",0,$I12)/400),0)) | Q12: =IF(OR($C12="",$O12=""),"",$O12+$P12) | T12: =IF($C12="","",IF($R12="CLOSED","Closed",IF($R12="RESOLVED","Resolved",IF($R12="BLOCKED","BLOCKED",IF($I12>=200,"CRITICAL",IF($I12>=100,"High",IF($E12="1-CRITICAL","High","On track"))))))) | U12: =IF($C12="","",IF($R12="CLOSED","Closed - capture lessons learned in PDCA Act phase.",IF($I12>=200,"CRITICAL (RPN "&$I12&"): Escalate today. Open FMEA action + daily PDCA. Owner "&IF($M12="","?",$M12)&". Apply "&IF($L12="","a Lean method",$L12)&". Close by "&IF($Q12="","ASAP",TEXT($Q12,"dd-mmm"))&".",IF($I12>=100,"HIGH (RPN "&$I12&"): Add to current sprint. Mitigate via "&IF($L12="","Standard Work",$L12)&". Review weekly with "&IF($M12="","owner",$M12)&".",IF(OR($E12="1-CRITICAL",$E12="2-HIGH"),"Priority case: schedule "&IF($L12="","a Lean workshop",$L12)&" within 2 weeks. Track to "&IF($N12="","target",$N12)&".","Monitor: apply "&IF($L12="","standard cadence",$L12)&". Re-score if conditions change."))))) | V12: =IF($C12="","",IF($I12="",0,$I12)+ROW()/100000)
A13: =IF($C13="","",TEXT(10,"\C\A\S\E-000")) | I13: =IF($C13="","",IF(COUNT(F13,G13,H13)=3,F13*G13*H13,"")) | J13: =IF($I13="","",IF($I13>=200,"1-CRITICAL",IF($I13>=100,"2-HIGH",IF($I13>=50,"3-MEDIUM","4-LOW")))) | P13: =IF($C13="","",ROUND(IF($E13="1-CRITICAL",7,IF($E13="2-HIGH",14,IF($E13="3-MEDIUM",30,45)))*(1+IF($I13="",0,$I13)/400),0)) | Q13: =IF(OR($C13="",$O13=""),"",$O13+$P13) | T13: =IF($C13="","",IF($R13="CLOSED","Closed",IF($R13="RESOLVED","Resolved",IF($R13="BLOCKED","BLOCKED",IF($I13>=200,"CRITICAL",IF($I13>=100,"High",IF($E13="1-CRITICAL","High","On track"))))))) | U13: =IF($C13="","",IF($R13="CLOSED","Closed - capture lessons learned in PDCA Act phase.",IF($I13>=200,"CRITICAL (RPN "&$I13&"): Escalate today. Open FMEA action + daily PDCA. Owner "&IF($M13="","?",$M13)&". Apply "&IF($L13="","a Lean method",$L13)&". Close by "&IF($Q13="","ASAP",TEXT($Q13,"dd-mmm"))&".",IF($I13>=100,"HIGH (RPN "&$I13&"): Add to current sprint. Mitigate via "&IF($L13="","Standard Work",$L13)&". Review weekly with "&IF($M13="","owner",$M13)&".",IF(OR($E13="1-CRITICAL",$E13="2-HIGH"),"Priority case: schedule "&IF($L13="","a Lean workshop",$L13)&" within 2 weeks. Track to "&IF($N13="","target",$N13)&".","Monitor: apply "&IF($L13="","standard cadence",$L13)&". Re-score if conditions change."))))) | V13: =IF($C13="","",IF($I13="",0,$I13)+ROW()/100000)
A14: =IF($C14="","",TEXT(11,"\C\A\S\E-000")) | I14: =IF($C14="","",IF(COUNT(F14,G14,H14)=3,F14*G14*H14,"")) | J14: =IF($I14="","",IF($I14>=200,"1-CRITICAL",IF($I14>=100,"2-HIGH",IF($I14>=50,"3-MEDIUM","4-LOW")))) | P14: =IF($C14="","",ROUND(IF($E14="1-CRITICAL",7,IF($E14="2-HIGH",14,IF($E14="3-MEDIUM",30,45)))*(1+IF($I14="",0,$I14)/400),0)) | Q14: =IF(OR($C14="",$O14=""),"",$O14+$P14) | T14: =IF($C14="","",IF($R14="CLOSED","Closed",IF($R14="RESOLVED","Resolved",IF($R14="BLOCKED","BLOCKED",IF($I14>=200,"CRITICAL",IF($I14>=100,"High",IF($E14="1-CRITICAL","High","On track"))))))) | U14: =IF($C14="","",IF($R14="CLOSED","Closed - capture lessons learned in PDCA Act phase.",IF($I14>=200,"CRITICAL (RPN "&$I14&"): Escalate today. Open FMEA action + daily PDCA. Owner "&IF($M14="","?",$M14)&". Apply "&IF($L14="","a Lean method",$L14)&". Close by "&IF($Q14="","ASAP",TEXT($Q14,"dd-mmm"))&".",IF($I14>=100,"HIGH (RPN "&$I14&"): Add to current sprint. Mitigate via "&IF($L14="","Standard Work",$L14)&". Review weekly with "&IF($M14="","owner",$M14)&".",IF(OR($E14="1-CRITICAL",$E14="2-HIGH"),"Priority case: schedule "&IF($L14="","a Lean workshop",$L14)&" within 2 weeks. Track to "&IF($N14="","target",$N14)&".","Monitor: apply "&IF($L14="","standard cadence",$L14)&". Re-score if conditions change."))))) | V14: =IF($C14="","",IF($I14="",0,$I14)+ROW()/100000)
A15: =IF($C15="","",TEXT(12,"\C\A\S\E-000")) | I15: =IF($C15="","",IF(COUNT(F15,G15,H15)=3,F15*G15*H15,"")) | J15: =IF($I15="","",IF($I15>=200,"1-CRITICAL",IF($I15>=100,"2-HIGH",IF($I15>=50,"3-MEDIUM","4-LOW")))) | P15: =IF($C15="","",ROUND(IF($E15="1-CRITICAL",7,IF($E15="2-HIGH",14,IF($E15="3-MEDIUM",30,45)))*(1+IF($I15="",0,$I15)/400),0)) | Q15: =IF(OR($C15="",$O15=""),"",$O15+$P15) | T15: =IF($C15="","",IF($R15="CLOSED","Closed",IF($R15="RESOLVED","Resolved",IF($R15="BLOCKED","BLOCKED",IF($I15>=200,"CRITICAL",IF($I15>=100,"High",IF($E15="1-CRITICAL","High","On track"))))))) | U15: =IF($C15="","",IF($R15="CLOSED","Closed - capture lessons learned in PDCA Act phase.",IF($I15>=200,"CRITICAL (RPN "&$I15&"): Escalate today. Open FMEA action + daily PDCA. Owner "&IF($M15="","?",$M15)&". Apply "&IF($L15="","a Lean method",$L15)&". Close by "&IF($Q15="","ASAP",TEXT($Q15,"dd-mmm"))&".",IF($I15>=100,"HIGH (RPN "&$I15&"): Add to current sprint. Mitigate via "&IF($L15="","Standard Work",$L15)&". Review weekly with "&IF($M15="","owner",$M15)&".",IF(OR($E15="1-CRITICAL",$E15="2-HIGH"),"Priority case: schedule "&IF($L15="","a Lean workshop",$L15)&" within 2 weeks. Track to "&IF($N15="","target",$N15)&".","Monitor: apply "&IF($L15="","standard cadence",$L15)&". Re-score if conditions change."))))) | V15: =IF($C15="","",IF($I15="",0,$I15)+ROW()/100000)
A16: =IF($C16="","",TEXT(13,"\C\A\S\E-000")) | I16: =IF($C16="","",IF(COUNT(F16,G16,H16)=3,F16*G16*H16,"")) | J16: =IF($I16="","",IF($I16>=200,"1-CRITICAL",IF($I16>=100,"2-HIGH",IF($I16>=50,"3-MEDIUM","4-LOW")))) | P16: =IF($C16="","",ROUND(IF($E16="1-CRITICAL",7,IF($E16="2-HIGH",14,IF($E16="3-MEDIUM",30,45)))*(1+IF($I16="",0,$I16)/400),0)) | Q16: =IF(OR($C16="",$O16=""),"",$O16+$P16) | T16: =IF($C16="","",IF($R16="CLOSED","Closed",IF($R16="RESOLVED","Resolved",IF($R16="BLOCKED","BLOCKED",IF($I16>=200,"CRITICAL",IF($I16>=100,"High",IF($E16="1-CRITICAL","High","On track"))))))) | U16: =IF($C16="","",IF($R16="CLOSED","Closed - capture lessons learned in PDCA Act phase.",IF($I16>=200,"CRITICAL (RPN "&$I16&"): Escalate today. Open FMEA action + daily PDCA. Owner "&IF($M16="","?",$M16)&". Apply "&IF($L16="","a Lean method",$L16)&". Close by "&IF($Q16="","ASAP",TEXT($Q16,"dd-mmm"))&".",IF($I16>=100,"HIGH (RPN "&$I16&"): Add to current sprint. Mitigate via "&IF($L16="","Standard Work",$L16)&". Review weekly with "&IF($M16="","owner",$M16)&".",IF(OR($E16="1-CRITICAL",$E16="2-HIGH"),"Priority case: schedule "&IF($L16="","a Lean workshop",$L16)&" within 2 weeks. Track to "&IF($N16="","target",$N16)&".","Monitor: apply "&IF($L16="","standard cadence",$L16)&". Re-score if conditions change."))))) | V16: =IF($C16="","",IF($I16="",0,$I16)+ROW()/100000)
A17: =IF($C17="","",TEXT(14,"\C\A\S\E-000")) | I17: =IF($C17="","",IF(COUNT(F17,G17,H17)=3,F17*G17*H17,"")) | J17: =IF($I17="","",IF($I17>=200,"1-CRITICAL",IF($I17>=100,"2-HIGH",IF($I17>=50,"3-MEDIUM","4-LOW")))) | P17: =IF($C17="","",ROUND(IF($E17="1-CRITICAL",7,IF($E17="2-HIGH",14,IF($E17="3-MEDIUM",30,45)))*(1+IF($I17="",0,$I17)/400),0)) | Q17: =IF(OR($C17="",$O17=""),"",$O17+$P17) | T17: =IF($C17="","",IF($R17="CLOSED","Closed",IF($R17="RESOLVED","Resolved",IF($R17="BLOCKED","BLOCKED",IF($I17>=200,"CRITICAL",IF($I17>=100,"High",IF($E17="1-CRITICAL","High","On track"))))))) | U17: =IF($C17="","",IF($R17="CLOSED","Closed - capture lessons learned in PDCA Act phase.",IF($I17>=200,"CRITICAL (RPN "&$I17&"): Escalate today. Open FMEA action + daily PDCA. Owner "&IF($M17="","?",$M17)&". Apply "&IF($L17="","a Lean method",$L17)&". Close by "&IF($Q17="","ASAP",TEXT($Q17,"dd-mmm"))&".",IF($I17>=100,"HIGH (RPN "&$I17&"): Add to current sprint. Mitigate via "&IF($L17="","Standard Work",$L17)&". Review weekly with "&IF($M17="","owner",$M17)&".",IF(OR($E17="1-CRITICAL",$E17="2-HIGH"),"Priority case: schedule "&IF($L17="","a Lean workshop",$L17)&" within 2 weeks. Track to "&IF($N17="","target",$N17)&".","Monitor: apply "&IF($L17="","standard cadence",$L17)&". Re-score if conditions change."))))) | V17: =IF($C17="","",IF($I17="",0,$I17)+ROW()/100000)
A18: =IF($C18="","",TEXT(15,"\C\A\S\E-000")) | I18: =IF($C18="","",IF(COUNT(F18,G18,H18)=3,F18*G18*H18,"")) | J18: =IF($I18="","",IF($I18>=200,"1-CRITICAL",IF($I18>=100,"2-HIGH",IF($I18>=50,"3-MEDIUM","4-LOW")))) | P18: =IF($C18="","",ROUND(IF($E18="1-CRITICAL",7,IF($E18="2-HIGH",14,IF($E18="3-MEDIUM",30,45)))*(1+IF($I18="",0,$I18)/400),0)) | Q18: =IF(OR($C18="",$O18=""),"",$O18+$P18) | T18: =IF($C18="","",IF($R18="CLOSED","Closed",IF($R18="RESOLVED","Resolved",IF($R18="BLOCKED","BLOCKED",IF($I18>=200,"CRITICAL",IF($I18>=100,"High",IF($E18="1-CRITICAL","High","On track"))))))) | U18: =IF($C18="","",IF($R18="CLOSED","Closed - capture lessons learned in PDCA Act phase.",IF($I18>=200,"CRITICAL (RPN "&$I18&"): Escalate today. Open FMEA action + daily PDCA. Owner "&IF($M18="","?",$M18)&". Apply "&IF($L18="","a Lean method",$L18)&". Close by "&IF($Q18="","ASAP",TEXT($Q18,"dd-mmm"))&".",IF($I18>=100,"HIGH (RPN "&$I18&"): Add to current sprint. Mitigate via "&IF($L18="","Standard Work",$L18)&". Review weekly with "&IF($M18="","owner",$M18)&".",IF(OR($E18="1-CRITICAL",$E18="2-HIGH"),"Priority case: schedule "&IF($L18="","a Lean workshop",$L18)&" within 2 weeks. Track to "&IF($N18="","target",$N18)&".","Monitor: apply "&IF($L18="","standard cadence",$L18)&". Re-score if conditions change."))))) | V18: =IF($C18="","",IF($I18="",0,$I18)+ROW()/100000)
A19: =IF($C19="","",TEXT(16,"\C\A\S\E-000")) | I19: =IF($C19="","",IF(COUNT(F19,G19,H19)=3,F19*G19*H19,"")) | J19: =IF($I19="","",IF($I19>=200,"1-CRITICAL",IF($I19>=100,"2-HIGH",IF($I19>=50,"3-MEDIUM","4-LOW")))) | P19: =IF($C19="","",ROUND(IF($E19="1-CRITICAL",7,IF($E19="2-HIGH",14,IF($E19="3-MEDIUM",30,45)))*(1+IF($I19="",0,$I19)/400),0)) | Q19: =IF(OR($C19="",$O19=""),"",$O19+$P19) | T19: =IF($C19="","",IF($R19="CLOSED","Closed",IF($R19="RESOLVED","Resolved",IF($R19="BLOCKED","BLOCKED",IF($I19>=200,"CRITICAL",IF($I19>=100,"High",IF($E19="1-CRITICAL","High","On track"))))))) | U19: =IF($C19="","",IF($R19="CLOSED","Closed - capture lessons learned in PDCA Act phase.",IF($I19>=200,"CRITICAL (RPN "&$I19&"): Escalate today. Open FMEA action + daily PDCA. Owner "&IF($M19="","?",$M19)&". Apply "&IF($L19="","a Lean method",$L19)&". Close by "&IF($Q19="","ASAP",TEXT($Q19,"dd-mmm"))&".",IF($I19>=100,"HIGH (RPN "&$I19&"): Add to current sprint. Mitigate via "&IF($L19="","Standard Work",$L19)&". Review weekly with "&IF($M19="","owner",$M19)&".",IF(OR($E19="1-CRITICAL",$E19="2-HIGH"),"Priority case: schedule "&IF($L19="","a Lean workshop",$L19)&" within 2 weeks. Track to "&IF($N19="","target",$N19)&".","Monitor: apply "&IF($L19="","standard cadence",$L19)&". Re-score if conditions change."))))) | V19: =IF($C19="","",IF($I19="",0,$I19)+ROW()/100000)
A20: =IF($C20="","",TEXT(17,"\C\A\S\E-000")) | I20: =IF($C20="","",IF(COUNT(F20,G20,H20)=3,F20*G20*H20,"")) | J20: =IF($I20="","",IF($I20>=200,"1-CRITICAL",IF($I20>=100,"2-HIGH",IF($I20>=50,"3-MEDIUM","4-LOW")))) | P20: =IF($C20="","",ROUND(IF($E20="1-CRITICAL",7,IF($E20="2-HIGH",14,IF($E20="3-MEDIUM",30,45)))*(1+IF($I20="",0,$I20)/400),0)) | Q20: =IF(OR($C20="",$O20=""),"",$O20+$P20) | T20: =IF($C20="","",IF($R20="CLOSED","Closed",IF($R20="RESOLVED","Resolved",IF($R20="BLOCKED","BLOCKED",IF($I20>=200,"CRITICAL",IF($I20>=100,"High",IF($E20="1-CRITICAL","High","On track"))))))) | U20: =IF($C20="","",IF($R20="CLOSED","Closed - capture lessons learned in PDCA Act phase.",IF($I20>=200,"CRITICAL (RPN "&$I20&"): Escalate today. Open FMEA action + daily PDCA. Owner "&IF($M20="","?",$M20)&". Apply "&IF($L20="","a Lean method",$L20)&". Close by "&IF($Q20="","ASAP",TEXT($Q20,"dd-mmm"))&".",IF($I20>=100,"HIGH (RPN "&$I20&"): Add to current sprint. Mitigate via "&IF($L20="","Standard Work",$L20)&". Review weekly with "&IF($M20="","owner",$M20)&".",IF(OR($E20="1-CRITICAL",$E20="2-HIGH"),"Priority case: schedule "&IF($L20="","a Lean workshop",$L20)&" within 2 weeks. Track to "&IF($N20="","target",$N20)&".","Monitor: apply "&IF($L20="","standard cadence",$L20)&". Re-score if conditions change."))))) | V20: =IF($C20="","",IF($I20="",0,$I20)+ROW()/100000)
A21: =IF($C21="","",TEXT(18,"\C\A\S\E-000")) | I21: =IF($C21="","",IF(COUNT(F21,G21,H21)=3,F21*G21*H21,"")) | J21: =IF($I21="","",IF($I21>=200,"1-CRITICAL",IF($I21>=100,"2-HIGH",IF($I21>=50,"3-MEDIUM","4-LOW")))) | P21: =IF($C21="","",ROUND(IF($E21="1-CRITICAL",7,IF($E21="2-HIGH",14,IF($E21="3-MEDIUM",30,45)))*(1+IF($I21="",0,$I21)/400),0)) | Q21: =IF(OR($C21="",$O21=""),"",$O21+$P21) | T21: =IF($C21="","",IF($R21="CLOSED","Closed",IF($R21="RESOLVED","Resolved",IF($R21="BLOCKED","BLOCKED",IF($I21>=200,"CRITICAL",IF($I21>=100,"High",IF($E21="1-CRITICAL","High","On track"))))))) | U21: =IF($C21="","",IF($R21="CLOSED","Closed - capture lessons learned in PDCA Act phase.",IF($I21>=200,"CRITICAL (RPN "&$I21&"): Escalate today. Open FMEA action + daily PDCA. Owner "&IF($M21="","?",$M21)&". Apply "&IF($L21="","a Lean method",$L21)&". Close by "&IF($Q21="","ASAP",TEXT($Q21,"dd-mmm"))&".",IF($I21>=100,"HIGH (RPN "&$I21&"): Add to current sprint. Mitigate via "&IF($L21="","Standard Work",$L21)&". Review weekly with "&IF($M21="","owner",$M21)&".",IF(OR($E21="1-CRITICAL",$E21="2-HIGH"),"Priority case: schedule "&IF($L21="","a Lean workshop",$L21)&" within 2 weeks. Track to "&IF($N21="","target",$N21)&".","Monitor: apply "&IF($L21="","standard cadence",$L21)&". Re-score if conditions change."))))) | V21: =IF($C21="","",IF($I21="",0,$I21)+ROW()/100000)
A22: =IF($C22="","",TEXT(19,"\C\A\S\E-000")) | I22: =IF($C22="","",IF(COUNT(F22,G22,H22)=3,F22*G22*H22,"")) | J22: =IF($I22="","",IF($I22>=200,"1-CRITICAL",IF($I22>=100,"2-HIGH",IF($I22>=50,"3-MEDIUM","4-LOW")))) | P22: =IF($C22="","",ROUND(IF($E22="1-CRITICAL",7,IF($E22="2-HIGH",14,IF($E22="3-MEDIUM",30,45)))*(1+IF($I22="",0,$I22)/400),0)) | Q22: =IF(OR($C22="",$O22=""),"",$O22+$P22) | T22: =IF($C22="","",IF($R22="CLOSED","Closed",IF($R22="RESOLVED","Resolved",IF($R22="BLOCKED","BLOCKED",IF($I22>=200,"CRITICAL",IF($I22>=100,"High",IF($E22="1-CRITICAL","High","On track"))))))) | U22: =IF($C22="","",IF($R22="CLOSED","Closed - capture lessons learned in PDCA Act phase.",IF($I22>=200,"CRITICAL (RPN "&$I22&"): Escalate today. Open FMEA action + daily PDCA. Owner "&IF($M22="","?",$M22)&". Apply "&IF($L22="","a Lean method",$L22)&". Close by "&IF($Q22="","ASAP",TEXT($Q22,"dd-mmm"))&".",IF($I22>=100,"HIGH (RPN "&$I22&"): Add to current sprint. Mitigate via "&IF($L22="","Standard Work",$L22)&". Review weekly with "&IF($M22="","owner",$M22)&".",IF(OR($E22="1-CRITICAL",$E22="2-HIGH"),"Priority case: schedule "&IF($L22="","a Lean workshop",$L22)&" within 2 weeks. Track to "&IF($N22="","target",$N22)&".","Monitor: apply "&IF($L22="","standard cadence",$L22)&". Re-score if conditions change."))))) | V22: =IF($C22="","",IF($I22="",0,$I22)+ROW()/100000)
A23: =IF($C23="","",TEXT(20,"\C\A\S\E-000")) | I23: =IF($C23="","",IF(COUNT(F23,G23,H23)=3,F23*G23*H23,"")) | J23: =IF($I23="","",IF($I23>=200,"1-CRITICAL",IF($I23>=100,"2-HIGH",IF($I23>=50,"3-MEDIUM","4-LOW")))) | P23: =IF($C23="","",ROUND(IF($E23="1-CRITICAL",7,IF($E23="2-HIGH",14,IF($E23="3-MEDIUM",30,45)))*(1+IF($I23="",0,$I23)/400),0)) | Q23: =IF(OR($C23="",$O23=""),"",$O23+$P23) | T23: =IF($C23="","",IF($R23="CLOSED","Closed",IF($R23="RESOLVED","Resolved",IF($R23="BLOCKED","BLOCKED",IF($I23>=200,"CRITICAL",IF($I23>=100,"High",IF($E23="1-CRITICAL","High","On track"))))))) | U23: =IF($C23="","",IF($R23="CLOSED","Closed - capture lessons learned in PDCA Act phase.",IF($I23>=200,"CRITICAL (RPN "&$I23&"): Escalate today. Open FMEA action + daily PDCA. Owner "&IF($M23="","?",$M23)&". Apply "&IF($L23="","a Lean method",$L23)&". Close by "&IF($Q23="","ASAP",TEXT($Q23,"dd-mmm"))&".",IF($I23>=100,"HIGH (RPN "&$I23&"): Add to current sprint. Mitigate via "&IF($L23="","Standard Work",$L23)&". Review weekly with "&IF($M23="","owner",$M23)&".",IF(OR($E23="1-CRITICAL",$E23="2-HIGH"),"Priority case: schedule "&IF($L23="","a Lean workshop",$L23)&" within 2 weeks. Track to "&IF($N23="","target",$N23)&".","Monitor: apply "&IF($L23="","standard cadence",$L23)&". Re-score if conditions change."))))) | V23: =IF($C23="","",IF($I23="",0,$I23)+ROW()/100000)
A24: =IF($C24="","",TEXT(21,"\C\A\S\E-000")) | I24: =IF($C24="","",IF(COUNT(F24,G24,H24)=3,F24*G24*H24,"")) | J24: =IF($I24="","",IF($I24>=200,"1-CRITICAL",IF($I24>=100,"2-HIGH",IF($I24>=50,"3-MEDIUM","4-LOW")))) | P24: =IF($C24="","",ROUND(IF($E24="1-CRITICAL",7,IF($E24="2-HIGH",14,IF($E24="3-MEDIUM",30,45)))*(1+IF($I24="",0,$I24)/400),0)) | Q24: =IF(OR($C24="",$O24=""),"",$O24+$P24) | T24: =IF($C24="","",IF($R24="CLOSED","Closed",IF($R24="RESOLVED","Resolved",IF($R24="BLOCKED","BLOCKED",IF($I24>=200,"CRITICAL",IF($I24>=100,"High",IF($E24="1-CRITICAL","High","On track"))))))) | U24: =IF($C24="","",IF($R24="CLOSED","Closed - capture lessons learned in PDCA Act phase.",IF($I24>=200,"CRITICAL (RPN "&$I24&"): Escalate today. Open FMEA action + daily PDCA. Owner "&IF($M24="","?",$M24)&". Apply "&IF($L24="","a Lean method",$L24)&". Close by "&IF($Q24="","ASAP",TEXT($Q24,"dd-mmm"))&".",IF($I24>=100,"HIGH (RPN "&$I24&"): Add to current sprint. Mitigate via "&IF($L24="","Standard Work",$L24)&". Review weekly with "&IF($M24="","owner",$M24)&".",IF(OR($E24="1-CRITICAL",$E24="2-HIGH"),"Priority case: schedule "&IF($L24="","a Lean workshop",$L24)&" within 2 weeks. Track to "&IF($N24="","target",$N24)&".","Monitor: apply "&IF($L24="","standard cadence",$L24)&". Re-score if conditions change."))))) | V24: =IF($C24="","",IF($I24="",0,$I24)+ROW()/100000)
A25: =IF($C25="","",TEXT(22,"\C\A\S\E-000")) | I25: =IF($C25="","",IF(COUNT(F25,G25,H25)=3,F25*G25*H25,"")) | J25: =IF($I25="","",IF($I25>=200,"1-CRITICAL",IF($I25>=100,"2-HIGH",IF($I25>=50,"3-MEDIUM","4-LOW")))) | P25: =IF($C25="","",ROUND(IF($E25="1-CRITICAL",7,IF($E25="2-HIGH",14,IF($E25="3-MEDIUM",30,45)))*(1+IF($I25="",0,$I25)/400),0)) | Q25: =IF(OR($C25="",$O25=""),"",$O25+$P25) | T25: =IF($C25="","",IF($R25="CLOSED","Closed",IF($R25="RESOLVED","Resolved",IF($R25="BLOCKED","BLOCKED",IF($I25>=200,"CRITICAL",IF($I25>=100,"High",IF($E25="1-CRITICAL","High","On track"))))))) | U25: =IF($C25="","",IF($R25="CLOSED","Closed - capture lessons learned in PDCA Act phase.",IF($I25>=200,"CRITICAL (RPN "&$I25&"): Escalate today. Open FMEA action + daily PDCA. Owner "&IF($M25="","?",$M25)&". Apply "&IF($L25="","a Lean method",$L25)&". Close by "&IF($Q25="","ASAP",TEXT($Q25,"dd-mmm"))&".",IF($I25>=100,"HIGH (RPN "&$I25&"): Add to current sprint. Mitigate via "&IF($L25="","Standard Work",$L25)&". Review weekly with "&IF($M25="","owner",$M25)&".",IF(OR($E25="1-CRITICAL",$E25="2-HIGH"),"Priority case: schedule "&IF($L25="","a Lean workshop",$L25)&" within 2 weeks. Track to "&IF($N25="","target",$N25)&".","Monitor: apply "&IF($L25="","standard cadence",$L25)&". Re-score if conditions change."))))) | V25: =IF($C25="","",IF($I25="",0,$I25)+ROW()/100000)
A26: =IF($C26="","",TEXT(23,"\C\A\S\E-000")) | I26: =IF($C26="","",IF(COUNT(F26,G26,H26)=3,F26*G26*H26,"")) | J26: =IF($I26="","",IF($I26>=200,"1-CRITICAL",IF($I26>=100,"2-HIGH",IF($I26>=50,"3-MEDIUM","4-LOW")))) | P26: =IF($C26="","",ROUND(IF($E26="1-CRITICAL",7,IF($E26="2-HIGH",14,IF($E26="3-MEDIUM",30,45)))*(1+IF($I26="",0,$I26)/400),0)) | Q26: =IF(OR($C26="",$O26=""),"",$O26+$P26) | T26: =IF($C26="","",IF($R26="CLOSED","Closed",IF($R26="RESOLVED","Resolved",IF($R26="BLOCKED","BLOCKED",IF($I26>=200,"CRITICAL",IF($I26>=100,"High",IF($E26="1-CRITICAL","High","On track"))))))) | U26: =IF($C26="","",IF($R26="CLOSED","Closed - capture lessons learned in PDCA Act phase.",IF($I26>=200,"CRITICAL (RPN "&$I26&"): Escalate today. Open FMEA action + daily PDCA. Owner "&IF($M26="","?",$M26)&". Apply "&IF($L26="","a Lean method",$L26)&". Close by "&IF($Q26="","ASAP",TEXT($Q26,"dd-mmm"))&".",IF($I26>=100,"HIGH (RPN "&$I26&"): Add to current sprint. Mitigate via "&IF($L26="","Standard Work",$L26)&". Review weekly with "&IF($M26="","owner",$M26)&".",IF(OR($E26="1-CRITICAL",$E26="2-HIGH"),"Priority case: schedule "&IF($L26="","a Lean workshop",$L26)&" within 2 weeks. Track to "&IF($N26="","target",$N26)&".","Monitor: apply "&IF($L26="","standard cadence",$L26)&". Re-score if conditions change."))))) | V26: =IF($C26="","",IF($I26="",0,$I26)+ROW()/100000)
A27: =IF($C27="","",TEXT(24,"\C\A\S\E-000")) | I27: =IF($C27="","",IF(COUNT(F27,G27,H27)=3,F27*G27*H27,"")) | J27: =IF($I27="","",IF($I27>=200,"1-CRITICAL",IF($I27>=100,"2-HIGH",IF($I27>=50,"3-MEDIUM","4-LOW")))) | P27: =IF($C27="","",ROUND(IF($E27="1-CRITICAL",7,IF($E27="2-HIGH",14,IF($E27="3-MEDIUM",30,45)))*(1+IF($I27="",0,$I27)/400),0)) | Q27: =IF(OR($C27="",$O27=""),"",$O27+$P27) | T27: =IF($C27="","",IF($R27="CLOSED","Closed",IF($R27="RESOLVED","Resolved",IF($R27="BLOCKED","BLOCKED",IF($I27>=200,"CRITICAL",IF($I27>=100,"High",IF($E27="1-CRITICAL","High","On track"))))))) | U27: =IF($C27="","",IF($R27="CLOSED","Closed - capture lessons learned in PDCA Act phase.",IF($I27>=200,"CRITICAL (RPN "&$I27&"): Escalate today. Open FMEA action + daily PDCA. Owner "&IF($M27="","?",$M27)&". Apply "&IF($L27="","a Lean method",$L27)&". Close by "&IF($Q27="","ASAP",TEXT($Q27,"dd-mmm"))&".",IF($I27>=100,"HIGH (RPN "&$I27&"): Add to current sprint. Mitigate via "&IF($L27="","Standard Work",$L27)&". Review weekly with "&IF($M27="","owner",$M27)&".",IF(OR($E27="1-CRITICAL",$E27="2-HIGH"),"Priority case: schedule "&IF($L27="","a Lean workshop",$L27)&" within 2 weeks. Track to "&IF($N27="","target",$N27)&".","Monitor: apply "&IF($L27="","standard cadence",$L27)&". Re-score if conditions change."))))) | V27: =IF($C27="","",IF($I27="",0,$I27)+ROW()/100000)
A28: =IF($C28="","",TEXT(25,"\C\A\S\E-000")) | I28: =IF($C28="","",IF(COUNT(F28,G28,H28)=3,F28*G28*H28,"")) | J28: =IF($I28="","",IF($I28>=200,"1-CRITICAL",IF($I28>=100,"2-HIGH",IF($I28>=50,"3-MEDIUM","4-LOW")))) | P28: =IF($C28="","",ROUND(IF($E28="1-CRITICAL",7,IF($E28="2-HIGH",14,IF($E28="3-MEDIUM",30,45)))*(1+IF($I28="",0,$I28)/400),0)) | Q28: =IF(OR($C28="",$O28=""),"",$O28+$P28) | T28: =IF($C28="","",IF($R28="CLOSED","Closed",IF($R28="RESOLVED","Resolved",IF($R28="BLOCKED","BLOCKED",IF($I28>=200,"CRITICAL",IF($I28>=100,"High",IF($E28="1-CRITICAL","High","On track"))))))) | U28: =IF($C28="","",IF($R28="CLOSED","Closed - capture lessons learned in PDCA Act phase.",IF($I28>=200,"CRITICAL (RPN "&$I28&"): Escalate today. Open FMEA action + daily PDCA. Owner "&IF($M28="","?",$M28)&". Apply "&IF($L28="","a Lean method",$L28)&". Close by "&IF($Q28="","ASAP",TEXT($Q28,"dd-mmm"))&".",IF($I28>=100,"HIGH (RPN "&$I28&"): Add to current sprint. Mitigate via "&IF($L28="","Standard Work",$L28)&". Review weekly with "&IF($M28="","owner",$M28)&".",IF(OR($E28="1-CRITICAL",$E28="2-HIGH"),"Priority case: schedule "&IF($L28="","a Lean workshop",$L28)&" within 2 weeks. Track to "&IF($N28="","target",$N28)&".","Monitor: apply "&IF($L28="","standard cadence",$L28)&". Re-score if conditions change."))))) | V28: =IF($C28="","",IF($I28="",0,$I28)+ROW()/100000)
A29: =IF($C29="","",TEXT(26,"\C\A\S\E-000")) | I29: =IF($C29="","",IF(COUNT(F29,G29,H29)=3,F29*G29*H29,"")) | J29: =IF($I29="","",IF($I29>=200,"1-CRITICAL",IF($I29>=100,"2-HIGH",IF($I29>=50,"3-MEDIUM","4-LOW")))) | P29: =IF($C29="","",ROUND(IF($E29="1-CRITICAL",7,IF($E29="2-HIGH",14,IF($E29="3-MEDIUM",30,45)))*(1+IF($I29="",0,$I29)/400),0)) | Q29: =IF(OR($C29="",$O29=""),"",$O29+$P29) | T29: =IF($C29="","",IF($R29="CLOSED","Closed",IF($R29="RESOLVED","Resolved",IF($R29="BLOCKED","BLOCKED",IF($I29>=200,"CRITICAL",IF($I29>=100,"High",IF($E29="1-CRITICAL","High","On track"))))))) | U29: =IF($C29="","",IF($R29="CLOSED","Closed - capture lessons learned in PDCA Act phase.",IF($I29>=200,"CRITICAL (RPN "&$I29&"): Escalate today. Open FMEA action + daily PDCA. Owner "&IF($M29="","?",$M29)&". Apply "&IF($L29="","a Lean method",$L29)&". Close by "&IF($Q29="","ASAP",TEXT($Q29,"dd-mmm"))&".",IF($I29>=100,"HIGH (RPN "&$I29&"): Add to current sprint. Mitigate via "&IF($L29="","Standard Work",$L29)&". Review weekly with "&IF($M29="","owner",$M29)&".",IF(OR($E29="1-CRITICAL",$E29="2-HIGH"),"Priority case: schedule "&IF($L29="","a Lean workshop",$L29)&" within 2 weeks. Track to "&IF($N29="","target",$N29)&".","Monitor: apply "&IF($L29="","standard cadence",$L29)&". Re-score if conditions change."))))) | V29: =IF($C29="","",IF($I29="",0,$I29)+ROW()/100000)
A30: =IF($C30="","",TEXT(27,"\C\A\S\E-000")) | I30: =IF($C30="","",IF(COUNT(F30,G30,H30)=3,F30*G30*H30,"")) | J30: =IF($I30="","",IF($I30>=200,"1-CRITICAL",IF($I30>=100,"2-HIGH",IF($I30>=50,"3-MEDIUM","4-LOW")))) | P30: =IF($C30="","",ROUND(IF($E30="1-CRITICAL",7,IF($E30="2-HIGH",14,IF($E30="3-MEDIUM",30,45)))*(1+IF($I30="",0,$I30)/400),0)) | Q30: =IF(OR($C30="",$O30=""),"",$O30+$P30) | T30: =IF($C30="","",IF($R30="CLOSED","Closed",IF($R30="RESOLVED","Resolved",IF($R30="BLOCKED","BLOCKED",IF($I30>=200,"CRITICAL",IF($I30>=100,"High",IF($E30="1-CRITICAL","High","On track"))))))) | U30: =IF($C30="","",IF($R30="CLOSED","Closed - capture lessons learned in PDCA Act phase.",IF($I30>=200,"CRITICAL (RPN "&$I30&"): Escalate today. Open FMEA action + daily PDCA. Owner "&IF($M30="","?",$M30)&". Apply "&IF($L30="","a Lean method",$L30)&". Close by "&IF($Q30="","ASAP",TEXT($Q30,"dd-mmm"))&".",IF($I30>=100,"HIGH (RPN "&$I30&"): Add to current sprint. Mitigate via "&IF($L30="","Standard Work",$L30)&". Review weekly with "&IF($M30="","owner",$M30)&".",IF(OR($E30="1-CRITICAL",$E30="2-HIGH"),"Priority case: schedule "&IF($L30="","a Lean workshop",$L30)&" within 2 weeks. Track to "&IF($N30="","target",$N30)&".","Monitor: apply "&IF($L30="","standard cadence",$L30)&". Re-score if conditions change."))))) | V30: =IF($C30="","",IF($I30="",0,$I30)+ROW()/100000)
A31: =IF($C31="","",TEXT(28,"\C\A\S\E-000")) | I31: =IF($C31="","",IF(COUNT(F31,G31,H31)=3,F31*G31*H31,"")) | J31: =IF($I31="","",IF($I31>=200,"1-CRITICAL",IF($I31>=100,"2-HIGH",IF($I31>=50,"3-MEDIUM","4-LOW")))) | P31: =IF($C31="","",ROUND(IF($E31="1-CRITICAL",7,IF($E31="2-HIGH",14,IF($E31="3-MEDIUM",30,45)))*(1+IF($I31="",0,$I31)/400),0)) | Q31: =IF(OR($C31="",$O31=""),"",$O31+$P31) | T31: =IF($C31="","",IF($R31="CLOSED","Closed",IF($R31="RESOLVED","Resolved",IF($R31="BLOCKED","BLOCKED",IF($I31>=200,"CRITICAL",IF($I31>=100,"High",IF($E31="1-CRITICAL","High","On track"))))))) | U31: =IF($C31="","",IF($R31="CLOSED","Closed - capture lessons learned in PDCA Act phase.",IF($I31>=200,"CRITICAL (RPN "&$I31&"): Escalate today. Open FMEA action + daily PDCA. Owner "&IF($M31="","?",$M31)&". Apply "&IF($L31="","a Lean method",$L31)&". Close by "&IF($Q31="","ASAP",TEXT($Q31,"dd-mmm"))&".",IF($I31>=100,"HIGH (RPN "&$I31&"): Add to current sprint. Mitigate via "&IF($L31="","Standard Work",$L31)&". Review weekly with "&IF($M31="","owner",$M31)&".",IF(OR($E31="1-CRITICAL",$E31="2-HIGH"),"Priority case: schedule "&IF($L31="","a Lean workshop",$L31)&" within 2 weeks. Track to "&IF($N31="","target",$N31)&".","Monitor: apply "&IF($L31="","standard cadence",$L31)&". Re-score if conditions change."))))) | V31: =IF($C31="","",IF($I31="",0,$I31)+ROW()/100000)
A32: =IF($C32="","",TEXT(29,"\C\A\S\E-000")) | I32: =IF($C32="","",IF(COUNT(F32,G32,H32)=3,F32*G32*H32,"")) | J32: =IF($I32="","",IF($I32>=200,"1-CRITICAL",IF($I32>=100,"2-HIGH",IF($I32>=50,"3-MEDIUM","4-LOW")))) | P32: =IF($C32="","",ROUND(IF($E32="1-CRITICAL",7,IF($E32="2-HIGH",14,IF($E32="3-MEDIUM",30,45)))*(1+IF($I32="",0,$I32)/400),0)) | Q32: =IF(OR($C32="",$O32=""),"",$O32+$P32) | T32: =IF($C32="","",IF($R32="CLOSED","Closed",IF($R32="RESOLVED","Resolved",IF($R32="BLOCKED","BLOCKED",IF($I32>=200,"CRITICAL",IF($I32>=100,"High",IF($E32="1-CRITICAL","High","On track"))))))) | U32: =IF($C32="","",IF($R32="CLOSED","Closed - capture lessons learned in PDCA Act phase.",IF($I32>=200,"CRITICAL (RPN "&$I32&"): Escalate today. Open FMEA action + daily PDCA. Owner "&IF($M32="","?",$M32)&". Apply "&IF($L32="","a Lean method",$L32)&". Close by "&IF($Q32="","ASAP",TEXT($Q32,"dd-mmm"))&".",IF($I32>=100,"HIGH (RPN "&$I32&"): Add to current sprint. Mitigate via "&IF($L32="","Standard Work",$L32)&". Review weekly with "&IF($M32="","owner",$M32)&".",IF(OR($E32="1-CRITICAL",$E32="2-HIGH"),"Priority case: schedule "&IF($L32="","a Lean workshop",$L32)&" within 2 weeks. Track to "&IF($N32="","target",$N32)&".","Monitor: apply "&IF($L32="","standard cadence",$L32)&". Re-score if conditions change."))))) | V32: =IF($C32="","",IF($I32="",0,$I32)+ROW()/100000)
A33: =IF($C33="","",TEXT(30,"\C\A\S\E-000")) | I33: =IF($C33="","",IF(COUNT(F33,G33,H33)=3,F33*G33*H33,"")) | J33: =IF($I33="","",IF($I33>=200,"1-CRITICAL",IF($I33>=100,"2-HIGH",IF($I33>=50,"3-MEDIUM","4-LOW")))) | P33: =IF($C33="","",ROUND(IF($E33="1-CRITICAL",7,IF($E33="2-HIGH",14,IF($E33="3-MEDIUM",30,45)))*(1+IF($I33="",0,$I33)/400),0)) | Q33: =IF(OR($C33="",$O33=""),"",$O33+$P33) | T33: =IF($C33="","",IF($R33="CLOSED","Closed",IF($R33="RESOLVED","Resolved",IF($R33="BLOCKED","BLOCKED",IF($I33>=200,"CRITICAL",IF($I33>=100,"High",IF($E33="1-CRITICAL","High","On track"))))))) | U33: =IF($C33="","",IF($R33="CLOSED","Closed - capture lessons learned in PDCA Act phase.",IF($I33>=200,"CRITICAL (RPN "&$I33&"): Escalate today. Open FMEA action + daily PDCA. Owner "&IF($M33="","?",$M33)&". Apply "&IF($L33="","a Lean method",$L33)&". Close by "&IF($Q33="","ASAP",TEXT($Q33,"dd-mmm"))&".",IF($I33>=100,"HIGH (RPN "&$I33&"): Add to current sprint. Mitigate via "&IF($L33="","Standard Work",$L33)&". Review weekly with "&IF($M33="","owner",$M33)&".",IF(OR($E33="1-CRITICAL",$E33="2-HIGH"),"Priority case: schedule "&IF($L33="","a Lean workshop",$L33)&" within 2 weeks. Track to "&IF($N33="","target",$N33)&".","Monitor: apply "&IF($L33="","standard cadence",$L33)&". Re-score if conditions change."))))) | V33: =IF($C33="","",IF($I33="",0,$I33)+ROW()/100000)
A34: =IF($C34="","",TEXT(31,"\C\A\S\E-000")) | I34: =IF($C34="","",IF(COUNT(F34,G34,H34)=3,F34*G34*H34,"")) | J34: =IF($I34="","",IF($I34>=200,"1-CRITICAL",IF($I34>=100,"2-HIGH",IF($I34>=50,"3-MEDIUM","4-LOW")))) | P34: =IF($C34="","",ROUND(IF($E34="1-CRITICAL",7,IF($E34="2-HIGH",14,IF($E34="3-MEDIUM",30,45)))*(1+IF($I34="",0,$I34)/400),0)) | Q34: =IF(OR($C34="",$O34=""),"",$O34+$P34) | T34: =IF($C34="","",IF($R34="CLOSED","Closed",IF($R34="RESOLVED","Resolved",IF($R34="BLOCKED","BLOCKED",IF($I34>=200,"CRITICAL",IF($I34>=100,"High",IF($E34="1-CRITICAL","High","On track"))))))) | U34: =IF($C34="","",IF($R34="CLOSED","Closed - capture lessons learned in PDCA Act phase.",IF($I34>=200,"CRITICAL (RPN "&$I34&"): Escalate today. Open FMEA action + daily PDCA. Owner "&IF($M34="","?",$M34)&". Apply "&IF($L34="","a Lean method",$L34)&". Close by "&IF($Q34="","ASAP",TEXT($Q34,"dd-mmm"))&".",IF($I34>=100,"HIGH (RPN "&$I34&"): Add to current sprint. Mitigate via "&IF($L34="","Standard Work",$L34)&". Review weekly with "&IF($M34="","owner",$M34)&".",IF(OR($E34="1-CRITICAL",$E34="2-HIGH"),"Priority case: schedule "&IF($L34="","a Lean workshop",$L34)&" within 2 weeks. Track to "&IF($N34="","target",$N34)&".","Monitor: apply "&IF($L34="","standard cadence",$L34)&". Re-score if conditions change."))))) | V34: =IF($C34="","",IF($I34="",0,$I34)+ROW()/100000)
A35: =IF($C35="","",TEXT(32,"\C\A\S\E-000")) | I35: =IF($C35="","",IF(COUNT(F35,G35,H35)=3,F35*G35*H35,"")) | J35: =IF($I35="","",IF($I35>=200,"1-CRITICAL",IF($I35>=100,"2-HIGH",IF($I35>=50,"3-MEDIUM","4-LOW")))) | P35: =IF($C35="","",ROUND(IF($E35="1-CRITICAL",7,IF($E35="2-HIGH",14,IF($E35="3-MEDIUM",30,45)))*(1+IF($I35="",0,$I35)/400),0)) | Q35: =IF(OR($C35="",$O35=""),"",$O35+$P35) | T35: =IF($C35="","",IF($R35="CLOSED","Closed",IF($R35="RESOLVED","Resolved",IF($R35="BLOCKED","BLOCKED",IF($I35>=200,"CRITICAL",IF($I35>=100,"High",IF($E35="1-CRITICAL","High","On track"))))))) | U35: =IF($C35="","",IF($R35="CLOSED","Closed - capture lessons learned in PDCA Act phase.",IF($I35>=200,"CRITICAL (RPN "&$I35&"): Escalate today. Open FMEA action + daily PDCA. Owner "&IF($M35="","?",$M35)&". Apply "&IF($L35="","a Lean method",$L35)&". Close by "&IF($Q35="","ASAP",TEXT($Q35,"dd-mmm"))&".",IF($I35>=100,"HIGH (RPN "&$I35&"): Add to current sprint. Mitigate via "&IF($L35="","Standard Work",$L35)&". Review weekly with "&IF($M35="","owner",$M35)&".",IF(OR($E35="1-CRITICAL",$E35="2-HIGH"),"Priority case: schedule "&IF($L35="","a Lean workshop",$L35)&" within 2 weeks. Track to "&IF($N35="","target",$N35)&".","Monitor: apply "&IF($L35="","standard cadence",$L35)&". Re-score if conditions change."))))) | V35: =IF($C35="","",IF($I35="",0,$I35)+ROW()/100000)
A36: =IF($C36="","",TEXT(33,"\C\A\S\E-000")) | I36: =IF($C36="","",IF(COUNT(F36,G36,H36)=3,F36*G36*H36,"")) | J36: =IF($I36="","",IF($I36>=200,"1-CRITICAL",IF($I36>=100,"2-HIGH",IF($I36>=50,"3-MEDIUM","4-LOW")))) | P36: =IF($C36="","",ROUND(IF($E36="1-CRITICAL",7,IF($E36="2-HIGH",14,IF($E36="3-MEDIUM",30,45)))*(1+IF($I36="",0,$I36)/400),0)) | Q36: =IF(OR($C36="",$O36=""),"",$O36+$P36) | T36: =IF($C36="","",IF($R36="CLOSED","Closed",IF($R36="RESOLVED","Resolved",IF($R36="BLOCKED","BLOCKED",IF($I36>=200,"CRITICAL",IF($I36>=100,"High",IF($E36="1-CRITICAL","High","On track"))))))) | U36: =IF($C36="","",IF($R36="CLOSED","Closed - capture lessons learned in PDCA Act phase.",IF($I36>=200,"CRITICAL (RPN "&$I36&"): Escalate today. Open FMEA action + daily PDCA. Owner "&IF($M36="","?",$M36)&". Apply "&IF($L36="","a Lean method",$L36)&". Close by "&IF($Q36="","ASAP",TEXT($Q36,"dd-mmm"))&".",IF($I36>=100,"HIGH (RPN "&$I36&"): Add to current sprint. Mitigate via "&IF($L36="","Standard Work",$L36)&". Review weekly with "&IF($M36="","owner",$M36)&".",IF(OR($E36="1-CRITICAL",$E36="2-HIGH"),"Priority case: schedule "&IF($L36="","a Lean workshop",$L36)&" within 2 weeks. Track to "&IF($N36="","target",$N36)&".","Monitor: apply "&IF($L36="","standard cadence",$L36)&". Re-score if conditions change."))))) | V36: =IF($C36="","",IF($I36="",0,$I36)+ROW()/100000)
A37: =IF($C37="","",TEXT(34,"\C\A\S\E-000")) | I37: =IF($C37="","",IF(COUNT(F37,G37,H37)=3,F37*G37*H37,"")) | J37: =IF($I37="","",IF($I37>=200,"1-CRITICAL",IF($I37>=100,"2-HIGH",IF($I37>=50,"3-MEDIUM","4-LOW")))) | P37: =IF($C37="","",ROUND(IF($E37="1-CRITICAL",7,IF($E37="2-HIGH",14,IF($E37="3-MEDIUM",30,45)))*(1+IF($I37="",0,$I37)/400),0)) | Q37: =IF(OR($C37="",$O37=""),"",$O37+$P37) | T37: =IF($C37="","",IF($R37="CLOSED","Closed",IF($R37="RESOLVED","Resolved",IF($R37="BLOCKED","BLOCKED",IF($I37>=200,"CRITICAL",IF($I37>=100,"High",IF($E37="1-CRITICAL","High","On track"))))))) | U37: =IF($C37="","",IF($R37="CLOSED","Closed - capture lessons learned in PDCA Act phase.",IF($I37>=200,"CRITICAL (RPN "&$I37&"): Escalate today. Open FMEA action + daily PDCA. Owner "&IF($M37="","?",$M37)&". Apply "&IF($L37="","a Lean method",$L37)&". Close by "&IF($Q37="","ASAP",TEXT($Q37,"dd-mmm"))&".",IF($I37>=100,"HIGH (RPN "&$I37&"): Add to current sprint. Mitigate via "&IF($L37="","Standard Work",$L37)&". Review weekly with "&IF($M37="","owner",$M37)&".",IF(OR($E37="1-CRITICAL",$E37="2-HIGH"),"Priority case: schedule "&IF($L37="","a Lean workshop",$L37)&" within 2 weeks. Track to "&IF($N37="","target",$N37)&".","Monitor: apply "&IF($L37="","standard cadence",$L37)&". Re-score if conditions change."))))) | V37: =IF($C37="","",IF($I37="",0,$I37)+ROW()/100000)
A38: =IF($C38="","",TEXT(35,"\C\A\S\E-000")) | I38: =IF($C38="","",IF(COUNT(F38,G38,H38)=3,F38*G38*H38,"")) | J38: =IF($I38="","",IF($I38>=200,"1-CRITICAL",IF($I38>=100,"2-HIGH",IF($I38>=50,"3-MEDIUM","4-LOW")))) | P38: =IF($C38="","",ROUND(IF($E38="1-CRITICAL",7,IF($E38="2-HIGH",14,IF($E38="3-MEDIUM",30,45)))*(1+IF($I38="",0,$I38)/400),0)) | Q38: =IF(OR($C38="",$O38=""),"",$O38+$P38) | T38: =IF($C38="","",IF($R38="CLOSED","Closed",IF($R38="RESOLVED","Resolved",IF($R38="BLOCKED","BLOCKED",IF($I38>=200,"CRITICAL",IF($I38>=100,"High",IF($E38="1-CRITICAL","High","On track"))))))) | U38: =IF($C38="","",IF($R38="CLOSED","Closed - capture lessons learned in PDCA Act phase.",IF($I38>=200,"CRITICAL (RPN "&$I38&"): Escalate today. Open FMEA action + daily PDCA. Owner "&IF($M38="","?",$M38)&". Apply "&IF($L38="","a Lean method",$L38)&". Close by "&IF($Q38="","ASAP",TEXT($Q38,"dd-mmm"))&".",IF($I38>=100,"HIGH (RPN "&$I38&"): Add to current sprint. Mitigate via "&IF($L38="","Standard Work",$L38)&". Review weekly with "&IF($M38="","owner",$M38)&".",IF(OR($E38="1-CRITICAL",$E38="2-HIGH"),"Priority case: schedule "&IF($L38="","a Lean workshop",$L38)&" within 2 weeks. Track to "&IF($N38="","target",$N38)&".","Monitor: apply "&IF($L38="","standard cadence",$L38)&". Re-score if conditions change."))))) | V38: =IF($C38="","",IF($I38="",0,$I38)+ROW()/100000)
A39: =IF($C39="","",TEXT(36,"\C\A\S\E-000")) | I39: =IF($C39="","",IF(COUNT(F39,G39,H39)=3,F39*G39*H39,"")) | J39: =IF($I39="","",IF($I39>=200,"1-CRITICAL",IF($I39>=100,"2-HIGH",IF($I39>=50,"3-MEDIUM","4-LOW")))) | P39: =IF($C39="","",ROUND(IF($E39="1-CRITICAL",7,IF($E39="2-HIGH",14,IF($E39="3-MEDIUM",30,45)))*(1+IF($I39="",0,$I39)/400),0)) | Q39: =IF(OR($C39="",$O39=""),"",$O39+$P39) | T39: =IF($C39="","",IF($R39="CLOSED","Closed",IF($R39="RESOLVED","Resolved",IF($R39="BLOCKED","BLOCKED",IF($I39>=200,"CRITICAL",IF($I39>=100,"High",IF($E39="1-CRITICAL","High","On track"))))))) | U39: =IF($C39="","",IF($R39="CLOSED","Closed - capture lessons learned in PDCA Act phase.",IF($I39>=200,"CRITICAL (RPN "&$I39&"): Escalate today. Open FMEA action + daily PDCA. Owner "&IF($M39="","?",$M39)&". Apply "&IF($L39="","a Lean method",$L39)&". Close by "&IF($Q39="","ASAP",TEXT($Q39,"dd-mmm"))&".",IF($I39>=100,"HIGH (RPN "&$I39&"): Add to current sprint. Mitigate via "&IF($L39="","Standard Work",$L39)&". Review weekly with "&IF($M39="","owner",$M39)&".",IF(OR($E39="1-CRITICAL",$E39="2-HIGH"),"Priority case: schedule "&IF($L39="","a Lean workshop",$L39)&" within 2 weeks. Track to "&IF($N39="","target",$N39)&".","Monitor: apply "&IF($L39="","standard cadence",$L39)&". Re-score if conditions change."))))) | V39: =IF($C39="","",IF($I39="",0,$I39)+ROW()/100000)
A40: =IF($C40="","",TEXT(37,"\C\A\S\E-000")) | I40: =IF($C40="","",IF(COUNT(F40,G40,H40)=3,F40*G40*H40,"")) | J40: =IF($I40="","",IF($I40>=200,"1-CRITICAL",IF($I40>=100,"2-HIGH",IF($I40>=50,"3-MEDIUM","4-LOW")))) | P40: =IF($C40="","",ROUND(IF($E40="1-CRITICAL",7,IF($E40="2-HIGH",14,IF($E40="3-MEDIUM",30,45)))*(1+IF($I40="",0,$I40)/400),0)) | Q40: =IF(OR($C40="",$O40=""),"",$O40+$P40) | T40: =IF($C40="","",IF($R40="CLOSED","Closed",IF($R40="RESOLVED","Resolved",IF($R40="BLOCKED","BLOCKED",IF($I40>=200,"CRITICAL",IF($I40>=100,"High",IF($E40="1-CRITICAL","High","On track"))))))) | U40: =IF($C40="","",IF($R40="CLOSED","Closed - capture lessons learned in PDCA Act phase.",IF($I40>=200,"CRITICAL (RPN "&$I40&"): Escalate today. Open FMEA action + daily PDCA. Owner "&IF($M40="","?",$M40)&". Apply "&IF($L40="","a Lean method",$L40)&". Close by "&IF($Q40="","ASAP",TEXT($Q40,"dd-mmm"))&".",IF($I40>=100,"HIGH (RPN "&$I40&"): Add to current sprint. Mitigate via "&IF($L40="","Standard Work",$L40)&". Review weekly with "&IF($M40="","owner",$M40)&".",IF(OR($E40="1-CRITICAL",$E40="2-HIGH"),"Priority case: schedule "&IF($L40="","a Lean workshop",$L40)&" within 2 weeks. Track to "&IF($N40="","target",$N40)&".","Monitor: apply "&IF($L40="","standard cadence",$L40)&". Re-score if conditions change."))))) | V40: =IF($C40="","",IF($I40="",0,$I40)+ROW()/100000)
A41: =IF($C41="","",TEXT(38,"\C\A\S\E-000")) | I41: =IF($C41="","",IF(COUNT(F41,G41,H41)=3,F41*G41*H41,"")) | J41: =IF($I41="","",IF($I41>=200,"1-CRITICAL",IF($I41>=100,"2-HIGH",IF($I41>=50,"3-MEDIUM","4-LOW")))) | P41: =IF($C41="","",ROUND(IF($E41="1-CRITICAL",7,IF($E41="2-HIGH",14,IF($E41="3-MEDIUM",30,45)))*(1+IF($I41="",0,$I41)/400),0)) | Q41: =IF(OR($C41="",$O41=""),"",$O41+$P41) | T41: =IF($C41="","",IF($R41="CLOSED","Closed",IF($R41="RESOLVED","Resolved",IF($R41="BLOCKED","BLOCKED",IF($I41>=200,"CRITICAL",IF($I41>=100,"High",IF($E41="1-CRITICAL","High","On track"))))))) | U41: =IF($C41="","",IF($R41="CLOSED","Closed - capture lessons learned in PDCA Act phase.",IF($I41>=200,"CRITICAL (RPN "&$I41&"): Escalate today. Open FMEA action + daily PDCA. Owner "&IF($M41="","?",$M41)&". Apply "&IF($L41="","a Lean method",$L41)&". Close by "&IF($Q41="","ASAP",TEXT($Q41,"dd-mmm"))&".",IF($I41>=100,"HIGH (RPN "&$I41&"): Add to current sprint. Mitigate via "&IF($L41="","Standard Work",$L41)&". Review weekly with "&IF($M41="","owner",$M41)&".",IF(OR($E41="1-CRITICAL",$E41="2-HIGH"),"Priority case: schedule "&IF($L41="","a Lean workshop",$L41)&" within 2 weeks. Track to "&IF($N41="","target",$N41)&".","Monitor: apply "&IF($L41="","standard cadence",$L41)&". Re-score if conditions change."))))) | V41: =IF($C41="","",IF($I41="",0,$I41)+ROW()/100000)
A42: =IF($C42="","",TEXT(39,"\C\A\S\E-000")) | I42: =IF($C42="","",IF(COUNT(F42,G42,H42)=3,F42*G42*H42,"")) | J42: =IF($I42="","",IF($I42>=200,"1-CRITICAL",IF($I42>=100,"2-HIGH",IF($I42>=50,"3-MEDIUM","4-LOW")))) | P42: =IF($C42="","",ROUND(IF($E42="1-CRITICAL",7,IF($E42="2-HIGH",14,IF($E42="3-MEDIUM",30,45)))*(1+IF($I42="",0,$I42)/400),0)) | Q42: =IF(OR($C42="",$O42=""),"",$O42+$P42) | T42: =IF($C42="","",IF($R42="CLOSED","Closed",IF($R42="RESOLVED","Resolved",IF($R42="BLOCKED","BLOCKED",IF($I42>=200,"CRITICAL",IF($I42>=100,"High",IF($E42="1-CRITICAL","High","On track"))))))) | U42: =IF($C42="","",IF($R42="CLOSED","Closed - capture lessons learned in PDCA Act phase.",IF($I42>=200,"CRITICAL (RPN "&$I42&"): Escalate today. Open FMEA action + daily PDCA. Owner "&IF($M42="","?",$M42)&". Apply "&IF($L42="","a Lean method",$L42)&". Close by "&IF($Q42="","ASAP",TEXT($Q42,"dd-mmm"))&".",IF($I42>=100,"HIGH (RPN "&$I42&"): Add to current sprint. Mitigate via "&IF($L42="","Standard Work",$L42)&". Review weekly with "&IF($M42="","owner",$M42)&".",IF(OR($E42="1-CRITICAL",$E42="2-HIGH"),"Priority case: schedule "&IF($L42="","a Lean workshop",$L42)&" within 2 weeks. Track to "&IF($N42="","target",$N42)&".","Monitor: apply "&IF($L42="","standard cadence",$L42)&". Re-score if conditions change."))))) | V42: =IF($C42="","",IF($I42="",0,$I42)+ROW()/100000)
A43: =IF($C43="","",TEXT(40,"\C\A\S\E-000")) | I43: =IF($C43="","",IF(COUNT(F43,G43,H43)=3,F43*G43*H43,"")) | J43: =IF($I43="","",IF($I43>=200,"1-CRITICAL",IF($I43>=100,"2-HIGH",IF($I43>=50,"3-MEDIUM","4-LOW")))) | P43: =IF($C43="","",ROUND(IF($E43="1-CRITICAL",7,IF($E43="2-HIGH",14,IF($E43="3-MEDIUM",30,45)))*(1+IF($I43="",0,$I43)/400),0)) | Q43: =IF(OR($C43="",$O43=""),"",$O43+$P43) | T43: =IF($C43="","",IF($R43="CLOSED","Closed",IF($R43="RESOLVED","Resolved",IF($R43="BLOCKED","BLOCKED",IF($I43>=200,"CRITICAL",IF($I43>=100,"High",IF($E43="1-CRITICAL","High","On track"))))))) | U43: =IF($C43="","",IF($R43="CLOSED","Closed - capture lessons learned in PDCA Act phase.",IF($I43>=200,"CRITICAL (RPN "&$I43&"): Escalate today. Open FMEA action + daily PDCA. Owner "&IF($M43="","?",$M43)&". Apply "&IF($L43="","a Lean method",$L43)&". Close by "&IF($Q43="","ASAP",TEXT($Q43,"dd-mmm"))&".",IF($I43>=100,"HIGH (RPN "&$I43&"): Add to current sprint. Mitigate via "&IF($L43="","Standard Work",$L43)&". Review weekly with "&IF($M43="","owner",$M43)&".",IF(OR($E43="1-CRITICAL",$E43="2-HIGH"),"Priority case: schedule "&IF($L43="","a Lean workshop",$L43)&" within 2 weeks. Track to "&IF($N43="","target",$N43)&".","Monitor: apply "&IF($L43="","standard cadence",$L43)&". Re-score if conditions change."))))) | V43: =IF($C43="","",IF($I43="",0,$I43)+ROW()/100000)
A44: =IF($C44="","",TEXT(41,"\C\A\S\E-000")) | I44: =IF($C44="","",IF(COUNT(F44,G44,H44)=3,F44*G44*H44,"")) | J44: =IF($I44="","",IF($I44>=200,"1-CRITICAL",IF($I44>=100,"2-HIGH",IF($I44>=50,"3-MEDIUM","4-LOW")))) | P44: =IF($C44="","",ROUND(IF($E44="1-CRITICAL",7,IF($E44="2-HIGH",14,IF($E44="3-MEDIUM",30,45)))*(1+IF($I44="",0,$I44)/400),0)) | Q44: =IF(OR($C44="",$O44=""),"",$O44+$P44) | T44: =IF($C44="","",IF($R44="CLOSED","Closed",IF($R44="RESOLVED","Resolved",IF($R44="BLOCKED","BLOCKED",IF($I44>=200,"CRITICAL",IF($I44>=100,"High",IF($E44="1-CRITICAL","High","On track"))))))) | U44: =IF($C44="","",IF($R44="CLOSED","Closed - capture lessons learned in PDCA Act phase.",IF($I44>=200,"CRITICAL (RPN "&$I44&"): Escalate today. Open FMEA action + daily PDCA. Owner "&IF($M44="","?",$M44)&". Apply "&IF($L44="","a Lean method",$L44)&". Close by "&IF($Q44="","ASAP",TEXT($Q44,"dd-mmm"))&".",IF($I44>=100,"HIGH (RPN "&$I44&"): Add to current sprint. Mitigate via "&IF($L44="","Standard Work",$L44)&". Review weekly with "&IF($M44="","owner",$M44)&".",IF(OR($E44="1-CRITICAL",$E44="2-HIGH"),"Priority case: schedule "&IF($L44="","a Lean workshop",$L44)&" within 2 weeks. Track to "&IF($N44="","target",$N44)&".","Monitor: apply "&IF($L44="","standard cadence",$L44)&". Re-score if conditions change."))))) | V44: =IF($C44="","",IF($I44="",0,$I44)+ROW()/100000)
A45: =IF($C45="","",TEXT(42,"\C\A\S\E-000")) | I45: =IF($C45="","",IF(COUNT(F45,G45,H45)=3,F45*G45*H45,"")) | J45: =IF($I45="","",IF($I45>=200,"1-CRITICAL",IF($I45>=100,"2-HIGH",IF($I45>=50,"3-MEDIUM","4-LOW")))) | P45: =IF($C45="","",ROUND(IF($E45="1-CRITICAL",7,IF($E45="2-HIGH",14,IF($E45="3-MEDIUM",30,45)))*(1+IF($I45="",0,$I45)/400),0)) | Q45: =IF(OR($C45="",$O45=""),"",$O45+$P45) | T45: =IF($C45="","",IF($R45="CLOSED","Closed",IF($R45="RESOLVED","Resolved",IF($R45="BLOCKED","BLOCKED",IF($I45>=200,"CRITICAL",IF($I45>=100,"High",IF($E45="1-CRITICAL","High","On track"))))))) | U45: =IF($C45="","",IF($R45="CLOSED","Closed - capture lessons learned in PDCA Act phase.",IF($I45>=200,"CRITICAL (RPN "&$I45&"): Escalate today. Open FMEA action + daily PDCA. Owner "&IF($M45="","?",$M45)&". Apply "&IF($L45="","a Lean method",$L45)&". Close by "&IF($Q45="","ASAP",TEXT($Q45,"dd-mmm"))&".",IF($I45>=100,"HIGH (RPN "&$I45&"): Add to current sprint. Mitigate via "&IF($L45="","Standard Work",$L45)&". Review weekly with "&IF($M45="","owner",$M45)&".",IF(OR($E45="1-CRITICAL",$E45="2-HIGH"),"Priority case: schedule "&IF($L45="","a Lean workshop",$L45)&" within 2 weeks. Track to "&IF($N45="","target",$N45)&".","Monitor: apply "&IF($L45="","standard cadence",$L45)&". Re-score if conditions change."))))) | V45: =IF($C45="","",IF($I45="",0,$I45)+ROW()/100000)
A46: =IF($C46="","",TEXT(43,"\C\A\S\E-000")) | I46: =IF($C46="","",IF(COUNT(F46,G46,H46)=3,F46*G46*H46,"")) | J46: =IF($I46="","",IF($I46>=200,"1-CRITICAL",IF($I46>=100,"2-HIGH",IF($I46>=50,"3-MEDIUM","4-LOW")))) | P46: =IF($C46="","",ROUND(IF($E46="1-CRITICAL",7,IF($E46="2-HIGH",14,IF($E46="3-MEDIUM",30,45)))*(1+IF($I46="",0,$I46)/400),0)) | Q46: =IF(OR($C46="",$O46=""),"",$O46+$P46) | T46: =IF($C46="","",IF($R46="CLOSED","Closed",IF($R46="RESOLVED","Resolved",IF($R46="BLOCKED","BLOCKED",IF($I46>=200,"CRITICAL",IF($I46>=100,"High",IF($E46="1-CRITICAL","High","On track"))))))) | U46: =IF($C46="","",IF($R46="CLOSED","Closed - capture lessons learned in PDCA Act phase.",IF($I46>=200,"CRITICAL (RPN "&$I46&"): Escalate today. Open FMEA action + daily PDCA. Owner "&IF($M46="","?",$M46)&". Apply "&IF($L46="","a Lean method",$L46)&". Close by "&IF($Q46="","ASAP",TEXT($Q46,"dd-mmm"))&".",IF($I46>=100,"HIGH (RPN "&$I46&"): Add to current sprint. Mitigate via "&IF($L46="","Standard Work",$L46)&". Review weekly with "&IF($M46="","owner",$M46)&".",IF(OR($E46="1-CRITICAL",$E46="2-HIGH"),"Priority case: schedule "&IF($L46="","a Lean workshop",$L46)&" within 2 weeks. Track to "&IF($N46="","target",$N46)&".","Monitor: apply "&IF($L46="","standard cadence",$L46)&". Re-score if conditions change."))))) | V46: =IF($C46="","",IF($I46="",0,$I46)+ROW()/100000)
A47: =IF($C47="","",TEXT(44,"\C\A\S\E-000")) | I47: =IF($C47="","",IF(COUNT(F47,G47,H47)=3,F47*G47*H47,"")) | J47: =IF($I47="","",IF($I47>=200,"1-CRITICAL",IF($I47>=100,"2-HIGH",IF($I47>=50,"3-MEDIUM","4-LOW")))) | P47: =IF($C47="","",ROUND(IF($E47="1-CRITICAL",7,IF($E47="2-HIGH",14,IF($E47="3-MEDIUM",30,45)))*(1+IF($I47="",0,$I47)/400),0)) | Q47: =IF(OR($C47="",$O47=""),"",$O47+$P47) | T47: =IF($C47="","",IF($R47="CLOSED","Closed",IF($R47="RESOLVED","Resolved",IF($R47="BLOCKED","BLOCKED",IF($I47>=200,"CRITICAL",IF($I47>=100,"High",IF($E47="1-CRITICAL","High","On track"))))))) | U47: =IF($C47="","",IF($R47="CLOSED","Closed - capture lessons learned in PDCA Act phase.",IF($I47>=200,"CRITICAL (RPN "&$I47&"): Escalate today. Open FMEA action + daily PDCA. Owner "&IF($M47="","?",$M47)&". Apply "&IF($L47="","a Lean method",$L47)&". Close by "&IF($Q47="","ASAP",TEXT($Q47,"dd-mmm"))&".",IF($I47>=100,"HIGH (RPN "&$I47&"): Add to current sprint. Mitigate via "&IF($L47="","Standard Work",$L47)&". Review weekly with "&IF($M47="","owner",$M47)&".",IF(OR($E47="1-CRITICAL",$E47="2-HIGH"),"Priority case: schedule "&IF($L47="","a Lean workshop",$L47)&" within 2 weeks. Track to "&IF($N47="","target",$N47)&".","Monitor: apply "&IF($L47="","standard cadence",$L47)&". Re-score if conditions change."))))) | V47: =IF($C47="","",IF($I47="",0,$I47)+ROW()/100000)
A48: =IF($C48="","",TEXT(45,"\C\A\S\E-000")) | I48: =IF($C48="","",IF(COUNT(F48,G48,H48)=3,F48*G48*H48,"")) | J48: =IF($I48="","",IF($I48>=200,"1-CRITICAL",IF($I48>=100,"2-HIGH",IF($I48>=50,"3-MEDIUM","4-LOW")))) | P48: =IF($C48="","",ROUND(IF($E48="1-CRITICAL",7,IF($E48="2-HIGH",14,IF($E48="3-MEDIUM",30,45)))*(1+IF($I48="",0,$I48)/400),0)) | Q48: =IF(OR($C48="",$O48=""),"",$O48+$P48) | T48: =IF($C48="","",IF($R48="CLOSED","Closed",IF($R48="RESOLVED","Resolved",IF($R48="BLOCKED","BLOCKED",IF($I48>=200,"CRITICAL",IF($I48>=100,"High",IF($E48="1-CRITICAL","High","On track"))))))) | U48: =IF($C48="","",IF($R48="CLOSED","Closed - capture lessons learned in PDCA Act phase.",IF($I48>=200,"CRITICAL (RPN "&$I48&"): Escalate today. Open FMEA action + daily PDCA. Owner "&IF($M48="","?",$M48)&". Apply "&IF($L48="","a Lean method",$L48)&". Close by "&IF($Q48="","ASAP",TEXT($Q48,"dd-mmm"))&".",IF($I48>=100,"HIGH (RPN "&$I48&"): Add to current sprint. Mitigate via "&IF($L48="","Standard Work",$L48)&". Review weekly with "&IF($M48="","owner",$M48)&".",IF(OR($E48="1-CRITICAL",$E48="2-HIGH"),"Priority case: schedule "&IF($L48="","a Lean workshop",$L48)&" within 2 weeks. Track to "&IF($N48="","target",$N48)&".","Monitor: apply "&IF($L48="","standard cadence",$L48)&". Re-score if conditions change."))))) | V48: =IF($C48="","",IF($I48="",0,$I48)+ROW()/100000)
A49: =IF($C49="","",TEXT(46,"\C\A\S\E-000")) | I49: =IF($C49="","",IF(COUNT(F49,G49,H49)=3,F49*G49*H49,"")) | J49: =IF($I49="","",IF($I49>=200,"1-CRITICAL",IF($I49>=100,"2-HIGH",IF($I49>=50,"3-MEDIUM","4-LOW")))) | P49: =IF($C49="","",ROUND(IF($E49="1-CRITICAL",7,IF($E49="2-HIGH",14,IF($E49="3-MEDIUM",30,45)))*(1+IF($I49="",0,$I49)/400),0)) | Q49: =IF(OR($C49="",$O49=""),"",$O49+$P49) | T49: =IF($C49="","",IF($R49="CLOSED","Closed",IF($R49="RESOLVED","Resolved",IF($R49="BLOCKED","BLOCKED",IF($I49>=200,"CRITICAL",IF($I49>=100,"High",IF($E49="1-CRITICAL","High","On track"))))))) | U49: =IF($C49="","",IF($R49="CLOSED","Closed - capture lessons learned in PDCA Act phase.",IF($I49>=200,"CRITICAL (RPN "&$I49&"): Escalate today. Open FMEA action + daily PDCA. Owner "&IF($M49="","?",$M49)&". Apply "&IF($L49="","a Lean method",$L49)&". Close by "&IF($Q49="","ASAP",TEXT($Q49,"dd-mmm"))&".",IF($I49>=100,"HIGH (RPN "&$I49&"): Add to current sprint. Mitigate via "&IF($L49="","Standard Work",$L49)&". Review weekly with "&IF($M49="","owner",$M49)&".",IF(OR($E49="1-CRITICAL",$E49="2-HIGH"),"Priority case: schedule "&IF($L49="","a Lean workshop",$L49)&" within 2 weeks. Track to "&IF($N49="","target",$N49)&".","Monitor: apply "&IF($L49="","standard cadence",$L49)&". Re-score if conditions change."))))) | V49: =IF($C49="","",IF($I49="",0,$I49)+ROW()/100000)
A50: =IF($C50="","",TEXT(47,"\C\A\S\E-000")) | I50: =IF($C50="","",IF(COUNT(F50,G50,H50)=3,F50*G50*H50,"")) | J50: =IF($I50="","",IF($I50>=200,"1-CRITICAL",IF($I50>=100,"2-HIGH",IF($I50>=50,"3-MEDIUM","4-LOW")))) | P50: =IF($C50="","",ROUND(IF($E50="1-CRITICAL",7,IF($E50="2-HIGH",14,IF($E50="3-MEDIUM",30,45)))*(1+IF($I50="",0,$I50)/400),0)) | Q50: =IF(OR($C50="",$O50=""),"",$O50+$P50) | T50: =IF($C50="","",IF($R50="CLOSED","Closed",IF($R50="RESOLVED","Resolved",IF($R50="BLOCKED","BLOCKED",IF($I50>=200,"CRITICAL",IF($I50>=100,"High",IF($E50="1-CRITICAL","High","On track"))))))) | U50: =IF($C50="","",IF($R50="CLOSED","Closed - capture lessons learned in PDCA Act phase.",IF($I50>=200,"CRITICAL (RPN "&$I50&"): Escalate today. Open FMEA action + daily PDCA. Owner "&IF($M50="","?",$M50)&". Apply "&IF($L50="","a Lean method",$L50)&". Close by "&IF($Q50="","ASAP",TEXT($Q50,"dd-mmm"))&".",IF($I50>=100,"HIGH (RPN "&$I50&"): Add to current sprint. Mitigate via "&IF($L50="","Standard Work",$L50)&". Review weekly with "&IF($M50="","owner",$M50)&".",IF(OR($E50="1-CRITICAL",$E50="2-HIGH"),"Priority case: schedule "&IF($L50="","a Lean workshop",$L50)&" within 2 weeks. Track to "&IF($N50="","target",$N50)&".","Monitor: apply "&IF($L50="","standard cadence",$L50)&". Re-score if conditions change."))))) | V50: =IF($C50="","",IF($I50="",0,$I50)+ROW()/100000)
A51: =IF($C51="","",TEXT(48,"\C\A\S\E-000")) | I51: =IF($C51="","",IF(COUNT(F51,G51,H51)=3,F51*G51*H51,"")) | J51: =IF($I51="","",IF($I51>=200,"1-CRITICAL",IF($I51>=100,"2-HIGH",IF($I51>=50,"3-MEDIUM","4-LOW")))) | P51: =IF($C51="","",ROUND(IF($E51="1-CRITICAL",7,IF($E51="2-HIGH",14,IF($E51="3-MEDIUM",30,45)))*(1+IF($I51="",0,$I51)/400),0)) | Q51: =IF(OR($C51="",$O51=""),"",$O51+$P51) | T51: =IF($C51="","",IF($R51="CLOSED","Closed",IF($R51="RESOLVED","Resolved",IF($R51="BLOCKED","BLOCKED",IF($I51>=200,"CRITICAL",IF($I51>=100,"High",IF($E51="1-CRITICAL","High","On track"))))))) | U51: =IF($C51="","",IF($R51="CLOSED","Closed - capture lessons learned in PDCA Act phase.",IF($I51>=200,"CRITICAL (RPN "&$I51&"): Escalate today. Open FMEA action + daily PDCA. Owner "&IF($M51="","?",$M51)&". Apply "&IF($L51="","a Lean method",$L51)&". Close by "&IF($Q51="","ASAP",TEXT($Q51,"dd-mmm"))&".",IF($I51>=100,"HIGH (RPN "&$I51&"): Add to current sprint. Mitigate via "&IF($L51="","Standard Work",$L51)&". Review weekly with "&IF($M51="","owner",$M51)&".",IF(OR($E51="1-CRITICAL",$E51="2-HIGH"),"Priority case: schedule "&IF($L51="","a Lean workshop",$L51)&" within 2 weeks. Track to "&IF($N51="","target",$N51)&".","Monitor: apply "&IF($L51="","standard cadence",$L51)&". Re-score if conditions change."))))) | V51: =IF($C51="","",IF($I51="",0,$I51)+ROW()/100000)
A52: =IF($C52="","",TEXT(49,"\C\A\S\E-000")) | I52: =IF($C52="","",IF(COUNT(F52,G52,H52)=3,F52*G52*H52,"")) | J52: =IF($I52="","",IF($I52>=200,"1-CRITICAL",IF($I52>=100,"2-HIGH",IF($I52>=50,"3-MEDIUM","4-LOW")))) | P52: =IF($C52="","",ROUND(IF($E52="1-CRITICAL",7,IF($E52="2-HIGH",14,IF($E52="3-MEDIUM",30,45)))*(1+IF($I52="",0,$I52)/400),0)) | Q52: =IF(OR($C52="",$O52=""),"",$O52+$P52) | T52: =IF($C52="","",IF($R52="CLOSED","Closed",IF($R52="RESOLVED","Resolved",IF($R52="BLOCKED","BLOCKED",IF($I52>=200,"CRITICAL",IF($I52>=100,"High",IF($E52="1-CRITICAL","High","On track"))))))) | U52: =IF($C52="","",IF($R52="CLOSED","Closed - capture lessons learned in PDCA Act phase.",IF($I52>=200,"CRITICAL (RPN "&$I52&"): Escalate today. Open FMEA action + daily PDCA. Owner "&IF($M52="","?",$M52)&". Apply "&IF($L52="","a Lean method",$L52)&". Close by "&IF($Q52="","ASAP",TEXT($Q52,"dd-mmm"))&".",IF($I52>=100,"HIGH (RPN "&$I52&"): Add to current sprint. Mitigate via "&IF($L52="","Standard Work",$L52)&". Review weekly with "&IF($M52="","owner",$M52)&".",IF(OR($E52="1-CRITICAL",$E52="2-HIGH"),"Priority case: schedule "&IF($L52="","a Lean workshop",$L52)&" within 2 weeks. Track to "&IF($N52="","target",$N52)&".","Monitor: apply "&IF($L52="","standard cadence",$L52)&". Re-score if conditions change."))))) | V52: =IF($C52="","",IF($I52="",0,$I52)+ROW()/100000)
A53: =IF($C53="","",TEXT(50,"\C\A\S\E-000")) | I53: =IF($C53="","",IF(COUNT(F53,G53,H53)=3,F53*G53*H53,"")) | J53: =IF($I53="","",IF($I53>=200,"1-CRITICAL",IF($I53>=100,"2-HIGH",IF($I53>=50,"3-MEDIUM","4-LOW")))) | P53: =IF($C53="","",ROUND(IF($E53="1-CRITICAL",7,IF($E53="2-HIGH",14,IF($E53="3-MEDIUM",30,45)))*(1+IF($I53="",0,$I53)/400),0)) | Q53: =IF(OR($C53="",$O53=""),"",$O53+$P53) | T53: =IF($C53="","",IF($R53="CLOSED","Closed",IF($R53="RESOLVED","Resolved",IF($R53="BLOCKED","BLOCKED",IF($I53>=200,"CRITICAL",IF($I53>=100,"High",IF($E53="1-CRITICAL","High","On track"))))))) | U53: =IF($C53="","",IF($R53="CLOSED","Closed - capture lessons learned in PDCA Act phase.",IF($I53>=200,"CRITICAL (RPN "&$I53&"): Escalate today. Open FMEA action + daily PDCA. Owner "&IF($M53="","?",$M53)&". Apply "&IF($L53="","a Lean method",$L53)&". Close by "&IF($Q53="","ASAP",TEXT($Q53,"dd-mmm"))&".",IF($I53>=100,"HIGH (RPN "&$I53&"): Add to current sprint. Mitigate via "&IF($L53="","Standard Work",$L53)&". Review weekly with "&IF($M53="","owner",$M53)&".",IF(OR($E53="1-CRITICAL",$E53="2-HIGH"),"Priority case: schedule "&IF($L53="","a Lean workshop",$L53)&" within 2 weeks. Track to "&IF($N53="","target",$N53)&".","Monitor: apply "&IF($L53="","standard cadence",$L53)&". Re-score if conditions change."))))) | V53: =IF($C53="","",IF($I53="",0,$I53)+ROW()/100000)
A54: =IF($C54="","",TEXT(51,"\C\A\S\E-000")) | I54: =IF($C54="","",IF(COUNT(F54,G54,H54)=3,F54*G54*H54,"")) | J54: =IF($I54="","",IF($I54>=200,"1-CRITICAL",IF($I54>=100,"2-HIGH",IF($I54>=50,"3-MEDIUM","4-LOW")))) | P54: =IF($C54="","",ROUND(IF($E54="1-CRITICAL",7,IF($E54="2-HIGH",14,IF($E54="3-MEDIUM",30,45)))*(1+IF($I54="",0,$I54)/400),0)) | Q54: =IF(OR($C54="",$O54=""),"",$O54+$P54) | T54: =IF($C54="","",IF($R54="CLOSED","Closed",IF($R54="RESOLVED","Resolved",IF($R54="BLOCKED","BLOCKED",IF($I54>=200,"CRITICAL",IF($I54>=100,"High",IF($E54="1-CRITICAL","High","On track"))))))) | U54: =IF($C54="","",IF($R54="CLOSED","Closed - capture lessons learned in PDCA Act phase.",IF($I54>=200,"CRITICAL (RPN "&$I54&"): Escalate today. Open FMEA action + daily PDCA. Owner "&IF($M54="","?",$M54)&". Apply "&IF($L54="","a Lean method",$L54)&". Close by "&IF($Q54="","ASAP",TEXT($Q54,"dd-mmm"))&".",IF($I54>=100,"HIGH (RPN "&$I54&"): Add to current sprint. Mitigate via "&IF($L54="","Standard Work",$L54)&". Review weekly with "&IF($M54="","owner",$M54)&".",IF(OR($E54="1-CRITICAL",$E54="2-HIGH"),"Priority case: schedule "&IF($L54="","a Lean workshop",$L54)&" within 2 weeks. Track to "&IF($N54="","target",$N54)&".","Monitor: apply "&IF($L54="","standard cadence",$L54)&". Re-score if conditions change."))))) | V54: =IF($C54="","",IF($I54="",0,$I54)+ROW()/100000)
A55: =IF($C55="","",TEXT(52,"\C\A\S\E-000")) | I55: =IF($C55="","",IF(COUNT(F55,G55,H55)=3,F55*G55*H55,"")) | J55: =IF($I55="","",IF($I55>=200,"1-CRITICAL",IF($I55>=100,"2-HIGH",IF($I55>=50,"3-MEDIUM","4-LOW")))) | P55: =IF($C55="","",ROUND(IF($E55="1-CRITICAL",7,IF($E55="2-HIGH",14,IF($E55="3-MEDIUM",30,45)))*(1+IF($I55="",0,$I55)/400),0)) | Q55: =IF(OR($C55="",$O55=""),"",$O55+$P55) | T55: =IF($C55="","",IF($R55="CLOSED","Closed",IF($R55="RESOLVED","Resolved",IF($R55="BLOCKED","BLOCKED",IF($I55>=200,"CRITICAL",IF($I55>=100,"High",IF($E55="1-CRITICAL","High","On track"))))))) | U55: =IF($C55="","",IF($R55="CLOSED","Closed - capture lessons learned in PDCA Act phase.",IF($I55>=200,"CRITICAL (RPN "&$I55&"): Escalate today. Open FMEA action + daily PDCA. Owner "&IF($M55="","?",$M55)&". Apply "&IF($L55="","a Lean method",$L55)&". Close by "&IF($Q55="","ASAP",TEXT($Q55,"dd-mmm"))&".",IF($I55>=100,"HIGH (RPN "&$I55&"): Add to current sprint. Mitigate via "&IF($L55="","Standard Work",$L55)&". Review weekly with "&IF($M55="","owner",$M55)&".",IF(OR($E55="1-CRITICAL",$E55="2-HIGH"),"Priority case: schedule "&IF($L55="","a Lean workshop",$L55)&" within 2 weeks. Track to "&IF($N55="","target",$N55)&".","Monitor: apply "&IF($L55="","standard cadence",$L55)&". Re-score if conditions change."))))) | V55: =IF($C55="","",IF($I55="",0,$I55)+ROW()/100000)
A56: =IF($C56="","",TEXT(53,"\C\A\S\E-000")) | I56: =IF($C56="","",IF(COUNT(F56,G56,H56)=3,F56*G56*H56,"")) | J56: =IF($I56="","",IF($I56>=200,"1-CRITICAL",IF($I56>=100,"2-HIGH",IF($I56>=50,"3-MEDIUM","4-LOW")))) | P56: =IF($C56="","",ROUND(IF($E56="1-CRITICAL",7,IF($E56="2-HIGH",14,IF($E56="3-MEDIUM",30,45)))*(1+IF($I56="",0,$I56)/400),0)) | Q56: =IF(OR($C56="",$O56=""),"",$O56+$P56) | T56: =IF($C56="","",IF($R56="CLOSED","Closed",IF($R56="RESOLVED","Resolved",IF($R56="BLOCKED","BLOCKED",IF($I56>=200,"CRITICAL",IF($I56>=100,"High",IF($E56="1-CRITICAL","High","On track"))))))) | U56: =IF($C56="","",IF($R56="CLOSED","Closed - capture lessons learned in PDCA Act phase.",IF($I56>=200,"CRITICAL (RPN "&$I56&"): Escalate today. Open FMEA action + daily PDCA. Owner "&IF($M56="","?",$M56)&". Apply "&IF($L56="","a Lean method",$L56)&". Close by "&IF($Q56="","ASAP",TEXT($Q56,"dd-mmm"))&".",IF($I56>=100,"HIGH (RPN "&$I56&"): Add to current sprint. Mitigate via "&IF($L56="","Standard Work",$L56)&". Review weekly with "&IF($M56="","owner",$M56)&".",IF(OR($E56="1-CRITICAL",$E56="2-HIGH"),"Priority case: schedule "&IF($L56="","a Lean workshop",$L56)&" within 2 weeks. Track to "&IF($N56="","target",$N56)&".","Monitor: apply "&IF($L56="","standard cadence",$L56)&". Re-score if conditions change."))))) | V56: =IF($C56="","",IF($I56="",0,$I56)+ROW()/100000)
A57: =IF($C57="","",TEXT(54,"\C\A\S\E-000")) | I57: =IF($C57="","",IF(COUNT(F57,G57,H57)=3,F57*G57*H57,"")) | J57: =IF($I57="","",IF($I57>=200,"1-CRITICAL",IF($I57>=100,"2-HIGH",IF($I57>=50,"3-MEDIUM","4-LOW")))) | P57: =IF($C57="","",ROUND(IF($E57="1-CRITICAL",7,IF($E57="2-HIGH",14,IF($E57="3-MEDIUM",30,45)))*(1+IF($I57="",0,$I57)/400),0)) | Q57: =IF(OR($C57="",$O57=""),"",$O57+$P57) | T57: =IF($C57="","",IF($R57="CLOSED","Closed",IF($R57="RESOLVED","Resolved",IF($R57="BLOCKED","BLOCKED",IF($I57>=200,"CRITICAL",IF($I57>=100,"High",IF($E57="1-CRITICAL","High","On track"))))))) | U57: =IF($C57="","",IF($R57="CLOSED","Closed - capture lessons learned in PDCA Act phase.",IF($I57>=200,"CRITICAL (RPN "&$I57&"): Escalate today. Open FMEA action + daily PDCA. Owner "&IF($M57="","?",$M57)&". Apply "&IF($L57="","a Lean method",$L57)&". Close by "&IF($Q57="","ASAP",TEXT($Q57,"dd-mmm"))&".",IF($I57>=100,"HIGH (RPN "&$I57&"): Add to current sprint. Mitigate via "&IF($L57="","Standard Work",$L57)&". Review weekly with "&IF($M57="","owner",$M57)&".",IF(OR($E57="1-CRITICAL",$E57="2-HIGH"),"Priority case: schedule "&IF($L57="","a Lean workshop",$L57)&" within 2 weeks. Track to "&IF($N57="","target",$N57)&".","Monitor: apply "&IF($L57="","standard cadence",$L57)&". Re-score if conditions change."))))) | V57: =IF($C57="","",IF($I57="",0,$I57)+ROW()/100000)
A58: =IF($C58="","",TEXT(55,"\C\A\S\E-000")) | I58: =IF($C58="","",IF(COUNT(F58,G58,H58)=3,F58*G58*H58,"")) | J58: =IF($I58="","",IF($I58>=200,"1-CRITICAL",IF($I58>=100,"2-HIGH",IF($I58>=50,"3-MEDIUM","4-LOW")))) | P58: =IF($C58="","",ROUND(IF($E58="1-CRITICAL",7,IF($E58="2-HIGH",14,IF($E58="3-MEDIUM",30,45)))*(1+IF($I58="",0,$I58)/400),0)) | Q58: =IF(OR($C58="",$O58=""),"",$O58+$P58) | T58: =IF($C58="","",IF($R58="CLOSED","Closed",IF($R58="RESOLVED","Resolved",IF($R58="BLOCKED","BLOCKED",IF($I58>=200,"CRITICAL",IF($I58>=100,"High",IF($E58="1-CRITICAL","High","On track"))))))) | U58: =IF($C58="","",IF($R58="CLOSED","Closed - capture lessons learned in PDCA Act phase.",IF($I58>=200,"CRITICAL (RPN "&$I58&"): Escalate today. Open FMEA action + daily PDCA. Owner "&IF($M58="","?",$M58)&". Apply "&IF($L58="","a Lean method",$L58)&". Close by "&IF($Q58="","ASAP",TEXT($Q58,"dd-mmm"))&".",IF($I58>=100,"HIGH (RPN "&$I58&"): Add to current sprint. Mitigate via "&IF($L58="","Standard Work",$L58)&". Review weekly with "&IF($M58="","owner",$M58)&".",IF(OR($E58="1-CRITICAL",$E58="2-HIGH"),"Priority case: schedule "&IF($L58="","a Lean workshop",$L58)&" within 2 weeks. Track to "&IF($N58="","target",$N58)&".","Monitor: apply "&IF($L58="","standard cadence",$L58)&". Re-score if conditions change."))))) | V58: =IF($C58="","",IF($I58="",0,$I58)+ROW()/100000)
A59: =IF($C59="","",TEXT(56,"\C\A\S\E-000")) | I59: =IF($C59="","",IF(COUNT(F59,G59,H59)=3,F59*G59*H59,"")) | J59: =IF($I59="","",IF($I59>=200,"1-CRITICAL",IF($I59>=100,"2-HIGH",IF($I59>=50,"3-MEDIUM","4-LOW")))) | P59: =IF($C59="","",ROUND(IF($E59="1-CRITICAL",7,IF($E59="2-HIGH",14,IF($E59="3-MEDIUM",30,45)))*(1+IF($I59="",0,$I59)/400),0)) | Q59: =IF(OR($C59="",$O59=""),"",$O59+$P59) | T59: =IF($C59="","",IF($R59="CLOSED","Closed",IF($R59="RESOLVED","Resolved",IF($R59="BLOCKED","BLOCKED",IF($I59>=200,"CRITICAL",IF($I59>=100,"High",IF($E59="1-CRITICAL","High","On track"))))))) | U59: =IF($C59="","",IF($R59="CLOSED","Closed - capture lessons learned in PDCA Act phase.",IF($I59>=200,"CRITICAL (RPN "&$I59&"): Escalate today. Open FMEA action + daily PDCA. Owner "&IF($M59="","?",$M59)&". Apply "&IF($L59="","a Lean method",$L59)&". Close by "&IF($Q59="","ASAP",TEXT($Q59,"dd-mmm"))&".",IF($I59>=100,"HIGH (RPN "&$I59&"): Add to current sprint. Mitigate via "&IF($L59="","Standard Work",$L59)&". Review weekly with "&IF($M59="","owner",$M59)&".",IF(OR($E59="1-CRITICAL",$E59="2-HIGH"),"Priority case: schedule "&IF($L59="","a Lean workshop",$L59)&" within 2 weeks. Track to "&IF($N59="","target",$N59)&".","Monitor: apply "&IF($L59="","standard cadence",$L59)&". Re-score if conditions change."))))) | V59: =IF($C59="","",IF($I59="",0,$I59)+ROW()/100000)
A60: =IF($C60="","",TEXT(57,"\C\A\S\E-000")) | I60: =IF($C60="","",IF(COUNT(F60,G60,H60)=3,F60*G60*H60,"")) | J60: =IF($I60="","",IF($I60>=200,"1-CRITICAL",IF($I60>=100,"2-HIGH",IF($I60>=50,"3-MEDIUM","4-LOW")))) | P60: =IF($C60="","",ROUND(IF($E60="1-CRITICAL",7,IF($E60="2-HIGH",14,IF($E60="3-MEDIUM",30,45)))*(1+IF($I60="",0,$I60)/400),0)) | Q60: =IF(OR($C60="",$O60=""),"",$O60+$P60) | T60: =IF($C60="","",IF($R60="CLOSED","Closed",IF($R60="RESOLVED","Resolved",IF($R60="BLOCKED","BLOCKED",IF($I60>=200,"CRITICAL",IF($I60>=100,"High",IF($E60="1-CRITICAL","High","On track"))))))) | U60: =IF($C60="","",IF($R60="CLOSED","Closed - capture lessons learned in PDCA Act phase.",IF($I60>=200,"CRITICAL (RPN "&$I60&"): Escalate today. Open FMEA action + daily PDCA. Owner "&IF($M60="","?",$M60)&". Apply "&IF($L60="","a Lean method",$L60)&". Close by "&IF($Q60="","ASAP",TEXT($Q60,"dd-mmm"))&".",IF($I60>=100,"HIGH (RPN "&$I60&"): Add to current sprint. Mitigate via "&IF($L60="","Standard Work",$L60)&". Review weekly with "&IF($M60="","owner",$M60)&".",IF(OR($E60="1-CRITICAL",$E60="2-HIGH"),"Priority case: schedule "&IF($L60="","a Lean workshop",$L60)&" within 2 weeks. Track to "&IF($N60="","target",$N60)&".","Monitor: apply "&IF($L60="","standard cadence",$L60)&". Re-score if conditions change."))))) | V60: =IF($C60="","",IF($I60="",0,$I60)+ROW()/100000)
A61: =IF($C61="","",TEXT(58,"\C\A\S\E-000")) | I61: =IF($C61="","",IF(COUNT(F61,G61,H61)=3,F61*G61*H61,"")) | J61: =IF($I61="","",IF($I61>=200,"1-CRITICAL",IF($I61>=100,"2-HIGH",IF($I61>=50,"3-MEDIUM","4-LOW")))) | P61: =IF($C61="","",ROUND(IF($E61="1-CRITICAL",7,IF($E61="2-HIGH",14,IF($E61="3-MEDIUM",30,45)))*(1+IF($I61="",0,$I61)/400),0)) | Q61: =IF(OR($C61="",$O61=""),"",$O61+$P61) | T61: =IF($C61="","",IF($R61="CLOSED","Closed",IF($R61="RESOLVED","Resolved",IF($R61="BLOCKED","BLOCKED",IF($I61>=200,"CRITICAL",IF($I61>=100,"High",IF($E61="1-CRITICAL","High","On track"))))))) | U61: =IF($C61="","",IF($R61="CLOSED","Closed - capture lessons learned in PDCA Act phase.",IF($I61>=200,"CRITICAL (RPN "&$I61&"): Escalate today. Open FMEA action + daily PDCA. Owner "&IF($M61="","?",$M61)&". Apply "&IF($L61="","a Lean method",$L61)&". Close by "&IF($Q61="","ASAP",TEXT($Q61,"dd-mmm"))&".",IF($I61>=100,"HIGH (RPN "&$I61&"): Add to current sprint. Mitigate via "&IF($L61="","Standard Work",$L61)&". Review weekly with "&IF($M61="","owner",$M61)&".",IF(OR($E61="1-CRITICAL",$E61="2-HIGH"),"Priority case: schedule "&IF($L61="","a Lean workshop",$L61)&" within 2 weeks. Track to "&IF($N61="","target",$N61)&".","Monitor: apply "&IF($L61="","standard cadence",$L61)&". Re-score if conditions change."))))) | V61: =IF($C61="","",IF($I61="",0,$I61)+ROW()/100000)
A62: =IF($C62="","",TEXT(59,"\C\A\S\E-000")) | I62: =IF($C62="","",IF(COUNT(F62,G62,H62)=3,F62*G62*H62,"")) | J62: =IF($I62="","",IF($I62>=200,"1-CRITICAL",IF($I62>=100,"2-HIGH",IF($I62>=50,"3-MEDIUM","4-LOW")))) | P62: =IF($C62="","",ROUND(IF($E62="1-CRITICAL",7,IF($E62="2-HIGH",14,IF($E62="3-MEDIUM",30,45)))*(1+IF($I62="",0,$I62)/400),0)) | Q62: =IF(OR($C62="",$O62=""),"",$O62+$P62) | T62: =IF($C62="","",IF($R62="CLOSED","Closed",IF($R62="RESOLVED","Resolved",IF($R62="BLOCKED","BLOCKED",IF($I62>=200,"CRITICAL",IF($I62>=100,"High",IF($E62="1-CRITICAL","High","On track"))))))) | U62: =IF($C62="","",IF($R62="CLOSED","Closed - capture lessons learned in PDCA Act phase.",IF($I62>=200,"CRITICAL (RPN "&$I62&"): Escalate today. Open FMEA action + daily PDCA. Owner "&IF($M62="","?",$M62)&". Apply "&IF($L62="","a Lean method",$L62)&". Close by "&IF($Q62="","ASAP",TEXT($Q62,"dd-mmm"))&".",IF($I62>=100,"HIGH (RPN "&$I62&"): Add to current sprint. Mitigate via "&IF($L62="","Standard Work",$L62)&". Review weekly with "&IF($M62="","owner",$M62)&".",IF(OR($E62="1-CRITICAL",$E62="2-HIGH"),"Priority case: schedule "&IF($L62="","a Lean workshop",$L62)&" within 2 weeks. Track to "&IF($N62="","target",$N62)&".","Monitor: apply "&IF($L62="","standard cadence",$L62)&". Re-score if conditions change."))))) | V62: =IF($C62="","",IF($I62="",0,$I62)+ROW()/100000)
A63: =IF($C63="","",TEXT(60,"\C\A\S\E-000")) | I63: =IF($C63="","",IF(COUNT(F63,G63,H63)=3,F63*G63*H63,"")) | J63: =IF($I63="","",IF($I63>=200,"1-CRITICAL",IF($I63>=100,"2-HIGH",IF($I63>=50,"3-MEDIUM","4-LOW")))) | P63: =IF($C63="","",ROUND(IF($E63="1-CRITICAL",7,IF($E63="2-HIGH",14,IF($E63="3-MEDIUM",30,45)))*(1+IF($I63="",0,$I63)/400),0)) | Q63: =IF(OR($C63="",$O63=""),"",$O63+$P63) | T63: =IF($C63="","",IF($R63="CLOSED","Closed",IF($R63="RESOLVED","Resolved",IF($R63="BLOCKED","BLOCKED",IF($I63>=200,"CRITICAL",IF($I63>=100,"High",IF($E63="1-CRITICAL","High","On track"))))))) | U63: =IF($C63="","",IF($R63="CLOSED","Closed - capture lessons learned in PDCA Act phase.",IF($I63>=200,"CRITICAL (RPN "&$I63&"): Escalate today. Open FMEA action + daily PDCA. Owner "&IF($M63="","?",$M63)&". Apply "&IF($L63="","a Lean method",$L63)&". Close by "&IF($Q63="","ASAP",TEXT($Q63,"dd-mmm"))&".",IF($I63>=100,"HIGH (RPN "&$I63&"): Add to current sprint. Mitigate via "&IF($L63="","Standard Work",$L63)&". Review weekly with "&IF($M63="","owner",$M63)&".",IF(OR($E63="1-CRITICAL",$E63="2-HIGH"),"Priority case: schedule "&IF($L63="","a Lean workshop",$L63)&" within 2 weeks. Track to "&IF($N63="","target",$N63)&".","Monitor: apply "&IF($L63="","standard cadence",$L63)&". Re-score if conditions change."))))) | V63: =IF($C63="","",IF($I63="",0,$I63)+ROW()/100000)

Sheet 2. PM_TASKS
A1: PM TASK TRACKER - auto-built from every registered case
A2: Read-only. Each task mirrors a MASTER case. Edit on MASTER_ENTRY; this updates instantly.
A3: TASK ID | B3: TASK / DELIVERABLE | C3: OWNER | D3: PRIORITY | E3: START | F3: DUE | G3: EST DAYS | H3: % DONE | I3: STATUS | J3: HEALTH
A4: =IF('1. MASTER_ENTRY'!$C4="","",'1. MASTER_ENTRY'!$A4) | B4: =IF('1. MASTER_ENTRY'!$C4="","",'1. MASTER_ENTRY'!$C4) | C4: =IF('1. MASTER_ENTRY'!$C4="","",'1. MASTER_ENTRY'!$M4) | D4: =IF('1. MASTER_ENTRY'!$C4="","",'1. MASTER_ENTRY'!$E4) | E4: =IF('1. MASTER_ENTRY'!$C4="","",'1. MASTER_ENTRY'!$O4) | F4: =IF('1. MASTER_ENTRY'!$C4="","",'1. MASTER_ENTRY'!$Q4) | G4: =IF('1. MASTER_ENTRY'!$C4="","",'1. MASTER_ENTRY'!$P4) | H4: =IF('1. MASTER_ENTRY'!$C4="","",'1. MASTER_ENTRY'!$S4) | I4: =IF('1. MASTER_ENTRY'!$C4="","",'1. MASTER_ENTRY'!$R4) | J4: =IF('1. MASTER_ENTRY'!$C4="","",'1. MASTER_ENTRY'!$T4)
A5: =IF('1. MASTER_ENTRY'!$C5="","",'1. MASTER_ENTRY'!$A5) | B5: =IF('1. MASTER_ENTRY'!$C5="","",'1. MASTER_ENTRY'!$C5) | C5: =IF('1. MASTER_ENTRY'!$C5="","",'1. MASTER_ENTRY'!$M5) | D5: =IF('1. MASTER_ENTRY'!$C5="","",'1. MASTER_ENTRY'!$E5) | E5: =IF('1. MASTER_ENTRY'!$C5="","",'1. MASTER_ENTRY'!$O5) | F5: =IF('1. MASTER_ENTRY'!$C5="","",'1. MASTER_ENTRY'!$Q5) | G5: =IF('1. MASTER_ENTRY'!$C5="","",'1. MASTER_ENTRY'!$P5) | H5: =IF('1. MASTER_ENTRY'!$C5="","",'1. MASTER_ENTRY'!$S5) | I5: =IF('1. MASTER_ENTRY'!$C5="","",'1. MASTER_ENTRY'!$R5) | J5: =IF('1. MASTER_ENTRY'!$C5="","",'1. MASTER_ENTRY'!$T5)
A6: =IF('1. MASTER_ENTRY'!$C6="","",'1. MASTER_ENTRY'!$A6) | B6: =IF('1. MASTER_ENTRY'!$C6="","",'1. MASTER_ENTRY'!$C6) | C6: =IF('1. MASTER_ENTRY'!$C6="","",'1. MASTER_ENTRY'!$M6) | D6: =IF('1. MASTER_ENTRY'!$C6="","",'1. MASTER_ENTRY'!$E6) | E6: =IF('1. MASTER_ENTRY'!$C6="","",'1. MASTER_ENTRY'!$O6) | F6: =IF('1. MASTER_ENTRY'!$C6="","",'1. MASTER_ENTRY'!$Q6) | G6: =IF('1. MASTER_ENTRY'!$C6="","",'1. MASTER_ENTRY'!$P6) | H6: =IF('1. MASTER_ENTRY'!$C6="","",'1. MASTER_ENTRY'!$S6) | I6: =IF('1. MASTER_ENTRY'!$C6="","",'1. MASTER_ENTRY'!$R6) | J6: =IF('1. MASTER_ENTRY'!$C6="","",'1. MASTER_ENTRY'!$T6)
A7: =IF('1. MASTER_ENTRY'!$C7="","",'1. MASTER_ENTRY'!$A7) | B7: =IF('1. MASTER_ENTRY'!$C7="","",'1. MASTER_ENTRY'!$C7) | C7: =IF('1. MASTER_ENTRY'!$C7="","",'1. MASTER_ENTRY'!$M7) | D7: =IF('1. MASTER_ENTRY'!$C7="","",'1. MASTER_ENTRY'!$E7) | E7: =IF('1. MASTER_ENTRY'!$C7="","",'1. MASTER_ENTRY'!$O7) | F7: =IF('1. MASTER_ENTRY'!$C7="","",'1. MASTER_ENTRY'!$Q7) | G7: =IF('1. MASTER_ENTRY'!$C7="","",'1. MASTER_ENTRY'!$P7) | H7: =IF('1. MASTER_ENTRY'!$C7="","",'1. MASTER_ENTRY'!$S7) | I7: =IF('1. MASTER_ENTRY'!$C7="","",'1. MASTER_ENTRY'!$R7) | J7: =IF('1. MASTER_ENTRY'!$C7="","",'1. MASTER_ENTRY'!$T7)
A8: =IF('1. MASTER_ENTRY'!$C8="","",'1. MASTER_ENTRY'!$A8) | B8: =IF('1. MASTER_ENTRY'!$C8="","",'1. MASTER_ENTRY'!$C8) | C8: =IF('1. MASTER_ENTRY'!$C8="","",'1. MASTER_ENTRY'!$M8) | D8: =IF('1. MASTER_ENTRY'!$C8="","",'1. MASTER_ENTRY'!$E8) | E8: =IF('1. MASTER_ENTRY'!$C8="","",'1. MASTER_ENTRY'!$O8) | F8: =IF('1. MASTER_ENTRY'!$C8="","",'1. MASTER_ENTRY'!$Q8) | G8: =IF('1. MASTER_ENTRY'!$C8="","",'1. MASTER_ENTRY'!$P8) | H8: =IF('1. MASTER_ENTRY'!$C8="","",'1. MASTER_ENTRY'!$S8) | I8: =IF('1. MASTER_ENTRY'!$C8="","",'1. MASTER_ENTRY'!$R8) | J8: =IF('1. MASTER_ENTRY'!$C8="","",'1. MASTER_ENTRY'!$T8)
A9: =IF('1. MASTER_ENTRY'!$C9="","",'1. MASTER_ENTRY'!$A9) | B9: =IF('1. MASTER_ENTRY'!$C9="","",'1. MASTER_ENTRY'!$C9) | C9: =IF('1. MASTER_ENTRY'!$C9="","",'1. MASTER_ENTRY'!$M9) | D9: =IF('1. MASTER_ENTRY'!$C9="","",'1. MASTER_ENTRY'!$E9) | E9: =IF('1. MASTER_ENTRY'!$C9="","",'1. MASTER_ENTRY'!$O9) | F9: =IF('1. MASTER_ENTRY'!$C9="","",'1. MASTER_ENTRY'!$Q9) | G9: =IF('1. MASTER_ENTRY'!$C9="","",'1. MASTER_ENTRY'!$P9) | H9: =IF('1. MASTER_ENTRY'!$C9="","",'1. MASTER_ENTRY'!$S9) | I9: =IF('1. MASTER_ENTRY'!$C9="","",'1. MASTER_ENTRY'!$R9) | J9: =IF('1. MASTER_ENTRY'!$C9="","",'1. MASTER_ENTRY'!$T9)
A10: =IF('1. MASTER_ENTRY'!$C10="","",'1. MASTER_ENTRY'!$A10) | B10: =IF('1. MASTER_ENTRY'!$C10="","",'1. MASTER_ENTRY'!$C10) | C10: =IF('1. MASTER_ENTRY'!$C10="","",'1. MASTER_ENTRY'!$M10) | D10: =IF('1. MASTER_ENTRY'!$C10="","",'1. MASTER_ENTRY'!$E10) | E10: =IF('1. MASTER_ENTRY'!$C10="","",'1. MASTER_ENTRY'!$O10) | F10: =IF('1. MASTER_ENTRY'!$C10="","",'1. MASTER_ENTRY'!$Q10) | G10: =IF('1. MASTER_ENTRY'!$C10="","",'1. MASTER_ENTRY'!$P10) | H10: =IF('1. MASTER_ENTRY'!$C10="","",'1. MASTER_ENTRY'!$S10) | I10: =IF('1. MASTER_ENTRY'!$C10="","",'1. MASTER_ENTRY'!$R10) | J10: =IF('1. MASTER_ENTRY'!$C10="","",'1. MASTER_ENTRY'!$T10)
A11: =IF('1. MASTER_ENTRY'!$C11="","",'1. MASTER_ENTRY'!$A11) | B11: =IF('1. MASTER_ENTRY'!$C11="","",'1. MASTER_ENTRY'!$C11) | C11: =IF('1. MASTER_ENTRY'!$C11="","",'1. MASTER_ENTRY'!$M11) | D11: =IF('1. MASTER_ENTRY'!$C11="","",'1. MASTER_ENTRY'!$E11) | E11: =IF('1. MASTER_ENTRY'!$C11="","",'1. MASTER_ENTRY'!$O11) | F11: =IF('1. MASTER_ENTRY'!$C11="","",'1. MASTER_ENTRY'!$Q11) | G11: =IF('1. MASTER_ENTRY'!$C11="","",'1. MASTER_ENTRY'!$P11) | H11: =IF('1. MASTER_ENTRY'!$C11="","",'1. MASTER_ENTRY'!$S11) | I11: =IF('1. MASTER_ENTRY'!$C11="","",'1. MASTER_ENTRY'!$R11) | J11: =IF('1. MASTER_ENTRY'!$C11="","",'1. MASTER_ENTRY'!$T11)
A12: =IF('1. MASTER_ENTRY'!$C12="","",'1. MASTER_ENTRY'!$A12) | B12: =IF('1. MASTER_ENTRY'!$C12="","",'1. MASTER_ENTRY'!$C12) | C12: =IF('1. MASTER_ENTRY'!$C12="","",'1. MASTER_ENTRY'!$M12) | D12: =IF('1. MASTER_ENTRY'!$C12="","",'1. MASTER_ENTRY'!$E12) | E12: =IF('1. MASTER_ENTRY'!$C12="","",'1. MASTER_ENTRY'!$O12) | F12: =IF('1. MASTER_ENTRY'!$C12="","",'1. MASTER_ENTRY'!$Q12) | G12: =IF('1. MASTER_ENTRY'!$C12="","",'1. MASTER_ENTRY'!$P12) | H12: =IF('1. MASTER_ENTRY'!$C12="","",'1. MASTER_ENTRY'!$S12) | I12: =IF('1. MASTER_ENTRY'!$C12="","",'1. MASTER_ENTRY'!$R12) | J12: =IF('1. MASTER_ENTRY'!$C12="","",'1. MASTER_ENTRY'!$T12)
A13: =IF('1. MASTER_ENTRY'!$C13="","",'1. MASTER_ENTRY'!$A13) | B13: =IF('1. MASTER_ENTRY'!$C13="","",'1. MASTER_ENTRY'!$C13) | C13: =IF('1. MASTER_ENTRY'!$C13="","",'1. MASTER_ENTRY'!$M13) | D13: =IF('1. MASTER_ENTRY'!$C13="","",'1. MASTER_ENTRY'!$E13) | E13: =IF('1. MASTER_ENTRY'!$C13="","",'1. MASTER_ENTRY'!$O13) | F13: =IF('1. MASTER_ENTRY'!$C13="","",'1. MASTER_ENTRY'!$Q13) | G13: =IF('1. MASTER_ENTRY'!$C13="","",'1. MASTER_ENTRY'!$P13) | H13: =IF('1. MASTER_ENTRY'!$C13="","",'1. MASTER_ENTRY'!$S13) | I13: =IF('1. MASTER_ENTRY'!$C13="","",'1. MASTER_ENTRY'!$R13) | J13: =IF('1. MASTER_ENTRY'!$C13="","",'1. MASTER_ENTRY'!$T13)
A14: =IF('1. MASTER_ENTRY'!$C14="","",'1. MASTER_ENTRY'!$A14) | B14: =IF('1. MASTER_ENTRY'!$C14="","",'1. MASTER_ENTRY'!$C14) | C14: =IF('1. MASTER_ENTRY'!$C14="","",'1. MASTER_ENTRY'!$M14) | D14: =IF('1. MASTER_ENTRY'!$C14="","",'1. MASTER_ENTRY'!$E14) | E14: =IF('1. MASTER_ENTRY'!$C14="","",'1. MASTER_ENTRY'!$O14) | F14: =IF('1. MASTER_ENTRY'!$C14="","",'1. MASTER_ENTRY'!$Q14) | G14: =IF('1. MASTER_ENTRY'!$C14="","",'1. MASTER_ENTRY'!$P14) | H14: =IF('1. MASTER_ENTRY'!$C14="","",'1. MASTER_ENTRY'!$S14) | I14: =IF('1. MASTER_ENTRY'!$C14="","",'1. MASTER_ENTRY'!$R14) | J14: =IF('1. MASTER_ENTRY'!$C14="","",'1. MASTER_ENTRY'!$T14)
A15: =IF('1. MASTER_ENTRY'!$C15="","",'1. MASTER_ENTRY'!$A15) | B15: =IF('1. MASTER_ENTRY'!$C15="","",'1. MASTER_ENTRY'!$C15) | C15: =IF('1. MASTER_ENTRY'!$C15="","",'1. MASTER_ENTRY'!$M15) | D15: =IF('1. MASTER_ENTRY'!$C15="","",'1. MASTER_ENTRY'!$E15) | E15: =IF('1. MASTER_ENTRY'!$C15="","",'1. MASTER_ENTRY'!$O15) | F15: =IF('1. MASTER_ENTRY'!$C15="","",'1. MASTER_ENTRY'!$Q15) | G15: =IF('1. MASTER_ENTRY'!$C15="","",'1. MASTER_ENTRY'!$P15) | H15: =IF('1. MASTER_ENTRY'!$C15="","",'1. MASTER_ENTRY'!$S15) | I15: =IF('1. MASTER_ENTRY'!$C15="","",'1. MASTER_ENTRY'!$R15) | J15: =IF('1. MASTER_ENTRY'!$C15="","",'1. MASTER_ENTRY'!$T15)
... A63: =IF('1. MASTER_ENTRY'!$C63="","",'1. MASTER_ENTRY'!$A63) | B63: =IF('1. MASTER_ENTRY'!$C63="","",'1. MASTER_ENTRY'!$C63) | C63: =IF('1. MASTER_ENTRY'!$C63="","",'1. MASTER_ENTRY'!$M63) | D63: =IF('1. MASTER_ENTRY'!$C63="","",'1. MASTER_ENTRY'!$E63) | E63: =IF('1. MASTER_ENTRY'!$C63="","",'1. MASTER_ENTRY'!$O63) | F63: =IF('1. MASTER_ENTRY'!$C63="","",'1. MASTER_ENTRY'!$Q63) | G63: =IF('1. MASTER_ENTRY'!$C63="","",'1. MASTER_ENTRY'!$P63) | H63: =IF('1. MASTER_ENTRY'!$C63="","",'1. MASTER_ENTRY'!$S63) | I63: =IF('1. MASTER_ENTRY'!$C63="","",'1. MASTER_ENTRY'!$R63) | J63: =IF('1. MASTER_ENTRY'!$C63="","",'1. MASTER_ENTRY'!$T63)

Sheet 3. RISK_REGISTER
A1: RISK REGISTER - every case scored (RPN = Sev x Occ x Det)
A2: Read-only. RPN band drives escalation. Mitigation method & owner come from the case.
A3: RISK ID | B3: RISK / EXPOSURE | C3: CATEGORY | D3: SEV | E3: OCC | F3: DET | G3: RPN | H3: RPN BAND | I3: MITIGATION METHOD | J3: OWNER | K3: STATUS
A4: =IF('1. MASTER_ENTRY'!$C4="","",SUBSTITUTE('1. MASTER_ENTRY'!$A4,"CASE","RISK")) | B4: =IF('1. MASTER_ENTRY'!$C4="","",'1. MASTER_ENTRY'!$C4) | C4: =IF('1. MASTER_ENTRY'!$C4="","",'1. MASTER_ENTRY'!$D4) | D4: =IF('1. MASTER_ENTRY'!$C4="","",'1. MASTER_ENTRY'!$F4) | E4: =IF('1. MASTER_ENTRY'!$C4="","",'1. MASTER_ENTRY'!$G4) | F4: =IF('1. MASTER_ENTRY'!$C4="","",'1. MASTER_ENTRY'!$H4) | G4: =IF('1. MASTER_ENTRY'!$C4="","",'1. MASTER_ENTRY'!$I4) | H4: =IF('1. MASTER_ENTRY'!$C4="","",'1. MASTER_ENTRY'!$J4) | I4: =IF('1. MASTER_ENTRY'!$C4="","",'1. MASTER_ENTRY'!$L4) | J4: =IF('1. MASTER_ENTRY'!$C4="","",'1. MASTER_ENTRY'!$M4) | K4: =IF('1. MASTER_ENTRY'!$C4="","",'1. MASTER_ENTRY'!$R4)
A5: =IF('1. MASTER_ENTRY'!$C5="","",SUBSTITUTE('1. MASTER_ENTRY'!$A5,"CASE","RISK")) | B5: =IF('1. MASTER_ENTRY'!$C5="","",'1. MASTER_ENTRY'!$C5) | C5: =IF('1. MASTER_ENTRY'!$C5="","",'1. MASTER_ENTRY'!$D5) | D5: =IF('1. MASTER_ENTRY'!$C5="","",'1. MASTER_ENTRY'!$F5) | E5: =IF('1. MASTER_ENTRY'!$C5="","",'1. MASTER_ENTRY'!$G5) | F5: =IF('1. MASTER_ENTRY'!$C5="","",'1. MASTER_ENTRY'!$H5) | G5: =IF('1. MASTER_ENTRY'!$C5="","",'1. MASTER_ENTRY'!$I5) | H5: =IF('1. MASTER_ENTRY'!$C5="","",'1. MASTER_ENTRY'!$J5) | I5: =IF('1. MASTER_ENTRY'!$C5="","",'1. MASTER_ENTRY'!$L5) | J5: =IF('1. MASTER_ENTRY'!$C5="","",'1. MASTER_ENTRY'!$M5) | K5: =IF('1. MASTER_ENTRY'!$C5="","",'1. MASTER_ENTRY'!$R5)
A6: =IF('1. MASTER_ENTRY'!$C6="","",SUBSTITUTE('1. MASTER_ENTRY'!$A6,"CASE","RISK")) | B6: =IF('1. MASTER_ENTRY'!$C6="","",'1. MASTER_ENTRY'!$C6) | C6: =IF('1. MASTER_ENTRY'!$C6="","",'1. MASTER_ENTRY'!$D6) | D6: =IF('1. MASTER_ENTRY'!$C6="","",'1. MASTER_ENTRY'!$F6) | E6: =IF('1. MASTER_ENTRY'!$C6="","",'1. MASTER_ENTRY'!$G6) | F6: =IF('1. MASTER_ENTRY'!$C6="","",'1. MASTER_ENTRY'!$H6) | G6: =IF('1. MASTER_ENTRY'!$C6="","",'1. MASTER_ENTRY'!$I6) | H6: =IF('1. MASTER_ENTRY'!$C6="","",'1. MASTER_ENTRY'!$J6) | I6: =IF('1. MASTER_ENTRY'!$C6="","",'1. MASTER_ENTRY'!$L6) | J6: =IF('1. MASTER_ENTRY'!$C6="","",'1. MASTER_ENTRY'!$M6) | K6: =IF('1. MASTER_ENTRY'!$C6="","",'1. MASTER_ENTRY'!$R6)
A7: =IF('1. MASTER_ENTRY'!$C7="","",SUBSTITUTE('1. MASTER_ENTRY'!$A7,"CASE","RISK")) | B7: =IF('1. MASTER_ENTRY'!$C7="","",'1. MASTER_ENTRY'!$C7) | C7: =IF('1. MASTER_ENTRY'!$C7="","",'1. MASTER_ENTRY'!$D7) | D7: =IF('1. MASTER_ENTRY'!$C7="","",'1. MASTER_ENTRY'!$F7) | E7: =IF('1. MASTER_ENTRY'!$C7="","",'1. MASTER_ENTRY'!$G7) | F7: =IF('1. MASTER_ENTRY'!$C7="","",'1. MASTER_ENTRY'!$H7) | G7: =IF('1. MASTER_ENTRY'!$C7="","",'1. MASTER_ENTRY'!$I7) | H7: =IF('1. MASTER_ENTRY'!$C7="","",'1. MASTER_ENTRY'!$J7) | I7: =IF('1. MASTER_ENTRY'!$C7="","",'1. MASTER_ENTRY'!$L7) | J7: =IF('1. MASTER_ENTRY'!$C7="","",'1. MASTER_ENTRY'!$M7) | K7: =IF('1. MASTER_ENTRY'!$C7="","",'1. MASTER_ENTRY'!$R7)
A8: =IF('1. MASTER_ENTRY'!$C8="","",SUBSTITUTE('1. MASTER_ENTRY'!$A8,"CASE","RISK")) | B8: =IF('1. MASTER_ENTRY'!$C8="","",'1. MASTER_ENTRY'!$C8) | C8: =IF('1. MASTER_ENTRY'!$C8="","",'1. MASTER_ENTRY'!$D8) | D8: =IF('1. MASTER_ENTRY'!$C8="","",'1. MASTER_ENTRY'!$F8) | E8: =IF('1. MASTER_ENTRY'!$C8="","",'1. MASTER_ENTRY'!$G8) | F8: =IF('1. MASTER_ENTRY'!$C8="","",'1. MASTER_ENTRY'!$H8) | G8: =IF('1. MASTER_ENTRY'!$C8="","",'1. MASTER_ENTRY'!$I8) | H8: =IF('1. MASTER_ENTRY'!$C8="","",'1. MASTER_ENTRY'!$J8) | I8: =IF('1. MASTER_ENTRY'!$C8="","",'1. MASTER_ENTRY'!$L8) | J8: =IF('1. MASTER_ENTRY'!$C8="","",'1. MASTER_ENTRY'!$M8) | K8: =IF('1. MASTER_ENTRY'!$C8="","",'1. MASTER_ENTRY'!$R8)
A9: =IF('1. MASTER_ENTRY'!$C9="","",SUBSTITUTE('1. MASTER_ENTRY'!$A9,"CASE","RISK")) | B9: =IF('1. MASTER_ENTRY'!$C9="","",'1. MASTER_ENTRY'!$C9) | C9: =IF('1. MASTER_ENTRY'!$C9="","",'1. MASTER_ENTRY'!$D9) | D9: =IF('1. MASTER_ENTRY'!$C9="","",'1. MASTER_ENTRY'!$F9) | E9: =IF('1. MASTER_ENTRY'!$C9="","",'1. MASTER_ENTRY'!$G9) | F9: =IF('1. MASTER_ENTRY'!$C9="","",'1. MASTER_ENTRY'!$H9) | G9: =IF('1. MASTER_ENTRY'!$C9="","",'1. MASTER_ENTRY'!$I9) | H9: =IF('1. MASTER_ENTRY'!$C9="","",'1. MASTER_ENTRY'!$J9) | I9: =IF('1. MASTER_ENTRY'!$C9="","",'1. MASTER_ENTRY'!$L9) | J9: =IF('1. MASTER_ENTRY'!$C9="","",'1. MASTER_ENTRY'!$M9) | K9: =IF('1. MASTER_ENTRY'!$C9="","",'1. MASTER_ENTRY'!$R9)
A10: =IF('1. MASTER_ENTRY'!$C10="","",SUBSTITUTE('1. MASTER_ENTRY'!$A10,"CASE","RISK")) | B10: =IF('1. MASTER_ENTRY'!$C10="","",'1. MASTER_ENTRY'!$C10) | C10: =IF('1. MASTER_ENTRY'!$C10="","",'1. MASTER_ENTRY'!$D10) | D10: =IF('1. MASTER_ENTRY'!$C10="","",'1. MASTER_ENTRY'!$F10) | E10: =IF('1. MASTER_ENTRY'!$C10="","",'1. MASTER_ENTRY'!$G10) | F10: =IF('1. MASTER_ENTRY'!$C10="","",'1. MASTER_ENTRY'!$H10) | G10: =IF('1. MASTER_ENTRY'!$C10="","",'1. MASTER_ENTRY'!$I10) | H10: =IF('1. MASTER_ENTRY'!$C10="","",'1. MASTER_ENTRY'!$J10) | I10: =IF('1. MASTER_ENTRY'!$C10="","",'1. MASTER_ENTRY'!$L10) | J10: =IF('1. MASTER_ENTRY'!$C10="","",'1. MASTER_ENTRY'!$M10) | K10: =IF('1. MASTER_ENTRY'!$C10="","",'1. MASTER_ENTRY'!$R10)
A11: =IF('1. MASTER_ENTRY'!$C11="","",SUBSTITUTE('1. MASTER_ENTRY'!$A11,"CASE","RISK")) | B11: =IF('1. MASTER_ENTRY'!$C11="","",'1. MASTER_ENTRY'!$C11) | C11: =IF('1. MASTER_ENTRY'!$C11="","",'1. MASTER_ENTRY'!$D11) | D11: =IF('1. MASTER_ENTRY'!$C11="","",'1. MASTER_ENTRY'!$F11) | E11: =IF('1. MASTER_ENTRY'!$C11="","",'1. MASTER_ENTRY'!$G11) | F11: =IF('1. MASTER_ENTRY'!$C11="","",'1. MASTER_ENTRY'!$H11) | G11: =IF('1. MASTER_ENTRY'!$C11="","",'1. MASTER_ENTRY'!$I11) | H11: =IF('1. MASTER_ENTRY'!$C11="","",'1. MASTER_ENTRY'!$J11) | I11: =IF('1. MASTER_ENTRY'!$C11="","",'1. MASTER_ENTRY'!$L11) | J11: =IF('1. MASTER_ENTRY'!$C11="","",'1. MASTER_ENTRY'!$M11) | K11: =IF('1. MASTER_ENTRY'!$C11="","",'1. MASTER_ENTRY'!$R11)
A12: =IF('1. MASTER_ENTRY'!$C12="","",SUBSTITUTE('1. MASTER_ENTRY'!$A12,"CASE","RISK")) | B12: =IF('1. MASTER_ENTRY'!$C12="","",'1. MASTER_ENTRY'!$C12) | C12: =IF('1. MASTER_ENTRY'!$C12="","",'1. MASTER_ENTRY'!$D12) | D12: =IF('1. MASTER_ENTRY'!$C12="","",'1. MASTER_ENTRY'!$F12) | E12: =IF('1. MASTER_ENTRY'!$C12="","",'1. MASTER_ENTRY'!$G12) | F12: =IF('1. MASTER_ENTRY'!$C12="","",'1. MASTER_ENTRY'!$H12) | G12: =IF('1. MASTER_ENTRY'!$C12="","",'1. MASTER_ENTRY'!$I12) | H12: =IF('1. MASTER_ENTRY'!$C12="","",'1. MASTER_ENTRY'!$J12) | I12: =IF('1. MASTER_ENTRY'!$C12="","",'1. MASTER_ENTRY'!$L12) | J12: =IF('1. MASTER_ENTRY'!$C12="","",'1. MASTER_ENTRY'!$M12) | K12: =IF('1. MASTER_ENTRY'!$C12="","",'1. MASTER_ENTRY'!$R12)
A13: =IF('1. MASTER_ENTRY'!$C13="","",SUBSTITUTE('1. MASTER_ENTRY'!$A13,"CASE","RISK")) | B13: =IF('1. MASTER_ENTRY'!$C13="","",'1. MASTER_ENTRY'!$C13) | C13: =IF('1. MASTER_ENTRY'!$C13="","",'1. MASTER_ENTRY'!$D13) | D13: =IF('1. MASTER_ENTRY'!$C13="","",'1. MASTER_ENTRY'!$F13) | E13: =IF('1. MASTER_ENTRY'!$C13="","",'1. MASTER_ENTRY'!$G13) | F13: =IF('1. MASTER_ENTRY'!$C13="","",'1. MASTER_ENTRY'!$H13) | G13: =IF('1. MASTER_ENTRY'!$C13="","",'1. MASTER_ENTRY'!$I13) | H13: =IF('1. MASTER_ENTRY'!$C13="","",'1. MASTER_ENTRY'!$J13) | I13: =IF('1. MASTER_ENTRY'!$C13="","",'1. MASTER_ENTRY'!$L13) | J13: =IF('1. MASTER_ENTRY'!$C13="","",'1. MASTER_ENTRY'!$M13) | K13: =IF('1. MASTER_ENTRY'!$C13="","",'1. MASTER_ENTRY'!$R13)
A14: =IF('1. MASTER_ENTRY'!$C14="","",SUBSTITUTE('1. MASTER_ENTRY'!$A14,"CASE","RISK")) | B14: =IF('1. MASTER_ENTRY'!$C14="","",'1. MASTER_ENTRY'!$C14) | C14: =IF('1. MASTER_ENTRY'!$C14="","",'1. MASTER_ENTRY'!$D14) | D14: =IF('1. MASTER_ENTRY'!$C14="","",'1. MASTER_ENTRY'!$F14) | E14: =IF('1. MASTER_ENTRY'!$C14="","",'1. MASTER_ENTRY'!$G14) | F14: =IF('1. MASTER_ENTRY'!$C14="","",'1. MASTER_ENTRY'!$H14) | G14: =IF('1. MASTER_ENTRY'!$C14="","",'1. MASTER_ENTRY'!$I14) | H14: =IF('1. MASTER_ENTRY'!$C14="","",'1. MASTER_ENTRY'!$J14) | I14: =IF('1. MASTER_ENTRY'!$C14="","",'1. MASTER_ENTRY'!$L14) | J14: =IF('1. MASTER_ENTRY'!$C14="","",'1. MASTER_ENTRY'!$M14) | K14: =IF('1. MASTER_ENTRY'!$C14="","",'1. MASTER_ENTRY'!$R14)
A15: =IF('1. MASTER_ENTRY'!$C15="","",SUBSTITUTE('1. MASTER_ENTRY'!$A15,"CASE","RISK")) | B15: =IF('1. MASTER_ENTRY'!$C15="","",'1. MASTER_ENTRY'!$C15) | C15: =IF('1. MASTER_ENTRY'!$C15="","",'1. MASTER_ENTRY'!$D15) | D15: =IF('1. MASTER_ENTRY'!$C15="","",'1. MASTER_ENTRY'!$F15) | E15: =IF('1. MASTER_ENTRY'!$C15="","",'1. MASTER_ENTRY'!$G15) | F15: =IF('1. MASTER_ENTRY'!$C15="","",'1. MASTER_ENTRY'!$H15) | G15: =IF('1. MASTER_ENTRY'!$C15="","",'1. MASTER_ENTRY'!$I15) | H15: =IF('1. MASTER_ENTRY'!$C15="","",'1. MASTER_ENTRY'!$J15) | I15: =IF('1. MASTER_ENTRY'!$C15="","",'1. MASTER_ENTRY'!$L15) | J15: =IF('1. MASTER_ENTRY'!$C15="","",'1. MASTER_ENTRY'!$M15) | K15: =IF('1. MASTER_ENTRY'!$C15="","",'1. MASTER_ENTRY'!$R15)
... A63: =IF('1. MASTER_ENTRY'!$C63="","",SUBSTITUTE('1. MASTER_ENTRY'!$A63,"CASE","RISK")) | B63: =IF('1. MASTER_ENTRY'!$C63="","",'1. MASTER_ENTRY'!$C63) | C63: =IF('1. MASTER_ENTRY'!$C63="","",'1. MASTER_ENTRY'!$D63) | D63: =IF('1. MASTER_ENTRY'!$C63="","",'1. MASTER_ENTRY'!$F63) | E63: =IF('1. MASTER_ENTRY'!$C63="","",'1. MASTER_ENTRY'!$G63) | F63: =IF('1. MASTER_ENTRY'!$C63="","",'1. MASTER_ENTRY'!$H63) | G63: =IF('1. MASTER_ENTRY'!$C63="","",'1. MASTER_ENTRY'!$I63) | H63: =IF('1. MASTER_ENTRY'!$C63="","",'1. MASTER_ENTRY'!$J63) | I63: =IF('1. MASTER_ENTRY'!$C63="","",'1. MASTER_ENTRY'!$L63) | J63: =IF('1. MASTER_ENTRY'!$C63="","",'1. MASTER_ENTRY'!$M63) | K63: =IF('1. MASTER_ENTRY'!$C63="","",'1. MASTER_ENTRY'!$R63)

Sheet 4. FMEA
A1: FMEA - Failure Mode & Effects Analysis (auto from cases)
A2: Read-only. Area=category, Failure=problem, Cause=root cause. RPN & action auto-fill.
A3: CASE ID | B3: PROCESS / AREA | C3: FAILURE MODE (problem) | D3: POTENTIAL CAUSE | E3: SEV | F3: OCC | G3: DET | H3: RPN | I3: BAND | J3: RECOMMENDED ACTION (AI) | K3: OWNER | L3: STATUS
A4: =IF('1. MASTER_ENTRY'!$C4="","",'1. MASTER_ENTRY'!$A4) | B4: =IF('1. MASTER_ENTRY'!$C4="","",'1. MASTER_ENTRY'!$D4) | C4: =IF('1. MASTER_ENTRY'!$C4="","",'1. MASTER_ENTRY'!$C4) | D4: =IF('1. MASTER_ENTRY'!$C4="","",'1. MASTER_ENTRY'!$K4) | E4: =IF('1. MASTER_ENTRY'!$C4="","",'1. MASTER_ENTRY'!$F4) | F4: =IF('1. MASTER_ENTRY'!$C4="","",'1. MASTER_ENTRY'!$G4) | G4: =IF('1. MASTER_ENTRY'!$C4="","",'1. MASTER_ENTRY'!$H4) | H4: =IF('1. MASTER_ENTRY'!$C4="","",'1. MASTER_ENTRY'!$I4) | I4: =IF('1. MASTER_ENTRY'!$C4="","",'1. MASTER_ENTRY'!$J4) | J4: =IF('1. MASTER_ENTRY'!$C4="","",'1. MASTER_ENTRY'!$U4) | K4: =IF('1. MASTER_ENTRY'!$C4="","",'1. MASTER_ENTRY'!$M4) | L4: =IF('1. MASTER_ENTRY'!$C4="","",'1. MASTER_ENTRY'!$R4)
A5: =IF('1. MASTER_ENTRY'!$C5="","",'1. MASTER_ENTRY'!$A5) | B5: =IF('1. MASTER_ENTRY'!$C5="","",'1. MASTER_ENTRY'!$D5) | C5: =IF('1. MASTER_ENTRY'!$C5="","",'1. MASTER_ENTRY'!$C5) | D5: =IF('1. MASTER_ENTRY'!$C5="","",'1. MASTER_ENTRY'!$K5) | E5: =IF('1. MASTER_ENTRY'!$C5="","",'1. MASTER_ENTRY'!$F5) | F5: =IF('1. MASTER_ENTRY'!$C5="","",'1. MASTER_ENTRY'!$G5) | G5: =IF('1. MASTER_ENTRY'!$C5="","",'1. MASTER_ENTRY'!$H5) | H5: =IF('1. MASTER_ENTRY'!$C5="","",'1. MASTER_ENTRY'!$I5) | I5: =IF('1. MASTER_ENTRY'!$C5="","",'1. MASTER_ENTRY'!$J5) | J5: =IF('1. MASTER_ENTRY'!$C5="","",'1. MASTER_ENTRY'!$U5) | K5: =IF('1. MASTER_ENTRY'!$C5="","",'1. MASTER_ENTRY'!$M5) | L5: =IF('1. MASTER_ENTRY'!$C5="","",'1. MASTER_ENTRY'!$R5)
A6: =IF('1. MASTER_ENTRY'!$C6="","",'1. MASTER_ENTRY'!$A6) | B6: =IF('1. MASTER_ENTRY'!$C6="","",'1. MASTER_ENTRY'!$D6) | C6: =IF('1. MASTER_ENTRY'!$C6="","",'1. MASTER_ENTRY'!$C6) | D6: =IF('1. MASTER_ENTRY'!$C6="","",'1. MASTER_ENTRY'!$K6) | E6: =IF('1. MASTER_ENTRY'!$C6="","",'1. MASTER_ENTRY'!$F6) | F6: =IF('1. MASTER_ENTRY'!$C6="","",'1. MASTER_ENTRY'!$G6) | G6: =IF('1. MASTER_ENTRY'!$C6="","",'1. MASTER_ENTRY'!$H6) | H6: =IF('1. MASTER_ENTRY'!$C6="","",'1. MASTER_ENTRY'!$I6) | I6: =IF('1. MASTER_ENTRY'!$C6="","",'1. MASTER_ENTRY'!$J6) | J6: =IF('1. MASTER_ENTRY'!$C6="","",'1. MASTER_ENTRY'!$U6) | K6: =IF('1. MASTER_ENTRY'!$C6="","",'1. MASTER_ENTRY'!$M6) | L6: =IF('1. MASTER_ENTRY'!$C6="","",'1. MASTER_ENTRY'!$R6)
A7: =IF('1. MASTER_ENTRY'!$C7="","",'1. MASTER_ENTRY'!$A7) | B7: =IF('1. MASTER_ENTRY'!$C7="","",'1. MASTER_ENTRY'!$D7) | C7: =IF('1. MASTER_ENTRY'!$C7="","",'1. MASTER_ENTRY'!$C7) | D7: =IF('1. MASTER_ENTRY'!$C7="","",'1. MASTER_ENTRY'!$K7) | E7: =IF('1. MASTER_ENTRY'!$C7="","",'1. MASTER_ENTRY'!$F7) | F7: =IF('1. MASTER_ENTRY'!$C7="","",'1. MASTER_ENTRY'!$G7) | G7: =IF('1. MASTER_ENTRY'!$C7="","",'1. MASTER_ENTRY'!$H7) | H7: =IF('1. MASTER_ENTRY'!$C7="","",'1. MASTER_ENTRY'!$I7) | I7: =IF('1. MASTER_ENTRY'!$C7="","",'1. MASTER_ENTRY'!$J7) | J7: =IF('1. MASTER_ENTRY'!$C7="","",'1. MASTER_ENTRY'!$U7) | K7: =IF('1. MASTER_ENTRY'!$C7="","",'1. MASTER_ENTRY'!$M7) | L7: =IF('1. MASTER_ENTRY'!$C7="","",'1. MASTER_ENTRY'!$R7)
A8: =IF('1. MASTER_ENTRY'!$C8="","",'1. MASTER_ENTRY'!$A8) | B8: =IF('1. MASTER_ENTRY'!$C8="","",'1. MASTER_ENTRY'!$D8) | C8: =IF('1. MASTER_ENTRY'!$C8="","",'1. MASTER_ENTRY'!$C8) | D8: =IF('1. MASTER_ENTRY'!$C8="","",'1. MASTER_ENTRY'!$K8) | E8: =IF('1. MASTER_ENTRY'!$C8="","",'1. MASTER_ENTRY'!$F8) | F8: =IF('1. MASTER_ENTRY'!$C8="","",'1. MASTER_ENTRY'!$G8) | G8: =IF('1. MASTER_ENTRY'!$C8="","",'1. MASTER_ENTRY'!$H8) | H8: =IF('1. MASTER_ENTRY'!$C8="","",'1. MASTER_ENTRY'!$I8) | I8: =IF('1. MASTER_ENTRY'!$C8="","",'1. MASTER_ENTRY'!$J8) | J8: =IF('1. MASTER_ENTRY'!$C8="","",'1. MASTER_ENTRY'!$U8) | K8: =IF('1. MASTER_ENTRY'!$C8="","",'1. MASTER_ENTRY'!$M8) | L8: =IF('1. MASTER_ENTRY'!$C8="","",'1. MASTER_ENTRY'!$R8)
A9: =IF('1. MASTER_ENTRY'!$C9="","",'1. MASTER_ENTRY'!$A9) | B9: =IF('1. MASTER_ENTRY'!$C9="","",'1. MASTER_ENTRY'!$D9) | C9: =IF('1. MASTER_ENTRY'!$C9="","",'1. MASTER_ENTRY'!$C9) | D9: =IF('1. MASTER_ENTRY'!$C9="","",'1. MASTER_ENTRY'!$K9) | E9: =IF('1. MASTER_ENTRY'!$C9="","",'1. MASTER_ENTRY'!$F9) | F9: =IF('1. MASTER_ENTRY'!$C9="","",'1. MASTER_ENTRY'!$G9) | G9: =IF('1. MASTER_ENTRY'!$C9="","",'1. MASTER_ENTRY'!$H9) | H9: =IF('1. MASTER_ENTRY'!$C9="","",'1. MASTER_ENTRY'!$I9) | I9: =IF('1. MASTER_ENTRY'!$C9="","",'1. MASTER_ENTRY'!$J9) | J9: =IF('1. MASTER_ENTRY'!$C9="","",'1. MASTER_ENTRY'!$U9) | K9: =IF('1. MASTER_ENTRY'!$C9="","",'1. MASTER_ENTRY'!$M9) | L9: =IF('1. MASTER_ENTRY'!$C9="","",'1. MASTER_ENTRY'!$R9)
A10: =IF('1. MASTER_ENTRY'!$C10="","",'1. MASTER_ENTRY'!$A10) | B10: =IF('1. MASTER_ENTRY'!$C10="","",'1. MASTER_ENTRY'!$D10) | C10: =IF('1. MASTER_ENTRY'!$C10="","",'1. MASTER_ENTRY'!$C10) | D10: =IF('1. MASTER_ENTRY'!$C10="","",'1. MASTER_ENTRY'!$K10) | E10: =IF('1. MASTER_ENTRY'!$C10="","",'1. MASTER_ENTRY'!$F10) | F10: =IF('1. MASTER_ENTRY'!$C10="","",'1. MASTER_ENTRY'!$G10) | G10: =IF('1. MASTER_ENTRY'!$C10="","",'1. MASTER_ENTRY'!$H10) | H10: =IF('1. MASTER_ENTRY'!$C10="","",'1. MASTER_ENTRY'!$I10) | I10: =IF('1. MASTER_ENTRY'!$C10="","",'1. MASTER_ENTRY'!$J10) | J10: =IF('1. MASTER_ENTRY'!$C10="","",'1. MASTER_ENTRY'!$U10) | K10: =IF('1. MASTER_ENTRY'!$C10="","",'1. MASTER_ENTRY'!$M10) | L10: =IF('1. MASTER_ENTRY'!$C10="","",'1. MASTER_ENTRY'!$R10)
A11: =IF('1. MASTER_ENTRY'!$C11="","",'1. MASTER_ENTRY'!$A11) | B11: =IF('1. MASTER_ENTRY'!$C11="","",'1. MASTER_ENTRY'!$D11) | C11: =IF('1. MASTER_ENTRY'!$C11="","",'1. MASTER_ENTRY'!$C11) | D11: =IF('1. MASTER_ENTRY'!$C11="","",'1. MASTER_ENTRY'!$K11) | E11: =IF('1. MASTER_ENTRY'!$C11="","",'1. MASTER_ENTRY'!$F11) | F11: =IF('1. MASTER_ENTRY'!$C11="","",'1. MASTER_ENTRY'!$G11) | G11: =IF('1. MASTER_ENTRY'!$C11="","",'1. MASTER_ENTRY'!$H11) | H11: =IF('1. MASTER_ENTRY'!$C11="","",'1. MASTER_ENTRY'!$I11) | I11: =IF('1. MASTER_ENTRY'!$C11="","",'1. MASTER_ENTRY'!$J11) | J11: =IF('1. MASTER_ENTRY'!$C11="","",'1. MASTER_ENTRY'!$U11) | K11: =IF('1. MASTER_ENTRY'!$C11="","",'1. MASTER_ENTRY'!$M11) | L11: =IF('1. MASTER_ENTRY'!$C11="","",'1. MASTER_ENTRY'!$R11)
A12: =IF('1. MASTER_ENTRY'!$C12="","",'1. MASTER_ENTRY'!$A12) | B12: =IF('1. MASTER_ENTRY'!$C12="","",'1. MASTER_ENTRY'!$D12) | C12: =IF('1. MASTER_ENTRY'!$C12="","",'1. MASTER_ENTRY'!$C12) | D12: =IF('1. MASTER_ENTRY'!$C12="","",'1. MASTER_ENTRY'!$K12) | E12: =IF('1. MASTER_ENTRY'!$C12="","",'1. MASTER_ENTRY'!$F12) | F12: =IF('1. MASTER_ENTRY'!$C12="","",'1. MASTER_ENTRY'!$G12) | G12: =IF('1. MASTER_ENTRY'!$C12="","",'1. MASTER_ENTRY'!$H12) | H12: =IF('1. MASTER_ENTRY'!$C12="","",'1. MASTER_ENTRY'!$I12) | I12: =IF('1. MASTER_ENTRY'!$C12="","",'1. MASTER_ENTRY'!$J12) | J12: =IF('1. MASTER_ENTRY'!$C12="","",'1. MASTER_ENTRY'!$U12) | K12: =IF('1. MASTER_ENTRY'!$C12="","",'1. MASTER_ENTRY'!$M12) | L12: =IF('1. MASTER_ENTRY'!$C12="","",'1. MASTER_ENTRY'!$R12)
A13: =IF('1. MASTER_ENTRY'!$C13="","",'1. MASTER_ENTRY'!$A13) | B13: =IF('1. MASTER_ENTRY'!$C13="","",'1. MASTER_ENTRY'!$D13) | C13: =IF('1. MASTER_ENTRY'!$C13="","",'1. MASTER_ENTRY'!$C13) | D13: =IF('1. MASTER_ENTRY'!$C13="","",'1. MASTER_ENTRY'!$K13) | E13: =IF('1. MASTER_ENTRY'!$C13="","",'1. MASTER_ENTRY'!$F13) | F13: =IF('1. MASTER_ENTRY'!$C13="","",'1. MASTER_ENTRY'!$G13) | G13: =IF('1. MASTER_ENTRY'!$C13="","",'1. MASTER_ENTRY'!$H13) | H13: =IF('1. MASTER_ENTRY'!$C13="","",'1. MASTER_ENTRY'!$I13) | I13: =IF('1. MASTER_ENTRY'!$C13="","",'1. MASTER_ENTRY'!$J13) | J13: =IF('1. MASTER_ENTRY'!$C13="","",'1. MASTER_ENTRY'!$U13) | K13: =IF('1. MASTER_ENTRY'!$C13="","",'1. MASTER_ENTRY'!$M13) | L13: =IF('1. MASTER_ENTRY'!$C13="","",'1. MASTER_ENTRY'!$R13)
A14: =IF('1. MASTER_ENTRY'!$C14="","",'1. MASTER_ENTRY'!$A14) | B14: =IF('1. MASTER_ENTRY'!$C14="","",'1. MASTER_ENTRY'!$D14) | C14: =IF('1. MASTER_ENTRY'!$C14="","",'1. MASTER_ENTRY'!$C14) | D14: =IF('1. MASTER_ENTRY'!$C14="","",'1. MASTER_ENTRY'!$K14) | E14: =IF('1. MASTER_ENTRY'!$C14="","",'1. MASTER_ENTRY'!$F14) | F14: =IF('1. MASTER_ENTRY'!$C14="","",'1. MASTER_ENTRY'!$G14) | G14: =IF('1. MASTER_ENTRY'!$C14="","",'1. MASTER_ENTRY'!$H14) | H14: =IF('1. MASTER_ENTRY'!$C14="","",'1. MASTER_ENTRY'!$I14) | I14: =IF('1. MASTER_ENTRY'!$C14="","",'1. MASTER_ENTRY'!$J14) | J14: =IF('1. MASTER_ENTRY'!$C14="","",'1. MASTER_ENTRY'!$U14) | K14: =IF('1. MASTER_ENTRY'!$C14="","",'1. MASTER_ENTRY'!$M14) | L14: =IF('1. MASTER_ENTRY'!$C14="","",'1. MASTER_ENTRY'!$R14)
A15: =IF('1. MASTER_ENTRY'!$C15="","",'1. MASTER_ENTRY'!$A15) | B15: =IF('1. MASTER_ENTRY'!$C15="","",'1. MASTER_ENTRY'!$D15) | C15: =IF('1. MASTER_ENTRY'!$C15="","",'1. MASTER_ENTRY'!$C15) | D15: =IF('1. MASTER_ENTRY'!$C15="","",'1. MASTER_ENTRY'!$K15) | E15: =IF('1. MASTER_ENTRY'!$C15="","",'1. MASTER_ENTRY'!$F15) | F15: =IF('1. MASTER_ENTRY'!$C15="","",'1. MASTER_ENTRY'!$G15) | G15: =IF('1. MASTER_ENTRY'!$C15="","",'1. MASTER_ENTRY'!$H15) | H15: =IF('1. MASTER_ENTRY'!$C15="","",'1. MASTER_ENTRY'!$I15) | I15: =IF('1. MASTER_ENTRY'!$C15="","",'1. MASTER_ENTRY'!$J15) | J15: =IF('1. MASTER_ENTRY'!$C15="","",'1. MASTER_ENTRY'!$U15) | K15: =IF('1. MASTER_ENTRY'!$C15="","",'1. MASTER_ENTRY'!$M15) | L15: =IF('1. MASTER_ENTRY'!$C15="","",'1. MASTER_ENTRY'!$R15)
... A63: =IF('1. MASTER_ENTRY'!$C63="","",'1. MASTER_ENTRY'!$A63) | B63: =IF('1. MASTER_ENTRY'!$C63="","",'1. MASTER_ENTRY'!$D63) | C63: =IF('1. MASTER_ENTRY'!$C63="","",'1. MASTER_ENTRY'!$C63) | D63: =IF('1. MASTER_ENTRY'!$C63="","",'1. MASTER_ENTRY'!$K63) | E63: =IF('1. MASTER_ENTRY'!$C63="","",'1. MASTER_ENTRY'!$F63) | F63: =IF('1. MASTER_ENTRY'!$C63="","",'1. MASTER_ENTRY'!$G63) | G63: =IF('1. MASTER_ENTRY'!$C63="","",'1. MASTER_ENTRY'!$H63) | H63: =IF('1. MASTER_ENTRY'!$C63="","",'1. MASTER_ENTRY'!$I63) | I63: =IF('1. MASTER_ENTRY'!$C63="","",'1. MASTER_ENTRY'!$J63) | J63: =IF('1. MASTER_ENTRY'!$C63="","",'1. MASTER_ENTRY'!$U63) | K63: =IF('1. MASTER_ENTRY'!$C63="","",'1. MASTER_ENTRY'!$M63) | L63: =IF('1. MASTER_ENTRY'!$C63="","",'1. MASTER_ENTRY'!$R63)

Sheet 5. PDCA
A1: PDCA CYCLES - one Plan-Do-Check-Act loop per case
A2: Read-only. PLAN=problem, DO=root cause+method, CHECK=target, ACT=AI recommendation.
A3: CASE ID | B3: CYCLE | C3: PLAN (problem) | D3: DO (root cause + method) | E3: CHECK (target) | F3: ACT (AI next step) | G3: STATUS
A4: =IF('1. MASTER_ENTRY'!$C4="","",'1. MASTER_ENTRY'!$A4) | B4: =IF('1. MASTER_ENTRY'!$C4="","","Cycle "&(4-4+1)) | C4: =IF('1. MASTER_ENTRY'!$C4="","",'1. MASTER_ENTRY'!$C4) | D4: =IF('1. MASTER_ENTRY'!$C4="","",'1. MASTER_ENTRY'!$K4&" -> "&'1. MASTER_ENTRY'!$L4) | E4: =IF('1. MASTER_ENTRY'!$C4="","",'1. MASTER_ENTRY'!$N4) | F4: =IF('1. MASTER_ENTRY'!$C4="","",'1. MASTER_ENTRY'!$U4) | G4: =IF('1. MASTER_ENTRY'!$C4="","",'1. MASTER_ENTRY'!$R4)
A5: =IF('1. MASTER_ENTRY'!$C5="","",'1. MASTER_ENTRY'!$A5) | B5: =IF('1. MASTER_ENTRY'!$C5="","","Cycle "&(5-4+1)) | C5: =IF('1. MASTER_ENTRY'!$C5="","",'1. MASTER_ENTRY'!$C5) | D5: =IF('1. MASTER_ENTRY'!$C5="","",'1. MASTER_ENTRY'!$K5&" -> "&'1. MASTER_ENTRY'!$L5) | E5: =IF('1. MASTER_ENTRY'!$C5="","",'1. MASTER_ENTRY'!$N5) | F5: =IF('1. MASTER_ENTRY'!$C5="","",'1. MASTER_ENTRY'!$U5) | G5: =IF('1. MASTER_ENTRY'!$C5="","",'1. MASTER_ENTRY'!$R5)
A6: =IF('1. MASTER_ENTRY'!$C6="","",'1. MASTER_ENTRY'!$A6) | B6: =IF('1. MASTER_ENTRY'!$C6="","","Cycle "&(6-4+1)) | C6: =IF('1. MASTER_ENTRY'!$C6="","",'1. MASTER_ENTRY'!$C6) | D6: =IF('1. MASTER_ENTRY'!$C6="","",'1. MASTER_ENTRY'!$K6&" -> "&'1. MASTER_ENTRY'!$L6) | E6: =IF('1. MASTER_ENTRY'!$C6="","",'1. MASTER_ENTRY'!$N6) | F6: =IF('1. MASTER_ENTRY'!$C6="","",'1. MASTER_ENTRY'!$U6) | G6: =IF('1. MASTER_ENTRY'!$C6="","",'1. MASTER_ENTRY'!$R6)
A7: =IF('1. MASTER_ENTRY'!$C7="","",'1. MASTER_ENTRY'!$A7) | B7: =IF('1. MASTER_ENTRY'!$C7="","","Cycle "&(7-4+1)) | C7: =IF('1. MASTER_ENTRY'!$C7="","",'1. MASTER_ENTRY'!$C7) | D7: =IF('1. MASTER_ENTRY'!$C7="","",'1. MASTER_ENTRY'!$K7&" -> "&'1. MASTER_ENTRY'!$L7) | E7: =IF('1. MASTER_ENTRY'!$C7="","",'1. MASTER_ENTRY'!$N7) | F7: =IF('1. MASTER_ENTRY'!$C7="","",'1. MASTER_ENTRY'!$U7) | G7: =IF('1. MASTER_ENTRY'!$C7="","",'1. MASTER_ENTRY'!$R7)
A8: =IF('1. MASTER_ENTRY'!$C8="","",'1. MASTER_ENTRY'!$A8) | B8: =IF('1. MASTER_ENTRY'!$C8="","","Cycle "&(8-4+1)) | C8: =IF('1. MASTER_ENTRY'!$C8="","",'1. MASTER_ENTRY'!$C8) | D8: =IF('1. MASTER_ENTRY'!$C8="","",'1. MASTER_ENTRY'!$K8&" -> "&'1. MASTER_ENTRY'!$L8) | E8: =IF('1. MASTER_ENTRY'!$C8="","",'1. MASTER_ENTRY'!$N8) | F8: =IF('1. MASTER_ENTRY'!$C8="","",'1. MASTER_ENTRY'!$U8) | G8: =IF('1. MASTER_ENTRY'!$C8="","",'1. MASTER_ENTRY'!$R8)
A9: =IF('1. MASTER_ENTRY'!$C9="","",'1. MASTER_ENTRY'!$A9) | B9: =IF('1. MASTER_ENTRY'!$C9="","","Cycle "&(9-4+1)) | C9: =IF('1. MASTER_ENTRY'!$C9="","",'1. MASTER_ENTRY'!$C9) | D9: =IF('1. MASTER_ENTRY'!$C9="","",'1. MASTER_ENTRY'!$K9&" -> "&'1. MASTER_ENTRY'!$L9) | E9: =IF('1. MASTER_ENTRY'!$C9="","",'1. MASTER_ENTRY'!$N9) | F9: =IF('1. MASTER_ENTRY'!$C9="","",'1. MASTER_ENTRY'!$U9) | G9: =IF('1. MASTER_ENTRY'!$C9="","",'1. MASTER_ENTRY'!$R9)
A10: =IF('1. MASTER_ENTRY'!$C10="","",'1. MASTER_ENTRY'!$A10) | B10: =IF('1. MASTER_ENTRY'!$C10="","","Cycle "&(10-4+1)) | C10: =IF('1. MASTER_ENTRY'!$C10="","",'1. MASTER_ENTRY'!$C10) | D10: =IF('1. MASTER_ENTRY'!$C10="","",'1. MASTER_ENTRY'!$K10&" -> "&'1. MASTER_ENTRY'!$L10) | E10: =IF('1. MASTER_ENTRY'!$C10="","",'1. MASTER_ENTRY'!$N10) | F10: =IF('1. MASTER_ENTRY'!$C10="","",'1. MASTER_ENTRY'!$U10) | G10: =IF('1. MASTER_ENTRY'!$C10="","",'1. MASTER_ENTRY'!$R10)
A11: =IF('1. MASTER_ENTRY'!$C11="","",'1. MASTER_ENTRY'!$A11) | B11: =IF('1. MASTER_ENTRY'!$C11="","","Cycle "&(11-4+1)) | C11: =IF('1. MASTER_ENTRY'!$C11="","",'1. MASTER_ENTRY'!$C11) | D11: =IF('1. MASTER_ENTRY'!$C11="","",'1. MASTER_ENTRY'!$K11&" -> "&'1. MASTER_ENTRY'!$L11) | E11: =IF('1. MASTER_ENTRY'!$C11="","",'1. MASTER_ENTRY'!$N11) | F11: =IF('1. MASTER_ENTRY'!$C11="","",'1. MASTER_ENTRY'!$U11) | G11: =IF('1. MASTER_ENTRY'!$C11="","",'1. MASTER_ENTRY'!$R11)
A12: =IF('1. MASTER_ENTRY'!$C12="","",'1. MASTER_ENTRY'!$A12) | B12: =IF('1. MASTER_ENTRY'!$C12="","","Cycle "&(12-4+1)) | C12: =IF('1. MASTER_ENTRY'!$C12="","",'1. MASTER_ENTRY'!$C12) | D12: =IF('1. MASTER_ENTRY'!$C12="","",'1. MASTER_ENTRY'!$K12&" -> "&'1. MASTER_ENTRY'!$L12) | E12: =IF('1. MASTER_ENTRY'!$C12="","",'1. MASTER_ENTRY'!$N12) | F12: =IF('1. MASTER_ENTRY'!$C12="","",'1. MASTER_ENTRY'!$U12) | G12: =IF('1. MASTER_ENTRY'!$C12="","",'1. MASTER_ENTRY'!$R12)
A13: =IF('1. MASTER_ENTRY'!$C13="","",'1. MASTER_ENTRY'!$A13) | B13: =IF('1. MASTER_ENTRY'!$C13="","","Cycle "&(13-4+1)) | C13: =IF('1. MASTER_ENTRY'!$C13="","",'1. MASTER_ENTRY'!$C13) | D13: =IF('1. MASTER_ENTRY'!$C13="","",'1. MASTER_ENTRY'!$K13&" -> "&'1. MASTER_ENTRY'!$L13) | E13: =IF('1. MASTER_ENTRY'!$C13="","",'1. MASTER_ENTRY'!$N13) | F13: =IF('1. MASTER_ENTRY'!$C13="","",'1. MASTER_ENTRY'!$U13) | G13: =IF('1. MASTER_ENTRY'!$C13="","",'1. MASTER_ENTRY'!$R13)
A14: =IF('1. MASTER_ENTRY'!$C14="","",'1. MASTER_ENTRY'!$A14) | B14: =IF('1. MASTER_ENTRY'!$C14="","","Cycle "&(14-4+1)) | C14: =IF('1. MASTER_ENTRY'!$C14="","",'1. MASTER_ENTRY'!$C14) | D14: =IF('1. MASTER_ENTRY'!$C14="","",'1. MASTER_ENTRY'!$K14&" -> "&'1. MASTER_ENTRY'!$L14) | E14: =IF('1. MASTER_ENTRY'!$C14="","",'1. MASTER_ENTRY'!$N14) | F14: =IF('1. MASTER_ENTRY'!$C14="","",'1. MASTER_ENTRY'!$U14) | G14: =IF('1. MASTER_ENTRY'!$C14="","",'1. MASTER_ENTRY'!$R14)
A15: =IF('1. MASTER_ENTRY'!$C15="","",'1. MASTER_ENTRY'!$A15) | B15: =IF('1. MASTER_ENTRY'!$C15="","","Cycle "&(15-4+1)) | C15: =IF('1. MASTER_ENTRY'!$C15="","",'1. MASTER_ENTRY'!$C15) | D15: =IF('1. MASTER_ENTRY'!$C15="","",'1. MASTER_ENTRY'!$K15&" -> "&'1. MASTER_ENTRY'!$L15) | E15: =IF('1. MASTER_ENTRY'!$C15="","",'1. MASTER_ENTRY'!$N15) | F15: =IF('1. MASTER_ENTRY'!$C15="","",'1. MASTER_ENTRY'!$U15) | G15: =IF('1. MASTER_ENTRY'!$C15="","",'1. MASTER_ENTRY'!$R15)
A16: =IF('1. MASTER_ENTRY'!$C16="","",'1. MASTER_ENTRY'!$A16) | B16: =IF('1. MASTER_ENTRY'!$C16="","","Cycle "&(16-4+1)) | C16: =IF('1. MASTER_ENTRY'!$C16="","",'1. MASTER_ENTRY'!$C16) | D16: =IF('1. MASTER_ENTRY'!$C16="","",'1. MASTER_ENTRY'!$K16&" -> "&'1. MASTER_ENTRY'!$L16) | E16: =IF('1. MASTER_ENTRY'!$C16="","",'1. MASTER_ENTRY'!$N16) | F16: =IF('1. MASTER_ENTRY'!$C16="","",'1. MASTER_ENTRY'!$U16) | G16: =IF('1. MASTER_ENTRY'!$C16="","",'1. MASTER_ENTRY'!$R16)
A17: =IF('1. MASTER_ENTRY'!$C17="","",'1. MASTER_ENTRY'!$A17) | B17: =IF('1. MASTER_ENTRY'!$C17="","","Cycle "&(17-4+1)) | C17: =IF('1. MASTER_ENTRY'!$C17="","",'1. MASTER_ENTRY'!$C17) | D17: =IF('1. MASTER_ENTRY'!$C17="","",'1. MASTER_ENTRY'!$K17&" -> "&'1. MASTER_ENTRY'!$L17) | E17: =IF('1. MASTER_ENTRY'!$C17="","",'1. MASTER_ENTRY'!$N17) | F17: =IF('1. MASTER_ENTRY'!$C17="","",'1. MASTER_ENTRY'!$U17) | G17: =IF('1. MASTER_ENTRY'!$C17="","",'1. MASTER_ENTRY'!$R17)
A18: =IF('1. MASTER_ENTRY'!$C18="","",'1. MASTER_ENTRY'!$A18) | B18: =IF('1. MASTER_ENTRY'!$C18="","","Cycle "&(18-4+1)) | C18: =IF('1. MASTER_ENTRY'!$C18="","",'1. MASTER_ENTRY'!$C18) | D18: =IF('1. MASTER_ENTRY'!$C18="","",'1. MASTER_ENTRY'!$K18&" -> "&'1. MASTER_ENTRY'!$L18) | E18: =IF('1. MASTER_ENTRY'!$C18="","",'1. MASTER_ENTRY'!$N18) | F18: =IF('1. MASTER_ENTRY'!$C18="","",'1. MASTER_ENTRY'!$U18) | G18: =IF('1. MASTER_ENTRY'!$C18="","",'1. MASTER_ENTRY'!$R18)
A19: =IF('1. MASTER_ENTRY'!$C19="","",'1. MASTER_ENTRY'!$A19) | B19: =IF('1. MASTER_ENTRY'!$C19="","","Cycle "&(19-4+1)) | C19: =IF('1. MASTER_ENTRY'!$C19="","",'1. MASTER_ENTRY'!$C19) | D19: =IF('1. MASTER_ENTRY'!$C19="","",'1. MASTER_ENTRY'!$K19&" -> "&'1. MASTER_ENTRY'!$L19) | E19: =IF('1. MASTER_ENTRY'!$C19="","",'1. MASTER_ENTRY'!$N19) | F19: =IF('1. MASTER_ENTRY'!$C19="","",'1. MASTER_ENTRY'!$U19) | G19: =IF('1. MASTER_ENTRY'!$C19="","",'1. MASTER_ENTRY'!$R19)
A20: =IF('1. MASTER_ENTRY'!$C20="","",'1. MASTER_ENTRY'!$A20) | B20: =IF('1. MASTER_ENTRY'!$C20="","","Cycle "&(20-4+1)) | C20: =IF('1. MASTER_ENTRY'!$C20="","",'1. MASTER_ENTRY'!$C20) | D20: =IF('1. MASTER_ENTRY'!$C20="","",'1. MASTER_ENTRY'!$K20&" -> "&'1. MASTER_ENTRY'!$L20) | E20: =IF('1. MASTER_ENTRY'!$C20="","",'1. MASTER_ENTRY'!$N20) | F20: =IF('1. MASTER_ENTRY'!$C20="","",'1. MASTER_ENTRY'!$U20) | G20: =IF('1. MASTER_ENTRY'!$C20="","",'1. MASTER_ENTRY'!$R20)
A21: =IF('1. MASTER_ENTRY'!$C21="","",'1. MASTER_ENTRY'!$A21) | B21: =IF('1. MASTER_ENTRY'!$C21="","","Cycle "&(21-4+1)) | C21: =IF('1. MASTER_ENTRY'!$C21="","",'1. MASTER_ENTRY'!$C21) | D21: =IF('1. MASTER_ENTRY'!$C21="","",'1. MASTER_ENTRY'!$K21&" -> "&'1. MASTER_ENTRY'!$L21) | E21: =IF('1. MASTER_ENTRY'!$C21="","",'1. MASTER_ENTRY'!$N21) | F21: =IF('1. MASTER_ENTRY'!$C21="","",'1. MASTER_ENTRY'!$U21) | G21: =IF('1. MASTER_ENTRY'!$C21="","",'1. MASTER_ENTRY'!$R21)
A22: =IF('1. MASTER_ENTRY'!$C22="","",'1. MASTER_ENTRY'!$A22) | B22: =IF('1. MASTER_ENTRY'!$C22="","","Cycle "&(22-4+1)) | C22: =IF('1. MASTER_ENTRY'!$C22="","",'1. MASTER_ENTRY'!$C22) | D22: =IF('1. MASTER_ENTRY'!$C22="","",'1. MASTER_ENTRY'!$K22&" -> "&'1. MASTER_ENTRY'!$L22) | E22: =IF('1. MASTER_ENTRY'!$C22="","",'1. MASTER_ENTRY'!$N22) | F22: =IF('1. MASTER_ENTRY'!$C22="","",'1. MASTER_ENTRY'!$U22) | G22: =IF('1. MASTER_ENTRY'!$C22="","",'1. MASTER_ENTRY'!$R22)
A23: =IF('1. MASTER_ENTRY'!$C23="","",'1. MASTER_ENTRY'!$A23) | B23: =IF('1. MASTER_ENTRY'!$C23="","","Cycle "&(23-4+1)) | C23: =IF('1. MASTER_ENTRY'!$C23="","",'1. MASTER_ENTRY'!$C23) | D23: =IF('1. MASTER_ENTRY'!$C23="","",'1. MASTER_ENTRY'!$K23&" -> "&'1. MASTER_ENTRY'!$L23) | E23: =IF('1. MASTER_ENTRY'!$C23="","",'1. MASTER_ENTRY'!$N23) | F23: =IF('1. MASTER_ENTRY'!$C23="","",'1. MASTER_ENTRY'!$U23) | G23: =IF('1. MASTER_ENTRY'!$C23="","",'1. MASTER_ENTRY'!$R23)
A24: =IF('1. MASTER_ENTRY'!$C24="","",'1. MASTER_ENTRY'!$A24) | B24: =IF('1. MASTER_ENTRY'!$C24="","","Cycle "&(24-4+1)) | C24: =IF('1. MASTER_ENTRY'!$C24="","",'1. MASTER_ENTRY'!$C24) | D24: =IF('1. MASTER_ENTRY'!$C24="","",'1. MASTER_ENTRY'!$K24&" -> "&'1. MASTER_ENTRY'!$L24) | E24: =IF('1. MASTER_ENTRY'!$C24="","",'1. MASTER_ENTRY'!$N24) | F24: =IF('1. MASTER_ENTRY'!$C24="","",'1. MASTER_ENTRY'!$U24) | G24: =IF('1. MASTER_ENTRY'!$C24="","",'1. MASTER_ENTRY'!$R24)
A25: =IF('1. MASTER_ENTRY'!$C25="","",'1. MASTER_ENTRY'!$A25) | B25: =IF('1. MASTER_ENTRY'!$C25="","","Cycle "&(25-4+1)) | C25: =IF('1. MASTER_ENTRY'!$C25="","",'1. MASTER_ENTRY'!$C25) | D25: =IF('1. MASTER_ENTRY'!$C25="","",'1. MASTER_ENTRY'!$K25&" -> "&'1. MASTER_ENTRY'!$L25) | E25: =IF('1. MASTER_ENTRY'!$C25="","",'1. MASTER_ENTRY'!$N25) | F25: =IF('1. MASTER_ENTRY'!$C25="","",'1. MASTER_ENTRY'!$U25) | G25: =IF('1. MASTER_ENTRY'!$C25="","",'1. MASTER_ENTRY'!$R25)
A26: =IF('1. MASTER_ENTRY'!$C26="","",'1. MASTER_ENTRY'!$A26) | B26: =IF('1. MASTER_ENTRY'!$C26="","","Cycle "&(26-4+1)) | C26: =IF('1. MASTER_ENTRY'!$C26="","",'1. MASTER_ENTRY'!$C26) | D26: =IF('1. MASTER_ENTRY'!$C26="","",'1. MASTER_ENTRY'!$K26&" -> "&'1. MASTER_ENTRY'!$L26) | E26: =IF('1. MASTER_ENTRY'!$C26="","",'1. MASTER_ENTRY'!$N26) | F26: =IF('1. MASTER_ENTRY'!$C26="","",'1. MASTER_ENTRY'!$U26) | G26: =IF('1. MASTER_ENTRY'!$C26="","",'1. MASTER_ENTRY'!$R26)
A27: =IF('1. MASTER_ENTRY'!$C27="","",'1. MASTER_ENTRY'!$A27) | B27: =IF('1. MASTER_ENTRY'!$C27="","","Cycle "&(27-4+1)) | C27: =IF('1. MASTER_ENTRY'!$C27="","",'1. MASTER_ENTRY'!$C27) | D27: =IF('1. MASTER_ENTRY'!$C27="","",'1. MASTER_ENTRY'!$K27&" -> "&'1. MASTER_ENTRY'!$L27) | E27: =IF('1. MASTER_ENTRY'!$C27="","",'1. MASTER_ENTRY'!$N27) | F27: =IF('1. MASTER_ENTRY'!$C27="","",'1. MASTER_ENTRY'!$U27) | G27: =IF('1. MASTER_ENTRY'!$C27="","",'1. MASTER_ENTRY'!$R27)
A28: =IF('1. MASTER_ENTRY'!$C28="","",'1. MASTER_ENTRY'!$A28) | B28: =IF('1. MASTER_ENTRY'!$C28="","","Cycle "&(28-4+1)) | C28: =IF('1. MASTER_ENTRY'!$C28="","",'1. MASTER_ENTRY'!$C28) | D28: =IF('1. MASTER_ENTRY'!$C28="","",'1. MASTER_ENTRY'!$K28&" -> "&'1. MASTER_ENTRY'!$L28) | E28: =IF('1. MASTER_ENTRY'!$C28="","",'1. MASTER_ENTRY'!$N28) | F28: =IF('1. MASTER_ENTRY'!$C28="","",'1. MASTER_ENTRY'!$U28) | G28: =IF('1. MASTER_ENTRY'!$C28="","",'1. MASTER_ENTRY'!$R28)
A29: =IF('1. MASTER_ENTRY'!$C29="","",'1. MASTER_ENTRY'!$A29) | B29: =IF('1. MASTER_ENTRY'!$C29="","","Cycle "&(29-4+1)) | C29: =IF('1. MASTER_ENTRY'!$C29="","",'1. MASTER_ENTRY'!$C29) | D29: =IF('1. MASTER_ENTRY'!$C29="","",'1. MASTER_ENTRY'!$K29&" -> "&'1. MASTER_ENTRY'!$L29) | E29: =IF('1. MASTER_ENTRY'!$C29="","",'1. MASTER_ENTRY'!$N29) | F29: =IF('1. MASTER_ENTRY'!$C29="","",'1. MASTER_ENTRY'!$U29) | G29: =IF('1. MASTER_ENTRY'!$C29="","",'1. MASTER_ENTRY'!$R29)
A30: =IF('1. MASTER_ENTRY'!$C30="","",'1. MASTER_ENTRY'!$A30) | B30: =IF('1. MASTER_ENTRY'!$C30="","","Cycle "&(30-4+1)) | C30: =IF('1. MASTER_ENTRY'!$C30="","",'1. MASTER_ENTRY'!$C30) | D30: =IF('1. MASTER_ENTRY'!$C30="","",'1. MASTER_ENTRY'!$K30&" -> "&'1. MASTER_ENTRY'!$L30) | E30: =IF('1. MASTER_ENTRY'!$C30="","",'1. MASTER_ENTRY'!$N30) | F30: =IF('1. MASTER_ENTRY'!$C30="","",'1. MASTER_ENTRY'!$U30) | G30: =IF('1. MASTER_ENTRY'!$C30="","",'1. MASTER_ENTRY'!$R30)
A31: =IF('1. MASTER_ENTRY'!$C31="","",'1. MASTER_ENTRY'!$A31) | B31: =IF('1. MASTER_ENTRY'!$C31="","","Cycle "&(31-4+1)) | C31: =IF('1. MASTER_ENTRY'!$C31="","",'1. MASTER_ENTRY'!$C31) | D31: =IF('1. MASTER_ENTRY'!$C31="","",'1. MASTER_ENTRY'!$K31&" -> "&'1. MASTER_ENTRY'!$L31) | E31: =IF('1. MASTER_ENTRY'!$C31="","",'1. MASTER_ENTRY'!$N31) | F31: =IF('1. MASTER_ENTRY'!$C31="","",'1. MASTER_ENTRY'!$U31) | G31: =IF('1. MASTER_ENTRY'!$C31="","",'1. MASTER_ENTRY'!$R31)
A32: =IF('1. MASTER_ENTRY'!$C32="","",'1. MASTER_ENTRY'!$A32) | B32: =IF('1. MASTER_ENTRY'!$C32="","","Cycle "&(32-4+1)) | C32: =IF('1. MASTER_ENTRY'!$C32="","",'1. MASTER_ENTRY'!$C32) | D32: =IF('1. MASTER_ENTRY'!$C32="","",'1. MASTER_ENTRY'!$K32&" -> "&'1. MASTER_ENTRY'!$L32) | E32: =IF('1. MASTER_ENTRY'!$C32="","",'1. MASTER_ENTRY'!$N32) | F32: =IF('1. MASTER_ENTRY'!$C32="","",'1. MASTER_ENTRY'!$U32) | G32: =IF('1. MASTER_ENTRY'!$C32="","",'1. MASTER_ENTRY'!$R32)
A33: =IF('1. MASTER_ENTRY'!$C33="","",'1. MASTER_ENTRY'!$A33) | B33: =IF('1. MASTER_ENTRY'!$C33="","","Cycle "&(33-4+1)) | C33: =IF('1. MASTER_ENTRY'!$C33="","",'1. MASTER_ENTRY'!$C33) | D33: =IF('1. MASTER_ENTRY'!$C33="","",'1. MASTER_ENTRY'!$K33&" -> "&'1. MASTER_ENTRY'!$L33) | E33: =IF('1. MASTER_ENTRY'!$C33="","",'1. MASTER_ENTRY'!$N33) | F33: =IF('1. MASTER_ENTRY'!$C33="","",'1. MASTER_ENTRY'!$U33) | G33: =IF('1. MASTER_ENTRY'!$C33="","",'1. MASTER_ENTRY'!$R33)
A34: =IF('1. MASTER_ENTRY'!$C34="","",'1. MASTER_ENTRY'!$A34) | B34: =IF('1. MASTER_ENTRY'!$C34="","","Cycle "&(34-4+1)) | C34: =IF('1. MASTER_ENTRY'!$C34="","",'1. MASTER_ENTRY'!$C34) | D34: =IF('1. MASTER_ENTRY'!$C34="","",'1. MASTER_ENTRY'!$K34&" -> "&'1. MASTER_ENTRY'!$L34) | E34: =IF('1. MASTER_ENTRY'!$C34="","",'1. MASTER_ENTRY'!$N34) | F34: =IF('1. MASTER_ENTRY'!$C34="","",'1. MASTER_ENTRY'!$U34) | G34: =IF('1. MASTER_ENTRY'!$C34="","",'1. MASTER_ENTRY'!$R34)
A35: =IF('1. MASTER_ENTRY'!$C35="","",'1. MASTER_ENTRY'!$A35) | B35: =IF('1. MASTER_ENTRY'!$C35="","","Cycle "&(35-4+1)) | C35: =IF('1. MASTER_ENTRY'!$C35="","",'1. MASTER_ENTRY'!$C35) | D35: =IF('1. MASTER_ENTRY'!$C35="","",'1. MASTER_ENTRY'!$K35&" -> "&'1. MASTER_ENTRY'!$L35) | E35: =IF('1. MASTER_ENTRY'!$C35="","",'1. MASTER_ENTRY'!$N35) | F35: =IF('1. MASTER_ENTRY'!$C35="","",'1. MASTER_ENTRY'!$U35) | G35: =IF('1. MASTER_ENTRY'!$C35="","",'1. MASTER_ENTRY'!$R35)
A36: =IF('1. MASTER_ENTRY'!$C36="","",'1. MASTER_ENTRY'!$A36) | B36: =IF('1. MASTER_ENTRY'!$C36="","","Cycle "&(36-4+1)) | C36: =IF('1. MASTER_ENTRY'!$C36="","",'1. MASTER_ENTRY'!$C36) | D36: =IF('1. MASTER_ENTRY'!$C36="","",'1. MASTER_ENTRY'!$K36&" -> "&'1. MASTER_ENTRY'!$L36) | E36: =IF('1. MASTER_ENTRY'!$C36="","",'1. MASTER_ENTRY'!$N36) | F36: =IF('1. MASTER_ENTRY'!$C36="","",'1. MASTER_ENTRY'!$U36) | G36: =IF('1. MASTER_ENTRY'!$C36="","",'1. MASTER_ENTRY'!$R36)
A37: =IF('1. MASTER_ENTRY'!$C37="","",'1. MASTER_ENTRY'!$A37) | B37: =IF('1. MASTER_ENTRY'!$C37="","","Cycle "&(37-4+1)) | C37: =IF('1. MASTER_ENTRY'!$C37="","",'1. MASTER_ENTRY'!$C37) | D37: =IF('1. MASTER_ENTRY'!$C37="","",'1. MASTER_ENTRY'!$K37&" -> "&'1. MASTER_ENTRY'!$L37) | E37: =IF('1. MASTER_ENTRY'!$C37="","",'1. MASTER_ENTRY'!$N37) | F37: =IF('1. MASTER_ENTRY'!$C37="","",'1. MASTER_ENTRY'!$U37) | G37: =IF('1. MASTER_ENTRY'!$C37="","",'1. MASTER_ENTRY'!$R37)
A38: =IF('1. MASTER_ENTRY'!$C38="","",'1. MASTER_ENTRY'!$A38) | B38: =IF('1. MASTER_ENTRY'!$C38="","","Cycle "&(38-4+1)) | C38: =IF('1. MASTER_ENTRY'!$C38="","",'1. MASTER_ENTRY'!$C38) | D38: =IF('1. MASTER_ENTRY'!$C38="","",'1. MASTER_ENTRY'!$K38&" -> "&'1. MASTER_ENTRY'!$L38) | E38: =IF('1. MASTER_ENTRY'!$C38="","",'1. MASTER_ENTRY'!$N38) | F38: =IF('1. MASTER_ENTRY'!$C38="","",'1. MASTER_ENTRY'!$U38) | G38: =IF('1. MASTER_ENTRY'!$C38="","",'1. MASTER_ENTRY'!$R38)
A39: =IF('1. MASTER_ENTRY'!$C39="","",'1. MASTER_ENTRY'!$A39) | B39: =IF('1. MASTER_ENTRY'!$C39="","","Cycle "&(39-4+1)) | C39: =IF('1. MASTER_ENTRY'!$C39="","",'1. MASTER_ENTRY'!$C39) | D39: =IF('1. MASTER_ENTRY'!$C39="","",'1. MASTER_ENTRY'!$K39&" -> "&'1. MASTER_ENTRY'!$L39) | E39: =IF('1. MASTER_ENTRY'!$C39="","",'1. MASTER_ENTRY'!$N39) | F39: =IF('1. MASTER_ENTRY'!$C39="","",'1. MASTER_ENTRY'!$U39) | G39: =IF('1. MASTER_ENTRY'!$C39="","",'1. MASTER_ENTRY'!$R39)
A40: =IF('1. MASTER_ENTRY'!$C40="","",'1. MASTER_ENTRY'!$A40) | B40: =IF('1. MASTER_ENTRY'!$C40="","","Cycle "&(40-4+1)) | C40: =IF('1. MASTER_ENTRY'!$C40="","",'1. MASTER_ENTRY'!$C40) | D40: =IF('1. MASTER_ENTRY'!$C40="","",'1. MASTER_ENTRY'!$K40&" -> "&'1. MASTER_ENTRY'!$L40) | E40: =IF('1. MASTER_ENTRY'!$C40="","",'1. MASTER_ENTRY'!$N40) | F40: =IF('1. MASTER_ENTRY'!$C40="","",'1. MASTER_ENTRY'!$U40) | G40: =IF('1. MASTER_ENTRY'!$C40="","",'1. MASTER_ENTRY'!$R40)
A41: =IF('1. MASTER_ENTRY'!$C41="","",'1. MASTER_ENTRY'!$A41) | B41: =IF('1. MASTER_ENTRY'!$C41="","","Cycle "&(41-4+1)) | C41: =IF('1. MASTER_ENTRY'!$C41="","",'1. MASTER_ENTRY'!$C41) | D41: =IF('1. MASTER_ENTRY'!$C41="","",'1. MASTER_ENTRY'!$K41&" -> "&'1. MASTER_ENTRY'!$L41) | E41: =IF('1. MASTER_ENTRY'!$C41="","",'1. MASTER_ENTRY'!$N41) | F41: =IF('1. MASTER_ENTRY'!$C41="","",'1. MASTER_ENTRY'!$U41) | G41: =IF('1. MASTER_ENTRY'!$C41="","",'1. MASTER_ENTRY'!$R41)
A42: =IF('1. MASTER_ENTRY'!$C42="","",'1. MASTER_ENTRY'!$A42) | B42: =IF('1. MASTER_ENTRY'!$C42="","","Cycle "&(42-4+1)) | C42: =IF('1. MASTER_ENTRY'!$C42="","",'1. MASTER_ENTRY'!$C42) | D42: =IF('1. MASTER_ENTRY'!$C42="","",'1. MASTER_ENTRY'!$K42&" -> "&'1. MASTER_ENTRY'!$L42) | E42: =IF('1. MASTER_ENTRY'!$C42="","",'1. MASTER_ENTRY'!$N42) | F42: =IF('1. MASTER_ENTRY'!$C42="","",'1. MASTER_ENTRY'!$U42) | G42: =IF('1. MASTER_ENTRY'!$C42="","",'1. MASTER_ENTRY'!$R42)
A43: =IF('1. MASTER_ENTRY'!$C43="","",'1. MASTER_ENTRY'!$A43) | B43: =IF('1. MASTER_ENTRY'!$C43="","","Cycle "&(43-4+1)) | C43: =IF('1. MASTER_ENTRY'!$C43="","",'1. MASTER_ENTRY'!$C43) | D43: =IF('1. MASTER_ENTRY'!$C43="","",'1. MASTER_ENTRY'!$K43&" -> "&'1. MASTER_ENTRY'!$L43) | E43: =IF('1. MASTER_ENTRY'!$C43="","",'1. MASTER_ENTRY'!$N43) | F43: =IF('1. MASTER_ENTRY'!$C43="","",'1. MASTER_ENTRY'!$U43) | G43: =IF('1. MASTER_ENTRY'!$C43="","",'1. MASTER_ENTRY'!$R43)
A44: =IF('1. MASTER_ENTRY'!$C44="","",'1. MASTER_ENTRY'!$A44) | B44: =IF('1. MASTER_ENTRY'!$C44="","","Cycle "&(44-4+1)) | C44: =IF('1. MASTER_ENTRY'!$C44="","",'1. MASTER_ENTRY'!$C44) | D44: =IF('1. MASTER_ENTRY'!$C44="","",'1. MASTER_ENTRY'!$K44&" -> "&'1. MASTER_ENTRY'!$L44) | E44: =IF('1. MASTER_ENTRY'!$C44="","",'1. MASTER_ENTRY'!$N44) | F44: =IF('1. MASTER_ENTRY'!$C44="","",'1. MASTER_ENTRY'!$U44) | G44: =IF('1. MASTER_ENTRY'!$C44="","",'1. MASTER_ENTRY'!$R44)
A45: =IF('1. MASTER_ENTRY'!$C45="","",'1. MASTER_ENTRY'!$A45) | B45: =IF('1. MASTER_ENTRY'!$C45="","","Cycle "&(45-4+1)) | C45: =IF('1. MASTER_ENTRY'!$C45="","",'1. MASTER_ENTRY'!$C45) | D45: =IF('1. MASTER_ENTRY'!$C45="","",'1. MASTER_ENTRY'!$K45&" -> "&'1. MASTER_ENTRY'!$L45) | E45: =IF('1. MASTER_ENTRY'!$C45="","",'1. MASTER_ENTRY'!$N45) | F45: =IF('1. MASTER_ENTRY'!$C45="","",'1. MASTER_ENTRY'!$U45) | G45: =IF('1. MASTER_ENTRY'!$C45="","",'1. MASTER_ENTRY'!$R45)
A46: =IF('1. MASTER_ENTRY'!$C46="","",'1. MASTER_ENTRY'!$A46) | B46: =IF('1. MASTER_ENTRY'!$C46="","","Cycle "&(46-4+1)) | C46: =IF('1. MASTER_ENTRY'!$C46="","",'1. MASTER_ENTRY'!$C46) | D46: =IF('1. MASTER_ENTRY'!$C46="","",'1. MASTER_ENTRY'!$K46&" -> "&'1. MASTER_ENTRY'!$L46) | E46: =IF('1. MASTER_ENTRY'!$C46="","",'1. MASTER_ENTRY'!$N46) | F46: =IF('1. MASTER_ENTRY'!$C46="","",'1. MASTER_ENTRY'!$U46) | G46: =IF('1. MASTER_ENTRY'!$C46="","",'1. MASTER_ENTRY'!$R46)
A47: =IF('1. MASTER_ENTRY'!$C47="","",'1. MASTER_ENTRY'!$A47) | B47: =IF('1. MASTER_ENTRY'!$C47="","","Cycle "&(47-4+1)) | C47: =IF('1. MASTER_ENTRY'!$C47="","",'1. MASTER_ENTRY'!$C47) | D47: =IF('1. MASTER_ENTRY'!$C47="","",'1. MASTER_ENTRY'!$K47&" -> "&'1. MASTER_ENTRY'!$L47) | E47: =IF('1. MASTER_ENTRY'!$C47="","",'1. MASTER_ENTRY'!$N47) | F47: =IF('1. MASTER_ENTRY'!$C47="","",'1. MASTER_ENTRY'!$U47) | G47: =IF('1. MASTER_ENTRY'!$C47="","",'1. MASTER_ENTRY'!$R47)
A48: =IF('1. MASTER_ENTRY'!$C48="","",'1. MASTER_ENTRY'!$A48) | B48: =IF('1. MASTER_ENTRY'!$C48="","","Cycle "&(48-4+1)) | C48: =IF('1. MASTER_ENTRY'!$C48="","",'1. MASTER_ENTRY'!$C48) | D48: =IF('1. MASTER_ENTRY'!$C48="","",'1. MASTER_ENTRY'!$K48&" -> "&'1. MASTER_ENTRY'!$L48) | E48: =IF('1. MASTER_ENTRY'!$C48="","",'1. MASTER_ENTRY'!$N48) | F48: =IF('1. MASTER_ENTRY'!$C48="","",'1. MASTER_ENTRY'!$U48) | G48: =IF('1. MASTER_ENTRY'!$C48="","",'1. MASTER_ENTRY'!$R48)
A49: =IF('1. MASTER_ENTRY'!$C49="","",'1. MASTER_ENTRY'!$A49) | B49: =IF('1. MASTER_ENTRY'!$C49="","","Cycle "&(49-4+1)) | C49: =IF('1. MASTER_ENTRY'!$C49="","",'1. MASTER_ENTRY'!$C49) | D49: =IF('1. MASTER_ENTRY'!$C49="","",'1. MASTER_ENTRY'!$K49&" -> "&'1. MASTER_ENTRY'!$L49) | E49: =IF('1. MASTER_ENTRY'!$C49="","",'1. MASTER_ENTRY'!$N49) | F49: =IF('1. MASTER_ENTRY'!$C49="","",'1. MASTER_ENTRY'!$U49) | G49: =IF('1. MASTER_ENTRY'!$C49="","",'1. MASTER_ENTRY'!$R49)
A50: =IF('1. MASTER_ENTRY'!$C50="","",'1. MASTER_ENTRY'!$A50) | B50: =IF('1. MASTER_ENTRY'!$C50="","","Cycle "&(50-4+1)) | C50: =IF('1. MASTER_ENTRY'!$C50="","",'1. MASTER_ENTRY'!$C50) | D50: =IF('1. MASTER_ENTRY'!$C50="","",'1. MASTER_ENTRY'!$K50&" -> "&'1. MASTER_ENTRY'!$L50) | E50: =IF('1. MASTER_ENTRY'!$C50="","",'1. MASTER_ENTRY'!$N50) | F50: =IF('1. MASTER_ENTRY'!$C50="","",'1. MASTER_ENTRY'!$U50) | G50: =IF('1. MASTER_ENTRY'!$C50="","",'1. MASTER_ENTRY'!$R50)
A51: =IF('1. MASTER_ENTRY'!$C51="","",'1. MASTER_ENTRY'!$A51) | B51: =IF('1. MASTER_ENTRY'!$C51="","","Cycle "&(51-4+1)) | C51: =IF('1. MASTER_ENTRY'!$C51="","",'1. MASTER_ENTRY'!$C51) | D51: =IF('1. MASTER_ENTRY'!$C51="","",'1. MASTER_ENTRY'!$K51&" -> "&'1. MASTER_ENTRY'!$L51) | E51: =IF('1. MASTER_ENTRY'!$C51="","",'1. MASTER_ENTRY'!$N51) | F51: =IF('1. MASTER_ENTRY'!$C51="","",'1. MASTER_ENTRY'!$U51) | G51: =IF('1. MASTER_ENTRY'!$C51="","",'1. MASTER_ENTRY'!$R51)
A52: =IF('1. MASTER_ENTRY'!$C52="","",'1. MASTER_ENTRY'!$A52) | B52: =IF('1. MASTER_ENTRY'!$C52="","","Cycle "&(52-4+1)) | C52: =IF('1. MASTER_ENTRY'!$C52="","",'1. MASTER_ENTRY'!$C52) | D52: =IF('1. MASTER_ENTRY'!$C52="","",'1. MASTER_ENTRY'!$K52&" -> "&'1. MASTER_ENTRY'!$L52) | E52: =IF('1. MASTER_ENTRY'!$C52="","",'1. MASTER_ENTRY'!$N52) | F52: =IF('1. MASTER_ENTRY'!$C52="","",'1. MASTER_ENTRY'!$U52) | G52: =IF('1. MASTER_ENTRY'!$C52="","",'1. MASTER_ENTRY'!$R52)
A53: =IF('1. MASTER_ENTRY'!$C53="","",'1. MASTER_ENTRY'!$A53) | B53: =IF('1. MASTER_ENTRY'!$C53="","","Cycle "&(53-4+1)) | C53: =IF('1. MASTER_ENTRY'!$C53="","",'1. MASTER_ENTRY'!$C53) | D53: =IF('1. MASTER_ENTRY'!$C53="","",'1. MASTER_ENTRY'!$K53&" -> "&'1. MASTER_ENTRY'!$L53) | E53: =IF('1. MASTER_ENTRY'!$C53="","",'1. MASTER_ENTRY'!$N53) | F53: =IF('1. MASTER_ENTRY'!$C53="","",'1. MASTER_ENTRY'!$U53) | G53: =IF('1. MASTER_ENTRY'!$C53="","",'1. MASTER_ENTRY'!$R53)
A54: =IF('1. MASTER_ENTRY'!$C54="","",'1. MASTER_ENTRY'!$A54) | B54: =IF('1. MASTER_ENTRY'!$C54="","","Cycle "&(54-4+1)) | C54: =IF('1. MASTER_ENTRY'!$C54="","",'1. MASTER_ENTRY'!$C54) | D54: =IF('1. MASTER_ENTRY'!$C54="","",'1. MASTER_ENTRY'!$K54&" -> "&'1. MASTER_ENTRY'!$L54) | E54: =IF('1. MASTER_ENTRY'!$C54="","",'1. MASTER_ENTRY'!$N54) | F54: =IF('1. MASTER_ENTRY'!$C54="","",'1. MASTER_ENTRY'!$U54) | G54: =IF('1. MASTER_ENTRY'!$C54="","",'1. MASTER_ENTRY'!$R54)
A55: =IF('1. MASTER_ENTRY'!$C55="","",'1. MASTER_ENTRY'!$A55) | B55: =IF('1. MASTER_ENTRY'!$C55="","","Cycle "&(55-4+1)) | C55: =IF('1. MASTER_ENTRY'!$C55="","",'1. MASTER_ENTRY'!$C55) | D55: =IF('1. MASTER_ENTRY'!$C55="","",'1. MASTER_ENTRY'!$K55&" -> "&'1. MASTER_ENTRY'!$L55) | E55: =IF('1. MASTER_ENTRY'!$C55="","",'1. MASTER_ENTRY'!$N55) | F55: =IF('1. MASTER_ENTRY'!$C55="","",'1. MASTER_ENTRY'!$U55) | G55: =IF('1. MASTER_ENTRY'!$C55="","",'1. MASTER_ENTRY'!$R55)
A56: =IF('1. MASTER_ENTRY'!$C56="","",'1. MASTER_ENTRY'!$A56) | B56: =IF('1. MASTER_ENTRY'!$C56="","","Cycle "&(56-4+1)) | C56: =IF('1. MASTER_ENTRY'!$C56="","",'1. MASTER_ENTRY'!$C56) | D56: =IF('1. MASTER_ENTRY'!$C56="","",'1. MASTER_ENTRY'!$K56&" -> "&'1. MASTER_ENTRY'!$L56) | E56: =IF('1. MASTER_ENTRY'!$C56="","",'1. MASTER_ENTRY'!$N56) | F56: =IF('1. MASTER_ENTRY'!$C56="","",'1. MASTER_ENTRY'!$U56) | G56: =IF('1. MASTER_ENTRY'!$C56="","",'1. MASTER_ENTRY'!$R56)
A57: =IF('1. MASTER_ENTRY'!$C57="","",'1. MASTER_ENTRY'!$A57) | B57: =IF('1. MASTER_ENTRY'!$C57="","","Cycle "&(57-4+1)) | C57: =IF('1. MASTER_ENTRY'!$C57="","",'1. MASTER_ENTRY'!$C57) | D57: =IF('1. MASTER_ENTRY'!$C57="","",'1. MASTER_ENTRY'!$K57&" -> "&'1. MASTER_ENTRY'!$L57) | E57: =IF('1. MASTER_ENTRY'!$C57="","",'1. MASTER_ENTRY'!$N57) | F57: =IF('1. MASTER_ENTRY'!$C57="","",'1. MASTER_ENTRY'!$U57) | G57: =IF('1. MASTER_ENTRY'!$C57="","",'1. MASTER_ENTRY'!$R57)
A58: =IF('1. MASTER_ENTRY'!$C58="","",'1. MASTER_ENTRY'!$A58) | B58: =IF('1. MASTER_ENTRY'!$C58="","","Cycle "&(58-4+1)) | C58: =IF('1. MASTER_ENTRY'!$C58="","",'1. MASTER_ENTRY'!$C58) | D58: =IF('1. MASTER_ENTRY'!$C58="","",'1. MASTER_ENTRY'!$K58&" -> "&'1. MASTER_ENTRY'!$L58) | E58: =IF('1. MASTER_ENTRY'!$C58="","",'1. MASTER_ENTRY'!$N58) | F58: =IF('1. MASTER_ENTRY'!$C58="","",'1. MASTER_ENTRY'!$U58) | G58: =IF('1. MASTER_ENTRY'!$C58="","",'1. MASTER_ENTRY'!$R58)
A59: =IF('1. MASTER_ENTRY'!$C59="","",'1. MASTER_ENTRY'!$A59) | B59: =IF('1. MASTER_ENTRY'!$C59="","","Cycle "&(59-4+1)) | C59: =IF('1. MASTER_ENTRY'!$C59="","",'1. MASTER_ENTRY'!$C59) | D59: =IF('1. MASTER_ENTRY'!$C59="","",'1. MASTER_ENTRY'!$K59&" -> "&'1. MASTER_ENTRY'!$L59) | E59: =IF('1. MASTER_ENTRY'!$C59="","",'1. MASTER_ENTRY'!$N59) | F59: =IF('1. MASTER_ENTRY'!$C59="","",'1. MASTER_ENTRY'!$U59) | G59: =IF('1. MASTER_ENTRY'!$C59="","",'1. MASTER_ENTRY'!$R59)
A60: =IF('1. MASTER_ENTRY'!$C60="","",'1. MASTER_ENTRY'!$A60) | B60: =IF('1. MASTER_ENTRY'!$C60="","","Cycle "&(60-4+1)) | C60: =IF('1. MASTER_ENTRY'!$C60="","",'1. MASTER_ENTRY'!$C60) | D60: =IF('1. MASTER_ENTRY'!$C60="","",'1. MASTER_ENTRY'!$K60&" -> "&'1. MASTER_ENTRY'!$L60) | E60: =IF('1. MASTER_ENTRY'!$C60="","",'1. MASTER_ENTRY'!$N60) | F60: =IF('1. MASTER_ENTRY'!$C60="","",'1. MASTER_ENTRY'!$U60) | G60: =IF('1. MASTER_ENTRY'!$C60="","",'1. MASTER_ENTRY'!$R60)
A61: =IF('1. MASTER_ENTRY'!$C61="","",'1. MASTER_ENTRY'!$A61) | B61: =IF('1. MASTER_ENTRY'!$C61="","","Cycle "&(61-4+1)) | C61: =IF('1. MASTER_ENTRY'!$C61="","",'1. MASTER_ENTRY'!$C61) | D61: =IF('1. MASTER_ENTRY'!$C61="","",'1. MASTER_ENTRY'!$K61&" -> "&'1. MASTER_ENTRY'!$L61) | E61: =IF('1. MASTER_ENTRY'!$C61="","",'1. MASTER_ENTRY'!$N61) | F61: =IF('1. MASTER_ENTRY'!$C61="","",'1. MASTER_ENTRY'!$U61) | G61: =IF('1. MASTER_ENTRY'!$C61="","",'1. MASTER_ENTRY'!$R61)
A62: =IF('1. MASTER_ENTRY'!$C62="","",'1. MASTER_ENTRY'!$A62) | B62: =IF('1. MASTER_ENTRY'!$C62="","","Cycle "&(62-4+1)) | C62: =IF('1. MASTER_ENTRY'!$C62="","",'1. MASTER_ENTRY'!$C62) | D62: =IF('1. MASTER_ENTRY'!$C62="","",'1. MASTER_ENTRY'!$K62&" -> "&'1. MASTER_ENTRY'!$L62) | E62: =IF('1. MASTER_ENTRY'!$C62="","",'1. MASTER_ENTRY'!$N62) | F62: =IF('1. MASTER_ENTRY'!$C62="","",'1. MASTER_ENTRY'!$U62) | G62: =IF('1. MASTER_ENTRY'!$C62="","",'1. MASTER_ENTRY'!$R62)
A63: =IF('1. MASTER_ENTRY'!$C63="","",'1. MASTER_ENTRY'!$A63) | B63: =IF('1. MASTER_ENTRY'!$C63="","","Cycle "&(63-4+1)) | C63: =IF('1. MASTER_ENTRY'!$C63="","",'1. MASTER_ENTRY'!$C63) | D63: =IF('1. MASTER_ENTRY'!$C63="","",'1. MASTER_ENTRY'!$K63&" -> "&'1. MASTER_ENTRY'!$L63) | E63: =IF('1. MASTER_ENTRY'!$C63="","",'1. MASTER_ENTRY'!$N63) | F63: =IF('1. MASTER_ENTRY'!$C63="","",'1. MASTER_ENTRY'!$U63) | G63: =IF('1. MASTER_ENTRY'!$C63="","",'1. MASTER_ENTRY'!$R63)

Sheet 6. ACTION_LOG
A1: ACTION LOG - improvement action captured for every case
A2: Read-only audit trail. Owner, outcome, due date, status all flow from MASTER_ENTRY.
A3: CASE ID | B3: DATE | C3: ACTION TAKEN / PLANNED | D3: OWNER | E3: EXPECTED OUTCOME | F3: STATUS | G3: DUE
A4: =IF('1. MASTER_ENTRY'!$C4="","",'1. MASTER_ENTRY'!$A4) | B4: =IF('1. MASTER_ENTRY'!$C4="","",'1. MASTER_ENTRY'!$B4) | C4: =IF('1. MASTER_ENTRY'!$C4="","","Apply "&'1. MASTER_ENTRY'!$L4&" to: "&'1. MASTER_ENTRY'!$C4) | D4: =IF('1. MASTER_ENTRY'!$C4="","",'1. MASTER_ENTRY'!$M4) | E4: =IF('1. MASTER_ENTRY'!$C4="","",'1. MASTER_ENTRY'!$N4) | F4: =IF('1. MASTER_ENTRY'!$C4="","",'1. MASTER_ENTRY'!$R4) | G4: =IF('1. MASTER_ENTRY'!$C4="","",'1. MASTER_ENTRY'!$Q4)
A5: =IF('1. MASTER_ENTRY'!$C5="","",'1. MASTER_ENTRY'!$A5) | B5: =IF('1. MASTER_ENTRY'!$C5="","",'1. MASTER_ENTRY'!$B5) | C5: =IF('1. MASTER_ENTRY'!$C5="","","Apply "&'1. MASTER_ENTRY'!$L5&" to: "&'1. MASTER_ENTRY'!$C5) | D5: =IF('1. MASTER_ENTRY'!$C5="","",'1. MASTER_ENTRY'!$M5) | E5: =IF('1. MASTER_ENTRY'!$C5="","",'1. MASTER_ENTRY'!$N5) | F5: =IF('1. MASTER_ENTRY'!$C5="","",'1. MASTER_ENTRY'!$R5) | G5: =IF('1. MASTER_ENTRY'!$C5="","",'1. MASTER_ENTRY'!$Q5)
A6: =IF('1. MASTER_ENTRY'!$C6="","",'1. MASTER_ENTRY'!$A6) | B6: =IF('1. MASTER_ENTRY'!$C6="","",'1. MASTER_ENTRY'!$B6) | C6: =IF('1. MASTER_ENTRY'!$C6="","","Apply "&'1. MASTER_ENTRY'!$L6&" to: "&'1. MASTER_ENTRY'!$C6) | D6: =IF('1. MASTER_ENTRY'!$C6="","",'1. MASTER_ENTRY'!$M6) | E6: =IF('1. MASTER_ENTRY'!$C6="","",'1. MASTER_ENTRY'!$N6) | F6: =IF('1. MASTER_ENTRY'!$C6="","",'1. MASTER_ENTRY'!$R6) | G6: =IF('1. MASTER_ENTRY'!$C6="","",'1. MASTER_ENTRY'!$Q6)
A7: =IF('1. MASTER_ENTRY'!$C7="","",'1. MASTER_ENTRY'!$A7) | B7: =IF('1. MASTER_ENTRY'!$C7="","",'1. MASTER_ENTRY'!$B7) | C7: =IF('1. MASTER_ENTRY'!$C7="","","Apply "&'1. MASTER_ENTRY'!$L7&" to: "&'1. MASTER_ENTRY'!$C7) | D7: =IF('1. MASTER_ENTRY'!$C7="","",'1. MASTER_ENTRY'!$M7) | E7: =IF('1. MASTER_ENTRY'!$C7="","",'1. MASTER_ENTRY'!$N7) | F7: =IF('1. MASTER_ENTRY'!$C7="","",'1. MASTER_ENTRY'!$R7) | G7: =IF('1. MASTER_ENTRY'!$C7="","",'1. MASTER_ENTRY'!$Q7)
A8: =IF('1. MASTER_ENTRY'!$C8="","",'1. MASTER_ENTRY'!$A8) | B8: =IF('1. MASTER_ENTRY'!$C8="","",'1. MASTER_ENTRY'!$B8) | C8: =IF('1. MASTER_ENTRY'!$C8="","","Apply "&'1. MASTER_ENTRY'!$L8&" to: "&'1. MASTER_ENTRY'!$C8) | D8: =IF('1. MASTER_ENTRY'!$C8="","",'1. MASTER_ENTRY'!$M8) | E8: =IF('1. MASTER_ENTRY'!$C8="","",'1. MASTER_ENTRY'!$N8) | F8: =IF('1. MASTER_ENTRY'!$C8="","",'1. MASTER_ENTRY'!$R8) | G8: =IF('1. MASTER_ENTRY'!$C8="","",'1. MASTER_ENTRY'!$Q8)
A9: =IF('1. MASTER_ENTRY'!$C9="","",'1. MASTER_ENTRY'!$A9) | B9: =IF('1. MASTER_ENTRY'!$C9="","",'1. MASTER_ENTRY'!$B9) | C9: =IF('1. MASTER_ENTRY'!$C9="","","Apply "&'1. MASTER_ENTRY'!$L9&" to: "&'1. MASTER_ENTRY'!$C9) | D9: =IF('1. MASTER_ENTRY'!$C9="","",'1. MASTER_ENTRY'!$M9) | E9: =IF('1. MASTER_ENTRY'!$C9="","",'1. MASTER_ENTRY'!$N9) | F9: =IF('1. MASTER_ENTRY'!$C9="","",'1. MASTER_ENTRY'!$R9) | G9: =IF('1. MASTER_ENTRY'!$C9="","",'1. MASTER_ENTRY'!$Q9)
A10: =IF('1. MASTER_ENTRY'!$C10="","",'1. MASTER_ENTRY'!$A10) | B10: =IF('1. MASTER_ENTRY'!$C10="","",'1. MASTER_ENTRY'!$B10) | C10: =IF('1. MASTER_ENTRY'!$C10="","","Apply "&'1. MASTER_ENTRY'!$L10&" to: "&'1. MASTER_ENTRY'!$C10) | D10: =IF('1. MASTER_ENTRY'!$C10="","",'1. MASTER_ENTRY'!$M10) | E10: =IF('1. MASTER_ENTRY'!$C10="","",'1. MASTER_ENTRY'!$N10) | F10: =IF('1. MASTER_ENTRY'!$C10="","",'1. MASTER_ENTRY'!$R10) | G10: =IF('1. MASTER_ENTRY'!$C10="","",'1. MASTER_ENTRY'!$Q10)
A11: =IF('1. MASTER_ENTRY'!$C11="","",'1. MASTER_ENTRY'!$A11) | B11: =IF('1. MASTER_ENTRY'!$C11="","",'1. MASTER_ENTRY'!$B11) | C11: =IF('1. MASTER_ENTRY'!$C11="","","Apply "&'1. MASTER_ENTRY'!$L11&" to: "&'1. MASTER_ENTRY'!$C11) | D11: =IF('1. MASTER_ENTRY'!$C11="","",'1. MASTER_ENTRY'!$M11) | E11: =IF('1. MASTER_ENTRY'!$C11="","",'1. MASTER_ENTRY'!$N11) | F11: =IF('1. MASTER_ENTRY'!$C11="","",'1. MASTER_ENTRY'!$R11) | G11: =IF('1. MASTER_ENTRY'!$C11="","",'1. MASTER_ENTRY'!$Q11)
A12: =IF('1. MASTER_ENTRY'!$C12="","",'1. MASTER_ENTRY'!$A12) | B12: =IF('1. MASTER_ENTRY'!$C12="","",'1. MASTER_ENTRY'!$B12) | C12: =IF('1. MASTER_ENTRY'!$C12="","","Apply "&'1. MASTER_ENTRY'!$L12&" to: "&'1. MASTER_ENTRY'!$C12) | D12: =IF('1. MASTER_ENTRY'!$C12="","",'1. MASTER_ENTRY'!$M12) | E12: =IF('1. MASTER_ENTRY'!$C12="","",'1. MASTER_ENTRY'!$N12) | F12: =IF('1. MASTER_ENTRY'!$C12="","",'1. MASTER_ENTRY'!$R12) | G12: =IF('1. MASTER_ENTRY'!$C12="","",'1. MASTER_ENTRY'!$Q12)
A13: =IF('1. MASTER_ENTRY'!$C13="","",'1. MASTER_ENTRY'!$A13) | B13: =IF('1. MASTER_ENTRY'!$C13="","",'1. MASTER_ENTRY'!$B13) | C13: =IF('1. MASTER_ENTRY'!$C13="","","Apply "&'1. MASTER_ENTRY'!$L13&" to: "&'1. MASTER_ENTRY'!$C13) | D13: =IF('1. MASTER_ENTRY'!$C13="","",'1. MASTER_ENTRY'!$M13) | E13: =IF('1. MASTER_ENTRY'!$C13="","",'1. MASTER_ENTRY'!$N13) | F13: =IF('1. MASTER_ENTRY'!$C13="","",'1. MASTER_ENTRY'!$R13) | G13: =IF('1. MASTER_ENTRY'!$C13="","",'1. MASTER_ENTRY'!$Q13)
A14: =IF('1. MASTER_ENTRY'!$C14="","",'1. MASTER_ENTRY'!$A14) | B14: =IF('1. MASTER_ENTRY'!$C14="","",'1. MASTER_ENTRY'!$B14) | C14: =IF('1. MASTER_ENTRY'!$C14="","","Apply "&'1. MASTER_ENTRY'!$L14&" to: "&'1. MASTER_ENTRY'!$C14) | D14: =IF('1. MASTER_ENTRY'!$C14="","",'1. MASTER_ENTRY'!$M14) | E14: =IF('1. MASTER_ENTRY'!$C14="","",'1. MASTER_ENTRY'!$N14) | F14: =IF('1. MASTER_ENTRY'!$C14="","",'1. MASTER_ENTRY'!$R14) | G14: =IF('1. MASTER_ENTRY'!$C14="","",'1. MASTER_ENTRY'!$Q14)
A15: =IF('1. MASTER_ENTRY'!$C15="","",'1. MASTER_ENTRY'!$A15) | B15: =IF('1. MASTER_ENTRY'!$C15="","",'1. MASTER_ENTRY'!$B15) | C15: =IF('1. MASTER_ENTRY'!$C15="","","Apply "&'1. MASTER_ENTRY'!$L15&" to: "&'1. MASTER_ENTRY'!$C15) | D15: =IF('1. MASTER_ENTRY'!$C15="","",'1. MASTER_ENTRY'!$M15) | E15: =IF('1. MASTER_ENTRY'!$C15="","",'1. MASTER_ENTRY'!$N15) | F15: =IF('1. MASTER_ENTRY'!$C15="","",'1. MASTER_ENTRY'!$R15) | G15: =IF('1. MASTER_ENTRY'!$C15="","",'1. MASTER_ENTRY'!$Q15)
... A63: =IF('1. MASTER_ENTRY'!$C63="","",'1. MASTER_ENTRY'!$A63) | B63: =IF('1. MASTER_ENTRY'!$C63="","",'1. MASTER_ENTRY'!$B63) | C63: =IF('1. MASTER_ENTRY'!$C63="","","Apply "&'1. MASTER_ENTRY'!$L63&" to: "&'1. MASTER_ENTRY'!$C63) | D63: =IF('1. MASTER_ENTRY'!$C63="","",'1. MASTER_ENTRY'!$M63) | E63: =IF('1. MASTER_ENTRY'!$C63="","",'1. MASTER_ENTRY'!$N63) | F63: =IF('1. MASTER_ENTRY'!$C63="","",'1. MASTER_ENTRY'!$R63) | G63: =IF('1. MASTER_ENTRY'!$C63="","",'1. MASTER_ENTRY'!$Q63)

Sheet 7. TIMELINE
A1: TIMELINE / GANTT - schedule auto-drawn from each case
A2: Read-only. Start/end/duration are AI-estimated on MASTER_ENTRY. Bars redraw automatically.
A3: CASE ID | B3: TASK | C3: OWNER | D3: START | E3: END | F3: % DONE | G3: =DATE(2026,6,1) | H3: =G3+7 | I3: =H3+7 | J3: =I3+7 | K3: =J3+7 | L3: =K3+7 | M3: =L3+7 | N3: =M3+7 | O3: =N3+7 | ... AD3: =AC3+7
A4: =IF('1. MASTER_ENTRY'!$C4="","",'1. MASTER_ENTRY'!$A4) | B4: =IF('1. MASTER_ENTRY'!$C4="","",'1. MASTER_ENTRY'!$C4) | C4: =IF('1. MASTER_ENTRY'!$C4="","",'1. MASTER_ENTRY'!$M4) | D4: =IF('1. MASTER_ENTRY'!$C4="","",'1. MASTER_ENTRY'!$O4) | E4: =IF('1. MASTER_ENTRY'!$C4="","",'1. MASTER_ENTRY'!$Q4) | F4: =IF('1. MASTER_ENTRY'!$C4="","",'1. MASTER_ENTRY'!$S4)
A5: =IF('1. MASTER_ENTRY'!$C5="","",'1. MASTER_ENTRY'!$A5) | B5: =IF('1. MASTER_ENTRY'!$C5="","",'1. MASTER_ENTRY'!$C5) | C5: =IF('1. MASTER_ENTRY'!$C5="","",'1. MASTER_ENTRY'!$M5) | D5: =IF('1. MASTER_ENTRY'!$C5="","",'1. MASTER_ENTRY'!$O5) | E5: =IF('1. MASTER_ENTRY'!$C5="","",'1. MASTER_ENTRY'!$Q5) | F5: =IF('1. MASTER_ENTRY'!$C5="","",'1. MASTER_ENTRY'!$S5)
A6: =IF('1. MASTER_ENTRY'!$C6="","",'1. MASTER_ENTRY'!$A6) | B6: =IF('1. MASTER_ENTRY'!$C6="","",'1. MASTER_ENTRY'!$C6) | C6: =IF('1. MASTER_ENTRY'!$C6="","",'1. MASTER_ENTRY'!$M6) | D6: =IF('1. MASTER_ENTRY'!$C6="","",'1. MASTER_ENTRY'!$O6) | E6: =IF('1. MASTER_ENTRY'!$C6="","",'1. MASTER_ENTRY'!$Q6) | F6: =IF('1. MASTER_ENTRY'!$C6="","",'1. MASTER_ENTRY'!$S6)
A7: =IF('1. MASTER_ENTRY'!$C7="","",'1. MASTER_ENTRY'!$A7) | B7: =IF('1. MASTER_ENTRY'!$C7="","",'1. MASTER_ENTRY'!$C7) | C7: =IF('1. MASTER_ENTRY'!$C7="","",'1. MASTER_ENTRY'!$M7) | D7: =IF('1. MASTER_ENTRY'!$C7="","",'1. MASTER_ENTRY'!$O7) | E7: =IF('1. MASTER_ENTRY'!$C7="","",'1. MASTER_ENTRY'!$Q7) | F7: =IF('1. MASTER_ENTRY'!$C7="","",'1. MASTER_ENTRY'!$S7)
A8: =IF('1. MASTER_ENTRY'!$C8="","",'1. MASTER_ENTRY'!$A8) | B8: =IF('1. MASTER_ENTRY'!$C8="","",'1. MASTER_ENTRY'!$C8) | C8: =IF('1. MASTER_ENTRY'!$C8="","",'1. MASTER_ENTRY'!$M8) | D8: =IF('1. MASTER_ENTRY'!$C8="","",'1. MASTER_ENTRY'!$O8) | E8: =IF('1. MASTER_ENTRY'!$C8="","",'1. MASTER_ENTRY'!$Q8) | F8: =IF('1. MASTER_ENTRY'!$C8="","",'1. MASTER_ENTRY'!$S8)
A9: =IF('1. MASTER_ENTRY'!$C9="","",'1. MASTER_ENTRY'!$A9) | B9: =IF('1. MASTER_ENTRY'!$C9="","",'1. MASTER_ENTRY'!$C9) | C9: =IF('1. MASTER_ENTRY'!$C9="","",'1. MASTER_ENTRY'!$M9) | D9: =IF('1. MASTER_ENTRY'!$C9="","",'1. MASTER_ENTRY'!$O9) | E9: =IF('1. MASTER_ENTRY'!$C9="","",'1. MASTER_ENTRY'!$Q9) | F9: =IF('1. MASTER_ENTRY'!$C9="","",'1. MASTER_ENTRY'!$S9)
A10: =IF('1. MASTER_ENTRY'!$C10="","",'1. MASTER_ENTRY'!$A10) | B10: =IF('1. MASTER_ENTRY'!$C10="","",'1. MASTER_ENTRY'!$C10) | C10: =IF('1. MASTER_ENTRY'!$C10="","",'1. MASTER_ENTRY'!$M10) | D10: =IF('1. MASTER_ENTRY'!$C10="","",'1. MASTER_ENTRY'!$O10) | E10: =IF('1. MASTER_ENTRY'!$C10="","",'1. MASTER_ENTRY'!$Q10) | F10: =IF('1. MASTER_ENTRY'!$C10="","",'1. MASTER_ENTRY'!$S10)
A11: =IF('1. MASTER_ENTRY'!$C11="","",'1. MASTER_ENTRY'!$A11) | B11: =IF('1. MASTER_ENTRY'!$C11="","",'1. MASTER_ENTRY'!$C11) | C11: =IF('1. MASTER_ENTRY'!$C11="","",'1. MASTER_ENTRY'!$M11) | D11: =IF('1. MASTER_ENTRY'!$C11="","",'1. MASTER_ENTRY'!$O11) | E11: =IF('1. MASTER_ENTRY'!$C11="","",'1. MASTER_ENTRY'!$Q11) | F11: =IF('1. MASTER_ENTRY'!$C11="","",'1. MASTER_ENTRY'!$S11)
A12: =IF('1. MASTER_ENTRY'!$C12="","",'1. MASTER_ENTRY'!$A12) | B12: =IF('1. MASTER_ENTRY'!$C12="","",'1. MASTER_ENTRY'!$C12) | C12: =IF('1. MASTER_ENTRY'!$C12="","",'1. MASTER_ENTRY'!$M12) | D12: =IF('1. MASTER_ENTRY'!$C12="","",'1. MASTER_ENTRY'!$O12) | E12: =IF('1. MASTER_ENTRY'!$C12="","",'1. MASTER_ENTRY'!$Q12) | F12: =IF('1. MASTER_ENTRY'!$C12="","",'1. MASTER_ENTRY'!$S12)
A13: =IF('1. MASTER_ENTRY'!$C13="","",'1. MASTER_ENTRY'!$A13) | B13: =IF('1. MASTER_ENTRY'!$C13="","",'1. MASTER_ENTRY'!$C13) | C13: =IF('1. MASTER_ENTRY'!$C13="","",'1. MASTER_ENTRY'!$M13) | D13: =IF('1. MASTER_ENTRY'!$C13="","",'1. MASTER_ENTRY'!$O13) | E13: =IF('1. MASTER_ENTRY'!$C13="","",'1. MASTER_ENTRY'!$Q13) | F13: =IF('1. MASTER_ENTRY'!$C13="","",'1. MASTER_ENTRY'!$S13)
A14: =IF('1. MASTER_ENTRY'!$C14="","",'1. MASTER_ENTRY'!$A14) | B14: =IF('1. MASTER_ENTRY'!$C14="","",'1. MASTER_ENTRY'!$C14) | C14: =IF('1. MASTER_ENTRY'!$C14="","",'1. MASTER_ENTRY'!$M14) | D14: =IF('1. MASTER_ENTRY'!$C14="","",'1. MASTER_ENTRY'!$O14) | E14: =IF('1. MASTER_ENTRY'!$C14="","",'1. MASTER_ENTRY'!$Q14) | F14: =IF('1. MASTER_ENTRY'!$C14="","",'1. MASTER_ENTRY'!$S14)
A15: =IF('1. MASTER_ENTRY'!$C15="","",'1. MASTER_ENTRY'!$A15) | B15: =IF('1. MASTER_ENTRY'!$C15="","",'1. MASTER_ENTRY'!$C15) | C15: =IF('1. MASTER_ENTRY'!$C15="","",'1. MASTER_ENTRY'!$M15) | D15: =IF('1. MASTER_ENTRY'!$C15="","",'1. MASTER_ENTRY'!$O15) | E15: =IF('1. MASTER_ENTRY'!$C15="","",'1. MASTER_ENTRY'!$Q15) | F15: =IF('1. MASTER_ENTRY'!$C15="","",'1. MASTER_ENTRY'!$S15)
... A63: =IF('1. MASTER_ENTRY'!$C63="","",'1. MASTER_ENTRY'!$A63) | B63: =IF('1. MASTER_ENTRY'!$C63="","",'1. MASTER_ENTRY'!$C63) | C63: =IF('1. MASTER_ENTRY'!$C63="","",'1. MASTER_ENTRY'!$M63) | D63: =IF('1. MASTER_ENTRY'!$C63="","",'1. MASTER_ENTRY'!$O63) | E63: =IF('1. MASTER_ENTRY'!$C63="","",'1. MASTER_ENTRY'!$Q63) | F63: =IF('1. MASTER_ENTRY'!$C63="","",'1. MASTER_ENTRY'!$S63)
B65: Legend: | C65: Scheduled | D65: Completed

Sheet 8. SIX_SIGMA
A1: SIX SIGMA - defect & Sigma-level trend (live chart)
A2: Choose Units, Defects and Opps/Unit from dropdowns. Defect%, DPMO and Sigma auto-calc.
A3: WEEK | B3: UNITS (choose) | C3: DEFECTS (choose) | D3: OPPS/UNIT (choose) | E3: DEFECT % | F3: DPMO | G3: SIGMA | H3: TARGET
A4: Week 1 | B4: 600 | C4: 72 | D4: 5 | E4: =IF(OR(B4="",C4=""),"",C4/(B4*D4)) | F4: =IF(E4="","",E4*1000000) | G4: =IF(OR(F4="",F4=0),"",ROUND(0.8406+SQRT(MAX(29.37-2.221*LN(F4),0)),2)) | H4: 4.5
A5: Week 2 | B5: 580 | C5: 65 | D5: 5 | E5: =IF(OR(B5="",C5=""),"",C5/(B5*D5)) | F5: =IF(E5="","",E5*1000000) | G5: =IF(OR(F5="",F5=0),"",ROUND(0.8406+SQRT(MAX(29.37-2.221*LN(F5),0)),2)) | H5: 4.5
A6: Week 3 | B6: 610 | C6: 58 | D6: 5 | E6: =IF(OR(B6="",C6=""),"",C6/(B6*D6)) | F6: =IF(E6="","",E6*1000000) | G6: =IF(OR(F6="",F6=0),"",ROUND(0.8406+SQRT(MAX(29.37-2.221*LN(F6),0)),2)) | H6: 4.5
A7: Week 4 | B7: 595 | C7: 50 | D7: 5 | E7: =IF(OR(B7="",C7=""),"",C7/(B7*D7)) | F7: =IF(E7="","",E7*1000000) | G7: =IF(OR(F7="",F7=0),"",ROUND(0.8406+SQRT(MAX(29.37-2.221*LN(F7),0)),2)) | H7: 4.5
A8: Week 5 | B8: 620 | C8: 45 | D8: 5 | E8: =IF(OR(B8="",C8=""),"",C8/(B8*D8)) | F8: =IF(E8="","",E8*1000000) | G8: =IF(OR(F8="",F8=0),"",ROUND(0.8406+SQRT(MAX(29.37-2.221*LN(F8),0)),2)) | H8: 4.5
A9: Week 6 | B9: 605 | C9: 38 | D9: 5 | E9: =IF(OR(B9="",C9=""),"",C9/(B9*D9)) | F9: =IF(E9="","",E9*1000000) | G9: =IF(OR(F9="",F9=0),"",ROUND(0.8406+SQRT(MAX(29.37-2.221*LN(F9),0)),2)) | H9: 4.5
A10: Week 7 | B10: 615 | D10: 5 | E10: =IF(OR(B10="",C10=""),"",C10/(B10*D10)) | F10: =IF(E10="","",E10*1000000) | G10: =IF(OR(F10="",F10=0),"",ROUND(0.8406+SQRT(MAX(29.37-2.221*LN(F10),0)),2)) | H10: 4.5
A11: Week 8 | D11: 5 | E11: =IF(OR(B11="",C11=""),"",C11/(B11*D11)) | F11: =IF(E11="","",E11*1000000) | G11: =IF(OR(F11="",F11=0),"",ROUND(0.8406+SQRT(MAX(29.37-2.221*LN(F11),0)),2)) | H11: 4.5

Sheet DASHBOARD
A1: LIVE DASHBOARD - auto-refreshes from MASTER_ENTRY
A2: Read-only except the dropdown in D13 which changes the main chart grouping.
B4: TOTAL CASES | D4: OPEN / ACTIVE | F4: CRITICAL (RPN>=200) | H4: AVG RPN | J4: AVG % DONE | L4: BLOCKED
B5: =COUNT('1. MASTER_ENTRY'!$V$4:$V$63) | D5: =COUNTIF('1. MASTER_ENTRY'!$R$4:$R$63,"OPEN")+COUNTIF('1. MASTER_ENTRY'!$R$4:$R$63,"IN PROGRESS")+COUNTIF('1. MASTER_ENTRY'!$R$4:$R$63,"ON HOLD")+COUNTIF('1. MASTER_ENTRY'!$R$4:$R$63,"BLOCKED") | F5: =COUNTIF('1. MASTER_ENTRY'!$I$4:$I$63,">=200") | H5: =IFERROR(ROUND(AVERAGEIF('1. MASTER_ENTRY'!$I$4:$I$63,">0"),0),0) | J5: =IFERROR(AVERAGE('1. MASTER_ENTRY'!$S$4:$S$63),0) | L5: =COUNTIF('1. MASTER_ENTRY'!$R$4:$R$63,"BLOCKED")
B13: MAIN CHART - group cases by: | D13: Priority | E13: <- change me | G13: =MATCH($D$13,{"Priority";"Status";"Category";"Owner"},0)
B14: Bucket | C14: Cases
B15: =CHOOSE($G$13,T15,U15,V15,W15) | C15: =IF($B15="","",CHOOSE($G$13,COUNTIF('1. MASTER_ENTRY'!$E$4:$E$63,$B15),COUNTIF('1. MASTER_ENTRY'!$R$4:$R$63,$B15),COUNTIF('1. MASTER_ENTRY'!$D$4:$D$63,$B15),COUNTIF('1. MASTER_ENTRY'!$M$4:$M$63,$B15))) | T15: 1-CRITICAL | U15: OPEN | V15: Quality / Defects | W15: PM
B16: =CHOOSE($G$13,T16,U16,V16,W16) | C16: =IF($B16="","",CHOOSE($G$13,COUNTIF('1. MASTER_ENTRY'!$E$4:$E$63,$B16),COUNTIF('1. MASTER_ENTRY'!$R$4:$R$63,$B16),COUNTIF('1. MASTER_ENTRY'!$D$4:$D$63,$B16),COUNTIF('1. MASTER_ENTRY'!$M$4:$M$63,$B16))) | T16: 2-HIGH | U16: IN PROGRESS | V16: Delivery / Schedule | W16: Dev Lead
B17: =CHOOSE($G$13,T17,U17,V17,W17) | C17: =IF($B17="","",CHOOSE($G$13,COUNTIF('1. MASTER_ENTRY'!$E$4:$E$63,$B17),COUNTIF('1. MASTER_ENTRY'!$R$4:$R$63,$B17),COUNTIF('1. MASTER_ENTRY'!$D$4:$D$63,$B17),COUNTIF('1. MASTER_ENTRY'!$M$4:$M$63,$B17))) | T17: 3-MEDIUM | U17: ON HOLD | V17: Process / Flow | W17: QA Lead
B18: =CHOOSE($G$13,T18,U18,V18,W18) | C18: =IF($B18="","",CHOOSE($G$13,COUNTIF('1. MASTER_ENTRY'!$E$4:$E$63,$B18),COUNTIF('1. MASTER_ENTRY'!$R$4:$R$63,$B18),COUNTIF('1. MASTER_ENTRY'!$D$4:$D$63,$B18),COUNTIF('1. MASTER_ENTRY'!$M$4:$M$63,$B18))) | T18: 4-LOW | U18: BLOCKED | V18: People / Training | W18: Ops Lead
B19: =CHOOSE($G$13,T19,U19,V19,W19) | C19: =IF($B19="","",CHOOSE($G$13,COUNTIF('1. MASTER_ENTRY'!$E$4:$E$63,$B19),COUNTIF('1. MASTER_ENTRY'!$R$4:$R$63,$B19),COUNTIF('1. MASTER_ENTRY'!$D$4:$D$63,$B19),COUNTIF('1. MASTER_ENTRY'!$M$4:$M$63,$B19))) | U19: RESOLVED | V19: Cost / Waste | W19: Architect
B20: =CHOOSE($G$13,T20,U20,V20,W20) | C20: =IF($B20="","",CHOOSE($G$13,COUNTIF('1. MASTER_ENTRY'!$E$4:$E$63,$B20),COUNTIF('1. MASTER_ENTRY'!$R$4:$R$63,$B20),COUNTIF('1. MASTER_ENTRY'!$D$4:$D$63,$B20),COUNTIF('1. MASTER_ENTRY'!$M$4:$M$63,$B20))) | U20: CLOSED | V20: Safety / Compliance | W20: BA
B21: =CHOOSE($G$13,T21,U21,V21,W21) | C21: =IF($B21="","",CHOOSE($G$13,COUNTIF('1. MASTER_ENTRY'!$E$4:$E$63,$B21),COUNTIF('1. MASTER_ENTRY'!$R$4:$R$63,$B21),COUNTIF('1. MASTER_ENTRY'!$D$4:$D$63,$B21),COUNTIF('1. MASTER_ENTRY'!$M$4:$M$63,$B21))) | V21: Technology / Tools | W21: Team Lead
B22: =CHOOSE($G$13,T22,U22,V22,W22) | C22: =IF($B22="","",CHOOSE($G$13,COUNTIF('1. MASTER_ENTRY'!$E$4:$E$63,$B22),COUNTIF('1. MASTER_ENTRY'!$R$4:$R$63,$B22),COUNTIF('1. MASTER_ENTRY'!$D$4:$D$63,$B22),COUNTIF('1. MASTER_ENTRY'!$M$4:$M$63,$B22))) | V22: Customer / VOC | W22: Process Owner
B26: Status breakdown | K26: Total RPN by category
B27: OPEN | C27: =COUNTIF('1. MASTER_ENTRY'!$R$4:$R$63,"OPEN") | K27: Quality / Defects | L27: =SUMIF('1. MASTER_ENTRY'!$D$4:$D$63,"Quality / Defects",'1. MASTER_ENTRY'!$I$4:$I$63)
B28: IN PROGRESS | C28: =COUNTIF('1. MASTER_ENTRY'!$R$4:$R$63,"IN PROGRESS") | K28: Delivery / Schedule | L28: =SUMIF('1. MASTER_ENTRY'!$D$4:$D$63,"Delivery / Schedule",'1. MASTER_ENTRY'!$I$4:$I$63)
B29: ON HOLD | C29: =COUNTIF('1. MASTER_ENTRY'!$R$4:$R$63,"ON HOLD") | K29: Process / Flow | L29: =SUMIF('1. MASTER_ENTRY'!$D$4:$D$63,"Process / Flow",'1. MASTER_ENTRY'!$I$4:$I$63)
B30: BLOCKED | C30: =COUNTIF('1. MASTER_ENTRY'!$R$4:$R$63,"BLOCKED") | K30: People / Training | L30: =SUMIF('1. MASTER_ENTRY'!$D$4:$D$63,"People / Training",'1. MASTER_ENTRY'!$I$4:$I$63)
B31: RESOLVED | C31: =COUNTIF('1. MASTER_ENTRY'!$R$4:$R$63,"RESOLVED") | K31: Cost / Waste | L31: =SUMIF('1. MASTER_ENTRY'!$D$4:$D$63,"Cost / Waste",'1. MASTER_ENTRY'!$I$4:$I$63)
B32: CLOSED | C32: =COUNTIF('1. MASTER_ENTRY'!$R$4:$R$63,"CLOSED") | K32: Safety / Compliance | L32: =SUMIF('1. MASTER_ENTRY'!$D$4:$D$63,"Safety / Compliance",'1. MASTER_ENTRY'!$I$4:$I$63)
K33: Technology / Tools | L33: =SUMIF('1. MASTER_ENTRY'!$D$4:$D$63,"Technology / Tools",'1. MASTER_ENTRY'!$I$4:$I$63)
K34: Customer / VOC | L34: =SUMIF('1. MASTER_ENTRY'!$D$4:$D$63,"Customer / VOC",'1. MASTER_ENTRY'!$I$4:$I$63)

Sheet AI_ASSISTANT
A1: AI ASSISTANT - live insights & recommended actions
A2: Read-only except the advisor dropdown. Action queue ranked by RPN.
B4: EXECUTIVE SUMMARY (auto-generated)
B5: ="You are tracking "&COUNT('1. MASTER_ENTRY'!$V$4:$V$63)&" case(s). "&IF(COUNTIF('1. MASTER_ENTRY'!$I$4:$I$63,">=200")>0,COUNTIF('1. MASTER_ENTRY'!$I$4:$I$63,">=200")&" are CRITICAL (RPN>=200) and must be escalated today. ","No critical risks - good. ")&IF(COUNTIFS('1. MASTER_ENTRY'!$I$4:$I$63,">=100",'1. MASTER_ENTRY'!$I$4:$I$63,"<200")>0,COUNTIFS('1. MASTER_ENTRY'!$I$4:$I$63,">=100",'1. MASTER_ENTRY'!$I$4:$I$63,"<200")&" are HIGH and should enter the current sprint. ","")&IF(COUNTIF('1. MASTER_ENTRY'!$R$4:$R$63,"BLOCKED")>0,COUNTIF('1. MASTER_ENTRY'!$R$4:$R$63,"BLOCKED")&" case(s) are BLOCKED - clear these first. ","")&"Average completion is "&TEXT(IFERROR(AVERAGE('1. MASTER_ENTRY'!$S$4:$S$63),0),"0%")&". "&"Top exposure: "&IFERROR(INDEX('1. MASTER_ENTRY'!$C$4:$C$63,MATCH(MAX('1. MASTER_ENTRY'!$I$4:$I$63),'1. MASTER_ENTRY'!$I$4:$I$63,0)),"n/a")&". "&"Focus: attack the top 3 items in the queue below using their Lean methods."
B10: PRIORITY ACTION QUEUE - ranked by RPN (highest risk first)
B11: # | C11: CASE ID | D11: PROBLEM | E11: RPN | F11: OWNER | G11: AI RECOMMENDED ACTION
B12: 1 | C12: =IFERROR(INDEX('1. MASTER_ENTRY'!$A$4:$A$63,MATCH(LARGE('1. MASTER_ENTRY'!$V$4:$V$63,1),'1. MASTER_ENTRY'!$V$4:$V$63,0)),"") | D12: =IFERROR(INDEX('1. MASTER_ENTRY'!$C$4:$C$63,MATCH(LARGE('1. MASTER_ENTRY'!$V$4:$V$63,1),'1. MASTER_ENTRY'!$V$4:$V$63,0)),"") | E12: =IFERROR(INDEX('1. MASTER_ENTRY'!$I$4:$I$63,MATCH(LARGE('1. MASTER_ENTRY'!$V$4:$V$63,1),'1. MASTER_ENTRY'!$V$4:$V$63,0)),"") | F12: =IFERROR(INDEX('1. MASTER_ENTRY'!$M$4:$M$63,MATCH(LARGE('1. MASTER_ENTRY'!$V$4:$V$63,1),'1. MASTER_ENTRY'!$V$4:$V$63,0)),"") | G12: =IFERROR(INDEX('1. MASTER_ENTRY'!$U$4:$U$63,MATCH(LARGE('1. MASTER_ENTRY'!$V$4:$V$63,1),'1. MASTER_ENTRY'!$V$4:$V$63,0)),"")
B13: 2 | C13: =IFERROR(INDEX('1. MASTER_ENTRY'!$A$4:$A$63,MATCH(LARGE('1. MASTER_ENTRY'!$V$4:$V$63,2),'1. MASTER_ENTRY'!$V$4:$V$63,0)),"") | D13: =IFERROR(INDEX('1. MASTER_ENTRY'!$C$4:$C$63,MATCH(LARGE('1. MASTER_ENTRY'!$V$4:$V$63,2),'1. MASTER_ENTRY'!$V$4:$V$63,0)),"") | E13: =IFERROR(INDEX('1. MASTER_ENTRY'!$I$4:$I$63,MATCH(LARGE('1. MASTER_ENTRY'!$V$4:$V$63,2),'1. MASTER_ENTRY'!$V$4:$V$63,0)),"") | F13: =IFERROR(INDEX('1. MASTER_ENTRY'!$M$4:$M$63,MATCH(LARGE('1. MASTER_ENTRY'!$V$4:$V$63,2),'1. MASTER_ENTRY'!$V$4:$V$63,0)),"") | G13: =IFERROR(INDEX('1. MASTER_ENTRY'!$U$4:$U$63,MATCH(LARGE('1. MASTER_ENTRY'!$V$4:$V$63,2),'1. MASTER_ENTRY'!$V$4:$V$63,0)),"")
B14: 3 | C14: =IFERROR(INDEX('1. MASTER_ENTRY'!$A$4:$A$63,MATCH(LARGE('1. MASTER_ENTRY'!$V$4:$V$63,3),'1. MASTER_ENTRY'!$V$4:$V$63,0)),"") | D14: =IFERROR(INDEX('1. MASTER_ENTRY'!$C$4:$C$63,MATCH(LARGE('1. MASTER_ENTRY'!$V$4:$V$63,3),'1. MASTER_ENTRY'!$V$4:$V$63,0)),"") | E14: =IFERROR(INDEX('1. MASTER_ENTRY'!$I$4:$I$63,MATCH(LARGE('1. MASTER_ENTRY'!$V$4:$V$63,3),'1. MASTER_ENTRY'!$V$4:$V$63,0)),"") | F14: =IFERROR(INDEX('1. MASTER_ENTRY'!$M$4:$M$63,MATCH(LARGE('1. MASTER_ENTRY'!$V$4:$V$63,3),'1. MASTER_ENTRY'!$V$4:$V$63,0)),"") | G14: =IFERROR(INDEX('1. MASTER_ENTRY'!$U$4:$U$63,MATCH(LARGE('1. MASTER_ENTRY'!$V$4:$V$63,3),'1. MASTER_ENTRY'!$V$4:$V$63,0)),"")
B15: 4 | C15: =IFERROR(INDEX('1. MASTER_ENTRY'!$A$4:$A$63,MATCH(LARGE('1. MASTER_ENTRY'!$V$4:$V$63,4),'1. MASTER_ENTRY'!$V$4:$V$63,0)),"") | D15: =IFERROR(INDEX('1. MASTER_ENTRY'!$C$4:$C$63,MATCH(LARGE('1. MASTER_ENTRY'!$V$4:$V$63,4),'1. MASTER_ENTRY'!$V$4:$V$63,0)),"") | E15: =IFERROR(INDEX('1. MASTER_ENTRY'!$I$4:$I$63,MATCH(LARGE('1. MASTER_ENTRY'!$V$4:$V$63,4),'1. MASTER_ENTRY'!$V$4:$V$63,0)),"") | F15: =IFERROR(INDEX('1. MASTER_ENTRY'!$M$4:$M$63,MATCH(LARGE('1. MASTER_ENTRY'!$V$4:$V$63,4),'1. MASTER_ENTRY'!$V$4:$V$63,0)),"") | G15: =IFERROR(INDEX('1. MASTER_ENTRY'!$U$4:$U$63,MATCH(LARGE('1. MASTER_ENTRY'!$V$4:$V$63,4),'1. MASTER_ENTRY'!$V$4:$V$63,0)),"")
B16: 5 | C16: =IFERROR(INDEX('1. MASTER_ENTRY'!$A$4:$A$63,MATCH(LARGE('1. MASTER_ENTRY'!$V$4:$V$63,5),'1. MASTER_ENTRY'!$V$4:$V$63,0)),"") | D16: =IFERROR(INDEX('1. MASTER_ENTRY'!$C$4:$C$63,MATCH(LARGE('1. MASTER_ENTRY'!$V$4:$V$63,5),'1. MASTER_ENTRY'!$V$4:$V$63,0)),"") | E16: =IFERROR(INDEX('1. MASTER_ENTRY'!$I$4:$I$63,MATCH(LARGE('1. MASTER_ENTRY'!$V$4:$V$63,5),'1. MASTER_ENTRY'!$V$4:$V$63,0)),"") | F16: =IFERROR(INDEX('1. MASTER_ENTRY'!$M$4:$M$63,MATCH(LARGE('1. MASTER_ENTRY'!$V$4:$V$63,5),'1. MASTER_ENTRY'!$V$4:$V$63,0)),"") | G16: =IFERROR(INDEX('1. MASTER_ENTRY'!$U$4:$U$63,MATCH(LARGE('1. MASTER_ENTRY'!$V$4:$V$63,5),'1. MASTER_ENTRY'!$V$4:$V$63,0)),"")
B17: 6 | C17: =IFERROR(INDEX('1. MASTER_ENTRY'!$A$4:$A$63,MATCH(LARGE('1. MASTER_ENTRY'!$V$4:$V$63,6),'1. MASTER_ENTRY'!$V$4:$V$63,0)),"") | D17: =IFERROR(INDEX('1. MASTER_ENTRY'!$C$4:$C$63,MATCH(LARGE('1. MASTER_ENTRY'!$V$4:$V$63,6),'1. MASTER_ENTRY'!$V$4:$V$63,0)),"") | E17: =IFERROR(INDEX('1. MASTER_ENTRY'!$I$4:$I$63,MATCH(LARGE('1. MASTER_ENTRY'!$V$4:$V$63,6),'1. MASTER_ENTRY'!$V$4:$V$63,0)),"") | F17: =IFERROR(INDEX('1. MASTER_ENTRY'!$M$4:$M$63,MATCH(LARGE('1. MASTER_ENTRY'!$V$4:$V$63,6),'1. MASTER_ENTRY'!$V$4:$V$63,0)),"") | G17: =IFERROR(INDEX('1. MASTER_ENTRY'!$U$4:$U$63,MATCH(LARGE('1. MASTER_ENTRY'!$V$4:$V$63,6),'1. MASTER_ENTRY'!$V$4:$V$63,0)),"")
B18: 7 | C18: =IFERROR(INDEX('1. MASTER_ENTRY'!$A$4:$A$63,MATCH(LARGE('1. MASTER_ENTRY'!$V$4:$V$63,7),'1. MASTER_ENTRY'!$V$4:$V$63,0)),"") | D18: =IFERROR(INDEX('1. MASTER_ENTRY'!$C$4:$C$63,MATCH(LARGE('1. MASTER_ENTRY'!$V$4:$V$63,7),'1. MASTER_ENTRY'!$V$4:$V$63,0)),"") | E18: =IFERROR(INDEX('1. MASTER_ENTRY'!$I$4:$I$63,MATCH(LARGE('1. MASTER_ENTRY'!$V$4:$V$63,7),'1. MASTER_ENTRY'!$V$4:$V$63,0)),"") | F18: =IFERROR(INDEX('1. MASTER_ENTRY'!$M$4:$M$63,MATCH(LARGE('1. MASTER_ENTRY'!$V$4:$V$63,7),'1. MASTER_ENTRY'!$V$4:$V$63,0)),"") | G18: =IFERROR(INDEX('1. MASTER_ENTRY'!$U$4:$U$63,MATCH(LARGE('1. MASTER_ENTRY'!$V$4:$V$63,7),'1. MASTER_ENTRY'!$V$4:$V$63,0)),"")
B19: 8 | C19: =IFERROR(INDEX('1. MASTER_ENTRY'!$A$4:$A$63,MATCH(LARGE('1. MASTER_ENTRY'!$V$4:$V$63,8),'1. MASTER_ENTRY'!$V$4:$V$63,0)),"") | D19: =IFERROR(INDEX('1. MASTER_ENTRY'!$C$4:$C$63,MATCH(LARGE('1. MASTER_ENTRY'!$V$4:$V$63,8),'1. MASTER_ENTRY'!$V$4:$V$63,0)),"") | E19: =IFERROR(INDEX('1. MASTER_ENTRY'!$I$4:$I$63,MATCH(LARGE('1. MASTER_ENTRY'!$V$4:$V$63,8),'1. MASTER_ENTRY'!$V$4:$V$63,0)),"") | F19: =IFERROR(INDEX('1. MASTER_ENTRY'!$M$4:$M$63,MATCH(LARGE('1. MASTER_ENTRY'!$V$4:$V$63,8),'1. MASTER_ENTRY'!$V$4:$V$63,0)),"") | G19: =IFERROR(INDEX('1. MASTER_ENTRY'!$U$4:$U$63,MATCH(LARGE('1. MASTER_ENTRY'!$V$4:$V$63,8),'1. MASTER_ENTRY'!$V$4:$V$63,0)),"")
B20: 9 | C20: =IFERROR(INDEX('1. MASTER_ENTRY'!$A$4:$A$63,MATCH(LARGE('1. MASTER_ENTRY'!$V$4:$V$63,9),'1. MASTER_ENTRY'!$V$4:$V$63,0)),"") | D20: =IFERROR(INDEX('1. MASTER_ENTRY'!$C$4:$C$63,MATCH(LARGE('1. MASTER_ENTRY'!$V$4:$V$63,9),'1. MASTER_ENTRY'!$V$4:$V$63,0)),"") | E20: =IFERROR(INDEX('1. MASTER_ENTRY'!$I$4:$I$63,MATCH(LARGE('1. MASTER_ENTRY'!$V$4:$V$63,9),'1. MASTER_ENTRY'!$V$4:$V$63,0)),"") | F20: =IFERROR(INDEX('1. MASTER_ENTRY'!$M$4:$M$63,MATCH(LARGE('1. MASTER_ENTRY'!$V$4:$V$63,9),'1. MASTER_ENTRY'!$V$4:$V$63,0)),"") | G20: =IFERROR(INDEX('1. MASTER_ENTRY'!$U$4:$U$63,MATCH(LARGE('1. MASTER_ENTRY'!$V$4:$V$63,9),'1. MASTER_ENTRY'!$V$4:$V$63,0)),"")
B21: 10 | C21: =IFERROR(INDEX('1. MASTER_ENTRY'!$A$4:$A$63,MATCH(LARGE('1. MASTER_ENTRY'!$V$4:$V$63,10),'1. MASTER_ENTRY'!$V$4:$V$63,0)),"") | D21: =IFERROR(INDEX('1. MASTER_ENTRY'!$C$4:$C$63,MATCH(LARGE('1. MASTER_ENTRY'!$V$4:$V$63,10),'1. MASTER_ENTRY'!$V$4:$V$63,0)),"") | E21: =IFERROR(INDEX('1. MASTER_ENTRY'!$I$4:$I$63,MATCH(LARGE('1. MASTER_ENTRY'!$V$4:$V$63,10),'1. MASTER_ENTRY'!$V$4:$V$63,0)),"") | F21: =IFERROR(INDEX('1. MASTER_ENTRY'!$M$4:$M$63,MATCH(LARGE('1. MASTER_ENTRY'!$V$4:$V$63,10),'1. MASTER_ENTRY'!$V$4:$V$63,0)),"") | G21: =IFERROR(INDEX('1. MASTER_ENTRY'!$U$4:$U$63,MATCH(LARGE('1. MASTER_ENTRY'!$V$4:$V$63,10),'1. MASTER_ENTRY'!$V$4:$V$63,0)),"")
B22: 11 | C22: =IFERROR(INDEX('1. MASTER_ENTRY'!$A$4:$A$63,MATCH(LARGE('1. MASTER_ENTRY'!$V$4:$V$63,11),'1. MASTER_ENTRY'!$V$4:$V$63,0)),"") | D22: =IFERROR(INDEX('1. MASTER_ENTRY'!$C$4:$C$63,MATCH(LARGE('1. MASTER_ENTRY'!$V$4:$V$63,11),'1. MASTER_ENTRY'!$V$4:$V$63,0)),"") | E22: =IFERROR(INDEX('1. MASTER_ENTRY'!$I$4:$I$63,MATCH(LARGE('1. MASTER_ENTRY'!$V$4:$V$63,11),'1. MASTER_ENTRY'!$V$4:$V$63,0)),"") | F22: =IFERROR(INDEX('1. MASTER_ENTRY'!$M$4:$M$63,MATCH(LARGE('1. MASTER_ENTRY'!$V$4:$V$63,11),'1. MASTER_ENTRY'!$V$4:$V$63,0)),"") | G22: =IFERROR(INDEX('1. MASTER_ENTRY'!$U$4:$U$63,MATCH(LARGE('1. MASTER_ENTRY'!$V$4:$V$63,11),'1. MASTER_ENTRY'!$V$4:$V$63,0)),"")
B23: 12 | C23: =IFERROR(INDEX('1. MASTER_ENTRY'!$A$4:$A$63,MATCH(LARGE('1. MASTER_ENTRY'!$V$4:$V$63,12),'1. MASTER_ENTRY'!$V$4:$V$63,0)),"") | D23: =IFERROR(INDEX('1. MASTER_ENTRY'!$C$4:$C$63,MATCH(LARGE('1. MASTER_ENTRY'!$V$4:$V$63,12),'1. MASTER_ENTRY'!$V$4:$V$63,0)),"") | E23: =IFERROR(INDEX('1. MASTER_ENTRY'!$I$4:$I$63,MATCH(LARGE('1. MASTER_ENTRY'!$V$4:$V$63,12),'1. MASTER_ENTRY'!$V$4:$V$63,0)),"") | F23: =IFERROR(INDEX('1. MASTER_ENTRY'!$M$4:$M$63,MATCH(LARGE('1. MASTER_ENTRY'!$V$4:$V$63,12),'1. MASTER_ENTRY'!$V$4:$V$63,0)),"") | G23: =IFERROR(INDEX('1. MASTER_ENTRY'!$U$4:$U$63,MATCH(LARGE('1. MASTER_ENTRY'!$V$4:$V$63,12),'1. MASTER_ENTRY'!$V$4:$V$63,0)),"")
B25: ASK THE ADVISOR - pick a focus area: | E25: Quality / Defects
B26: =CHOOSE(MATCH($E$25,LISTS!$A$2:$A$9,0),"QUALITY: Run a Fishbone + 5-Whys to find the root cause. Add a Poka-Yoke check at the source. Track defect rate weekly on the Six Sigma trend.","DELIVERY: Map the value stream, expose handoff delays, set WIP limits with Kanban. Add a daily stand-up; measure on-time delivery %.","PROCESS/FLOW: Apply Standard Work to remove variation. Use a Gemba walk to find the real bottleneck, then PDCA the fix in short cycles.","PEOPLE/TRAINING: Build a standard onboarding checklist and skills matrix. Use A3 coaching so the team owns the improvement.","COST/WASTE: Use the 8 Wastes lens. Quantify each waste; attack the Pareto top-3 first for ~80% of the benefit.","SAFETY/COMPLIANCE: Run an FMEA on high-severity steps, add controls that lower Detection risk, verify with an audit checklist.","TECHNOLOGY/TOOLS: Pilot the change in one team (PDCA), measure cycle-time before/after, then standardise and roll out.","CUSTOMER/VOC: Capture Voice-of-Customer, translate to CTQs, link each CTQ to a measurable target on a case.")

Sheet LISTS
A1: Category | B1: Priority | C1: Score | D1: LeanMethod | E1: Owner | F1: Status | G1: Problems | H1: RootCauses | I1: Targets | J1: Percent | K1: Units | L1: Defects | M1: Opps | N1: Dates
A2: Quality / Defects | B2: 1-CRITICAL | C2: 1 | D2: Value Stream Mapping | E2: PM | F2: OPEN | G2: Delivery targets missed 20% consistently | H2: Handoff delays invisible; no WIP limits | I2: On-time delivery >95% in 8 weeks | J2: 0 | K2: 0 | L2: 0 | M2: 1 | N2: 46023
A3: Delivery / Schedule | B3: 2-HIGH | C3: 2 | D3: Kanban | E3: Dev Lead | F3: IN PROGRESS | G3: Defect rate at 12% - customers complaining | H3: No quality check at source | I3: Zero defect escapes within 4 weeks | J3: 0.1 | K3: 10 | L3: 1 | M3: 2 | N3: 46024
A4: Process / Flow | B4: 3-MEDIUM | C4: 3 | D4: PDCA | E4: QA Lead | F4: ON HOLD | G4: Team overwhelmed, parallel tasks >8 each | H4: No WIP limits; everything is priority 1 | I4: Max 3 active tasks per person | J4: 0.2 | K4: 20 | L4: 2 | M4: 3 | N4: 46025
A5: People / Training | B5: 4-LOW | C5: 4 | D5: Standard Work | E5: Ops Lead | F5: BLOCKED | G5: Approval bottleneck adds 2.3 days per case | H5: Wrong routing; unclear decision authority | I5: Approval time <4 hours | J5: 0.3 | K5: 30 | L5: 3 | M5: 4 | N5: 46026
A6: Cost / Waste | C6: 5 | D6: Gemba Walk | E6: Architect | F6: RESOLVED | G6: New hire onboarding takes 6 weeks | H6: No documented process; tribal knowledge | I6: Onboard in 2 weeks, consistent quality | J6: 0.4 | K6: 40 | L6: 4 | M6: 5 | N6: 46027
A7: Safety / Compliance | C7: 6 | D7: Mistake-Proofing / Poka-Yoke | E7: BA | F7: CLOSED | G7: Leader not visible to frontline team | H7: No structured Gemba cadence in place | I7: Weekly Gemba walk every leader, every week | J7: 0.5 | K7: 50 | L7: 5 | M7: 6 | N7: 46028
A8: Technology / Tools | C8: 7 | D8: 5S | E8: Team Lead | G8: Instrument calibration behind schedule | H8: No pre-commissioning checklist used | I8: Reduce cycle time by 30% in 8 weeks | J8: 0.6 | K8: 60 | L8: 6 | M8: 7 | N8: 46029
A9: Customer / VOC | C9: 8 | D9: A3 | E9: Process Owner | G9: Electrical loop tests failing repeatedly | H9: Inadequate technical review conducted | I9: Cut defect rate below 2% in 6 weeks | J9: 0.7 | K9: 70 | L9: 7 | M9: 8 | N9: 46030
C10: 9 | D10: Six Sigma DMAIC | E10: DevOps | G10: Mechanical punch list not cleared before commissioning | H10: Incomplete P&ID revision control | I10: Reduce WIP to agreed limit within 4 weeks | J10: 0.8 | K10: 80 | L10: 8 | M10: 9 | N10: 46031
C11: 10 | D11: Root Cause / 5 Whys | E11: Tech Lead | G11: Control system commissioning delayed | H11: Poor cable management practices | I11: Improve on-time delivery to >95% | J11: 0.9 | K11: 90 | L11: 9 | M11: 10 | N11: 46032
D12: Kaizen Event | E12: HR | G12: FAT defects not resolved before site mobilisation | H12: Insufficient commissioning training | I12: Reduce cost of poor quality by 25% | J12: 1 | K12: 100 | L12: 10 | M12: 11 | N12: 46033
D13: Visual Management | E13: Engineering Lead | G13: HAZOP action items not closed | H13: Lack of loop check protocol | I13: Close all critical risks within 2 weeks | K13: 110 | L13: 11 | M13: 12 | N13: 46034
E14: Commissioning Engineer | G14: As-built documentation incomplete or missing | H14: Instrument specification mismatch | I14: Achieve Sigma level >= 4.0 | K14: 120 | L14: 12 | M14: 13 | N14: 46035
E15: Quality Manager | G15: SIL / functional safety testing not completed | H15: No HAZOP / risk review conducted | I15: Zero safety incidents this quarter | K15: 130 | L15: 13 | M15: 14 | N15: 46036
G16: Long lead equipment delivery delayed | H16: Vendor documentation incomplete or missing | I16: Cut approval lead time to < 4 hours | K16: 140 | L16: 14 | M16: 15 | N16: 46037
G17: Insufficient qualified commissioning personnel | H17: Construction punch list not cleared | I17: Onboard new hires in <= 2 weeks | K17: 150 | L17: 15 | M17: 16 | N17: 46038
G18: Permit-to-work bottlenecks causing delays | H18: Software FAT not completed | I18: 100% of cases linked to a countermeasure | K18: 160 | L18: 16 | M18: 17 | N18: 46039
G19: Inter-discipline coordination failures | H19: Inadequate grounding / earthing design | K19: 170 | L19: 17 | M19: 18 | N19: 46040
G20: Vendor technical support unavailable | H20: Incorrect calibration procedure applied | K20: 180 | L20: 18 | M20: 19 | N20: 46041
G21: Safety case not accepted by regulator | H21: Missing ATEX certification verification | K21: 190 | L21: 19 | M21: 20 | N21: 46042
G22: Software version control issues | H22: No intake checklist | K22: 200 | L22: 20 | N22: 46043
G23: Commissioning sequence not agreed | H23: No template / tribal knowledge | K23: 210 | L23: 21 | N23: 46044
G24: Electrical isolation procedures missing | H24: No MVP mindset / no WIP limit | K24: 220 | L24: 22 | N24: 46045
G25: Mechanical completion not certified | H25: Developer working off informal notes | K25: 230 | L25: 23 | N25: 46046
G26: Instrument loop folders incomplete | H26: Test plan not linked to acceptance criteria | K26: 240 | L26: 24 | N26: 46047
G27: Control narrative not updated | H27: Manual deploy checklist only | K27: 250 | L27: 25 | N27: 46048
G28: Delivery targets missed consistently | H28: No runbook requirement defined | K28: 260 | L28: 26 | N28: 46049
G29: Defect rate exceeding acceptable threshold | H29: No communications plan template | K29: 270 | L29: 27 | N29: 46050
G30: Team overwhelmed; parallel tasks too high | H30: Routing rule not documented | K30: 280 | L30: 28 | N30: 46051
G31: Approval bottleneck causing schedule delay | H31: No mandatory retrospective process | K31: 290 | L31: 29 | N31: 46052
G32: New hire onboarding too slow | H32: No commissioning sequence plan issued | K32: 300 | L32: 30 | N32: 46053
G33: Change management not followed | H33: HART / fieldbus device not configured | K33: 310 | L33: 31 | N33: 46054
... G40: Safety near-miss reported | H40: Lack of data to make decisions | K40: 380 | L40: 38 | N40: 46061
G41: Audit / compliance finding raised | K41: 390 | L41: 39 | N41: 46062
G42: Knowledge lost when staff leave | K42: 400 | L42: 40 | N42: 46063
G43: Manual process prone to error | K43: 410 | L43: 41 | N43: 46064
G44: Handoffs between teams causing delay | K44: 420 | L44: 42 | N44: 46065
K45: 430 | L45: 43 | N45: 46066
K46: 440 | L46: 44 | N46: 46067
K47: 450 | L47: 45 | N47: 46068
K48: 460 | L48: 46 | N48: 46069
K49: 470 | L49: 47 | N49: 46070
K50: 480 | L50: 48 | N50: 46071
K51: 490 | L51: 49 | N51: 46072
K52: 500 | L52: 50 | N52: 46073
K53: 510 | L53: 51 | N53: 46074
K54: 520 | L54: 52 | N54: 46075
K55: 530 | L55: 53 | N55: 46076
K56: 540 | L56: 54 | N56: 46077
... K202: 2000 | L202: 200 | N202: 46223
L203: 201 | N203: 46224
L204: 202 | N204: 46225
L205: 203 | N205: 46226
L206: 204 | N206: 46227
L207: 205 | N207: 46228
L208: 206 | N208: 46229
L209: 207 | N209: 46230
L210: 208 | N210: 46231
L211: 209 | N211: 46232
L212: 210 | N212: 46233
L213: 211 | N213: 46234
L214: 212 | N214: 46235
... L302: 300 | N302: 46323
N303: 46324
N304: 46325
N305: 46326
N306: 46327
N307: 46328
N308: 46329
N309: 46330
N310: 46331
N311: 46332
N312: 46333
N313: 46334
N314: 46335
... N731: 46752
